university_name,category,keyword,video_id,video_title,channel_name,published_at
IIT Delhi,hostel,hostel review,nwAvNZkUu6g,IIT Delhi Hostel TOUR - New Hostel with Proper Facilities,Campus Safari,2024-10-19T13:30:28Z
IIT Delhi,hostel,hostel review,-Dzh4xYbjGo,IIT Delhi’ best hostel Saptagiri || Complete tour || Vaibhav Chaudhary,Vaibhav Chaudhary  183K views . 3 hours ago,2023-06-04T14:55:20Z
IIT Delhi,hostel,hostel review,Bl3KqDuF0kI,Full IIT Hostel Tour 🤯| Are they really worth it ?,Bhavay Deshwal [IIT-DELHI],2025-07-18T10:45:20Z
IIT Delhi,hostel,hostel review,8M-oBUJOQww,Day 2 || Part-2 || #iit DELHI || room tour / hostel tour (vidhyanchal) #iitjee,Arpit Patel [IIT DELHI],2025-08-01T18:41:54Z
IIT Delhi,hostel,hostel review,QsfEuc7Vs-k,IIT Delhi CAMPUS TOUR !! Hostel | Sports | Vlog | Jossa Counselling | Branch Vs College,Vinit Kumar [ IIT BOMBAY ],2025-06-07T12:30:26Z
IIT Delhi,hostel,hostel review,Lk2TTg7CklI,My IIT DELHI Hostel ROOM Tour!,Mayank Agarwal(IIT-D),2026-02-11T11:45:12Z
IIT Delhi,hostel,hostel review,gc1MVaPG5lQ,IIT-Delhi new hostel ft @realnishantjindal  #iit #iitdelhi #motivation #iitians #iitlife #iitjee,Bhavay Deshwal [IIT-DELHI],2023-09-28T13:12:00Z
IIT Delhi,hostel,hostel review,vEsPv1XWV3c,New Hostel’s Room of IIT Delhi 🤩🌻 #iitdelhi #iit #shorts #hostel,Shiv simply [IITD],2023-09-25T14:13:15Z
IIT Delhi,hostel,hostel review,Qzdzmw1I2X0,Hostel Zanskar of IIT Delhi 🏫 | Full Tour | Rushi Kale,JEE Neeti - Rushi Kale,2022-05-21T02:30:14Z
IIT Delhi,hostel,hostel review,L34IZz8bhPk,Hostel Room Tour of #iitdelhi freshers #minivlog ​#iit #jee2025  iit delhi iiit delhi delhi du,IITian Ladka,2024-07-27T17:54:52Z
IIT Bombay,hostel,hostel review,TbLoizDfMmI,The 5 STAR  Hostel of IIT BOMBAY 🤩 #minivlog #iit #rushikale #iitbombay,Rushi Kale Vlogs,2023-07-25T14:18:04Z
IIT Bombay,hostel,hostel review,6FUODs_d5c4,best mess food at iit bombay | hostel 3  #iitbombay #iitmotivation #hostellife #messfood #iitvlogs,Sudo Engineer,2023-01-25T15:30:02Z
IIT Bombay,hostel,hostel review,yqBA_3t4AH0,"IIT Bombay Hostel Tour 2025 🔥 Fresher Life, Rooms, Rules &amp; Reality",theDRISHYA,2025-04-29T23:01:04Z
IIT Bombay,hostel,hostel review,iDG4K9okl04,Worst vs Best Hostel Room Tour- IIT BOMBAY,Tharun Speaks,2022-11-01T15:45:43Z
IIT Bombay,hostel,hostel review,AZJW8Sp1Wjk,Hostel 17 Tour 😳- IIT Bombay #hostel #iitbombay #hostellife #iit,Ujjawal - IIT BOMBAY,2024-07-18T17:21:23Z
IIT Bombay,hostel,hostel review,X8j598Tgx9o,Why IIT Bombay hostels are best ? #iit #iitbombay #iitjee #jee #campus #hostel #hostellife #pongal,Garima Bangar [ IIT Bombay ],2024-01-15T13:07:10Z
IIT Bombay,hostel,hostel review,pcocnKGQd98,IIT Bombay boys Vs Girl&#39;s Hostel🤡|IIT Bombay Hostel Tour #iitbombay #jee2025#shorts,Mritunjay [MJK Sir],2024-08-24T16:32:13Z
IIT Bombay,hostel,hostel review,bljF5Kz8kpM,How Parents can stay in Hostel at IIT BOMBAY 🤯 #rushikale #iit #iitbombay,Rushi Kale Vlogs,2023-11-06T14:30:29Z
IIT Bombay,hostel,hostel review,ZDM42_VN7Sg,IIT Bombay HOSTEL ROOM  #iitbombay #hostellife #hostelroom,Garima Bangar [ IIT Bombay ],2024-11-24T11:13:37Z
IIT Bombay,hostel,hostel review,3pIF4Kb3YwE,Ft IIT Bombay Hostel Room View | Hostel 17 | Campus | #iitbombay #iit #travel #motivation,Lohith Stories (IIT B),2025-10-09T14:30:43Z
IIT Madras,hostel,hostel review,ulNNlC2ifRU,"My Hostel vs 146 Crore Freshies Hostel at IIT Madras | Room Tour, Internet Speed, hostel facilities",Rahuram Chanthrakumar,2023-06-30T14:47:42Z
IIT Madras,hostel,hostel review,WDGXrpHSw04,"What&#39;s inside my dream college IIT Madras? Campus tour, Mess food, Hostel rooms",Rahuram Chanthrakumar,2023-07-17T15:53:23Z
IIT Madras,hostel,hostel review,x7QEsOIuIDA,IIT MADRAS MANDAKINI HOSTEL ROOM TOUR #iitmadras #motivation #iitbombay #iitdelhi #jee #neet #iit,IIT MADRAS SHORTS,2023-08-20T15:27:49Z
IIT Madras,hostel,hostel review,HregMPteKeU,Sindhu Hostel🏡❤️IIT Madras #iitbombay #iit #iitjee #jeemains #jeeadvanced #motivation #gate2025,Kaustubh Kasle,2025-08-04T13:16:42Z
IIT Madras,hostel,hostel review,bseAjK0EpOw,Single Occupancy Room?￼  ft IIT Madras #iitmadras #minivlog #roomtour #viralshorts,Akash Jaiswal (IITB),2025-01-08T14:06:31Z
IIT Madras,hostel,hostel review,izgQ3aHiSZY,"IIT Madras Campus Tour Telugu | How to Join IIT, Student Life, Hostel &amp; Placements",Swathi Teja Vlogs ,2026-04-26T06:34:01Z
IIT Madras,hostel,hostel review,1LeQRONKHF4,Honest Review of My MTech at IIT Madras| is IIT MTech Placements good?,Rahuram Chanthrakumar,2024-02-29T12:30:01Z
IIT Madras,hostel,hostel review,ID0-RbOEbvg,IIT Madras College Review in Short,Apna College,2023-02-04T14:38:51Z
IIT Madras,hostel,hostel review,QvtyPQ6Q6Sg,IIT MADRAS GIRLS HOSTEL TOUR | Swarnamukhi Hostel | IITM First Year Hostel | IITM,Sachi IITian,2025-06-04T04:30:30Z
IIT Madras,hostel,hostel review,OFBmrZo2_LM,#IIT Madras Hostel Review❤️‍🔥🤩 | Students Change #IITM hostel Sneak-in🙀😱 | #rtr #rtrvlogs,RTR Vlogs,2025-05-18T12:30:26Z
IIT Kanpur,hostel,hostel review,RqqGvsqbaew,Hostel room at IIT #iit #iitkanpur #mba #study #hostel #hostellife #tales,Kanika Verma,2023-07-31T06:21:39Z
IIT Kanpur,hostel,hostel review,GK4Rzb5EjJk,IIT Kanpur Hostel rooms ☹️ !! Ise aalisaan to NIT Delhi k Hostel h.. #nitdelhi #IITkanpur,Rahul vishwakarma,2022-12-06T16:33:03Z
IIT Kanpur,hostel,hostel review,GIbATthI4XE,IITK Campus and Hostel Tour. #campustour #iitkanpur #motivation #birdview #iit #iitk #iitkanpurvlog,My EduLife,2025-06-21T06:50:29Z
IIT Kanpur,hostel,hostel review,Y_usRy6qprw,Itna accha🥵 IIT KANPUR ka Mess Food #iitbombay #rushikale #iitkanpur #jee2023 #iit,Rushi Kale Vlogs,2023-01-07T12:24:26Z
IIT Kanpur,hostel,hostel review,0nES06QnL60,"Inside IIT Kanpur Hostel 🔥 Complete Tour (Rooms, Mess, Sports &amp; More) #iit #iitkanpur #hostellife ",AnalyticEdge(IITK),2025-08-16T07:45:54Z
IIT Kanpur,hostel,hostel review,gCa-dbDHHe8,My Room Transformation✨ IIT Kanpur ❤️ #shorts,IITians' Adda,2023-08-24T12:30:19Z
IIT Kanpur,hostel,hostel review,o37Ky8e7twU,Full Night Masti - IIT Kanpur |Campus tour | hostel Life | Campus Life  |Room Tour |Vlog #08,Prince Jain - IITK,2021-12-10T14:06:00Z
IIT Kanpur,hostel,hostel review,oMMJeAlFupM,Reality of IIT Kanpur MSc Course | Research • Placement • Campus • Hostel,MasterPath Hub,2024-04-22T12:25:05Z
IIT Kanpur,hostel,hostel review,jGC_Xo_WeKk,Freshers Hostel Tour | IIT KANPUR | Boys | Information with Fun | ft. BASICALLY,SAUBHAGYA PANDEY [IIT KANPUR],2024-07-14T21:42:42Z
IIT Kanpur,hostel,hostel review,y3cHpu9d1Nw,IIT Kanpur Room Tour | Campus tour | hostel Life | Campus Life  | Hostel Tour | Vlog #07 #IIT_Kanpur,Prince Jain - IITK,2021-11-20T18:10:14Z
IIT Kharagpur,hostel,hostel review,FqqwdPBGS9k,IIT Kgp | Campus Tour 2026,Sukalpita Das,2026-05-30T13:07:30Z
IIT Kharagpur,hostel,hostel review,WpBpuP4b1Bw,IIT Kharagpur hostel tour and facilities | My room tour | Mess Tour | Ft. Azad Hall of residence,Chirag Maru,2023-05-27T06:50:58Z
IIT Kharagpur,hostel,hostel review,yLFhDZp9l7c,IIT Kgp Hostel Room (LBS Hall of Residence)|#iitkgp #lbsiitkgp #iitlife,J.A.M.,2023-08-02T11:28:39Z
IIT Kharagpur,hostel,hostel review,xHPT_o_rz0w,☺️Visiting IIT KGP Hostel - Sundar Pichai,Pawan Kushwaha,2024-01-02T02:30:34Z
IIT Kharagpur,hostel,hostel review,n3pfV74OS3o,iit kharagpur ka mess and khana || iit kgp food quality #iitkharagpur,IITian Bhanu,2023-06-11T09:53:21Z
IIT Kharagpur,hostel,hostel review,AsNTRJH7ryM,PG hostel at IIT Kharagpur #iitkgp,Anaika Khatri,2025-07-25T02:23:11Z
IIT Kharagpur,hostel,hostel review,vRnU7qq8sWQ,Inside IIT Kharagpur Hostels | A Tour of Student Rooms! #iit #iitkgp #hostel #room #pgdba #fun,Urja,2025-03-04T10:05:46Z
IIT Kharagpur,hostel,hostel review,XearPsc4jN0,"Visiting IIT Kharagpur: Freshers, Hostel &amp; Spicy Questions!",Singh in USA,2024-01-30T04:41:26Z
IIT Kharagpur,hostel,hostel review,Cvf4Wl5zCuU,This IIT Hostel Room looks like Sh*t,Tharun Speaks,2023-01-19T12:45:21Z
IIT Kharagpur,hostel,hostel review,JlnkpZmhbSc,🤯IIT KHARAGPUR Review in 30 Secs!⚡️| Fees | Placement #jee #iit,selfPadhai - Rohit Nagar,2024-07-22T14:00:48Z
IIT Roorkee,hostel,hostel review,4YfSabHaHFs,IIT Roorkee Hostel Review🤯 – Heaven or Horror?,GATEASPIRANT [IIT Roorkee],2025-07-29T16:47:42Z
IIT Roorkee,hostel,hostel review,sZuO0-V7mhk,"IIT Boys Hostel Tour❤️| Girls allowed? Rajiv Bhawan, IITR Video-272/365",Dheeraj Mourya,2024-08-10T15:15:04Z
IIT Roorkee,hostel,hostel review,d3VMpx-3WAA,My IIT Roorkee  Hostel Room Tour!! 🤩 | #hostellife #roomtour #iitroorkee #jee #iit,Hitesh Singh Rao | JEE | IIT Roorkee,2024-07-19T07:00:07Z
IIT Roorkee,hostel,hostel review,dLAqle0g6ms,"IIT Freshers Boys Hostel Tour❤️ | Rajendra Bhawan, IIT Roorkee VIDEO - 255/365",Dheeraj Mourya,2024-07-24T14:15:02Z
IIT Roorkee,hostel,hostel review,rJ9p6CL96Ls,IIT Roorkee Hostel Room Tour #iit #iitroorkee #roomtour,Metropolitan boy,2025-04-05T05:31:46Z
IIT Roorkee,hostel,hostel review,61l3W-tMjzE,IIT ROORKEE Review in 30 secs!🔥| Campus | Placement | Fees #review,selfPadhai - Rohit Nagar,2024-07-13T14:58:27Z
IIT Roorkee,hostel,hostel review,nxA8KZN3X4o,iit roorkee *hostel* room makeover! PART 2 #jeeadvanced #jeeproblems #college #jeemain,Shivna Rathore,2025-08-19T15:54:02Z
IIT Roorkee,hostel,hostel review,CDHux-N0pBc,IIT Roorkee Girls Hostel Tour + Room Tour | Luxurious Hostel,Shivna Rathore,2024-04-22T13:30:04Z
IIT Roorkee,hostel,hostel review,kYFoFVr2X2U,You are entering IIT Roorkee new Hostel🔥🔥.#shorts #iit #iitr #iitians #hostel #iitdelhi #iitjee #yt,Suprim-IITR,2025-07-24T18:37:32Z
IIT Roorkee,hostel,hostel review,N53Y46qPPNM,IIT Roorkee hostel room lock had to be broken? #iitjee #minivlog,Pakhi Bhardwaj [IIT-R],2025-07-19T07:10:17Z
IIT Guwahati,hostel,hostel review,dFO3Y9vzP30,🌄 Hostel Life at IIT Guwahati | Unreal Views! #lightscameracampus #iitguwahaticampus,shiksha.com,2025-06-10T05:19:02Z
IIT Guwahati,hostel,hostel review,gmaSqQY316o,IIT Guwahati campus tour 😍 | My first experience in a HOSTEL MESS at IIT Guwahati 😍 | MESS tour 😋,Maatuz little world,2023-03-28T12:10:32Z
IIT Guwahati,hostel,hostel review,70xf7ViFFKo,Hostel Mess | IIT Guwahati  #iit #iitmotivation #iitguwahati #hostel #food  #iitjee #trending #viral,IITG Collez Diaries,2023-07-10T17:22:37Z
IIT Guwahati,hostel,hostel review,jS-6f2m1-H0,"Inside IIT Guwahati 🏫 | Hostel, Food &amp; Nightlife | Part 2 of Campus Life 🔥",The As Vlogs,2025-08-03T13:20:22Z
IIT Guwahati,hostel,hostel review,m-Rjk31ZcMM,"🏫 IIT Guwahati Campus Tour 2025 🎥 | 🛏️ Hostel Life, 🎓 College Vibes &amp; 🌄 Scenic Views",shishant saraf,2025-05-25T06:57:01Z
IIT Guwahati,hostel,hostel review,1wFY3mqw1mQ,"🏫 IIT Guwahati Campus Tour 2025 🎥 | 🛏️ Hostel Life, 🎓 College Vibes &amp; 🌄 Scenic Views",shishant saraf,2025-05-31T08:55:14Z
IIT Guwahati,hostel,hostel review,9Ha3PthuTeU,"HOSTEL FACILITIES - IIT Guwahati | Room Tour , Mess Food , Gym , Internet &amp; more | Vlog #21",Narendra Raj,2021-03-16T06:30:08Z
IIT Guwahati,hostel,hostel review,iJx-0wdxXlM,IIT Guwahati = 5 star hotel😍😍#shorts #iitguwahati #guwahati #brahmaputra_river #view #iit #jee,Vedantu JEE Made Ejee,2024-06-14T15:30:09Z
IIT Guwahati,hostel,hostel review,QxVGzSASLiE,IIT Guwahati Hostel Room | Manas Boys Hostel | IIT Life #iit #iitstudents #nature #iits,Nikhil,2023-07-22T04:17:21Z
IIT Guwahati,hostel,hostel review,03vMFKLLlsY,LOHIT HOSTEL TOUR || IIT GUWAHATI  || LATEST TOUR #iitan #iit #assam #iitguwahati #shorts ,BRAHMA IITian ,2026-03-14T08:49:01Z
IIT Hyderabad,hostel,hostel review,-cqFGkRthpU,IIT Hyderabad Hostel Room Tour | Girls Allowed? | IIT Hostel Tour| iitjee | 2025,Ankit IIT Hyderabad ,2025-08-04T10:05:59Z
IIT Hyderabad,hostel,hostel review,gSedj0aA3SQ,IIT Hyderabad Hostel Life: More Like a 5-Star Hotel? | IIT HYDERABAD CAMPUS TOUR,Ayush mahobe vlogs,2026-04-21T08:13:29Z
IIT Hyderabad,hostel,hostel review,9n6wO60NBGY,Hostel Tour 📍 IIT Hyderabad 🔥 || Daniel IITH ,Daniel IITH,2025-09-25T11:42:35Z
IIT Hyderabad,hostel,hostel review,GjN4cauYTY0,"IIT Hyderabad Campus Life | Hostel, Sports &amp; Student Life | Inside IITHyderabad Chemistry Department",Monalisa_uncharted ,2026-01-20T14:55:20Z
IIT Hyderabad,hostel,hostel review,0qYyyCC_f-4,Fresher&#39;s Hostel | Room Tour🤩| Radiant Cooling  | IIT HYDERABAD😇| Hostel Vlog | #iith #collegelife,Soham Dake - IIT Hyderabad ,2025-11-10T14:14:39Z
IIT Hyderabad,hostel,hostel review,WwFCjiyCWHI,IIT Hyderabad Campus Tour | Hostel | Mess | Sports | Placement Vlog | Room | Jossa Counselling JEE,Vinit Kumar [ IIT BOMBAY ],2025-03-01T12:30:34Z
IIT Hyderabad,hostel,hostel review,ACrIx_A5C-o,IIT Hyderabad Hostel rooms #iithyderabad #hostellife,Shanu Verma,2025-05-26T04:02:39Z
IIT Hyderabad,hostel,hostel review,Pw1x4bLbY6c,IIT Hyderabad Hostel 🔥 #hostel #iit #iithyderabad #freshers #minivlog #shorts,Nanonerds,2025-02-07T04:30:44Z
IIT Hyderabad,hostel,hostel review,p_y5eJbK1Tw,How is IIT Hyderabad Performing?? Is it a good Option?🤔🤔#jee #jee2025 #iit #iitjee #iithyderabad,Vedantu JEE Made Ejee,2024-09-19T13:30:28Z
IIT Hyderabad,hostel,hostel review,Y0A1seihdhY,IIT Hyderabad Hostels Tour | Day &amp; Night Campus View 😍🔥,ChemVlogs by IITian,2026-02-09T07:17:30Z
IIT Indore,hostel,hostel review,O2OAUSkyD2E,&quot;IIT INDORE&quot; Complete hostel tour ✅🔥🔥 ...#iit #funny #iitjee #iitmotivation #iitprepration #jee,Yash Kashiv:) [IIT-Gn] ,2024-01-21T06:00:15Z
IIT Indore,hostel,hostel review,QN-hiG3rnAM,IIT Indore Hostel tour 👍👍 || Single room or not ??🧐🧐,IITian Ashish,2026-05-21T10:30:10Z
IIT Indore,hostel,hostel review,21Y7WfHrgPI,Hostel Room Tour of IIT || IIT INDORE || #iitindore#hostelrooms#jee#neet#iit#yshorts,Bodybuilder in [ IIT+UPSC ],2022-07-31T11:21:37Z
IIT Indore,hostel,hostel review,V2EFtynXRyk,Best Hostel in all IITs || IIT INDORE || Hostel Tour || #iitindore#iitians#hosteltour#iitjee,Bodybuilder in [ IIT+UPSC ],2023-02-02T13:41:14Z
IIT Indore,hostel,hostel review,1alW7MjhoOw,IIT Indore Hostel Room Tour | Hostel life | IIT Indore,CHEMISTRY PORTAL ,2022-04-01T09:07:12Z
IIT Indore,hostel,hostel review,dr5Y-DVqmaQ,IIT INDORE College Review in One minute 🔥  #shorts #iitindore #jeemains #iitmotivation #iit,Ritik Meghwani,2022-10-12T15:00:09Z
IIT Indore,hostel,hostel review,TBST-d4mY7w,IIT INDORE CAMPUS TOUR IIT INDORE PLACEMENT IIT INDORE HOSTEL LIFE IIT INDORE IIT INDORE FEST,COUNSELLING JUNCTION,2023-06-11T09:32:09Z
IIT Indore,hostel,hostel review,SbWYnmK9hGc,Inside in IIT Indore | Amazing Infrastructure ￼ 😍 | Mess Food Review ?￼,Akash Jaiswal (IITB),2023-09-06T02:58:35Z
IIT Indore,hostel,hostel review,lArnxzKoXYg,hostel room of IIT Indore #iitjam #iitmotivation #iitjee #iitian,Vipendra Singh [IIT INDORE],2023-09-23T09:55:42Z
IIT Indore,hostel,hostel review,7HSvINqlw6U,|| Girls Hostel Room Tour || IIT INDORE || Hostel Facilities || #iit#iitindore#girlshostel,Bodybuilder in [ IIT+UPSC ],2022-10-25T06:30:26Z
IIT BHU,hostel,hostel review,uVJOOV7S1Vw,Hostel Review Ft. IITians | IIT BHU Hostel Tour | Aryabhatta Hostel IIT BHU |,Ayush Mishra ,2024-06-01T12:47:33Z
IIT BHU,hostel,hostel review,QE4_HRh5jq0,"IIT BHU Full Campus Tour 🔥 | Hostels, Mess, Departments, Libraries, Sports | By Samarth Sasane",Samarth Sasane [IIT BHU],2022-08-23T04:30:09Z
IIT BHU,hostel,hostel review,o4-zNYxF72A,"IIT BHU HOSTEL FACILITIES | Detailed Room Tour , Mess Food , Internet , Canteen, Hostel Culture |",Narendra Raj,2021-11-08T08:51:00Z
IIT BHU,hostel,hostel review,1pn_s5fSBME,IIT BHU College Review in One minute 🔥  #shorts #iitbhu #jeemains #iitmotivation,Ritik Meghwani,2022-10-13T15:45:07Z
IIT BHU,hostel,hostel review,PHeHaSB-lJg,Food Quality of IIT BHU Hostel | Himanshu Mishra,The Student Life,2022-10-27T04:49:36Z
IIT BHU,hostel,hostel review,dJ_RqO-guCM,"IIT BHU Girls Hostel Complete Tour || SC De, Limbdi, Gandhi Smriti, New girls hostel -1 || VLOG#4",Divo Dynamics,2022-04-05T03:32:00Z
IIT BHU,hostel,hostel review,Rt_k9yLIwXk,"IIT BHU Hostel Tour 2025 🏫 | 1st Year Room, Mess, Facilities &amp; Tips | Must Watch Before Joining!",Neerajiitian,2025-07-14T14:00:45Z
IIT BHU,hostel,hostel review,YzMLeF9dxyI,IIT BHU Has the BEST Mess Food Among All IITs? #iitbhu,PCM Simplified [IIT BHU],2024-10-05T05:36:18Z
IIT BHU,hostel,hostel review,7sM6fUbBJmE,"Honest IIT BHU Campus Tour Vlog 😍 | Hostels, Gymkhana, Departments and Placements",Awara IITian,2026-05-17T11:10:42Z
IIT BHU,hostel,hostel review,HlKMSVOGy14,IIT BHU (Varanasi) 🔥🔥 || Hostel Tour🔥🔥,Placehacker,2022-11-22T13:31:25Z
NIT Trichy,hostel,hostel review,vBqDwyO4qZk,BEST HOSTEL IN NIT TRICHY❤️‍🔥 | HOSTEL TOUR | HONEST REVIEW,Mihir Kathpal,2025-06-09T13:05:39Z
NIT Trichy,hostel,hostel review,OeqnP9DuI9M,NIT Trichy hostel room.🔥#gate2025preparation #byjus_exam_prep #nittrichy #nit #studymotivation,DO or DIE,2024-10-24T15:53:17Z
NIT Trichy,hostel,hostel review,Ayz0MmQdyDc,"NIT Trichy Campus Tour 2024| Latest🔥 | Hostel Room Tour, Mess, Campus",Rahuram Chanthrakumar,2024-07-08T12:42:12Z
NIT Trichy,hostel,hostel review,mfwJFauuWQ0,"NIT Trichy లో Full Details| Placement, Hostel,Campus Life #nittrichy #nit #nitlife #iit #iitjee #jee",Vedantu Telugu JEE,2025-09-09T12:31:06Z
NIT Trichy,hostel,hostel review,gBo5cKMMKPs,HOSTELS OF NIT TRICHY for 1st Years.,Naveen Harsh Lakra,2023-06-28T19:35:57Z
NIT Trichy,hostel,hostel review,mdopRVDYPTc,Nit Trichy Girls Hostel😍❤️ Room #hostellife #roomtour #nitt #shorts,My Dairies,2023-08-20T14:35:49Z
NIT Trichy,hostel,hostel review,7YRkQugpp3U,NIT Trichy College Review InShort,Apna College,2023-02-17T17:43:35Z
NIT Trichy,hostel,hostel review,cMgYVeJ5W78,"NIT Trichy Freshers Intro 2025 🎓 | Campus Life, Hostel Tour &amp; Student Stories",VectorX Academy,2025-09-06T13:48:45Z
NIT Trichy,hostel,hostel review,jOgNAR0hJ08,NIT Tirchy  Vs NIT Warangal Hostel Rooms,A Mechanical Engineer,2023-06-14T18:52:42Z
NIT Trichy,hostel,hostel review,MmQ3s8SKmis,NIT Trichy Campus Tour | Hostel | Mess | Room | Placement Vlog | JEE MAINS April JEE 2025 Cut Off,Vinit Kumar [ IIT BOMBAY ],2025-03-08T12:30:29Z
NIT Warangal,hostel,hostel review,R0wweEiPKYk,NIT WARANGAL ROOM TOUR || LADIES HOSTEL TOUR #nitwarangal  #nitw #roomtour #hostel #hostelroom #nit,Sahana [ NIT WARANGAL],2023-07-08T14:33:07Z
NIT Warangal,hostel,hostel review,Uq_ezSmcPMo,GIRLS Hostel Tour at NIT Warangal !,Nickrnate,2025-08-24T12:53:47Z
NIT Warangal,hostel,hostel review,mft5UgJYAXU,NIT Warangal College Review In Short,Apna College,2023-02-10T16:11:46Z
NIT Warangal,hostel,hostel review,kamvLEK0g88,The room i got vs the home we made❤️🧿 #Nitians #nitwarangal #nitw #nit #iit #iitjee #iitian,Harshita Purohit [NIT Warangal],2025-09-28T18:25:13Z
NIT Warangal,hostel,hostel review,1hW1A7laolg,NIT Warangal Vlog Coming Soon||AIR 286||Campus Tour||MCA||Asia largest Hostel||Vaibhaw Siddharth,Vaibhaw Siddharth,2023-09-27T17:27:42Z
NIT Warangal,hostel,hostel review,tvOQZ7kGcAc,NIT WARANGAL HOSTEL TOUR 2024 || 1ST YEAR HOSTEL || BIGGEST HOSTEL IN ASIA #nitwarangal #hosteltour,Vishal NITian,2024-06-16T05:30:15Z
NIT Warangal,hostel,hostel review,67iepjw0siY,NIT Warangal Hostel &amp; Mess Tour | First time in తెలుగు | NIT Warangal Campus Tour 2026,IITian తెలుగు Vlogs,2025-03-12T12:30:06Z
NIT Warangal,hostel,hostel review,P3NIPYbe4lU,"A day in NITW ✨ || Classes , Elections, Movie 🍿 || #adayinmylife #college #nitw #jailer #nitwarangal",Sahana [ NIT WARANGAL],2023-08-19T09:41:25Z
NIT Warangal,hostel,hostel review,YxIkkdbsDtg,"Girls hostel area, hostel tour part 1 #nitwarngal #nitian #dreamnit #iit #topnit #NIT",Harshita Purohit [NIT Warangal],2025-08-13T09:54:18Z
NIT Warangal,hostel,hostel review,dFi6VeLYyC4,Hostel Mess Food NIT WARANGAL | #topnit #nitw #jee #freshers  #college,Ayush Lakra,2022-11-04T08:04:21Z
NIT Surathkal,hostel,hostel review,c-QDX87CFfs,"College hostel after cracking jee !Part 2 , Nitk first year hostel !!Worth it or not ??",Still Lucky,2026-04-27T05:43:11Z
NIT Surathkal,hostel,hostel review,XtU025LGSH0,NITK  BTech 1st year hostel tour and review | #nitk #hostel,I AM UB,2025-02-20T14:00:39Z
NIT Surathkal,hostel,hostel review,fRPqQjk2IKE,NITK Surathkal 2nd year boys hostel tour | NITK luxurious Hostel,I AM UB,2025-07-02T13:30:43Z
NIT Surathkal,hostel,hostel review,chuhakOZhKw,NITK 1ST YEAR HOSTEL TOUR | NITK  SURATHKAL |,LAKSHYA VLOGS [NITK],2022-07-04T16:30:12Z
NIT Surathkal,hostel,hostel review,6ckZMFUoeRA,NITK | GIRLS’ HOSTEL | FIRST YEAR | HOSTEL TOUR 🏫📍,Preeti & Pragya,2025-08-10T07:38:04Z
NIT Surathkal,hostel,hostel review,_FpJRsOcxDs,My first 6 months at NIT Surathkal (NITK) in 6 minutes | college life | NITK,Aryan Verma [NIT Surathkal],2022-10-17T15:02:52Z
NIT Surathkal,hostel,hostel review,V1B1zAZqgJM,NITK new hostel @shivalik,Mecha Sumit [NITK],2023-09-20T14:00:45Z
NIT Surathkal,hostel,hostel review,Lg8WtupE6YQ,Nit Surathkal Review in One Minute 🔥 #Shorts #nitsurathkal  #nit #iitmotivation,Ritik Meghwani,2022-07-29T14:00:11Z
NIT Surathkal,hostel,hostel review,c5qOVh7uvDk,NITK New Hostel Tour🔥@Shivalik😍,Mecha Sumit [NITK],2023-09-23T09:37:24Z
NIT Surathkal,hostel,hostel review,NxCG5gOlPRM,NIT surathkal hostel rooms #vlog #shortvideo #shorts #motivation,Sudhanshu gupta,2025-02-15T08:58:48Z
NIT Calicut,hostel,hostel review,F2hCRr6G4GA,Freshers Hostel Tour | NIT Calicut | Gaming Room | Hostel | Vlog, Ayan Speaks [NIT CALICUT],2025-01-13T19:58:33Z
NIT Calicut,hostel,hostel review,TjPh3eSv0b0,NIT Calicut ലെ Hostels ഇങ്ങനെയാണ്! | NIT Calicut #nitcalicut #collegehostel,XandY Learning,2023-05-27T15:30:11Z
NIT Calicut,hostel,hostel review,3aTVxexLEJM,NIT💥 Calicut girls hostel room ♥️ #shorts #Ytshorts #NIT#calicut #singleroom,Kitchen Diaries,2025-01-11T14:05:16Z
NIT Calicut,hostel,hostel review,5FO9btkrslg,"NIT Girls Hostel Tour❤️| NIT-C | Rooms, Mess, Facilities? MLH -Mega Ladies Hostel | NIT Calicut", Ayan Speaks [NIT CALICUT],2025-04-05T03:45:17Z
NIT Calicut,hostel,hostel review,01YGgWy3Vzk,NIT Calicut Campus Tour | Hostel Mess | Library | Room | Vlog | JEE Mains April Attempt 2025 Cut Off,Vinit Kumar [ IIT BOMBAY ],2025-03-22T12:30:01Z
NIT Calicut,hostel,hostel review,v6hpWnqT48w,"Inside NIT Calicut Girls’ Hostel 🏠✨ | Rooms, Food &amp; Campus Vibes! #lcc #shorts",shiksha.com,2025-09-16T06:30:34Z
NIT Calicut,hostel,hostel review,8I70HexV21E,Freshers Hostel | Life at NIT CALICUT Hostel – A Cinematic Glimpse! 🎬✨, Ayan Speaks [NIT CALICUT],2025-02-19T08:23:46Z
NIT Calicut,hostel,hostel review,IfoDUsDVuuw,Girls Hostel Room Tour | NIT Calicut | College Life Inside View 🏠✨, Ayan Speaks [NIT CALICUT],2026-03-03T02:56:05Z
NIT Calicut,hostel,hostel review,pJGZsqKqvBQ,NIT Calicut College Review in One minute 🔥  #shorts #nit #iit #jeemains #iitmotivation,Ritik Meghwani,2022-09-10T13:57:48Z
NIT Calicut,hostel,hostel review,RSgFlOrhGac,"NIT Calicut Campus Tour 🔥 | Hostels, Classrooms, Campus Life &amp; More!",Brilliant Pala - JEE Main & Adv,2026-04-28T13:43:18Z
NIT Rourkela,hostel,hostel review,-pUiMvb5Wyg,1st Year Boys Hostel Tour at NIT Rourkela | Honest Review | Better Than IIT ? 😱😱😱😱😱😱,Alokit Says,2025-05-12T06:30:00Z
NIT Rourkela,hostel,hostel review,cLgR_ZlEBx0,My New Hostel Room @ NIT Rourkela | 2nd Year  #nitrourkela #jee #hostelroom #shorts #viral #3gr,3GR SPECIAL,2023-08-09T08:55:00Z
NIT Rourkela,hostel,hostel review,HgR7rBiAOXQ,Nit Rourkela Review in One Minute 😍 #Shorts #nitrourkela  #nit #iitmotivation,Ritik Meghwani,2022-08-01T14:00:14Z
NIT Rourkela,hostel,hostel review,plFEVkQUQlQ,NIT Rourkela Girls’ Hostel Tour #nitrourkela #hostel #hostellife,Priyankaa ,2025-06-14T19:23:43Z
NIT Rourkela,hostel,hostel review,SK0EYoyNCRM,🔥NIT ROURKELA🔥 M.TECH HOSTEL TOUR||MESS TOUR||ROOM TOUR||MOTIVATION||MUST WATCH||SIDDHARTHA LIVE||,Siddhartha live,2021-04-07T05:48:18Z
NIT Rourkela,hostel,hostel review,S_57slDrF2Y,Hostel Mess Nit Rourkela ghumte#hostel#life #nitrourkela#college#vlog #mess#youtubeshorts#students,Open2explore ,2023-08-22T09:26:41Z
NIT Rourkela,hostel,hostel review,1ItTGa-gpkQ,Girls Hostel tour | NIT Rourkela | Biggest hostel | CVR Hall | beauty parlour | day &amp; night canteens,Reethika Surisetty,2024-06-09T11:15:00Z
NIT Rourkela,hostel,hostel review,ZQhn59Tnod8,"NIT Rourkela Hostel Mess Food | Monday to Sunday All 7 Days | Breakfast, Lunch, Dinner | Veg-Non-veg",Jonak The Moonlight,2023-07-21T15:08:42Z
NIT Rourkela,hostel,hostel review,jjxcOPrm1B0,classes at NIT Rourkela #explore #fyp #trending #explore #funny #relatable,Kriti,2025-07-28T17:23:54Z
NIT Rourkela,hostel,hostel review,qyB8UMxTt0k,NIT Rourkela hostel room || VS Hall of residence,Ayan Arshad (IITM),2022-11-05T06:27:56Z
NIT Kurukshetra,hostel,hostel review,H10mItIr-7Q,Nid hostel room tour | NID Kurukshetra,Prath1m,2023-04-09T12:54:22Z
NIT Kurukshetra,hostel,hostel review,9F1vf0vjvbI,🤯My hostel room tour at NIT Kurukshetra! - VLOG 1 🔥- IIT Motivation! - JEE Mains 2022 #iit,Sankalp Jauhari,2022-07-20T14:07:26Z
NIT Kurukshetra,hostel,hostel review,JD9ccRrWpKE,*NIT KKR* girls hostel &amp; room tour ❤✨ #nitian #jee #hostel #nitkkr #engineering #college #tour,Thatcandidkanyaa,2024-05-31T08:55:41Z
NIT Kurukshetra,hostel,hostel review,8GcajHUrgSw,M.Tech Through GATE | Honest Reality Revealed by NIT Students | NIT Kurukshetra Tour,GATE Wallah,2024-10-27T05:30:04Z
NIT Kurukshetra,hostel,hostel review,mvY_A1DN1o0,struggle of hostlers|NIT KURUKSHETRA| #IIT #NIT # IITMOTIVATION #shorts #viral shorts #youtubeshort,NITIAN Pie,2022-12-27T00:53:02Z
NIT Kurukshetra,hostel,hostel review,kCS3xVQleFY,Nit Kurukshetra || Group discussion || Hostel No:5,NIT Kurukshetra Student Life,2022-04-26T14:49:01Z
NIT Kurukshetra,hostel,hostel review,3mDrRFEA_Ec,First year hostel tour nit Kurukshetra ||NIT KURUKSHETRA#hostel #nit #hosteltour #nitkurukshetra,HARDIK nagpal vlogs,2023-06-06T08:37:32Z
NIT Kurukshetra,hostel,hostel review,DR5juKtLX_I,"1st Year Hostel - H1, H2, H3 || NIT Kurukshetra || #Vlog56",Aman Anand,2022-03-24T05:21:16Z
NIT Kurukshetra,hostel,hostel review,9y5x_d_KsQ4,Guess NITs with their Hostels Facility 🛌 | Which NIT Has the Best Hostel ? #nits #iitjee #jeemains,Yash Mishra [IIT INDORE],2025-09-25T06:30:10Z
NIT Kurukshetra,hostel,hostel review,0RUB8RQi7vQ,😍MY Hostel Room Tour in NIT Kurukshetra 🔥| My setup tour🤯 |  JEE Mains 2022💥 | IIT motivation | #jee,JEE with Ajay ,2022-07-22T12:09:54Z
NIT Jalandhar,hostel,hostel review,D8ddD2zGPZ4,"NIT Jalandhar Complete Campus Tour 🔥 | Hostels, Classrooms, Gym, Canteens &amp; More | Telugu Vlog",Explorevth NS (NITJ),2026-06-16T12:26:50Z
NIT Jalandhar,hostel,hostel review,PpwfC399Fpc,NIT Jalandhar Hostel Move In Vlog 💫 #nitjalandhar,Ashish [NIT JALANDHAR],2024-08-04T11:28:49Z
NIT Jalandhar,hostel,hostel review,GyV4MIlw8P0,NITJ hostel no.1 C-303,gagan jarial,2015-02-16T17:05:00Z
NIT Jalandhar,hostel,hostel review,5EvTzi-5Bvc,NIT JALANDHAR POWER 💪 #harshsir #nit #nitjalandhar #engineeringlife #VED #shorts,Study Circuit ,2025-10-19T05:47:59Z
NIT Jalandhar,hostel,hostel review,UXOpW3_mUj0,NIT Jalandhar Fresher&#39;s Hostel tour💫❤️ | Boys Hostel 1🔥| Best Hostel for Freshers ✨,Ashish [NIT JALANDHAR],2024-08-09T05:52:15Z
NIT Jalandhar,hostel,hostel review,I8k32kkzfLQ,Nit Jalandhar Boys hostel mess#shorts,Aditya Maurya,2025-10-20T19:33:49Z
NIT Jalandhar,hostel,hostel review,zUPQiOxQO2M,shifting to new hostel(NIT Jalandhar)#hostellife#engineering#engineering college#engineeringlife,S S Islam,2023-07-18T08:26:34Z
NIT Jalandhar,hostel,hostel review,59r4YWzKfgA,NIT Jalandhar hostel rooms for freshers (3seater).#freshers #hostel #hostellife #btech #nitj .,Shefali kushwah ,2023-09-01T09:26:10Z
NIT Jalandhar,hostel,hostel review,o0TzwezeoMM,Gh2 girls hostel NIT JALANDHAR... Hostel Life 1st year #nit #iit #jee #neet #hostel #college,NITJ Lifestyle ,2024-10-30T11:10:06Z
NIT Jalandhar,hostel,hostel review,aPr9OVXjnqA,NIT Jalandhar&#39;s New Girls Hostel#fun #hostellife #engineering#explore #hostel#engineeringinIndia,S S Islam,2023-07-22T05:12:43Z
NIT Jaipur,hostel,hostel review,1z_Dq3mMj98,"Boys Hostel room tour MNIT Jaipur | IITs Hostels, NITs hostels |, Boys hostels #jee #iit #mnit",A Mechanical Engineer,2022-09-15T19:15:15Z
NIT Jaipur,hostel,hostel review,JfoPu_PpPWo,📍Hostel Better Than IITS 🤯 ? MNIT JAIPUR 🔥 | H15 Aravali Hostel Tour 🫶🏻 |,JaiLives,2025-05-23T13:45:06Z
NIT Jaipur,hostel,hostel review,smr_leLOsFI,Hostel Room Tour😍 | MNIT JAIPUR | Newest Hostel,IITian-NITian Brothers,2021-09-06T04:25:48Z
NIT Jaipur,hostel,hostel review,NbjoHi8bW-o,My Room Tour at NIT Jaipur🔥 | College shopping | Things To Buy For Hostels 🤑|#freshers,IITian-NITian Brothers,2022-11-01T13:10:53Z
NIT Jaipur,hostel,hostel review,8K_Oe-Wfa7E,My College Mess Food Review + Hostel Tour for freshers✨|| Best hostel of MNIT ||Memories of 1st year,SHOA100[MNIT JAIPUR],2023-06-19T05:44:47Z
NIT Jaipur,hostel,hostel review,miT4CK_5Sac,MNIT Jaipur College Review | InShort,Apna College,2023-03-17T15:18:42Z
NIT Jaipur,hostel,hostel review,zHDkmLQ1GLg,"NIT Jaipur Full Tour 2026 |Hostel, Mess, Library, Grounds &amp; Campus Life | JEE students must watch ",Dhairya Jain,2026-06-06T13:52:36Z
NIT Jaipur,hostel,hostel review,DfzJq_z9sHE,Complete Tour-NIT (MNIT) JAIPUR-GIRLS HOSTEL(Part 2)- GARGI-Jee mains- hostel life-dreams- fun ☺️,Saumya's trails [NIT JAIPUR],2026-01-05T16:33:11Z
NIT Jaipur,hostel,hostel review,9KvsPliyW8Y,Wow hostel of NIT Jaipur #mnitjaipur #nitjaipurhostel #hostellife,A Mechanical Engineer,2025-05-28T10:51:41Z
NIT Jaipur,hostel,hostel review,7wp7AbaBmLw,MNIT Jaipur First Year Hostel Tour 2026 | Everything You Need to Know!,Rohit Thakur- MNIT,2026-02-02T13:30:15Z
NIT Nagpur,hostel,hostel review,iKea_dOpBwQ,NIT Nagpur - Girls hostel tour| luxurious hostels🥵 | best in all NITs #shorts #hostel #college #iit,Riya Kansal,2023-07-04T06:30:18Z
NIT Nagpur,hostel,hostel review,DIL3DUVBVos,NIT-Nagpur(vnit)First year room tour😎🔥🔥#iit #nit#youtubeshorts #viral,NITian Shivam,2023-08-02T06:30:05Z
NIT Nagpur,hostel,hostel review,TOp_yQOcrwc,VNIT NAGPUR ekdum real review💥| Hostel + Mess 🥪| Coding Culture 💻 | Startup | Sports🏸 | Fees 🤔 #jee,MentorShala - Priya Sharma,2024-06-03T06:39:38Z
NIT Nagpur,hostel,hostel review,2-K1OI8WPtk,HOSTEL TOUR HB-6 |1ST YEAR | DOUBLE SEATER  ROOM TOUR| VNIT NAGPUR,achiever[VNIT NAGPUR],2025-01-03T12:41:19Z
NIT Nagpur,hostel,hostel review,DXmBx4oimTo,VNIT NAGPUR Campus Tour | Hostel | Mess | Room | Placement Vlog | JEE MAINS &amp; ADVANCED 2025 Cut Off,Vinit Kumar [ IIT BOMBAY ],2025-05-17T12:30:12Z
NIT Nagpur,hostel,hostel review,rwh1fc5SbTo,Should you choose VNIT NAGPUR after IIT-JEE?🥶,Riya Kansal,2025-05-31T06:30:33Z
NIT Nagpur,hostel,hostel review,0vI_bNAG0LQ,VNIT NAGPUR College Review in One minute 🔥 #shorts #vnitnagpur #jeemains #iitmotivation #iit #nit,Ritik Meghwani,2022-11-16T15:45:10Z
NIT Nagpur,hostel,hostel review,vvFp0UHo1aY,Hostel Tour HB-4 |V.G BHIDE | SINGLE SEATER ROOM TOUR|,achiever[VNIT NAGPUR],2026-05-22T07:13:35Z
NIT Nagpur,hostel,hostel review,qMYAc_WM450,VNIT - Nagpur || Mess food Hostellife || #iit #jee #subscribe #foodblogger,Nitian Kisse - Satyam (Vnit - Nagpur),2023-06-22T16:24:51Z
NIT Nagpur,hostel,hostel review,acL5DqKBEwE,Honest Room Tour Of An Engineering Student at VNIT NAGPUR | HB-4 V.G BHIDE | 2026 ,achiever[VNIT NAGPUR],2026-05-22T09:19:16Z
NIT Allahabad,hostel,hostel review,yJlFsh07xow,NIT Allahabad 1st Year Hostel Tour | NIT Allahabad Hostel Review🔥 | NIT Allahabad Review,  Ayush Jha [NIT- Allahabad],2025-03-16T11:47:43Z
NIT Allahabad,hostel,hostel review,hN4V_BCg_UU,NIT Allahabad 1st Year Girls Hostel Tour 😍 | NIT Allahabad Hostel Review | MNNIT Allahabad Review,  Ayush Jha [NIT- Allahabad],2025-07-05T16:10:20Z
NIT Allahabad,hostel,hostel review,jXBU9JoZGMw,NIT Allahabad Boys Hostel Tour 🔥 | 1st to Final Year | Best vs Worst Hostels Revealed!,Gaurab Gupta,2025-06-02T10:27:06Z
NIT Allahabad,hostel,hostel review,D1bvV2N-pIo,Mnnit allahabad |Swami Vivekananda boys hostel 1st year boys hostel|Room tour IIT/ NIT| Ashmit Gupta,Nitian Ashmit,2024-08-23T10:00:13Z
NIT Allahabad,hostel,hostel review,D5h5MRh_KPI,NIT Allahabad Hostel Tour 2026 🏫 | Freshers Hostel Experience|mnnit hostel tour,hksabc_28,2026-05-21T01:45:34Z
NIT Allahabad,hostel,hostel review,94N6Z6OVXic,DJ girls Hostel | Diamond jubilee girls hostel| MNNIT Allahabad |Karishma Verma @Karryoon,Karishma Verma ,2024-06-12T16:10:31Z
NIT Allahabad,hostel,hostel review,eDozSmYY1B4,"DJGH Full Tour- Mess Food,Rooms,Hostel | Mnnit Allahabad | For 1st &amp; 2nd Years #mnnit",Khanak Patwari,2023-03-13T15:48:30Z
NIT Allahabad,hostel,hostel review,nqRElpdg6D4,NiT allahabad hostel mess #nit #iit #jee #jeemains #nimcet #nimcet2024 #nimcet2023 #nimcetcoaching,NIMCET Junction ,2025-08-17T04:07:09Z
NIT Allahabad,hostel,hostel review,CPBjo3B8wEg,All about MNNIT Allahabad✅✅#shorts #mnnit #mnnitallahabad #allahabad #jee #jee2024 #btech #college,Vedantu JEE Made Ejee,2024-04-23T07:30:02Z
NIT Allahabad,hostel,hostel review,BaXUJevgFnk,NIT Allahabad hostel tour #iit #jeemains #physicswallah #college #mca #bca #nimcet #jee #btech,NIMCET Junction ,2025-08-29T19:23:20Z
IIM Ahmedabad,hostel,hostel review,iBu40xpei_w,IIM AHMEDABAD HOSTEL ROOM TOUR #iimahmedabad #hostel #room #tour #iima #iimbangalore #iim,ROAD TO CAT 99,2023-08-12T13:55:11Z
IIM Ahmedabad,hostel,hostel review,yZV9ffTdTb0,POV: Life Inside an IIM Ahmedabad Hostel Room 🤯 #IIMA | IIM Ahemdabad Hostel Room Tour,Techno Abhishek,2024-08-16T10:38:08Z
IIM Ahmedabad,hostel,hostel review,qzw_BtjKZbQ,"Hostel at IIM, Ahmedabad",Kify Hospital,2025-02-09T13:04:35Z
IIM Ahmedabad,hostel,hostel review,agpeVxWYwzc,Mini IIM Ahmedabad Dorm Room Tour | IIMA Room Makeover,Priya Chatterjee Ray,2022-11-23T19:44:02Z
IIM Ahmedabad,hostel,hostel review,KU_BCC9RmiM,Hostel rooms at IIM Ahmedabad,MBA Made Easy,2025-05-09T12:38:54Z
IIM Ahmedabad,hostel,hostel review,CSaEPcHKOHY,Khan sir from IIM Ahmedabad 😱 | What did Khan Sir read about? #shorts,ALL IN ONE,2025-04-20T12:38:38Z
IIM Ahmedabad,hostel,hostel review,YhA2-RUHCiU,Shifted to Rainbow dorm #iimahmedabad,Nishat Averi,2024-06-03T19:16:18Z
IIM Ahmedabad,hostel,hostel review,5G9MKCdeVzA,IIM A Expectation Vs Reality,Keerthana Chandrasekhar,2022-09-10T11:51:21Z
IIM Ahmedabad,hostel,hostel review,qStQ9jx6UoA,Backdoor to IIM Ahmedabad,Full Disclosure,2024-09-04T15:26:25Z
IIM Ahmedabad,hostel,hostel review,nbLDbTQlsh4,IIM|Hostel|😌❤#cat2024#cat#iim#iima#mba#views#motivation#quant#verbal#shorts#youtube#trending#trend,Lalit Gupta,2024-06-30T07:05:08Z
IIM Bangalore,hostel,hostel review,T5C9VITVypQ,IIM Bangalore: Living the Dream: Inside the Best College Hostel Ever | Room Tour | CAT motivation,Ameer’s POV,2023-03-06T07:40:28Z
IIM Bangalore,hostel,hostel review,Nfe4bW0GTDs,"Is IIM fees really worth it ? from IIM Bangalore to Tokyo, Japan | Summer Internship Diaries","Gunai Tarde | MBA, Work & Life",2025-07-01T16:55:52Z
IIM Bangalore,hostel,hostel review,2Mynew82oi4,My IIM Bangalore Hostel Room Tour,WhyBhanshu,2023-08-18T12:29:48Z
IIM Bangalore,hostel,hostel review,6_HQoy4M820,Life at IIM Bangalore | IIM B | MBA | CAT,The Top Percentile - MBA,2024-04-20T12:30:05Z
IIM Bangalore,hostel,hostel review,vouQlfc4k3s,Hostel Life @IIMBofficial #hostellife #mbalife #iim #CAT2023,Riyalizations,2023-08-01T13:46:23Z
IIM Bangalore,hostel,hostel review,lAI82LhQ0UE,My first day at IIM Bangalore - my new home.Gratitude in my heart and a smile I can’t hide.,Ritwik Mehta,2025-06-17T10:09:10Z
IIM Bangalore,hostel,hostel review,SMySXN8v0Rs,The best mess food in the country @IIM Bangalore,Riyalizations,2023-05-16T16:35:39Z
IIM Bangalore,hostel,hostel review,k_RcbtwfW3Y,Hostel Room Tour | IIM Bangalore,Sanjana,2023-01-20T19:24:42Z
IIM Bangalore,hostel,hostel review,RyagAgMxvA4,"a *chill* day at IIM Bangalore | lectures, sports, birthdays and fun","Gunai Tarde | MBA, Work & Life",2025-04-05T11:30:06Z
IIM Bangalore,hostel,hostel review,hptIKSnp8xs,Inside Hostel at IIM Bangalore | Hostel Tour,Inside B,2025-06-10T12:01:15Z
IIM Calcutta,hostel,hostel review,28osb0xdtH0,IIM C Hostel and Room Tour | IIM C | MBA #cat #xat #iim #iimc,The Top Percentile - MBA,2024-07-15T13:00:02Z
IIM Calcutta,hostel,hostel review,xfRygUxu9CQ,My hostel room at iim Calcutta for MBAEX #bschools #iim #iimcalcutta #mba #hostellife #hostel,Nishant Anand,2023-05-23T15:56:52Z
IIM Calcutta,hostel,hostel review,DhGIb2HBzOk,IIM Calcutta Hostel Food Joka #iimcalcutta #india #hostellife #kolkata #viral #follow #youtubeshorts,Tour with Akshata,2025-09-25T15:23:57Z
IIM Calcutta,hostel,hostel review,I5YRpx1JYW4,IIM Calcutta Hostel Room Tour | Welcome to my &quot;New Hostel&quot; Room tour,Gurvinder Singh,2026-04-01T13:59:13Z
IIM Calcutta,hostel,hostel review,xM4Jdpu-ADU,Hostel rooms at IIM Calcutta,MBA Made Easy,2025-05-06T14:30:24Z
IIM Calcutta,hostel,hostel review,Y6qYoYMNFko,[IIM Vlog 33] IIM Calcutta Hostel Room REVEALED! IIM Calcutta Hostel Tour,Darpan Saxena,2023-01-11T14:15:33Z
IIM Calcutta,hostel,hostel review,V4YX0XEAbJo,"IIM Calcutta Campus Tour 🔥 | Life Inside IIM C, CAT Toppers, Hostels &amp; Student Experience",CAT Preparation - iQuanta,2026-03-16T14:30:29Z
IIM Calcutta,hostel,hostel review,GYMAeSvM83M,IIMC Hostel Room Tour | Girls hostel |#iimc delhi #iimchostelroom #roomtour #minivlog #girlshostel,Divyanshi Srivastava,2025-08-27T17:16:28Z
IIM Calcutta,hostel,hostel review,JY_mFnBx48c,first few weeks at IIM Calcutta | my experience,prettywittymenya,2025-07-04T16:31:52Z
IIM Calcutta,hostel,hostel review,Sldh72DkeSQ,IIM|Calcutta|Hostel Room|😍❤#iim#kolkata#hotel#tour#vlog#room#cat2024#motivation#shorts#youtube#iit,Lalit Gupta,2024-08-13T06:57:36Z
IIM Lucknow,hostel,hostel review,tv3b2ls6Js4,IIM lucknow Hostel tour|Hostel 17-18| #iimlucknow #hostel #tour,Amit Shailesh,2025-03-03T04:14:06Z
IIM Lucknow,hostel,hostel review,GKZETlEPZ84,Hostel room tour| IIM Lucknow | IIM Hostel Room #iim #hostel #hostelroom #hostellife,Amit Shailesh,2024-10-31T11:30:16Z
IIM Lucknow,hostel,hostel review,dtEd4wLnTIY,Welcome to IIM Lucknow | Batch of 2027,IIM Lucknow,2026-01-15T09:00:57Z
IIM Lucknow,hostel,hostel review,WHGNYGBCko0,My hostel room tour (IIM Lucknow)❣️ #cat2023 #iimlucknow #iimlucknowhostel #hostellife #mba #campus,Kajal,2023-08-07T13:53:51Z
IIM Lucknow,hostel,hostel review,7Np7XegSkkI,IIM Lucknow Campus Tour | Part 1 | Intro ft. Rajashree,The IIM Grad,2023-12-17T16:11:30Z
IIM Lucknow,hostel,hostel review,m3ftaiL2t5w,Hostel Tour! IIM Lucknow New Hostel 🏠 | MBA Campus Life,Cetking,2023-03-17T01:30:14Z
IIM Lucknow,hostel,hostel review,tviHfuhz9RY,IIM Lucknow – Why is it called a Living Hell? #upsc #upscmotivation #upscexam #shorts #iim,UPSC Topper's Talk,2023-07-24T11:48:39Z
IIM Lucknow,hostel,hostel review,6o4rLVdbDGw,IIM Lucknow Campus Tour | Part 2 | Hostel Tour ft. Amber Jain,The IIM Grad,2024-01-09T08:40:41Z
IIM Lucknow,hostel,hostel review,1AnQM0vroUY,Life at IIM Lucknow | IIM Life | IIM Campus,The Top Percentile - MBA,2025-01-16T07:12:21Z
IIM Lucknow,hostel,hostel review,GeJfnAjr5ng,Food at IIM Lucknow: What’s on the Plate? 🍽️ #LCC #campuslife #foodie #collegeshorts #iimlucknow,shiksha.com,2025-07-28T07:49:53Z
IIM Kozhikode,hostel,hostel review,J7mvDHwKyck,Girls hostel @iim kozhikode🧘#roomtour #iimkozhikode #iimklife #lightscameracampus🎥 #ytshorts,shiksha.com,2024-10-17T04:44:20Z
IIM Kozhikode,hostel,hostel review,3AtOQI32Loo,Hostel Vlog Part 1 - IIM Kozhikode | IIM Hostel Room | Life at IIM | IIM Hostel Tour,Anshu Choudhary [IIM Motivation],2022-06-16T04:30:14Z
IIM Kozhikode,hostel,hostel review,cw_rtSmktAs,IIM|Kozhikode|😍❤#iim#kozhikode#campus#beauty#cat2025#mba#motivation#hostel#quant#verbal#reels#love,Lalit Gupta,2025-04-04T04:22:08Z
IIM Kozhikode,hostel,hostel review,oEVygCtobe0,IIMK Hostel Tour | IIM MBA | Aseem Panoli #iimkozhikode #iim #mba,Aseem Panoli,2025-03-01T12:30:56Z
IIM Kozhikode,hostel,hostel review,1W_yPNLg0pg,IIM|Kozhikode|😍❤#cat2024#iim#goals#motivation#iima#quant#verbal#mba#cat#campus#shorts#youtube#views,Lalit Gupta,2024-06-25T06:41:49Z
IIM Kozhikode,hostel,hostel review,XKKxcc8oKAM,IIM Hostel Rooms 😯 | IIM KOZHIKODE | Life at IIM| #shorts #youtubeshorts #hostel #motivation #iim,Anshu Choudhary [IIM Motivation],2022-11-05T07:39:09Z
IIM Kozhikode,hostel,hostel review,2UB9bIgfijM,IIM|KOZHIKODE|😍❤#cat2024#iim#goal#cat#motivation#quant#verbal#fest#iima#shorts#youtube#views#trend,Lalit Gupta,2024-06-24T03:29:13Z
IIM Kozhikode,hostel,hostel review,jzg8ooCJoyE,A Day in My Life at IIM Kozhikode #iim #mba,DRPN,2025-11-25T04:30:28Z
IIM Kozhikode,hostel,hostel review,r0W9QCuiO0A,IIM KOZHIKODE campus tour #iim #iimkozhikode,IIM GOAL,2023-03-02T14:03:03Z
IIM Indore,hostel,hostel review,flNtAcRNW_Y,IIM Indore Hostel Tour | Unveiling Incredible Facilities &amp; Community Spirit -,SuperGrads IPMAT Coaching by Toprankers,2024-02-04T14:30:08Z
IIM Indore,hostel,hostel review,IzA7OxzZiK8,IIM Indore - IPM Student Room Tour,UniVoyage : IPMAT IIM Indore preparation,2021-10-07T11:32:00Z
IIM Indore,hostel,hostel review,VDlx8H8SiZk,Please DON&#39;T GIVE IPMAT | Reality Check for 5 Year Integrated Programs,Kavach Khanna,2025-02-17T10:42:21Z
IIM Indore,hostel,hostel review,osLaoWtNhoc,IIM INDORE Placement REALITY | A Candid Inside Look,CollegeSearch,2022-12-23T12:30:30Z
IIM Indore,hostel,hostel review,KtjJLzqSSXI,IIM Indore Hostel Life | How Students Live in IIM Hostel? | Hostel Vlog of IIM Indore,SuperGrads IPMAT Coaching by Toprankers,2022-08-01T16:34:16Z
IIM Indore,hostel,hostel review,ayfOGDOQptQ,IIM Indore hostel tour|Hostel tour IIM Indore|IIM Indore hostel room|Shorts hostel room IIM Indore,MadhuraVaani ,2024-06-29T11:50:00Z
IIM Indore,hostel,hostel review,cxo9PP6BarM,CAMPUM LIFE @ IIM INDORE ♥️,College Review Unfiltered,2023-12-02T07:03:07Z
IIM Indore,hostel,hostel review,KtErN-FcYKM,Inside IIM Indore Hostels | A Tour of Student Accommodations #iimindorehostels #shorts,SuperGrads IPMAT Coaching by Toprankers,2023-10-20T06:00:12Z
IIM Indore,hostel,hostel review,ic3pHE-sSyE,IPM IIM Indore honest Placements,educaptain- Commerce & Management,2022-05-20T09:30:08Z
IIM Shillong,hostel,hostel review,4_4vErlU-P4,IIM Shillong Campus Tour | MBA LIFE | Campus-Hostel Life,Alokation,2026-05-19T08:30:03Z
IIM Shillong,hostel,hostel review,RaFvZxVsmIY,IIM Shillong Hostel Tour| #iimlife #iimshillong #mba #hostelroomtour #minivlog #viral #trending,Reelife,2025-11-07T08:38:26Z
IIM Shillong,hostel,hostel review,QHfr1RDpq3M,Hostel life at IIM Shillong ❤️ Vlog-57 #iim #hostellife #shillong #mba #maggi #friends #surprise,Tanisha Jain,2026-02-13T08:32:41Z
IIM Shillong,hostel,hostel review,Vrzd808nWT4,Life at IIM | #iim #hostellife #dayinmylifevlog #mba #students  #catprep #iimshillong #iimvlog,Reelife,2025-07-15T19:42:52Z
IIM Shillong,hostel,hostel review,Sl3UdyhrFqk,IIM Shillong vs MDI vs IIFT | Which one to choose for PGDM? | MBA Bschool Guide,CATKing,2024-05-06T15:30:10Z
IIM Shillong,hostel,hostel review,2qrojXpQxf0,"IIM Shillong PLACEMENT Reality | Salary, Recruiters &amp; ROI",The IIM Guy,2025-05-24T13:30:03Z
IIM Shillong,hostel,hostel review,vRCJZu8Exw8,"IIM Shillong an Honest Review 🤬 | Fees, Placements &amp; ROI EXPOSED ✅",Management Guy,2024-09-11T13:30:38Z
IIM Shillong,hostel,hostel review,0Nl0BMRcTf8,"IIM Shillong MBA Honest Review 🔎| NIRF Ranking, Fees, Packages, Campus &amp; Fests 🎓| #shorts",SuperGrads CAT Coaching by Toprankers,2025-07-05T11:30:01Z
IIM Shillong,hostel,hostel review,lLppYYOraBI,IIM SHILLONG Hostel Room Tour | IIM Life | Divya Sharma #cat #iimshillong #iimshostelroom #catprep,Divya Sharma,2025-06-07T17:59:17Z
IIM Shillong,hostel,hostel review,yZ2tCT0QfhQ,IIM Shillong Hostel Room Tour #iim #campus #collegelife,Lines N Loops ASMR,2025-05-07T18:33:09Z
IIM Udaipur,hostel,hostel review,9d6jdqBYUpA,IIM Udaipur Hostel Room #iimudaipur  #singledorm #cat #mba,Ekta R,2023-11-21T14:41:28Z
IIM Udaipur,hostel,hostel review,eLkU6LRV0rk,IIM Udaipur Hostel Room TOUR | How IIM Udaipur hostels look like? #iimudaipur #iimu #iim #roomtour,Neeraj Patel | Travel4Axis,2025-04-16T12:49:40Z
IIM Udaipur,hostel,hostel review,CtkxTc4vv5c,IIM Udaipur | Stand-up Comedy by Abijit Ganguly #shorts #indiancomedy #iim,Abijit Ganguly,2023-04-13T13:00:08Z
IIM Udaipur,hostel,hostel review,04W-kIBMTds,What Does an 📍IIM Udaipur Hostel Room Look Like? |😍 Hostel Room +Campus Tour Vlog 6📸,GoMYNKGo,2026-06-05T17:52:37Z
IIM Udaipur,hostel,hostel review,9DkxmjpM0U4,👉 IIM Udaipur Review CAT 75%ile se IIM Udaipur Full Truth 🚨 | Fees ₹22L 😭 Placement Reality ,mbaTrust,2026-04-04T15:48:37Z
IIM Udaipur,hostel,hostel review,Ad304y4cGSw,MBA from IIM Udaipur | Is it worth joining ?Highest Package 43.69 Lakhs | fees | Companies on Campus,CATKing,2025-05-13T11:26:08Z
IIM Udaipur,hostel,hostel review,7AOm3a1wMZs,"IIM Udaipur Admissions 2026 | Safe CAT Score? Cutoffs, Fees, Placements Explained 🎓",The MBA Career Coach,2025-10-27T13:30:14Z
IIM Udaipur,hostel,hostel review,vBEshtzUlgU,Inside IIM Udaipur Hostel Room #youtubeshorts #shorts #iim #iimu #iimudaipur #iimhostel #viralshorts,Jennifer Dsouzaa,2022-04-28T22:07:57Z
IIM Udaipur,hostel,hostel review,gLG7uWCAB8w,A day at IIM Udaipur☘️🫧#iimudaipur #iim #iimvlog #iimcat,Clinker bell,2023-10-28T13:26:42Z
IIM Udaipur,hostel,hostel review,A13MqQoF6SU,Do I regret choosing IIM Udaipur at 99.43%ile ?,Shouvikpreneur,2025-05-17T03:33:40Z
IIM Ranchi,hostel,hostel review,6M0xNFEvk0M,MY HOSTEL ROOM TOUR || IIM RANCHI 🤩,Tarkar vlog,2025-07-20T07:30:03Z
IIM Ranchi,hostel,hostel review,X5Rg3XO4D5A,IIM Ranchi New Campus Tour | Permanent Campus 2024  | Life at IIM | MBA IPM,JKs World,2024-05-18T07:40:19Z
IIM Ranchi,hostel,hostel review,YY2iroo9IRI,Back at IIM Ranchi — Unpacking Boxes &amp; Settling in new Hostel Room 😍 #iim #iimranchi #hostellife,Meena Choudhary,2025-06-25T11:39:01Z
IIM Ranchi,hostel,hostel review,OuU6NZmURB8,What I eat in a day at IIM Ranchi 🍛🤤 #iimranchi #iimlife #iim #iimfood,Meena Choudhary,2025-09-09T16:08:33Z
IIM Ranchi,hostel,hostel review,IjLpAoVk528,When &#39;EWS&#39; Stands For &#39;EXTREMELY WEALTHY SECRETLY..... | IIM Students | IIM Ranchi |,II'M Shrey PATEL,2025-04-13T07:08:58Z
IIM Ranchi,hostel,hostel review,taBSf0eRIgY,IIM Ranchi hostel ll #iimranchi,V Series,2024-03-26T16:57:53Z
IIM Ranchi,hostel,hostel review,m2fFqAEUiuw,"IIM HOSTEL TOUR | AC/NON-AC, LAUNDRY, FOOD, SINGLE/ DOUBLE OCCUPANCY / MUST HAVE ESSENTIALS #iim",Meena Choudhary,2024-07-28T06:02:35Z
IIM Ranchi,hostel,hostel review,hGZ-d10xFxg,First Lecture at IIM Ranchi❤️ #iim  #iimranchi #iimdream,Priyanshu_IIM Ranchi,2025-06-18T15:59:15Z
IIM Ranchi,hostel,hostel review,pJZr-7lLuuY,A day in my life at IIM | IIM Ranchi #iim #iimranchi #hostel #minivlog #catexam #catprep #mba #iimr,Priti Yadav,2025-09-26T10:02:37Z
IIM Ranchi,hostel,hostel review,CY_sHYVkbPM,IIM RANCHI HOSTEL Room Tour ❤️ #iim #iimranchi #iimcampus #iimhostel,Priyanshu_IIM Ranchi,2025-06-17T05:16:17Z
IIM Rohtak,hostel,hostel review,p0j8KCgbsqg,Inside IIM Rohtak Hostel Life ✅ | IIM Hostel Tour | IPM 3rd year + PGP Rooms #iimrohtak #ipmat #mba,Siddharth Nagda,2025-07-18T12:54:27Z
IIM Rohtak,hostel,hostel review,_9kNVTq_Bag,Inside IIM Rohtak Hostel | Room Tour | Essentials | MBA,Kratika Dhruvkar,2025-06-20T08:42:41Z
IIM Rohtak,hostel,hostel review,dBvovixc9ho,IIM Hostel Room Tour | IIM Rohtak | Ankusha Patil,Ankusha Patil,2022-02-08T13:15:41Z
IIM Rohtak,hostel,hostel review,7RoOtHuI_QA,LIFE BEFORE HOSTEL V/S LIFE IN HOSTEL | IIM | IIM ROHTAK,PRIYA SAJNANI,2022-08-07T05:18:34Z
IIM Rohtak,hostel,hostel review,EPIzjWkVFwU,IIM Rohtak - IPM Student Room Tour,UniVoyage : IPMAT IIM Indore preparation,2021-12-06T12:30:03Z
IIM Rohtak,hostel,hostel review,EFpZ1Ckcp50,IPM &amp; IPL Room Tour | IIM Rohtak Hostel 🔜 | #iimrohtak #ipmat2025 #iim #ipm,Siddharth Nagda,2024-07-04T03:34:59Z
IIM Rohtak,hostel,hostel review,CjNYJj2I2zk,IIM Hostel Room Tour 2026 | Documenting My Dream Life at IIM Rohtak ,Bhoomi Gupta (IIM ROHTAK),2026-01-12T13:44:55Z
IIM Rohtak,hostel,hostel review,Dg567yFcNIo,Inside IIM Rohtak Campus | Students Reveal the Real Campus Life &amp; Experience | IIM Rohtak Review,IPMAT Preparation - LPT,2026-03-08T13:30:06Z
IIM Rohtak,hostel,hostel review,AIQt2hGAuUg,IIM Rohtak... at Low Cut Off 😲 | ₹20 LPA Average CTC 🔥 Worth in 2025? Honest Review✅,Management Guy,2024-11-14T14:29:13Z
IIM Rohtak,hostel,hostel review,UNqM42PXRz8,IIM ROHTAK 200 acre CAMPUS TOUR 2024(Latest),Raghav Rox,2024-03-03T14:50:50Z
Delhi University,hostel,hostel review,0iI-GZy9s08,Hostel Review - ft. DELHI UNIVERSITY🎓! #delhiuniversity #hostellife ,Sourav Jha,2025-11-03T11:07:37Z
Delhi University,hostel,hostel review,-XUr6vI-Uu4,DU colleges with hostel facilities 🏠✨ #delhiuniversity #cuet2024 #priyanshijain #cuet,Forensic Science by Priyanshi ,2024-07-30T06:30:00Z
Delhi University,hostel,hostel review,UGvYHDp0RAM,"Delhi University Hostel | Fees, Room, Mess Food, Facility, Life | University of Delhi Hostel #cuetpg",CUET PG : ContinueGroup,2025-04-12T08:30:48Z
Delhi University,hostel,hostel review,-B_85spzmmU,"Delhi University Hostels Tour|| DU Hostels Facilities,Fees||CUET 2023 DU Hostels||Beauty of Banaras",BEAUTY OF BANARAS,2023-06-01T13:30:00Z
Delhi University,hostel,hostel review,ypvFeWpW9gs,Why Delhi University don&#39;t have girls hostel  | UPSC interview | #upsc #upscinterview #iasinterveiw,UPSC Daily ,2024-10-31T13:30:29Z
Delhi University,hostel,hostel review,b_Oj-QgeK_g,DU Colleges with HOSTEL✅ Full List #du #college #collegelife #hostel #shorts #cuet #cuet2024,Ananya Gupta,2024-07-29T11:37:19Z
Delhi University,hostel,hostel review,SUdS7e97H6I,"DU Hostels | Fee, Facilities | Everything you need to know | इतने सस्ते इतने अच्छे हॉस्टल",Barrister Baba,2022-04-01T11:10:06Z
Delhi University,hostel,hostel review,DiH8fKIzOcw,"Rajiv Gandhi Girls Hostel Tour🏡 | DU Hostel Life, Rooms, Mess, Facilities | Delhi University",Soma Mehra,2025-07-13T13:04:52Z
Delhi University,hostel,hostel review,_RJcVv3FjeU,DU Hostel Tour | DU Hostel fees | DU Hostel Charges #delhiuniversity #hostellife #hostelroom,The Sharma Vlogz,2023-08-04T09:20:52Z
Delhi University,hostel,hostel review,aDhl24j0RXY,Hostel for Delhi University students✨   #hostel #delhiuniversity #hosteltour #shorts,Lovisha Makhija,2023-08-11T14:51:35Z
Jawaharlal Nehru University,hostel,hostel review,8e7dMelcOfk,JNU Hostel (Shipra) special dinner #jnu #trending #shorts,ISHA IN DELHI,2024-11-19T15:44:57Z
Jawaharlal Nehru University,hostel,hostel review,6fjsWqadk-A,"JNU Hostel Room Tour Student life Inside Campus क्या क्या मिलती है सुविधाएं ? Gym,Mes, Room #jnu ", CUET PG The Historika ,2026-02-04T09:15:24Z
Jawaharlal Nehru University,hostel,hostel review,UGpYo_pRcUw,JNU’s Hostel Tour ! #jnuphd #jnuhostel #jnuadmission #jnustudents,The History Buzz,2025-09-18T06:10:42Z
Jawaharlal Nehru University,hostel,hostel review,ByWrnB_OrLM,JNU hostel allotment #cuetprepration #cuet2024 #cuetentranceexam #zulekha,Edify by Zulekha,2024-01-20T13:25:20Z
Jawaharlal Nehru University,hostel,hostel review,NaaMKZ_613g,Barak Hostel Tour | JNU |,SANIA NOKHWAL,2026-01-27T15:20:01Z
Jawaharlal Nehru University,hostel,hostel review,dN1Q_tGStsU,JNU Hostel fee structure 2023-24 || Jawaharlal Nehru University,SANSKRIT XYZ,2023-08-12T12:58:21Z
Jawaharlal Nehru University,hostel,hostel review,hxWub2XU5F0,Jnu Hostel facilities | Jnu hostel fees | Jnu hostel cutoff #jnuhostel #jnupghostelcutoff #hostelfee,Rudresh Shukla,2024-06-13T12:45:06Z
Jawaharlal Nehru University,hostel,hostel review,x5vuXFBW2hU,JNU में कैसे मिलता है एडमिशन? क्या सही में 10 रुपये में मिल जाता है हॉस्टल का कमरा? | ABP LIVE,ABPLIVE,2023-08-06T15:45:09Z
Jawaharlal Nehru University,hostel,hostel review,dmjyapw91JE,JNU College Review,thisisalaska,2025-06-28T13:38:57Z
Jawaharlal Nehru University,hostel,hostel review,cE97atrEJLw,"JNU Mein Kitna Kharcha Hota Hai? | Hostel, Mess, Fees Reality | JNU Campus Life",Political Affairs,2025-02-06T10:45:05Z
Banaras Hindu University,hostel,hostel review,SIDx-zJIsF8,My BHU hostel room  🥰🤗💗💓.. | Banaras Hindu university #shorts #hostellife #bhuhostel #ytshort,Ankitarthub ,2024-02-18T19:35:53Z
Banaras Hindu University,hostel,hostel review,u5MJGz5eroU,BHU HOSTEL✨|BANARAS HINDU UNIVERSITY CAMPUS| BEAUTY OF BHU😍 SOURCE- INSTA REEL #bhu #aiims #varanasi,Arti Singh AIIMS,2024-08-13T17:01:52Z
Banaras Hindu University,hostel,hostel review,vqetYkvr5WM,Honest Feedback of BHU Girls Hostel🔥| Triveni Hostel Tour BHU | Shalini pal,Life of Shalini,2023-10-20T12:18:07Z
Banaras Hindu University,hostel,hostel review,zRQ0YUuHdRo,BHU Main Campus Hostel Tour | BHU Hostel Room Tour | BHU Boys Hostel Tour | VlogMirror,VlogMirror,2024-08-02T14:00:07Z
Banaras Hindu University,hostel,hostel review,gESa6qFV2Rk,BHU में पढ़ाई करने पर कितना खर्च आएगा || Room लें या Hostel|| Students Expense ,BEAUTY OF BANARAS,2025-07-23T14:05:35Z
Banaras Hindu University,hostel,hostel review,Xkn5PCICH2g,BHU hosteler k per month k kharcha😱🙄🏠💵 | Must Watch Before You Join #bhu #hostelworld #bhulife,Unsocial Anku ,2025-06-16T13:44:28Z
Banaras Hindu University,hostel,hostel review,DL8MnICewRk,ft. IMS BHU girls Hostel #bhu #hostel #varanasi #ims #hostellife,The BHU Girl,2024-04-14T07:05:12Z
Banaras Hindu University,hostel,hostel review,boikCv8OuDQ,expectations vs reality| BHU | honest talk| hostel,Priyanshu_Mathpal5,2022-12-25T07:51:01Z
Banaras Hindu University,hostel,hostel review,t3hyDt6x_BQ,BHU में कैसे मिलता है Hostel ?,Basic Siksha -CUET Exam,2025-07-21T09:52:15Z
Banaras Hindu University,hostel,hostel review,zkkKz7QU-6Y,BHU Boys Hostel Tour | BHU Hostel Room Tour | Broacha Hostel BHU | banaras hindu university hostel,Discover Braj,2024-09-05T13:30:40Z
Aligarh Muslim University,hostel,hostel review,Nbx5wp7iCCE,"AMU Hostels Process | Aligarh Muslim University Hostel facilities, Fee for Boys&amp;Girls.",NAI UDAAN Hindi,2021-09-28T03:33:55Z
Aligarh Muslim University,hostel,hostel review,4ts_Xkkhuv4,Hostel Room tour of AMU ✨ #shorts #amu #aligarhmuslimuniversity #minivlog #jmi #jamia,Flying Mannu ,2025-03-29T09:02:46Z
Aligarh Muslim University,hostel,hostel review,zrfiTV9DOc0,Full Tour of AMU BOYS HOSTEL || AMU Boys Hostel are better than Girls hostel? || TABISH VLOGS AMU ||,Tabish Vlogs AMU,2023-08-22T11:30:21Z
Aligarh Muslim University,hostel,hostel review,29Ds8FNOqog,Hostel 1st Breakfast! #minivlog #ytshorts #amu #aligarh #trending #viral #shorts,ZubiyaKhalique,2023-01-25T05:09:15Z
Aligarh Muslim University,hostel,hostel review,zlIa2JC7tDY,Hostel &amp; School Fees Structure | class 11th| Free Hostel ?!😯🤯|| Aligarh Muslim University,shazialig,2025-03-09T11:03:47Z
Aligarh Muslim University,hostel,hostel review,l5OnIz0fecI,It’s HOSTEL TOUR Finally‼️| HADI HASAN HALL | Aligarh Muslim University | Sahil Sheikh,Sahil Sheikh MBBS,2024-12-07T14:38:45Z
Aligarh Muslim University,hostel,hostel review,dGnq5nl_dD0,Full tour of AMU BOY&#39;S HOSTEL || Worst vs Best Hostel Room Tour -  Aligarh Muslim University,Flying Mannu ,2025-03-22T06:23:36Z
Aligarh Muslim University,hostel,hostel review,KkzrF1ayxts,AMU Girls Hostel Allotment Started #aligarhmuslimuniversity #amuuniversity #jamiamilliaislamia,Victor Classes,2025-07-16T08:16:18Z
Aligarh Muslim University,hostel,hostel review,qPHaDQ6VibU,"B.Tech, M.tech Engineers Hostel Tour AMU || #hostel #life #aligarhmuslimuniversity #vlog",Athars Vlog,2022-10-02T08:04:28Z
Aligarh Muslim University,hostel,hostel review,kpUFW2vsFic,Full Hostel Tour 😍🤯 Exploring every thing in Girls Hostel || Abdullah hall || AMU,shazialig,2025-03-29T18:56:42Z
Jamia Millia Islamia,hostel,hostel review,FPPO3lPYg1c,Jamia Hostel admission fees mess charge !Jamia hostel form admission formalities 2022-23,Students Info,2022-12-01T05:12:15Z
Jamia Millia Islamia,hostel,hostel review,ag4Aybpo-DM,Jamia Millia IslamiaBHM Girls Hostel Part-19 #jamiavlog #jamiamilliaislamia #jamia #hostellife,Sahar,2025-10-10T08:56:21Z
Jamia Millia Islamia,hostel,hostel review,-NqMtUfd8Sg,जामिया हॉस्टल Girls Boy खाने रहने की पूरी जानकारी| Jamia Hostel Facility| Jamia Hostel Fee Structure,TBIT,2023-07-30T14:16:33Z
Jamia Millia Islamia,hostel,hostel review,OycEN2kE3pk,"Jamia Hostel Tour | Mess Food, Hostel Facilities, Room Tour, Gym etc | JMI Boys Hostel",Asim Vlogs,2025-03-16T07:07:14Z
Jamia Millia Islamia,hostel,hostel review,cSBhxYuOet8,What I eat in #jamia girls hostel?#hostel food review #hostel life#viralvideo#explore#jamia hostel,Shahnaz,2025-02-19T11:50:00Z
Jamia Millia Islamia,hostel,hostel review,VnPPy4IxBSU,Girls&#39; hostel tour l Jamia girls&#39; hostel #jmi #hosteltour #delhiuniversity #jamiavlog ,Fatka Haider,2025-10-20T17:15:02Z
Jamia Millia Islamia,hostel,hostel review,_FvnUV66_tQ,Jamia Hostel Mess Menu 🧀🍞🍛 #jamia #hostellife #hostelfood,SHAD CAMPUS,2025-01-25T13:31:09Z
Jamia Millia Islamia,hostel,hostel review,m7UfuPuuY9A,"कैसा होता Jamia का Girls Hostel|| Fee,Food, Security and all|Jamia BHM Girls Hostel.",NAI UDAAN Hindi,2023-08-21T12:05:14Z
Jamia Millia Islamia,hostel,hostel review,XQGGGJbmQRQ,Jamia Hostel Tour | Boys Hostels of Jamia Millia Islamia | JMI Vlogs,Asim Vlogs,2023-06-23T05:30:06Z
Jamia Millia Islamia,hostel,hostel review,HDF-BVTbvVU,Jamia Millia Islamia Hostel Interview Questions | My Experience &amp; Tips (Must Watch for Freshers!),Mustafa Khan,2025-07-27T11:30:25Z
University of Hyderabad,hostel,hostel review,wHcT2LFKR-g,"Hostel Tour😍| 📍University of Hyderabad | 👧🏻Ladies hostel, fees, rooms and infrastructure✨",Mansi Kalonia ,2025-07-05T14:33:07Z
University of Hyderabad,hostel,hostel review,n-OXYTNc53s,hostel room University of Hyderabad #hcu #uoh,Sujit giri,2023-07-23T16:06:48Z
University of Hyderabad,hostel,hostel review,G57Ey3-TeYI,"University of Hyderabad detailed review, Fee/Hostel/Placement #hyderabaduniversity",Royal Parth Vlogs,2024-12-13T03:35:00Z
University of Hyderabad,hostel,hostel review,FGsXnNXS_2s,University Of Hyderabad Hostel facilities | know everything about Hostel of HCU,SHIKSHA WITH - SAURABH ,2025-05-31T07:07:44Z
University of Hyderabad,hostel,hostel review,UjmHPIdfwnQ,University Of Hyderabad Hostel Vlog | Hyderabad Central University Hostel Tour | HCU Hostel Tour ,SHIKSHA WITH - SAURABH ,2026-01-07T07:54:19Z
University of Hyderabad,hostel,hostel review,-uFl3ZCPYhA,My Hostel Room Tour 🏡| 📍University of Hyderabad ,Mansi Kalonia ,2026-02-02T15:18:47Z
University of Hyderabad,hostel,hostel review,rab82crep8I,A day in my life in EFLU hyderabad campus🌸 #eflu #collegelife #trending #minivlog #dayinmylife #fyp,Mainly.akshita,2025-05-17T15:19:28Z
University of Hyderabad,hostel,hostel review,3TbIg-Bd3_U,#Hcu#Vlog All 7 days Mess Menu &amp; Food Quality review of University of hyderabad #Hcu#MessFood,Navneet Mishra NviNomics,2022-10-23T07:18:19Z
University of Hyderabad,hostel,hostel review,XZ4sQBLFaPo,University of Hyderabad hostel room #universityofhyderabad #hostellife #hostelroom  #uohdiaries #uoh,Uoh Diaries,2025-06-12T16:49:19Z
University of Hyderabad,hostel,hostel review,awZpKyeoao0,HCU HOSTEL MESS BREAKFAST AND LUNCH #hcu #hyderabadcentraluniversity #uoh #hcumess #hcumessfood,Vijay Unfiltered,2022-12-02T10:34:33Z
Pondicherry University,hostel,hostel review,kQsT3GjmJQY,PONDICHERRY UNIVERSITY | CAMPUS TOUR | REVIEW | 2026 CUET ADMISSION | CENTRAL UNIVERSITY COMPARISON,ibnuber,2024-04-25T10:12:30Z
Pondicherry University,hostel,hostel review,M4HNwYqf2QA,"Pondicherry University Complete Guide | Hostel, Fees, Mess Food &amp; Admission Experience | #rajangel",rajangel,2026-05-30T05:53:19Z
Pondicherry University,hostel,hostel review,vA9r93KA9eU,Hostel Tour Pondicherry University|| Pondicherry University ,Satish Kumar Vlogs,2026-05-07T04:13:02Z
Pondicherry University,hostel,hostel review,1_JNtc1734g,Pondicherry University Hostel Tour #pondicherryuniversity  #dipinzvlog,Nomadic Psychologist ,2022-05-28T16:04:05Z
Pondicherry University,hostel,hostel review,vUJwlhty_Ec,"Pondicherry University Admission 2025 - FAQ’s , Hostel , mess , Fee",Life with Krithika,2025-05-03T12:20:06Z
Pondicherry University,hostel,hostel review,j1MUjte0CZk,"Pondicherry University Hostel Admission for 2023  Detailed explanation , Room tour , mess details",Life with Krithika,2023-07-13T15:57:02Z
Pondicherry University,hostel,hostel review,iRW7iugSU7I,Pondicherry University Girls Hostel Vlog | Cauvery Hostel,Footloose Loli,2024-06-24T11:16:19Z
Pondicherry University,hostel,hostel review,YXCafwCGY58,🏫 PONDICHERRY UNIVERSITY | 🌎CAMPUS TOUR | മലയാളത്തിൽ ആദ്യമായി!,Mentrr CUET UG,2026-01-16T11:30:27Z
Pondicherry University,hostel,hostel review,fg8QmZ0fgwY,A Day In My Life @ Pondicherry University || Campus Tour || Hostel Tour || MCA Student || Raj Kumar,rajangel,2025-07-22T18:30:06Z
Pondicherry University,hostel,hostel review,jzh-ItZZGbo,"Pondicherry University hostel facilities, mess food structure,fees structure details, hostel images",imsai arasi,2021-05-11T15:15:13Z
Tezpur University,hostel,hostel review,_bsJa6NeluQ,Midsem evening at Tezpur University hostel room | Nilachal Men&#39;s Hostel,Borenya Born,2024-03-17T14:10:22Z
Tezpur University,hostel,hostel review,vK4VkBKn2QA,Hostel Life in University 🏫✨| Real Morning Routine as a Student (Part l) | Tezpur University ,Principriya Gogoi,2025-12-10T11:21:24Z
Tezpur University,hostel,hostel review,9YClrwMxl84,Hostel Food//Tezpur University//Nilachal Men&#39;s Hostel//NMH//Rocks,Connect with CKN ,2022-01-04T04:08:16Z
Tezpur University,hostel,hostel review,xRRsuJ-bIJ4,Tezpur university hostel admission 2023 | Tezpur university hostel fees,Help for Assam,2023-05-02T13:35:57Z
Tezpur University,hostel,hostel review,KnTtqdUsSWg,Boys hostel of Tezpur University has 😲......? Hostel tour  of Kanchenjungha Mens&#39; Hostel.,Kushal Khawas,2023-08-17T05:36:36Z
Tezpur University,hostel,hostel review,WfsRNrtiptc,"Brahmaputra boys hostel, Tezpur University",Juman Sarma,2025-06-07T09:11:10Z
Tezpur University,hostel,hostel review,MVOVxG5AJGQ,Which Hostels are Provided for New Comers//Tezpur University//Hostel Information Video//Exclusive,Connect with CKN ,2022-10-16T11:56:20Z
Tezpur University,hostel,hostel review,1B5YVxGaZWk,"Realistic Days In The Life of a UNI Student 🙇🏻‍♀️| Tezpur university ✨| hostel struggle,campus life",gloria gogoi,2026-02-01T06:23:10Z
Tezpur University,hostel,hostel review,olme07OQ4Qw,Patkai Men&#39;s Hostel//Tezpur University//Campus Vlog//Hostel Review//Exclusive,Connect with CKN ,2022-10-11T08:07:41Z
Tezpur University,hostel,hostel review,z-IqS7Rgs1g,🔥 100% Honest Review of TEZPUR UNIVERSITY 🏫 Students Spill the Truth  #CampusLife #facilities,Collegedunia,2025-10-29T11:31:09Z
Central University of Rajasthan,hostel,hostel review,-wzI2S8rf84,Exploring CURaj HOSTEL : Is it Worth your MONEY ? | Central University of Rajasthan | HOSTEL TOUR |,Garvita Chadha,2025-07-27T14:56:42Z
Central University of Rajasthan,hostel,hostel review,Hwno37Y0wjg,"Central university of Rajasthan Complete Info | Courses, Eligibility, Admission, Seats, Fee, Hostel",Basic Siksha -CUET Exam,2024-06-29T06:30:05Z
Central University of Rajasthan,hostel,hostel review,-ptbCLWt7vk,🏠 CURAJ Boys Hostel Tour | A Second Home for Students #LCC #rajasthan #hostellife  #studentlife,shiksha.com,2025-08-26T08:30:00Z
Central University of Rajasthan,hostel,hostel review,xODxUR_giA4,The *REAL* hostel life at CURAJ | The truth no one tells you about the campus life,Garvita Chadha,2026-04-15T15:21:31Z
Central University of Rajasthan,hostel,hostel review,JFV6P4xrJZ0,Reality of Central University Rajasthan Hostel Life 🤔,Prabhat Ranjan,2026-03-09T12:30:19Z
Central University of Rajasthan,hostel,hostel review,ab-9olI4gEw,CURAJ Hostel Accomodation and Fees Details  |  No Fee for SC/ST Students #curaj #hostel,College Insider,2024-04-17T14:05:55Z
Central University of Rajasthan,hostel,hostel review,ufR24e-TZQE,Is CURAJ worth it in 2026 ?! | Compete honest review!!,Garvita Chadha,2026-04-07T13:31:42Z
Central University of Rajasthan,hostel,hostel review,-fQxVC2u0fA,"Central University Of Rajasthan College Review 2026 | Placements, Campus &amp; Reality",Prabhat Ranjan,2026-03-02T06:30:00Z
Central University of Rajasthan,hostel,hostel review,TVfgh89qWqg,Central University of Rajsthan #shorts by #JatFlix #curaj #cucet #creatingforindia,JatFlix,2022-04-10T05:24:30Z
Central University of Rajasthan,hostel,hostel review,xGReRb46x8E,"Central University of Rajasthan Review 2025 | Fees, Hostel, Placement, Pros &amp; Cons 🔥 | Video -56/365",College Drisya,2026-02-26T17:20:00Z
Mumbai University,hostel,hostel review,uYyx0yLS6hc,"BEST PGS/HOSTELS FOR XAVIERS, KC, HR, JAIHIND, SYDENHAM, ELPHINSTONE COLLEGE STUDENTS",MEDIA MENTOR,2021-10-04T08:15:18Z
Mumbai University,hostel,hostel review,tsbNHlhDfOc,GLC Mumbai HOSTEL System: Hostels/Flats/PGs? Rent| Other MHCET Colleges Harshi Baldota,Harshi Baldota,2022-09-18T14:25:53Z
Mumbai University,hostel,hostel review,6Hkkd1VuI1E,BIGGEST Hostel of IIT Bombay🤩#iit #iitbombay #rushikale,Rushi Kale Vlogs,2023-08-27T14:30:23Z
Mumbai University,hostel,hostel review,bSkoOsmeDGE,International Students Hostel Tour | Mumbai University Kalina Campus,Talebpedia ,2025-08-29T12:42:47Z
Mumbai University,hostel,hostel review,ni2AYf795BU,My Luxury Hostel Tour in Mumbai,Tribe Stays,2023-02-11T11:32:50Z
Mumbai University,hostel,hostel review,iE9QYzqeESY,#22 How I live in Mumbai at minimum cost #100 #days #minivlog #challenge #shorts #mumbailife,DOP VLOGS,2023-06-02T05:52:43Z
Mumbai University,hostel,hostel review,J6ta-q9dOKs,Just VJTI Hostel View 💕| VJTI Hostel | VJTI Mumbai | #vjti #coep #hostel #mhtcet #iit,Nitish Singh [VJTI],2025-05-21T14:30:24Z
Mumbai University,hostel,hostel review,p2C9ACTNe3U,VJTI GIRLS HOSTEL REVIEW #vjti #coep #mhtcet #jeemains #iit #jeeadvaced,Nitish Singh [VJTI],2024-12-17T12:30:44Z
Mumbai University,hostel,hostel review,SZ3t1snaf_w,ATLAS Hostel - Sneak Peak,"ATLAS SkillTech University, Mumbai",2024-04-25T04:44:12Z
Mumbai University,hostel,hostel review,OdoHbyS_57c,"Free Government Hostel, Worli, Mumbai #hostel #govt_hostel #boys_hostel #shorts",Informative Sachin,2022-08-09T06:19:09Z
University of Calcutta,hostel,hostel review,NeN36WJ21DI,"Calcutta University Review 2026 | Placement, Fees, Campus, Hostel",Prabhat Ranjan,2026-04-01T06:30:16Z
University of Calcutta,hostel,hostel review,5PY4hK9U2d0,Calcutta University Girls Hostel Tour | Calcutta University Hostel NLSH | Hastings House Compound,Susmita Patra,2025-04-17T12:25:30Z
University of Calcutta,hostel,hostel review,cYCophEND40,Calcutta University  Hostel Facility - সরকারি হোস্টেলে থাকার সুযোগ - Book Now,The Legal Punk ,2024-09-16T10:24:14Z
University of Calcutta,hostel,hostel review,Z7L25P9pQOk,Calcutta University is Danger 💀 | Subscribe for more | #trending #explore #shortsvideo #subscribe,Subbhadeep,2024-05-15T15:45:32Z
University of Calcutta,hostel,hostel review,M62VgqkMnSw,Exploring University of Calcutta||College Street Campus|| #calcuttauniversity,BS Indian's,2025-04-30T11:58:41Z
University of Calcutta,hostel,hostel review,99kyE40ZdaE,Aliah University Hostel Feast ❤️ #shorts #short #shortsfeed #youtubeshorts #minivlog  #trending #pw,Musaraf Mirza,2023-10-06T06:30:02Z
University of Calcutta,hostel,hostel review,jvA_Su19pTs,Sister Nivedita’s Hostel Tour | Reply to all your queries🏡 #technoindia #snu #college #vlog ,Ishita Bhattacharjee,2025-08-11T17:01:02Z
University of Calcutta,hostel,hostel review,_OemI2wHYyQ,All about University of Calcutta✅😍#shorts #wbjee #universityofcalcutta #kolkata #btech #college,Vedantu JEE Made Ejee,2024-04-14T03:30:12Z
University of Calcutta,hostel,hostel review,RWr5GCnPDqk,"University of Calcutta college review | admission, placement, cutoff, fee, campus",Prabhat Ranjan,2024-01-07T06:30:07Z
University of Calcutta,hostel,hostel review,ykoHBZwVs0c,"Unofficial Rules of my College | St. Xavier&#39;s University, Kolkata",guhapolis,2023-10-18T15:41:04Z
Osmania University,hostel,hostel review,Ak5UJ3vktTM,Dundubhi New Boys Hostel 🔥 Congratulations Osmania Boys #dundubihostel #campusstudent ,Campus Student,2025-11-05T02:42:55Z
Osmania University,hostel,hostel review,teHdNRPnlsw,Osmania University Girls hostel tour | #vlog4 | #osmaniauniversity,Reethika Surisetty,2023-07-02T05:30:20Z
Osmania University,hostel,hostel review,82fV5iqMeh4,"Osmania University Hostels Walkthrough 🚶‍♂️📸 | Safe, Spacious &amp; Budget-Friendly! #LCC #hostellife",shiksha.com,2025-11-17T17:00:11Z
Osmania University,hostel,hostel review,VkvN2KEmdhs,What I eat in a day😋#osmaniauniversity #hostel #hostellife #shorts #fyp,Sanghavi!!,2023-12-22T17:53:10Z
Osmania University,hostel,hostel review,mHhH3C9-fh8,Inside Technology Girls Hostel 🏡 | Osmania University Campus Tour | Real Hostel Life Revealed!,Reethika Surisetty,2025-05-15T12:38:55Z
Osmania University,hostel,hostel review,YfGSOvIp3rs,Osmania University Hostel Room Tour for Girls | First Year Accommodation,Keerthi-Quest,2025-12-24T13:30:46Z
Osmania University,hostel,hostel review,cd96JiCEYjU,Osmania University Girls hostel centenary,md afreen,2022-03-14T01:40:54Z
Osmania University,hostel,hostel review,2ih5k1MukU0,Class Room  in Osmania University (chemical engineering students)#UCT,80ml vibes,2024-06-12T07:37:45Z
Osmania University,hostel,hostel review,PjsjkBZ4Ldg,OSMANIA UNIVERSITY Dundubhi hostel vlog #osmania_university #ou #dundubhihostel #hostelvlog ,krita-akritah,2025-09-16T10:04:09Z
Osmania University,hostel,hostel review,TgNiCvagKF0,osmania university/new hostel/ Dundubi hostel,OU walaaaa,2025-10-11T03:55:38Z
Anna University,hostel,hostel review,J1nM_2viyBA,Marutham mess and hostel mit anna University campus explored with Sahaj Sabharwal blogger chromepet,Sahaj Sabharwal Official,2023-04-08T04:00:23Z
Anna University,hostel,hostel review,_uu_YQCg6yk,Anna University hostel experience❤️❤️ || All about Anna university hostel |||my first hostel exp❤️,Archana sivakumar,2023-08-05T10:07:41Z
Anna University,hostel,hostel review,O127ik4Sv4c,ANNA UNIVERSITY CHENNAI పూర్తి వివరాలు,GBR TV Education & More,2024-12-12T02:29:06Z
Anna University,hostel,hostel review,ZWPU4ujSMMc,ANNA UNIVERSITY INTERNATIONAL HOSTEL TOUR: Inside AU Lavender Hostel,Chiamaka Ukaegbu,2021-02-21T13:50:33Z
Anna University,hostel,hostel review,TU9ftkS4dA4,"Anna University Hostel Life Vlog 😍| Inside College Hostel ,என் கல்லூரி விடுதி எப்படி இருக்கு ?",Theivamani SS,2022-08-25T14:30:13Z
Anna University,hostel,hostel review,BrPBTSnoRtM,Anna University AC TECH 1st year Boys Hostel-Vaigai block,Barath Selvaraj,2022-10-29T16:09:19Z
Anna University,hostel,hostel review,wRHNpyryPLw,Anna university -ல Mechanical Engineering முடிச்சுருக்கேன்,Behindwoods Air ,2022-09-08T12:48:14Z
Anna University,hostel,hostel review,rn4TVkrcmNk,Anna university hostel facilities,ishow creature,2024-10-03T15:44:43Z
Anna University,hostel,hostel review,CQIBzDeMfKI,anna University|hostel rules part 1|#annauniversity #collegelife #hostellife #hosteldays,SANJAYRAM GUNASEKARAN  🌺,2025-09-02T03:30:08Z
Anna University,hostel,hostel review,jO8qNhZSfrM,"Anna university CEG campus,Food review 3",Nishanth P,2025-09-11T05:54:36Z
Jadavpur University,hostel,hostel review,P4K43hUVBo8,how much her outfit costs ? Jadavpur University #streetinterview #jadavpuruniversity #campus #trend,Simply Tiyasa ,2025-03-28T07:16:49Z
Jadavpur University,hostel,hostel review,6gtmQ8G6xWE,My 1st Year at Jadavpur University⏳,Subham Neogi,2025-08-04T15:44:17Z
Jadavpur University,hostel,hostel review,9oBMPBbz4pY,Hostel Room || Jadavpur University Saltlake Campus,The Instru Guy,2025-02-18T13:28:10Z
Jadavpur University,hostel,hostel review,4pcVU5M1blA,Hostel Room | Jadavpur University | Far From Home to Build a Dream,The Instru Guy,2025-07-31T13:28:47Z
Jadavpur University,hostel,hostel review,XEXG0G_abM4,Jadavpur university Hostel Ideal Dinner || Hostel Food Review || #hostel #jadavpuruniversity,Bordar Lifestyle ,2024-09-05T04:30:19Z
Jadavpur University,hostel,hostel review,HfaCF7eWefw,Jadavpur University College Review Inshort,Apna College,2023-02-20T16:07:52Z
Jadavpur University,hostel,hostel review,tC4_2bJiKNg,Inside insane Rs. 25 / month Hostel! #jadavpuruniversity,Singh in USA,2024-02-09T05:37:25Z
Jadavpur University,hostel,hostel review,_771XNzl_K8,Jadavpur University Hostel(Boys and Girls),Bibaswan Mukherjee,2023-07-17T06:15:33Z
Jadavpur University,hostel,hostel review,Tx1wz6mvv5E,New block hostel || Hostel Life || Ideal dinner || Jadavpur University vlog video,Aspiring Utsav ,2024-12-21T06:57:51Z
Jadavpur University,hostel,hostel review,jsJq4TdGeAg,Jadavpur University | college reality,EDU ADVISORS,2025-08-27T15:07:20Z
Savitribai Phule Pune University,hostel,hostel review,qZlhpUub7d8,Savitribai Phule Pune University SPPU Girls hostel #girlshostel #sppu #pune #hostel #mumbaihostel,Yash Raut,2022-09-09T18:59:33Z
Savitribai Phule Pune University,hostel,hostel review,k_tQ1k7oIgE,"Savitribai Phule Pune University (SPPU) | Check Courses, Campus, Hostel, Admission &amp; Placements",shiksha.com,2025-07-28T13:02:44Z
Savitribai Phule Pune University,hostel,hostel review,xR9ctbs8Z-Y,Hostel Room Tour | Girls Hostel  L-10 | Pune University,hello Laxmi !!,2025-05-19T12:53:46Z
Savitribai Phule Pune University,hostel,hostel review,IBCHwu4XXWc,Savitribai Phule Pune University SPPU boys hostel #hostel #sppu #pune #education #boyshostel #mumbai,Yash Raut,2022-08-03T12:46:54Z
Savitribai Phule Pune University,hostel,hostel review,aRmm1fFzWuA,Hostel Room Tour | L9 Hostel of Pune University,hello Laxmi !!,2025-06-01T08:50:18Z
Savitribai Phule Pune University,hostel,hostel review,RcPiLWMkoPE,Savitribai Phule Pune University मध्ये Hostel मिळण्यासाठी काय गरजेचं ?,Kurukshetra Coaching Institute,2023-05-13T10:34:41Z
Savitribai Phule Pune University,hostel,hostel review,TX6haqIV88w,BOYS HOSTEL MESS|PUNE UNIVERSITY|UNIPUNE #sppu #unipune #shorts #pune,saurabh times,2022-08-21T11:39:26Z
Savitribai Phule Pune University,hostel,hostel review,ZFPn_z1WR60,My first year room hostel tour att Pune University | Ganesh walunj - vlog 44,Ganesh Walunj,2023-09-23T13:30:21Z
Savitribai Phule Pune University,hostel,hostel review,nWkFZPHNhc4,Savitribai Phule pune university Boys Hostel/ rooms आतून कश्या दिसतात?,Kurukshetra Coaching Institute,2022-05-26T14:03:07Z
Savitribai Phule Pune University,hostel,hostel review,5nlnG2bxkGc,L-08 Hostel Room Tour | SPPU | Pune  University,hello Laxmi !!,2025-07-03T17:12:33Z
University of Madras,hostel,hostel review,tsn87G54t_M,University of Madras Hostel Tour #university #chennai #hostellife,Myself Mithun ,2024-07-22T04:26:34Z
University of Madras,hostel,hostel review,tV57OGN9pgY,Madras University Sneak-inn😱🤩| #chennai oldest college University of Madras❤️‍🔥📈,RTR Vlogs,2025-06-18T15:38:53Z
University of Madras,hostel,hostel review,pHw20eIsIxE,தமிழ்➡️Hostel details💥University of Madras#madrasuniversity #monicaarunachalam #tamil,Monica Arunachalam,2023-07-13T17:21:41Z
University of Madras,hostel,hostel review,qP8Y8DwmY2Y,University of Madras PG Hostel for Men&amp;Women| January Month End Party💃🕺|#shorts#dance#short #chennai,VJ_SINGH,2022-02-20T06:30:15Z
University of Madras,hostel,hostel review,VX9dzNbRzg4,Madras University|Tamizhmagan|Vlogs,Tamizhmagan Vlogs,2023-05-09T03:30:09Z
University of Madras,hostel,hostel review,ZMSf2nzyFO0,Life in Chennai | University of Madras | A memory vlog,Tiainla jamir,2023-05-04T19:21:09Z
University of Madras,hostel,hostel review,ojFCQr3BPGU,தமிழ்💥University of Madras PG Admission procedures #tamil#monicaarunachalam #youtube,Monica Arunachalam,2023-04-12T01:32:20Z
University of Madras,hostel,hostel review,nm7iKU63OnQ,madras university student review !!|tancet 2020 |tancet 2020 updates|infogirl  |tancet new updates,Info Girl,2020-11-12T04:01:06Z
University of Madras,hostel,hostel review,l3-NiUyPwIQ,💢🤯 Madras University ADMISSION Kuu-இவளோ பேரா‼️🤯 #madrasuniversity #collegeadmission #shorts #leo,Mr.ShanVlogger,2023-08-29T17:34:36Z
University of Madras,hostel,hostel review,tzB7HET5pDQ,WORST University!!!😡😡😡 watch this video before joining Madras University #college #madrasuniversity,Viswa,2024-07-25T10:09:26Z
Andhra University,hostel,hostel review,Vk786enkxok,ANDHRA UNIVERSITY MESS FOOD EP1#appgcet#andhrauniversity #food#chicken#bestfoodie#msc#andhrafood,Hodophileats,2025-07-17T01:12:18Z
Andhra University,hostel,hostel review,6mNZGivFfGc,Andhra University Campus Placements  || College of Arts &amp; Commerce ||  Ramya Sri  ||  7.0 LPA,AU LOOKS,2023-05-16T12:30:05Z
Andhra University,hostel,hostel review,7zipUZVi0jQ,My Hostel room tour || Room set up || Andhra University || #roomtour #room #andhrauniversity #viral ,Rajith kumar Diaries ,2025-12-21T14:17:17Z
Andhra University,hostel,hostel review,wbJRqVRRr4o,&quot;🤷HARSH🤯 TRUTH&#39;s ABOUT 🏫ANDHRA UNIVERSITY&quot; | 😰EVERY EAMCET 👨‍🎓STUDENT&#39;s MUST WATCH |,DevVlogs,2025-10-14T13:01:57Z
Andhra University,hostel,hostel review,Ys0nL9_OYsY,Andhra University Ladies Hostel ostel Details || Hostel fee ||,i teja ,2025-09-21T11:27:47Z
Andhra University,hostel,hostel review,-0iHWQQRmpk,Vlog on Andhra University Hostels//Andhra University లోని hostels ఎలా వుంటాయో ఒకసారి చూసివద్దాం రండి,Karedu Kurrodu,2024-04-15T06:49:35Z
Andhra University,hostel,hostel review,9tW54Nbi1_8,ANDHRA UNIVERSITY MESS FOOD#telanganafood #food #appgcet #bestfoodie #viral #trending #puri,Hodophileats,2025-07-12T15:34:17Z
Andhra University,hostel,hostel review,rwMlzQk-HdU,Transformation at Andhra University  //  Ravi Mahadasyam,AU LOOKS,2023-11-21T04:30:22Z
Andhra University,hostel,hostel review,yT1HVV5h9fg,ROOM TOUR ANDHRA UNIVERSITY (INDIA) HOSTEL!,Paradisi Channel,2023-09-25T10:30:27Z
Andhra University,hostel,hostel review,9vo1xiCsHTk,Andhra University Engineering Ladies Hostel NB Block  Room #hostellife #roomtour,JOYCY_00,2024-10-29T15:53:57Z
University of Kerala,hostel,hostel review,Taktyf-9dso,University of Kerala All Hostel tour #kariavattomcampus #universityofkerala #hostellife #hostel #ug,Sathiaiswarya,2025-07-01T04:30:21Z
University of Kerala,hostel,hostel review,9AftkstaXXM,Kariavattom  campus Hostel Full Details | 5 Hostels| Mess Food Ok |#hostellife #universityofkerala,Sathiaiswarya,2025-05-12T18:30:11Z
University of Kerala,hostel,hostel review,fdW_afZ5fOc,Central University of Kerala  Hostel Rooms awesome infrastructure,Youtuber maths,2022-04-09T08:36:02Z
University of Kerala,hostel,hostel review,cXAnFV5bGPo,What I Eat In A Day🍚| Central University of Kerala | Hostel Mess | #food #cuk #trending #university,Bhavana S,2025-08-01T14:16:54Z
University of Kerala,hostel,hostel review,5XI4AJkmWEk,KERALA UNIVERSITY HOSTEL ADMISSION PROCESS🧳 #keralauniversity #hostel #admission #hostellife #tvm,Asin Salam,2025-06-25T12:54:11Z
University of Kerala,hostel,hostel review,t29vDGj5yJc,Mini vlog 😌| #cuk #centraluniversityofkerala #university #minivlog #new #trending #trend #hostellife,Bhavana S,2025-10-15T17:03:22Z
University of Kerala,hostel,hostel review,Q2xj52JbrmQ,Life at Central University of Kerala 🫶| #cuk #centraluniversityofkerala #university #trending #new,Bhavana S,2025-08-09T10:35:49Z
University of Kerala,hostel,hostel review,eNyqT_llXMc,mess food |central university of kerala girls hostel#cuk #girls hostel food,Come Lets Glow,2023-07-09T03:36:03Z
University of Kerala,hostel,hostel review,rDOYU0YPv7k,Hostel Details &quot;KERALA UNIVERSITY&quot;,UET Universities Entrance Tips,2023-07-12T08:30:05Z
University of Kerala,hostel,hostel review,Gg0kIqicDK8,"Central University of Kerala Full Details 🔥 | Fees, Hostel, Placement &amp; CUET Cutoff",CSM classes ,2026-05-18T12:00:25Z
Maharaja Sayajirao University,hostel,hostel review,4H0fcth6MLc,MSU baroda girls hostel room tour  #yt #ytviral #msu #hostel #roomtour,tanvi kotadia,2025-04-27T13:26:42Z
Maharaja Sayajirao University,hostel,hostel review,3WYxq6j6bVI,Honest Review about MSU Baroda | 2025 | MSU Hostel | THE MAHARAJA SAYAJIRAO UNIVERSITY OF BARODA,Sandhya- College Review ,2023-08-28T14:39:51Z
Maharaja Sayajirao University,hostel,hostel review,yLYDqq_LQS4,🔥 MSU Baroda Hostel Reality Check 😳 Full Hostel Tour &amp; Campus Vibes ✨#LCC #baroda  #hostellife,shiksha.com,2026-06-03T02:30:03Z
Maharaja Sayajirao University,hostel,hostel review,eB_zmIDa7Ts,Truth about Hostel of MSU Baroda College 🤔,Prabhat Ranjan,2026-03-05T12:30:52Z
Maharaja Sayajirao University,hostel,hostel review,bMD69inEmUE,tag a MSU student 😎 #baroda #msu #collage #vadodara,Azhar VLOG,2023-05-24T16:51:36Z
Maharaja Sayajirao University,hostel,hostel review,6gCZEkSTP8Y,MSU girls hostel room tour Vadodara #ytviral #msuniversity #hostellife #yt #ytshorts #vadodara,tanvi kotadia,2025-04-14T15:33:07Z
Maharaja Sayajirao University,hostel,hostel review,80MQkrU26Mw,MS University ( MSU Baroda  ) Hostel Fees Structure Information #msubaroda #msuniversity #msu,FR PANKAJ JAISWAL,2024-05-11T17:02:07Z
Maharaja Sayajirao University,hostel,hostel review,uR0kxTXotyc,"msu girl&#39;s hostel., mess #msubaroda #shorts #hostel",Rita's chaotic life,2025-04-12T11:53:57Z
Maharaja Sayajirao University,hostel,hostel review,hMqs7YGLXJI,MSU Baroda Boy&#39;s Hostel|M.s.University |Vadodara,Patel Ghanshyam,2022-11-24T06:31:41Z
Maharaja Sayajirao University,hostel,hostel review,RGl2ezwNNIk,Dinner ft MSU hostel mess  #vadodara #msu #hostel #dinner,Rita's chaotic life,2024-11-26T07:52:52Z
BML Munjal University,hostel,hostel review,X7w1zBh_CFQ,BML Munjal University 🔥 - Full Campus &amp; Hostel Tour ,Kavach Khanna,2026-04-28T08:27:41Z
BML Munjal University,hostel,hostel review,ohyL3lWNc7M,1st Day in Hostel room ..... #BML munjal University,Komal,2025-08-11T14:33:39Z
BML Munjal University,hostel,hostel review,jADtb8cZpyI,BML Munjal SHOCKING Facts REVEALED 🤯 #harshsir #bmlmunjal #college #shorts,NextGenAspirants ,2025-06-18T11:59:28Z
BML Munjal University,hostel,hostel review,V8zz3XWCEtc,BML Munjal University - MBA Fee - 14.9L Fee - 8.7L Avg Placement?,Collegedekho with Hritik,2025-02-16T11:35:23Z
BML Munjal University,hostel,hostel review,fMgaU96l4i8,"Is BML Munjal University good for BTech CSE? | Comparing JIIT, Noida and BMU, Gurgaon.",Tanvi Sharma,2024-07-03T09:46:19Z
BML Munjal University,hostel,hostel review,rHkDlilSnOg,A little view of my college | BML Munjal University #tanvisharmayt,Tanvi Sharma,2024-06-22T13:26:47Z
BML Munjal University,hostel,hostel review,Y3e2COl5VS4,"BML Munjal University Campus Tour | College Review | Infrastructure, Hostel, Placement, Package !",Career kaptain by PW,2025-06-10T12:30:42Z
BML Munjal University,hostel,hostel review,oxyrUJm78Ug,BML Munjal Harsh Reality Revealed 🤬 | Honest Review for BTech CSE 2026 ✅,Boring Bing,2024-12-03T14:09:27Z
BML Munjal University,hostel,hostel review,b7oQSx77de0,"BML Munjal University - The Most Detailed Review (Pros/Cons, Fees, Courses)",Kavach Khanna,2026-05-13T08:31:26Z
BML Munjal University,hostel,hostel review,3w-08PEttog,"BML Munjal University BBA: Fees, Placements &amp; Reality Check!",Everything For BBA,2025-11-20T15:00:08Z
Ashoka University,hostel,hostel review,LGpVhbNlu5s,"Dorm rooms at Haryana ka Harvard (Ashoka University), RH 7 🌷#trending #fyp #viral #explore #college",Supriya ,2025-10-23T07:39:01Z
Ashoka University,hostel,hostel review,9g-6pLSUTqs,Ashoka University Dark Side 😳 | REAL TRUTH No One Talks About 2026,Sandhya- College Review ,2025-12-08T18:43:23Z
Ashoka University,hostel,hostel review,YnF6V41g3SM,4 drawbacks of studying at Ashoka University | 2024 #highereducation #collegecounseling #shorts,Evolving Being,2023-12-15T12:00:29Z
Ashoka University,hostel,hostel review,Ewzw9KprPfQ,Is Ashoka University a rich kids university?,Office Hours,2023-12-20T15:04:34Z
Ashoka University,hostel,hostel review,kZqIxYuqm68,Ashoka womens engineering college hostel video🏨❤️@chaitureddy826 #hostellife #collegelife #food,chaitu editor,2025-08-27T06:09:24Z
Ashoka University,hostel,hostel review,ZbNtEP3YXKI,How much I spend for food in university | What I eat in a day | Ashoka University,Yatra Kid,2024-09-04T11:34:01Z
Ashoka University,hostel,hostel review,u9WgZSNdjrs,Food options/sys. at @AshokaUniversity: #whatieatinaday #college #vlog #shorts #youtubeshorts #food,QUANISHA SABOO,2023-03-31T06:30:22Z
Ashoka University,hostel,hostel review,Lf6y1ZVFvHo,A day at Ashoka University- Harvard of Haryana,Saubhagya Diaries by Anurag Minus Verma,2023-05-29T16:56:54Z
Ashoka University,hostel,hostel review,CTFaHbocyLI,Finding a Second Home: From Tamil Nadu to a New Life at Ashoka,Ashoka University,2024-10-30T05:00:07Z
Ashoka University,hostel,hostel review,7Wc8PZZQHH4,"Ashoka University vs Delhi University | Academics, Placements, Campus Life &amp; More! #shorts",shiksha.com,2025-08-26T10:06:20Z
Amity University,hostel,hostel review,BzwMSDOn9oo,Amity Hostel vs PG 🏡– Which One is Best for You? Full Comparison!,Ash Life,2025-05-26T14:30:09Z
Amity University,hostel,hostel review,1JBMTDG2DCE,Hostel tour at amity mumbai  #roomtour #vlog #minivlog,chaoswid_k,2025-08-04T20:43:41Z
Amity University,hostel,hostel review,3lPE4n3XHlg,Inside My Amity Hostel Room 😍 | Honest Room Tour at Amity Noida!,Soumya Unfiltered,2025-07-24T12:07:19Z
Amity University,hostel,hostel review,QQZNft49uLQ,Amity Hostel Tour and Brutally Honest Review!!!,Joy Unfiltered,2023-06-23T14:38:12Z
Amity University,hostel,hostel review,VDY5JWBCq5I,Amity University || Hostel Life #amitynoida #amityuniversity #dance,Mr. Lawman vlogs,2023-11-10T20:37:25Z
Amity University,hostel,hostel review,cUq_Q4-LNFo,#amityuniversitynoida #hostel #hostellife amity noida hostel move in,Muskaan,2025-08-12T11:36:44Z
Amity University,hostel,hostel review,LhnP329MqwQ,"RENT, PG OR HOSTEL, Which is better?| Amity Hostels | Rent | P.G. near Amity | Amity Noida",Ayush Amity,2024-07-28T13:20:00Z
Amity University,hostel,hostel review,zNTV7fyXv2E,Amity University Mumbai | Hostel Tour | 2025,Amity University Mumbai,2025-06-10T12:56:59Z
Amity University,hostel,hostel review,9e1DZq4s4nE,AMITY UNIVERSITY!!! HOSTEL H5 ( AC Hostel ) // PART 01 #amityuvivlogs #amity #amigos #amitytshorts,Adultin🥂,2024-05-15T13:08:20Z
Amity University,hostel,hostel review,gGyXNpAd8Ug,A DAY IN AMITY UNIVERSITY NOIDA  || HOSTEL EDITION 🎀#youtubeshorts #amity #shortvideo  #trending,Soumya Unfiltered,2024-09-25T14:56:48Z
Sharda University,hostel,hostel review,rO8LQ5tETZM,Sharda University mess,Rahul Jaiswal,2022-09-25T17:12:48Z
Sharda University,hostel,hostel review,coj7B0kYf5A,Boys Hostel Tour Of Sharda University | Hostel Life In Sharda University,Vishav Verma,2024-07-31T11:10:00Z
Sharda University,hostel,hostel review,1htyYYo8-4Y,Girls Hostel Sharda University Noida Uttar Pradesh,Colleges & Universities ,2024-06-30T15:22:45Z
Sharda University,hostel,hostel review,cO5ys-hTC6M,Hostels In Sharda University || Boy&#39;s &amp; Girl&#39;s Hostels Room Tour || Sharda University || Full Review,Piyush pratap,2023-06-10T05:30:07Z
Sharda University,hostel,hostel review,BmFtf8UywXo,"Sharda University Agra Campus Tour | Telugu Students Genuine Reviews  | Placements, Fees &amp; Hostel",Sharda University Agra (SUA),2026-04-02T13:01:38Z
Sharda University,hostel,hostel review,HbCg9XY7enw,Reality of hostel At Sharda university #shardauniversity#university#college#delhincr#india,Let's Travel with M,2021-01-12T18:12:19Z
Sharda University,hostel,hostel review,cwilt1Acjak,Sharda University Hostel #medicalcollege #hostel #shardauniversity #sharda,Dr.drive108,2025-08-22T07:09:59Z
Sharda University,hostel,hostel review,JU-47HasKu4,Sharda University| Struggle for hostel| PART 2 | NIDHI GIRI,Nidhi Giri,2021-08-18T08:59:15Z
Sharda University,hostel,hostel review,H35vFQ-nHQo,Sharda University|Girls Hostel|Greater noida. To watch full video https://youtu.be/mqVS7CHAmr0,Travel and Taste,2022-09-06T05:30:18Z
Sharda University,hostel,hostel review,H5j_Q9eoGas,Sharda University MBBS GIRLS *hostel* Tour🙋‍♀️😱 ||शारदा यूनिवर्सिटी एमबीबीएस हॉस्टल टूर #mbbs,Prakriti Raj,2023-07-23T07:14:46Z
Galgotias University,hostel,hostel review,Yqe1iJRxh_8,Galgotias University Hostel Tour 2023 || Hostel Review | mess food | Room | Galgotias Boys Hostel,Recluse Utkarsh,2023-05-24T18:18:08Z
Galgotias University,hostel,hostel review,ToXZutsYwHI,Galgotias Hostel Tour🎥| Rooms Mess &amp; Reality #galgotiauniversity #hostellife #hostel #honestreview,shiksha.com,2026-04-13T18:00:25Z
Galgotias University,hostel,hostel review,z3Fuv0ZjBN8,Galgotia&#39;s University Hostel | Honest Review by Hostel Student Watch before choosing,Pranav Tiwary,2022-04-23T11:57:23Z
Galgotias University,hostel,hostel review,4lIFHj2bL0A,Galgotias University Hostel Rooms Tour #galgotiauniversity #hostellife #hostel #studentlife #girls,shiksha.com,2026-04-08T04:30:09Z
Galgotias University,hostel,hostel review,KUo5V70oxRI,Galgotias University Admission Process 2026 | Hostel Fee | Mess Food | Placement Reality,Anish Yadav Vlogs,2026-05-29T06:11:16Z
Galgotias University,hostel,hostel review,jIXSO3PaveY,Galgotias College| Hostel One | College Hostel #galgotias #gcet #galgotiauniversity #vloggeraditya, Aditya Singh ,2022-10-11T18:57:09Z
Galgotias University,hostel,hostel review,LTnPbIcMqXg,THE BRUTAL REALITY | Galgotias University Honest Review,Ayush Garg Classes,2025-05-09T12:30:28Z
Galgotias University,hostel,hostel review,p2jH7Rln0kI,Galgotias Hostel mess food #galgotiasuniversity #hostellife #minivlog #vlog #college #viral,Hostel Everyday,2025-09-21T13:30:55Z
Galgotias University,hostel,hostel review,xVPzAklQLvU,Best Hostel Near Galgotias University | Budget Friendly PG Near Galgotias University | vlogsalok,Alok Vlogs ,2025-07-25T05:06:46Z
Galgotias University,hostel,hostel review,-u3Fi3mWRc8,galgotias university hostel room tour,Yanshu,2022-10-12T05:29:33Z
Chandigarh University,hostel,hostel review,nG1bg04b6QQ,Chandigarh University hostel review must watch |Admission open |Abhay Matiyal | Vlog35,Abhay Matiyal,2025-02-23T15:05:43Z
Chandigarh University,hostel,hostel review,8P6PkTFjQ44,Chandigarh University hostel Room | Room Tour | International Student Review @theimranvlogg,Imran Vlogs,2023-02-06T10:50:59Z
Chandigarh University,hostel,hostel review,x5mhq-YN10o,Brutal Truth of Girls Hostel at Chandigarh University 😳 #chandigarhuniversity #Mohali #hostel ,IshaChaudharyyy,2026-05-21T04:05:53Z
Chandigarh University,hostel,hostel review,CeWePhzDFjE,"Chandigarh University Boys Hostel Review | Honest Hostel Life, Rooms, Food &amp; Rules",Muskan Singla,2026-01-18T09:30:41Z
Chandigarh University,hostel,hostel review,nL15YRL61tM,"Chandigarh University Hostel Tour 😳 | Rooms, Mess, Fees &amp; Reality Check",Unfiltered Dheeraj ,2026-04-12T14:10:55Z
Chandigarh University,hostel,hostel review,aU5iQhuNXRU,"Chandigarh University Girls Hostel Review | Honest Hostel Life, Rooms, Food &amp; Rules",Muskan Singla,2026-01-16T06:53:13Z
Chandigarh University,hostel,hostel review,RPJn2OhrQIg,@Chandigarhuniversity Hostel | Room Tour #hostel #chandigarh #shortvideo #cuhostel,Imran Vlogs,2023-07-26T06:28:38Z
Chandigarh University,hostel,hostel review,820hS7dJgYg,Chandigarh University Hostel Fees 2025|Chandigarh University Hostel Rooms|CU Hostel Review|CU tour,Vlogger Kirti Tiwari,2025-03-06T13:30:05Z
Chandigarh University,hostel,hostel review,O5NZcI9oPGk,Chandigarh University Reality | Hostel Tour|CUCET| *Fees* Attendance*Placements*| Personal Review|,Aman Mavi,2022-07-02T05:30:03Z
Chandigarh University,hostel,hostel review,4ZqHN2d2XPU,"“Chandigarh University Unnao Hostel Review 🏡 Fully AC Rooms, Reporting starts 25 July! 💼” #cuunnao",CU Uttar Pradesh,2025-07-21T00:37:51Z
Lovely Professional University,hostel,hostel review,w0LujBJOw6c,"LPU Hostel Tour 2026 🔥 Full Room Tour, Mess Food, Fees &amp; Hostel Reality",Rohan k Vlogs ,2026-05-26T08:41:54Z
Lovely Professional University,hostel,hostel review,b9yLiyhe0XA,"LPU Hostel Reality Check🔥Room Tour, Mess Food &amp; Students Review",MG MHJN,2026-01-06T11:30:27Z
Lovely Professional University,hostel,hostel review,qvUnh8LN_So,6 things to know before taking hostel | LPU girls hostel tour |  Lovely Professional University,himani chaudhary,2022-09-03T12:30:25Z
Lovely Professional University,hostel,hostel review,BJaOOl7b7tw,Rules &amp; Restriction ￼to know before taking hostel | LPU girls hostel tour | LPU Hostel Reality Check,Udit College Reviews ,2026-03-17T15:10:56Z
Lovely Professional University,hostel,hostel review,GPRVlA6jIHI,LPU Hostels | One of the Largest &amp; Safest Hostels in the World | Lovely Professional University,Lovely Professional University - LPU,2021-10-11T11:49:35Z
Lovely Professional University,hostel,hostel review,CN3963hbjmY,Lpu new hostel room tour😍😍🤯🤯              @LPUUniversity, Singh Shaili ,2025-09-03T14:52:30Z
Lovely Professional University,hostel,hostel review,rmtVSIFGGW8,LPU Hostel Tour 🥰❤️ #minivlog #ytshorts #shorts,Honey Thakur,2024-03-13T14:38:00Z
Lovely Professional University,hostel,hostel review,zX7E_8P-yOo,"LPU Hostel Reality Check🔥Mess Food Review, Fees &amp; Outing Rules😮",MG MHJN,2026-01-19T08:18:57Z
Lovely Professional University,hostel,hostel review,a17JFfjBQBE,LPU Hostel 2023 | LPU Hostel Review | LPU Admission | LPU Hostel Tour | LPU Student Review | #lpu,LifeWidAbi,2023-04-27T15:15:01Z
Lovely Professional University,hostel,hostel review,wU7NgRzFdTw,LPU - Lovely Professional University Campus Tour | B.Tech Review | Hostel Tour | Admission  2026-27?,Sid Academy,2026-05-26T05:24:40Z
VIT University,hostel,hostel review,G2YuqgIMxKs,12 bedded room at VIT-AP#vitap #vithostelrooms #vithostel #vitcollege,TharuniReads,2024-09-23T07:47:30Z
VIT University,hostel,hostel review,BEW7tC9wKhk,single bedded  AC Room at VIT Vellore girls hostel| Kasturi Patil | Kasturi Sudam Patil,Dr.Kasturi Patil,2022-09-10T08:30:01Z
VIT University,hostel,hostel review,vM8heMeCPJM,VIT VELLORE Ladies Hostel Tour - 2022,VITrendz,2022-09-13T15:14:36Z
VIT University,hostel,hostel review,pW29OZT6Dv0,Hostel and Mess Fee for 2024-25 Batch | VIT - VELLORE Campus | By VIT Student #vit #viral #trending,Amar [VIT-V],2024-04-17T05:31:18Z
VIT University,hostel,hostel review,CkoyTjsOIZA,Touring VIT Vellore&#39;s Best 1-Bed Hostel Room 👇❤️ | #vit #vitvellore #viteee2023,3RKY,2023-04-03T10:35:00Z
VIT University,hostel,hostel review,BHHyBGnLAvI,VIT VELLORE HOSTEL TOUR for Freshers🛌 &amp; SPORT FACILITIES🏋🏻‍♂️⛹🏻‍♂️ (detailed)#vit #vitvellore,Tushar Sharma,2022-08-18T13:30:02Z
VIT University,hostel,hostel review,qXGfdDylAb4,VIT VELLORE MEN’S HOSTEL TOUR….😁,Utkarsh Unfolded,2025-12-05T05:05:00Z
VIT University,hostel,hostel review,2b41cSzt5cM,Breakfast at VIT Chennai!!! #food #breakfast #mess,ShuklaVlogs,2024-12-11T14:22:39Z
VIT University,hostel,hostel review,I0NDvbnGzOk,Special lunch at VIT Chennai | Veg mess #vitchennai #engineering,ShuklaVlogs,2024-04-28T16:00:14Z
VIT University,hostel,hostel review,5RyRwlZn8k4,VLOG |  GIRLS HOSTEL TOUR 2022 |VIT CHENNAI,Jagriti Tiwari Uncut,2022-12-12T17:46:46Z
SRM University,hostel,hostel review,clWQqZUFX0Y,🏡✨Inside SRM Girls Hostels: Which One Feels Like Home? | Honest Tips+ Bloopers at the End 🎞️,NAMASTE TALKS,2025-07-06T05:30:31Z
SRM University,hostel,hostel review,2WMqjad-wII,"SRM University Hostel Review🔥 Rooms, Mess &amp; Facilities | Full Tour 2026",MG MHJN,2026-03-16T06:54:05Z
SRM University,hostel,hostel review,2flNBae0pdU,SRM University Mess | Boys Hostel | KTR Campus |,Nikhil,2025-04-29T09:38:42Z
SRM University,hostel,hostel review,IPUawiDDLjQ,"SRM UNIVERSITY KTR, ADHIYAMAN HOSTEL FOR FIRST YEAR BOYS 3 SHARING ROOM #SRM#srmktr #srmist #hostel",Sai vikas,2024-02-11T09:51:03Z
SRM University,hostel,hostel review,kWsN08guFR8,The Most Hated College on Internet ( SRM Review ),Ritik Meghwani,2025-01-06T14:00:07Z
SRM University,hostel,hostel review,c3mqvF-Y6Uk,"SRM UNIVERSITY HOSTEL ROOM TOUR | MESS,LAUNDRY,PRICES | ALL HOSTELS",Shikhar Chaturvedi,2023-02-17T04:30:11Z
SRM University,hostel,hostel review,yG6pxy37S5Y,SRM KTR 1ST YEAR HOSTEL AND ROOM TOUR 2026 - OORI - WITH AC AND COMMON WASHROOM,Himanshu Agrawal ,2025-05-27T16:08:38Z
SRM University,hostel,hostel review,QgBAZ9LWe9I,"SRM AP University Hostel Tour 2026 - 3, 4, 5, 6, 8 Sharing AC/Non AC",Vlogger Yash,2026-04-12T11:21:41Z
SRM University,hostel,hostel review,pXg06kdMONI,srm hostel ktr- meenakshi 4 sharing ac #srm,alrightt ananya,2025-06-30T05:57:05Z
SRM University,hostel,hostel review,cK-5anvRYQI,SRM HOSTEL TOUR 😍,Divya Subburaj,2023-06-30T10:50:31Z
Manipal University,hostel,hostel review,7uQfQeEyzJI,Hostel Room Tour ft MIT MANIPAL #hostellife #mitmanipal  #college #roomtour#minivlog#manipal #hostel,Shrek treks,2025-05-18T03:38:44Z
Manipal University,hostel,hostel review,Zex2jxynlB4,"MIT Banglore Hostel Tour, MAHE Bengaluru, Manipal Bengaluru Hostel Onboarding. #manipal",Stylish Shri,2025-07-15T07:30:25Z
Manipal University,hostel,hostel review,iyaarHWOy_k,Manipal Hostel Tour | Block 16 &amp; 17 | MIT Hostels| MAHE,TARUNN PRAKASH,2024-05-26T07:20:00Z
Manipal University,hostel,hostel review,T-UT_2jmWic,New International Hostel |MAHE Manipal |Tour,M.B.B.Sabina,2022-07-21T15:32:35Z
Manipal University,hostel,hostel review,eXW0bgN3C30,manipal hostel food . quality at its best 👌 #youtubeshorts #food #manipal #manipaluniversity,Karthikjokester,2025-05-04T05:17:15Z
Manipal University,hostel,hostel review,CHkUdw1_gAs,Hostel Room Tour - 13th Block | Manipal University | MissSuRoy,Miss Su Roy,2022-08-15T14:56:53Z
Manipal University,hostel,hostel review,zOLTNOpO33w,"Manipal University Review 🔥| Reality Explained 🤨| MIT placement, Campus life | Fee Structure.",CAREERKICK JEE,2024-05-02T11:30:34Z
Manipal University,hostel,hostel review,m0rDjDb9gFQ,Hotel Food ❌️ Hostel Food Ft MIT MANIPAL #foodvlog #collegefood #manipalcampus #mit #minivlog #food,Shrek treks,2025-05-14T08:32:45Z
Manipal University,hostel,hostel review,peoiG9tJEeQ,HDFC Future Bankers Hostel Room Tour | Axis Young Bankers | ICICI PO | Manipal Academy of Banking.,Safar Vlogs,2024-07-07T02:24:44Z
Manipal University,hostel,hostel review,NnZeQ623GTM,know this before joining shrishti manipal university,get away from me,2025-01-30T15:48:59Z
Bennett University,hostel,hostel review,JxyY7IWQxq8,"Bennett University Honest Review 2026 | Campus, Placements, Hostel &amp; Student Life",Prabhat Ranjan,2026-04-23T06:30:08Z
Bennett University,hostel,hostel review,3d7AXrCV964,Bennett University Hostel Tour 🎓🏛️ #shorts #bennettuniversity #hostel @BennettuniversityIndia,Daksh Tomar,2025-07-05T21:33:38Z
Bennett University,hostel,hostel review,bJ-272RWJVs,Bennett University Hostel Room Tour Vlog | Bennett university Review,Nandini Agarwal,2025-03-01T05:46:03Z
Bennett University,hostel,hostel review,ELnVHHte5nA,"Bennett University Hostel Tour | Rooms, Food, Hostel Life Campus #bennettuniversity🔥 Life Reality BU",Hrithikkk Bennett ,2026-02-04T06:53:45Z
Bennett University,hostel,hostel review,39mYom2Dzyg,BENNETT UNIVERSITY HOSTEL TOUR 2026 🏫✨ | FULL WALKTHROUGH,Samrita,2026-01-23T10:22:41Z
Bennett University,hostel,hostel review,J4bupIwchYE,My Hostel Room😂 | Bennett University Hostel 😱 Bennett University Review #bennettuniversity,Bennett University Life,2025-02-12T06:56:48Z
Bennett University,hostel,hostel review,rakqmJol0Qo,Bennett university insights | Reality of Bennett University😂 | Bennett University Campus #minivlog,Nandini Agarwal,2023-11-28T13:43:41Z
Bennett University,hostel,hostel review,-VrHzB63nWc,My Hostel Room Tour ❤️ Ft.Bennett University . #hostel #roomtour #bennettuniversity,Shailja Tripathi,2024-03-26T11:30:00Z
Bennett University,hostel,hostel review,3Vr0TDdIW8E,Hostel Room Tour ❤️ Ft.Bennett University . #hostel #roomtour #bennettuniversity,Bhav Sharma ,2025-04-03T15:00:07Z
Bennett University,hostel,hostel review,GYhT3_ADfTk,WHY Bennett University 😲| Bennett University Review | Bennett Greater Noida Honest Review | Fee,College Khabri ,2025-04-11T11:17:07Z
UPES Dehradun,hostel,hostel review,snw4rnitjqE,UPES girls hostel room tour | Honest review as a student | UPES dehradun hostel information |,Ashmi malaviya,2023-01-09T10:15:07Z
UPES Dehradun,hostel,hostel review,KEZooOY42mQ,UPES BOYS HOSTEL || CAMPUS HOSTEL || TOUR VIDEO || UPES DEHRADUN || VLOG-41 ||,sujal pal,2024-05-01T05:34:47Z
UPES Dehradun,hostel,hostel review,S7PCoymK1YQ,"UPES Dehradun Full Review 2026 | Campus, Placements, Hostel &amp; Student Life",COLLEGE LIFE with JIYA,2026-05-28T12:30:31Z
UPES Dehradun,hostel,hostel review,RcOlzhAB8uk,UPES Hostel Room Tour | Zestful Life | #shorts #upes,Zestful Life,2022-09-26T10:28:38Z
UPES Dehradun,hostel,hostel review,v5LBG2Fd_gA,What&#39;s Wrong with UPES Dehradun ?,Ritik Meghwani,2025-04-30T14:45:07Z
UPES Dehradun,hostel,hostel review,9pGUOUlbmLs,UPES Dehradun Hostel Details 🤔,Prabhat Ranjan,2026-03-16T12:30:13Z
UPES Dehradun,hostel,hostel review,yrxc70fravs,"🚨 UPES Dehradun REVIEW - HARSH REALITY about the Fees, Hostels &amp; Placements🔥",Kavach Khanna,2025-06-30T04:46:01Z
UPES Dehradun,hostel,hostel review,sWYj8QPEQ5Q,"UPES Dehradun 2026 Review | Campus Tour, Placements, Reality Check",Prabhat Ranjan,2026-03-12T06:30:29Z
UPES Dehradun,hostel,hostel review,5Qm9ektXBFM,Why I Left UPES Hostel? UPES Campus Hostel Review | UPES Dehradun,Zestful Life,2024-06-22T12:30:05Z
UPES Dehradun,hostel,hostel review,iKvBD7ygQIw,UPES Dehradun Campus Surprised Me 😳 | UPES Dehradun Campus Tour And Fee,LifeWidAbi,2026-02-21T15:30:35Z
KIIT University,hostel,hostel review,xoHWxmnRNTs,#KIIT UNIVERSITY BOYS HOSTELI KP 26| KIIT HOSTEL ROOM TOUR 2024|INTERNATIONAL STUDENTS ROOMS,Dear MD,2024-11-22T16:30:13Z
KIIT University,hostel,hostel review,C3jC1Tr_sEI,KIIT Hostel Tour 2024 🛏️ | Honest Review of Hostel Life,Dear MD,2024-12-27T11:30:13Z
KIIT University,hostel,hostel review,3AlS_mYDX20,KIIT Hostel || KIIT University Bhubaneswar Hostel tour | KIIT ❤️,Journey Star 💫,2023-07-24T12:45:02Z
KIIT University,hostel,hostel review,sV1a17mth5I,Everything About KIIT Hostel @KIIT_University,Aakash Verma,2024-07-14T11:50:06Z
KIIT University,hostel,hostel review,8Yti2qj9u-g,Kiit Sunday Nonveg Mess | Kiit Hostel Sunday Mess 2024|Kp15|@KIIT_University #kiituniversity,Xplr With AP,2024-07-28T07:40:16Z
KIIT University,hostel,hostel review,oArTBm9EmIE,Kiit Mess Food (monday)| KiiT University |Kiit hostel #kiituniversity #messfood #hostel #chipichipi,Xplr With AP,2024-04-22T16:49:18Z
KIIT University,hostel,hostel review,qb-0Iy9mb1A,"🎓 KIIT University New Campus Tour 2025 | Hostel, Classroom, Room &amp; Full Guide for Freshers! 🏫",Aryan Bhandari,2025-07-11T04:30:28Z
KIIT University,hostel,hostel review,mPlEvyGL_uQ,KIIT University Girls Hostel tour | Detailed video 🌷✨️,shreyzz hub,2024-08-10T09:36:40Z
KIIT University,hostel,hostel review,7uG38TeoAog,KIIT College Review in 1 minute 🔥 #Shorts,Ritik Meghwani,2022-04-20T13:00:13Z
KIIT University,hostel,hostel review,p8V8NIe0Qik,"KIIT Hostel Tour | Fees, Rooms &amp; Student Life #lcc #kiit #hostellife #collegelife #honestreview",shiksha.com,2025-09-09T16:40:02Z
Kalinga University,hostel,hostel review,O_q7pPo6fjA,Kalinga University&#39;s Hostel: Home Away from Home,Kalinga University,2023-03-31T03:30:08Z
Kalinga University,hostel,hostel review,ZQiy04yswKM,My First Experience: Kalinga University Hostel Mess Food | Real Student Review | Part 3&quot;,Kalinga University,2026-06-16T10:44:16Z
Kalinga University,hostel,hostel review,Dz-MYrbekLQ,Hostel Room Tour Kalinga University | #shorts #ytshorts #youtubeshorts #vlog #roomtour #hostel,Parash Vlogs,2025-06-30T12:30:30Z
Kalinga University,hostel,hostel review,fupZOX-8dHs,"Rudrani Takes You on a Kalinga University Campus Tour | Student Experience, Facilities &amp; Campus Life",Kalinga University,2025-08-06T12:13:07Z
Kalinga University,hostel,hostel review,6GhPXB0QUq4,kalinga university raipur collage tour 2023,Chinmayy24,2023-05-22T14:30:03Z
Kalinga University,hostel,hostel review,Q1l0FNE3dpU,"Kalinga University, Raipur संपूर्ण जानकारी! आपके सभी सवालों के जवाब👍",UNIVERSITY INDIA,2023-06-10T10:59:31Z
Kalinga University,hostel,hostel review,pBRfM-vC2lE,Kalinga University Review | kiit bhubaneswar review | kiit college review 2024,College Khabri ,2024-04-17T02:24:46Z
Kalinga University,hostel,hostel review,Rtgz5pXC8zQ,KIIT odisha | kiit university odisha | #kiiten #vedantu #iitbombay #iitdelhi,Harsh Priyam Sir Fans🔥,2025-10-13T07:47:33Z
Kalinga University,hostel,hostel review,pGUcr7hiccM,Kalinga international boys hostel Raipur (kalinga University Raipur) H3 block #WikkiVai,Wikki Vai,2019-09-12T12:13:22Z
O.P. Jindal Global University,hostel,hostel review,WtTmQNvpHss,"OP Jindal Hostel Tour: Rooms, Mess, Common Areas #hostellife #hostel #hosteltour #opjindal #review",shiksha.com,2026-02-27T10:30:32Z
O.P. Jindal Global University,hostel,hostel review,CpzHIIRByCc,My college hostel dinner: OP JINDAL GLOBAL UNIVERSITY #vlog #hostelfood,Taramariamjohn,2025-02-05T14:23:07Z
O.P. Jindal Global University,hostel,hostel review,egjGkB81PwU,Op Jindal University SCAM,Harshit Chauhan,2023-09-01T11:40:40Z
O.P. Jindal Global University,hostel,hostel review,eQN9mxV9qbI,O.P Jindal Global Law School- Hostel Room Tour 🏡💡. #room #hostel #tour #lawschool,Sanjeevani Shandilya,2024-08-03T16:38:33Z
O.P. Jindal Global University,hostel,hostel review,ag4ftoLEKOU,Can you survive in OP Jindal University without money ?,Taramariamjohn,2025-06-22T10:05:54Z
O.P. Jindal Global University,hostel,hostel review,ZxrZHBASxF0,Welcome to our little corner of chaos and comfort 🛏️✨ #HostelLife #opjindal #jindal #roomtour,Life of Aish,2025-08-03T06:16:10Z
O.P. Jindal Global University,hostel,hostel review,XmdnaLiaqxo,University Student Housing + Room Tour || JGU || Harshita Agarwal,Harshita Agarwal,2022-05-28T13:45:02Z
O.P. Jindal Global University,hostel,hostel review,iARqukUQUFE,"OP Jindal Global University Student Experience | OP Jindal  - Hostel, Fees, Hookups, crowd, drugs |",Harshit Chauhan,2023-03-10T10:33:33Z
O.P. Jindal Global University,hostel,hostel review,VpO5NJE9h6M,First day in college❤️OP Jindal Global University #college #adayinmylife #collegelife #jgu #student,Shubhanjali Singh,2024-06-08T16:53:46Z
O.P. Jindal Global University,hostel,hostel review,gM76naUxBoA,Everything you need to know! JGU | Hostel Room | Karaoke Night | College,Muskan,2024-06-19T20:29:36Z
Symbiosis International University,hostel,hostel review,EleOIQo0oTQ,Symbiosis Pune Boys Hostel #symbiosispune #vimannagar #kopouboyshostel,Chinmay Agrawal,2023-05-25T21:10:37Z
Symbiosis International University,hostel,hostel review,UagLgRLTPis,SYMBIOSIS HOSTEL TOUR: MEMORIES TO LAST A LIFETIME!,Health & Horizons,2025-02-27T09:53:15Z
Symbiosis International University,hostel,hostel review,qwnS-DTLsyI,“Room Tour 🏠 | Symbiosis Hostel Life | BBA Student Vlog”,Siddhant Barge Vlogs,2025-07-18T02:05:19Z
Symbiosis International University,hostel,hostel review,VuTjSY64NBs,"Symbiosis, Bangalore - Full Campus Tour | BBA from Bangalore | SCMS, Bangalore",Kavach Khanna,2024-03-16T12:36:50Z
Symbiosis International University,hostel,hostel review,F9ddjnaeaCw,ROOM TOUR!!! Symbiosis institute of technology (SIT) Freshmen 2024,A. Sharan,2024-08-05T14:35:54Z
Symbiosis International University,hostel,hostel review,6lF_tmA0gdU,"Symbiosis Institute of Technology Campus Tour |SIT Pune College Life, Hostels, Infrastructure &amp; More",A. Sharan,2025-05-31T18:59:08Z
Symbiosis International University,hostel,hostel review,MYYZ8UwJvxw,Symbiosis mess food#symbiosispune#symbiosis#collegelife#lunch#messfood#pune#foodie#dailyshorts#vlog,ExploreWithGunjan,2024-08-15T06:45:11Z
Symbiosis International University,hostel,hostel review,AFL9hQDVWPA,SIT Pune College Review 2026 — Honest &amp; Detailed Campus Experience,Prabhat Ranjan,2026-02-21T06:30:04Z
Symbiosis International University,hostel,hostel review,KClF5Ovaxas,"Rooms, Food &amp; More @ Symbi Hostel #lcc #collegelife #hostellife #pune #punecity #symbiosis #college",shiksha.com,2025-09-25T04:33:42Z
Symbiosis International University,hostel,hostel review,fLKMl9JYD9k,Life at SIT Hyderabad Hostel | Comfortable Living &amp; Campus Vibes,"Symbiosis Institute of Technology, Hyderabad",2025-07-05T04:18:48Z
NMIMS University,hostel,hostel review,LZia64JH5KQ,NMIMS hostel Room | Journey from 311 to 613,The Trending Topics,2024-03-23T19:56:30Z
NMIMS University,hostel,hostel review,bSm_EVcoPRU,# NMIMS BOYS HOSTEL ROOM VIEW,मराठी औषधनिर्माता MARATHI PHARMACIST,2024-05-08T13:45:35Z
NMIMS University,hostel,hostel review,H34QVNvg8ME,VLOG: MY HOSTEL TOUR | 5 Star Hostel in Mumbai for students | PG&#39;S/Hostels in Mumbai | Nmims Mumbai,Harshit Chauhan,2023-01-28T07:31:31Z
NMIMS University,hostel,hostel review,P6-e_ysqhhU,NMIMS Doesn’t Have Hostels? Student Explains the Real Scene #lcc #mumbai #nmims #hostel #pg #college,shiksha.com,2025-07-29T10:30:23Z
NMIMS University,hostel,hostel review,dFaBoNAXRmQ,Hostel Tour| NMIMS Hyderabad,Tanisha Singh,2024-01-04T12:26:05Z
NMIMS University,hostel,hostel review,EiuWXEJ4IHY,Nmims Mumbai Campus Tour | Nmims Campus Reality | College Campus Tour Vlog | Harshit Chauhan,Harshit Chauhan,2022-01-14T09:53:39Z
NMIMS University,hostel,hostel review,Jv1oOeQiA2U,NMIMS Bangalore Campus Tour Vlog | Reality of Nmims | Nmims Mumbai | Nmims NPAT | Harshit Chauhan,Harshit Chauhan,2023-04-30T05:59:11Z
NMIMS University,hostel,hostel review,sFGO2HxuNUw,VLOG: A Week in the life of a NMIMS Student | Reality of NMIMS | Dark Life of NMIMS | NMIMS Mumbai,Harshit Chauhan,2023-02-28T09:03:56Z
NMIMS University,hostel,hostel review,drUOynB8DmE,"A day in NMIMS, Mumbai Campus 😍🤩 NMIMS College Campus #shorts #viral #nmimsmumbai #nmims #mba #cet",CONCEPT SIMPLIFIED ,2024-02-28T14:57:12Z
NMIMS University,hostel,hostel review,cQ4rxhnRYsc,Average Living Expenses in Mumbai | Jai Hind - NMIMS - MithiBai,Kavach Khanna,2023-08-03T06:28:52Z
Christ University,hostel,hostel review,ycXbTUpJQIU,Christ University Hostel tour | Bangalore Yeshwanthpur Campus | Vin Cyrus,Vin Cyrus,2023-05-11T12:48:28Z
Christ University,hostel,hostel review,0jlEEiXnp2Y,Everything about Hostels at Christ University | All Campuses Cost &amp; How to Book,Kavach Khanna,2025-04-18T09:06:07Z
Christ University,hostel,hostel review,HMEzsYKxEvE,Christ University Bangalore Yeshwanthpur Girls Hostel Tour by Shreya Kapuganti | Vin Cyrus |,Vin Cyrus,2023-05-22T11:24:52Z
Christ University,hostel,hostel review,4r-d_kmSs1Q,My Honest Experience of Living at Christ University Hostels (Pros &amp; Cons),Jagrati this side,2024-05-09T14:15:07Z
Christ University,hostel,hostel review,77XGZ-xRfqs,"CHRIST UNIVERSITY HOSTEL: What they don’t tell you | Full Breakdown (Rooms, Rules, Reality) |",Jaanvi Vashisth,2025-04-29T09:27:43Z
Christ University,hostel,hostel review,PenGF_dqchY,"Christ University, Bangalore | Girls Hostel Review",Kavach Khanna,2024-04-05T06:15:50Z
Christ University,hostel,hostel review,f1oWuiIwlBg,Reality of Christ University hostel #christuniversity  #yeshwanthpur  #hostel #reality,Scholar Speaks,2023-06-22T09:35:01Z
Christ University,hostel,hostel review,iZZ91c1qVjM,I am very disappointed with christ University and its rules and regulations. Watch till end!,Aakriti Rastogi,2025-01-07T11:16:17Z
Christ University,hostel,hostel review,COt4xUS8TGo,Christ University Boys Hostel | Christ Delhi NCR Hostel Room Tour | Kavach Khanna,Kavach Khanna,2021-09-18T06:00:10Z
Christ University,hostel,hostel review,xLQzKl5DDt0,SERENITY HOSTELS - Hostels Around Christ University Central Campus | All You Need to Know,Kavach Khanna,2022-05-09T07:38:34Z
Jain University,hostel,hostel review,IykNbYSxAM0,JAIN UNIVERSITY - ENGINEERING CAMPUS  TOUR | Hostel Tour | All the Details You Need,Kavach Khanna,2022-07-10T07:48:29Z
Jain University,hostel,hostel review,-e-LXgH7xpM,Honest Review of Jain Hostel ll Hostel Life ll Jain University ll Campus life,ranjith podcast,2022-12-16T09:56:30Z
Jain University,hostel,hostel review,vTOGBXG5z-Q,Hostel Review | Is It Comfortable for Students? 🏠🎓Jain University,Prabhat Ranjan,2026-03-21T12:31:21Z
Jain University,hostel,hostel review,MJHnfglV0Kc,| Jain University&#39;s Boys Hostel Tour | #jainuniversity #hostel #college,Akanksha Maheshwari,2024-04-21T21:25:29Z
Jain University,hostel,hostel review,72nt6RxcOe8,Jain University&#39;s Girls Hostel tour...✨️ #jainuniversity #jain #hostel #tour #hosteltour,Akanksha Maheshwari,2024-04-01T14:21:06Z
Jain University,hostel,hostel review,JwE-NA-O_Hg,Jain University Bangalore 🤔 Low Score Admissions – Worth It or Not? 🔥 Honest Review,Boring Bing,2025-08-25T16:02:36Z
Jain University,hostel,hostel review,bq0G-u_iZ40,Los Alto Hills: The purpose-driven Mojo Campus Hostel for you at JU-FET,JAIN (Deemed-to-be University) ,2024-06-04T10:27:01Z
Jain University,hostel,hostel review,pk-mSS4A3Cw,"Jain University, Jayanagar - Campus Tour &amp; Honest Student Experience | Kavach Khanna",Kavach Khanna,2022-07-15T06:33:43Z
Jain University,hostel,hostel review,XAB-fUXAJ6s,Jain University hostel snacks Bengaluru #food #alanwalker #alonemashup #music #insomniatheark,Lunar flare,2024-10-30T12:56:32Z
Jain University,hostel,hostel review,LAWruFu9SHE,Jain college student gets exposed 😄,SmoothWingman,2025-05-05T13:30:26Z
Graphic Era University,hostel,hostel review,NM-8f7zDPTk,PAISA BARBAD🤦🏻| Graphic Era University Hostel Tour | Honest Review | Ep.04,AJ Vlogx,2022-05-12T03:13:51Z
Graphic Era University,hostel,hostel review,2IeScgaNx10,Graphic Era University Off Campus Hostel Tour | Honest Review By Hostel Student | Ep.06,AJ Vlogx,2022-05-14T03:06:14Z
Graphic Era University,hostel,hostel review,L7uEmSAOgSI,Graphic era university hostel || Honest review 🔥 || Graphic era hostel tour,Pahadi Boy Vlogs,2022-06-04T04:50:15Z
Graphic Era University,hostel,hostel review,KF90UsEqKA4,"Graphic Era University 2026 Honest Review | Placement, Admission and Hostel",Prabhat Ranjan,2026-03-18T06:30:10Z
Graphic Era University,hostel,hostel review,EUG9Kp1QUzo,Welcome to My Hostel Home!! GRAPHIC ERA Hostel Tour 2025.,LensWhizRaj,2023-09-20T13:25:48Z
Graphic Era University,hostel,hostel review,VzF1zTzLRyU,Graphic Era Mother Teresa Hostel Tour | 📍Dehradun | Unnati Pant,Unnati Pant,2025-04-21T16:07:43Z
Graphic Era University,hostel,hostel review,qCJGZ95dZzo,Graphic era university || Experience &amp; Review || placements &amp; reality|| Btech Biotechnology||college,Whois.ekta27,2024-08-08T12:23:04Z
Graphic Era University,hostel,hostel review,41eCkgj-olE,hostel food review #minivlog #graphicerauniversity,Rimjhim Rawat,2025-08-01T10:01:49Z
Graphic Era University,hostel,hostel review,lR1O5HXcc9Y,Graphic Era Hostel Mess Fees 2026 | GEU GEHU HOSTEL Fees for 2026,Dehradun colleges,2025-05-08T14:00:06Z
Graphic Era University,hostel,hostel review,pXcUeZhUA2k,chutti wle din hostel ke bache🥸🥲#graphicerahilluniversity #hostellife #hostellers #explorefeed,Rimjhim Rawat,2025-09-15T07:53:19Z
PES University,hostel,hostel review,N5d62gJHLes,"BOYS HOSTEL in PES UNIVERSITY || BATHROOMS, BEDS, DESKS, PRICES and more!",PES Blog,2021-08-29T08:37:05Z
PES University,hostel,hostel review,q57uPwgLoqw,"PESU EC campus GIRLS hostel,Amaatra academy.",Will I survive ??,2025-02-14T17:14:41Z
PES University,hostel,hostel review,AU9pH2FIx24,PES UNIVERSITY GIRLS HOSTEL | FEE STRUCTURE | IS IT WORTH IT ???,BRuHaHa,2025-01-25T16:46:20Z
PES University,hostel,hostel review,lIqo0qbIzLA,PES University (EC) Electronic City Campus Tour | Hostel Tour | Bengaluru | Rev Records,Alemari Ganesha,2021-11-02T17:17:28Z
PES University,hostel,hostel review,H7ttIwQUNg8,"PES University Bangalore Review 2026 | Campus, Placements, Hostels &amp; Reality",Prabhat Ranjan,2026-02-06T06:30:18Z
PES University,hostel,hostel review,xt4wux5J_eg,"PES University Bangalore, Hostel Review 🍱🥴",Tauqeer Zakaria,2025-03-18T08:50:30Z
PES University,hostel,hostel review,fMlDTFFhJFw,PES University Engineering College Review | Bangalore alli Top Competitive College? 💪,KCET Counselling by SimplifiedMinds ,2026-03-31T11:00:00Z
PES University,hostel,hostel review,1OVI1TlGEho,Complete Boys Hostel Tour in just 5 mins | PES University | RR Campus | Bangalore | Rev Records,Alemari Ganesha,2021-08-28T18:17:23Z
PES University,hostel,hostel review,F5Se0K4TbMY,PES boys hostel warden lost his control 🤬 Bengaluru 2024 #pes, M I R A N,2024-08-10T03:33:32Z
PES University,hostel,hostel review,qdNbOWK-OfM,Before Joining PES University… Watch This! 😨 (2026 Review),Vaibhaw Siddharth 2.0,2026-04-25T18:04:55Z
Reva University,hostel,hostel review,-Y5E-7n3f6s,REVA University Review | Honest Opinion by a Graduate - Everything you need to know before joining.,CampusLens,2026-05-12T08:48:31Z
Reva University,hostel,hostel review,nPc8gaHyFa8,Hostel Life at REVA University – A Home away from home,REVA University,2019-05-09T12:11:42Z
Reva University,hostel,hostel review,RhO0i7wDP58,Reva|university |Hostel|full|details| #reva #hostel #bangalore,Souparnika Sudeesh,2023-07-11T09:30:10Z
Reva University,hostel,hostel review,Ij_7gpuWfb8,"Nutritious, Hygienic &amp; Homely | REVA Student Dining Experience | REVA University",REVA University,2026-06-02T11:30:57Z
Reva University,hostel,hostel review,S_YVelx8tMg,REVA UNIVERSITY FULL HONEST REVIEW 2022||36LPA HIGHEST PACKAGE||HOSTEL LIFE||FEES||FACILITIES||FEST,Mentor Raju,2022-08-15T18:14:04Z
Reva University,hostel,hostel review,drlWCXzF4C0,PG Near REVA University | Room near REVA UNIVERSITY | REVA university bangalorere,Sagar bhardwaj,2022-03-02T06:24:29Z
Reva University,hostel,hostel review,YcgV97LzxXg,REVA UNIVERSITY BANGALORE | REVIEW | ADMISSIONS | FEE STRUCTURE,Edu9 Career Guidance,2024-04-17T11:30:26Z
Reva University,hostel,hostel review,FhpbCHCdOko,Reva University Honest Review | Explained | Placements | Hostel | Campus | Scholorship &amp; Fee,Technical Jahanvi,2022-02-21T18:17:30Z
Reva University,hostel,hostel review,XddG81qvbic,"REVA University Bangalore Student Review 2026 🤯 | Admission, Fees, Placements &amp; Is It Worth It? 🔥",College Khabri ,2026-02-13T11:42:57Z
Reva University,hostel,hostel review,sBZOp0goFug,Freshers First Week Stories!,REVA University,2025-07-22T04:57:10Z
SASTRA University,hostel,hostel review,oxhQZt9IqoM,SASTRA University | Hostel Details | Fees | List of things to pack | Eligibility |SASTRA Admissions,Dawn of Insight,2021-09-06T13:27:42Z
SASTRA University,hostel,hostel review,1ouGfdsM_P4,"Sastra University//Hostel Life,Food ఎలా ఉంటుంది//Sastra University Admission//Scholarship పొందటం ఎలా",manobhishtam,2025-04-03T09:30:01Z
SASTRA University,hostel,hostel review,Y2EGSxFa6CM,Life at Sastra Thanjavur | B.Tech Mech| Mechanical engineering|1st year Sastra |,Monika Varsheni,2025-06-04T10:30:05Z
SASTRA University,hostel,hostel review,OCqbwHm9GDk,"Before Joining SASTRA University Watch This|Hostels, Mess Food, Fees &amp; Student Life | Freshers Guide",Monika Varsheni,2026-06-05T12:11:44Z
SASTRA University,hostel,hostel review,HRK234Kvzjc,#Sastra hostel room tour,Lakshmi sujatha,2023-02-19T10:46:07Z
SASTRA University,hostel,hostel review,2pnZc9a4g3w,SASTRA UNIVERSITY BOYS HOSTEL || VINAYA BLOCKS,SatyaJay,2022-09-01T15:34:07Z
SASTRA University,hostel,hostel review,JzXgo6g6r7k,Hostel Tour #sastra #hostel #vinnayahostel,Kunal Studio,2023-10-07T09:59:42Z
SASTRA University,hostel,hostel review,cQVHvGX8Q2Q,It&#39;s SASTRA Sunday #sastra #trending,2AM club,2025-02-02T19:44:27Z
SASTRA University,hostel,hostel review,KoA5v8fVEDY,SASTRA Hostel &amp; Travel Guide ⚠️ | 1st Years MUST WATCH | Book Train FAST 🚆,Sastra Vibes,2026-03-29T16:42:56Z
SASTRA University,hostel,hostel review,IUQMmGVeVDk,😱 Shocking SASTRA Hostel Rules Every Student Must Know! | Boys &amp; Girls Hostel Guide 2025,Sastra Vibes,2025-06-25T12:26:02Z
Shiv Nadar University,hostel,hostel review,VbblcjAib2k,Things I don&#39;t like about Shiv Nadar University,Shubham Kejriwal,2022-08-11T05:45:12Z
Shiv Nadar University,hostel,hostel review,2xxhfEdX3fg,My hostel&#39;s single room Tour | Shiv Nadar University,THE BUSTLE,2023-08-30T06:20:15Z
Shiv Nadar University,hostel,hostel review,kYVU-G6yqBY,Shiv Nadar University is a great college but...,Bhavya Joshi,2023-03-21T07:01:08Z
Shiv Nadar University,hostel,hostel review,AU-TR0fw1hk,Don&#39;t Join SHIV NADAR University Right Now ! SNU Review,Ritik Meghwani,2026-02-17T07:00:07Z
Shiv Nadar University,hostel,hostel review,022ZyFwqw2o,"Shiv Nadar University Worth It in 2026? 🤔 | Placements, Fees &amp; Honest Review✅",Boring Bing,2025-12-15T14:25:49Z
Shiv Nadar University,hostel,hostel review,h6ibDp0Jgs0,Hostel Life at Shiv Nadar University Chennai,Shiv Nadar University Chennai,2025-09-29T09:57:47Z
Shiv Nadar University,hostel,hostel review,4QBzMPhJaO4,Shiv Nadar University Review 🤬| Honest Reviews🔥| Direct Admission Process? 2025 | SNU Noida Vlogs,College Insider Aqsa,2025-01-09T10:08:15Z
Shiv Nadar University,hostel,hostel review,eaZKHMBn-4I,Shiv Nadar University Hostel Quad Room,Daljit Chandra,2025-02-27T07:47:11Z
Shiv Nadar University,hostel,hostel review,ODrlojuV0IA,New Gents Hostel tour of SSN College &amp; Shiv Nadar university Chennai - Hostel rooms #shorts,Mithuuu here,2025-08-06T14:53:09Z
Shiv Nadar University,hostel,hostel review,c44te4XGypg,"VIT Vellore vs Shiv Nadar University 😱 Real Comparison 2026 – Placements, Fees, Admission",BoringMentor,2025-12-11T13:36:03Z
FLAME University,hostel,hostel review,px23rQc4Yzc,"Flame University Hostel Life 🔥🏡 | Rooms, Food, Facilities &amp; Real Experience 🎓✨#LCC #hostellife",shiksha.com,2026-04-16T18:01:00Z
FLAME University,hostel,hostel review,lsUCLpJZE4I,"FLAME University, Pune | A Campus Never Seen Before",Kavach Khanna,2025-10-11T05:33:40Z
FLAME University,hostel,hostel review,GB7KB5Sa1ao,Aesthetic Hostel *ROOMS* 😁💌 #FLAME #pune #hostel #amazing #teacher,Darling Monaa,2025-06-26T15:39:01Z
FLAME University,hostel,hostel review,WmooLjEoOzE,Part 1 - Campus Insider FLAME University | Honest Review ft. Sanika Mate,IPMAT BBA Prep with IMS,2026-02-15T17:44:41Z
FLAME University,hostel,hostel review,lbI4w4yvL5o,Flame University College Review #collegeadmissions #flameuniversity #collegereview,Sandhya- College Review ,2025-04-05T11:25:35Z
FLAME University,hostel,hostel review,Usq19oeTWd8,POV: You are in Flame University Pune | MHT-CET | Private Colleges of Pune #shorts #college #mhtcet,CONCEPT SIMPLIFIED ,2024-12-18T14:01:36Z
FLAME University,hostel,hostel review,bWR1FP3fV_Q,Exit room tour? aka welcome to my FLAME University dorm room!,Kopal Ki Kala,2023-05-01T07:14:06Z
FLAME University,hostel,hostel review,FaLSkx6LGEs,Student Housing at FLAME University,FLAME University,2015-09-02T07:23:38Z
FLAME University,hostel,hostel review,-dYcpMNK09E,"Flame University Pune Exposed 🤬 Placements, Fees &amp; Honest Review!",Management Guy,2026-03-21T08:30:00Z
FLAME University,hostel,hostel review,xmzHIQImRgY,"Flame University Pune Student Experience | Hookups, Party, Drugs, crowd, placements",Harshit Chauhan,2024-03-25T06:20:00Z
MIT World Peace University,hostel,hostel review,p_RLe9wlHFg,MIT-WPU Hostel 2023,MIT World Peace University,2023-03-21T12:52:37Z
MIT World Peace University,hostel,hostel review,v4zDrFfIVpQ,MIT Hostel Tour | Vlog | Shreyash Gaikwad Vlogs ,Shreyash Gaikwad Vlogs,2025-08-13T02:30:51Z
MIT World Peace University,hostel,hostel review,md1rvOxdXPU,"MIT WPU Hostel Review | Rooms, Mess, Fees &amp; Real Experience #lcc #mitwpu #hostellife #studentlife",shiksha.com,2026-04-28T18:00:45Z
MIT World Peace University,hostel,hostel review,XdRUQ2Z7i-8,Inside My MIT Hostel Room | Shreyash Gaikwad Vlogs | ,Shreyash Gaikwad Vlogs,2025-07-06T12:23:39Z
MIT World Peace University,hostel,hostel review,Ct3qD4ftiRI,The reality check of MIT -WPU hostel #mitwpu #hostel #mitwpuhostel #hostellife #students #youtube,Vaishali pal,2023-08-03T06:47:19Z
MIT World Peace University,hostel,hostel review,2v_MWhNEv5Y,MIT -WPU Pune hostel #viral #mitwpu #pune #punekar #punecolleges #hostellife #hostel #hostelroom,Vaishali pal,2023-08-09T13:31:45Z
MIT World Peace University,hostel,hostel review,nZbmJTXILSY,"Life at MIT-WPU Hostels: Comfort, Safety &amp; Community Living",MIT World Peace University,2025-12-10T06:04:29Z
MIT World Peace University,hostel,hostel review,wbZT9wovKDo,MIT WPU HOSTEL #mitwpu#viral#trending#today#hosteltour#collegelife#hostellife#mitwpuvlog#collegetour,BEST SHORTS,2023-07-25T09:50:01Z
MIT World Peace University,hostel,hostel review,mIkFzuYRyiY,Mit - Wpu Engineering review by 4th year student| Mit Kothrud engineering review by student|,18UP - Careers,2025-05-16T06:37:20Z
MIT World Peace University,hostel,hostel review,BwNs3EaKIMI,MIT Girl&#39;s Hostel 🥵🫣?? Fun #shorts #girls #hostellife #collegelife #trending #viral #funny,CONCEPT SIMPLIFIED ,2023-06-18T04:08:36Z
ICFAI University,hostel,hostel review,TrnyB5uC0lE,IBS Hyderabad Hostel Tour 2025 || ICFAI Business School || Hostel Life || MBA || Vlog,Sheiesta ,2025-02-17T18:15:03Z
ICFAI University,hostel,hostel review,f0nymVRDJs4,ICFAI University Review🤯||Reality Explained😶,Sukanya Jaswal,2025-05-30T15:54:51Z
ICFAI University,hostel,hostel review,IavePI1FAGw,"Menu_Veg Thali,ICFAI Hostel Mess 😋 #collegelif #hostelfood #icfaiuniversity #minivlog #adayinmylife",Levi Daily vlog 🎀,2025-01-21T06:19:54Z
ICFAI University,hostel,hostel review,HUA8r_AgP-k,A Day in My Life at ICFAI University Hostel,DebangshuKiBaate,2024-08-22T14:47:59Z
ICFAI University,hostel,hostel review,jchwpKdJxQk,Inside IBS Hyderabad Hostel 👀 | Student Life Reality #LCC #shortsindia #hostellife #ibshyderabad,shiksha.com,2026-03-01T04:30:27Z
ICFAI University,hostel,hostel review,BADDv34yGJk,Hostel Review || IBS Jaipur #reality #icfaiuniversityjaipur #ibsjaipur,Travel with Yashdeep,2025-01-17T10:41:15Z
ICFAI University,hostel,hostel review,ymCjUf3DhWo,AMAZING IBS HYDERABAD HOSTEL TOUR : ICFAI UNIVERSITY : EPISODE 16,Rimit FitLife,2025-12-01T16:18:03Z
ICFAI University,hostel,hostel review,9tErRNFCiNQ,"Hostel Life at ICFAI University Sikkim: Safe, Fun &amp; inclusive community !! ✨🤍",The ICFAI University Sikkim,2025-05-08T10:07:15Z
ICFAI University,hostel,hostel review,Aa7ls5tlBWo,"ICFAI University Dehradun Campus Tour Telugu | Fees, Hostel, Placements Full Details | iDreamCampus",iDream Campus,2026-01-06T07:06:12Z
ICFAI University,hostel,hostel review,a3FM6gUkLIc,Joining day in IBS Hyderabad #icfaibusinessschool #hostels  #hyderabad #youtubechannel,Pavithra,2025-05-17T10:55:47Z
Parul University,hostel,hostel review,FVnl5D1yeeY,Parul University reality | hostel Tour| Attendance | placement’s |personal review,CrazyPY,2025-06-23T06:20:08Z
Parul University,hostel,hostel review,DfFglWGW4y0,Parul University Hostel Tour | Azad BhawanBoys Hostel #paruluniversity #hosteltour #hostel #college ,College Clips075 ,2026-04-11T10:56:46Z
Parul University,hostel,hostel review,NM5Yss775p4,"Parul University Boys Hostel Tour 🏠 | Reality Check 😳 Full Room, Mess &amp; Life💯",PRAKHAR VLOGS ,2026-05-05T13:45:09Z
Parul University,hostel,hostel review,SnlxCgn3eyI,[PU Hostels] Tagore Bhawan – B | 3 Occupancy | AC and Non AC Hostel for Boys,Parul University,2021-05-04T07:14:39Z
Parul University,hostel,hostel review,WERadVMCXYM,Parul University Hostel Tour | Tagore Bhawan B Complete Tour #paruluniversity #hostel #college ,College Clips075 ,2026-05-10T14:02:55Z
Parul University,hostel,hostel review,gqc87UiTSFM,parul University hostel tour | atal bhavan hostel room. #parul #university,vani's steps,2022-09-23T14:04:57Z
Parul University,hostel,hostel review,aVj254srZAw,Tour of Tagore Hostel at Parul University | Modern Student Living &amp; Amenities,Parul University,2025-05-09T12:50:38Z
Parul University,hostel,hostel review,UQH3rttmM08,Inside Parul University Hostel — Real Review #lcc #real #review #parul #studentlife #gujarat #story,shiksha.com,2026-03-05T04:30:16Z
Parul University,hostel,hostel review,AM1LIZdTMjs,PU Hostel Room Tour 😧😯| Sassy Sharma |,Sassy Sharma,2025-07-26T07:12:30Z
Parul University,hostel,hostel review,lK5R8QjqFhM,[PU Hostels] Azad Bhawan | 8 Occupancy AC and Non AC Hostel,Parul University,2024-11-14T13:30:33Z
Chitkara University,hostel,hostel review,bCiZ2SwJD5A,Freshers Must Know About Chitkara University Hostel🤫|| That Ziddi girl,That Ziddi Girl,2025-01-17T12:30:38Z
Chitkara University,hostel,hostel review,ME4N98oFlAg,"🍽️ Chitkara Hostel Life: Mess, Rooms, Wifi &amp; More! #lightscameracampus",shiksha.com,2025-06-20T05:18:47Z
Chitkara University,hostel,hostel review,0qlEGBEvZ00,Chitkara University Hostel Rooms | 3 Types Of Room | PS9 Vlogs,PS9 Vlogs,2022-10-25T05:33:30Z
Chitkara University,hostel,hostel review,rNVBeTjwByc,"Chitkara University Reality Check 😱| Hostels, Fees, Placements | Full Reality #chitkarauniversity ",Udit College Reviews ,2025-12-14T08:03:17Z
Chitkara University,hostel,hostel review,-KVReiMBDRw,Freshers Must Watch👆🏻 | Chitkara University Rajpura | Detailed Video,Shaurya Singh Roolia,2022-08-02T12:30:01Z
Chitkara University,hostel,hostel review,JS4R63D_vDc,Chitkara University Hostel Room Tour🥴|| That Ziddi Girl,That Ziddi Girl,2025-02-11T11:15:01Z
Chitkara University,hostel,hostel review,6ZZ8ZOSB-xE,Chitkara University hostel dark reality || Hostel room review in himachal pradesh campus #hosteldays,313 wale,2025-05-26T16:52:09Z
Chitkara University,hostel,hostel review,3sHLQYIdG90,Hostel Essentials || What To Carry in Hostel For Freshers || Chitkara University || That Ziddi Girl,That Ziddi Girl,2025-05-05T06:30:02Z
Chitkara University,hostel,hostel review,7elEF0AVCNc,Hostel Tour || Freshers Must watch 👆🏻|| Chitkara University Rajpura,Hostel Vlogs,2024-08-02T03:45:00Z
Chitkara University,hostel,hostel review,Sh-QLsPXJzs,Chitkara University🥴 Hostel Room Tour🙆‍♀️💕 #explore #trending #chitkara#hostel|| That Ziddi Girl,That Ziddi Girl,2024-03-31T03:59:31Z
Alliance University,hostel,hostel review,hg5xDok1FqA,👀What no one tells about alliance university😭|full campus tour|experience|student life|education🌸 ,Harshy’s Aura🤍,2026-05-30T08:33:41Z
Alliance University,hostel,hostel review,hSeN0F8Vp2U,College hostel move in vlog|Alliance University Bangalore|Travel from Kerala to Bengaluru,Angelin Vlogs,2023-07-15T11:30:14Z
Alliance University,hostel,hostel review,E75b2qVqnSo,Mess foods in alliance university😗 #food #mess #college #hostel #university #alliance university,Harshy’s Aura🤍,2025-09-19T12:12:32Z
Alliance University,hostel,hostel review,yNC6Rm06hZA,"ALLIANCE UNIVERSITY, BANGALORE - Full Campus Tour | Watch Before you Join",Kavach Khanna,2022-05-01T05:01:06Z
Alliance University,hostel,hostel review,_K-spIaUwrg,Alliance University - Real Student&#39;s Review - Watch before you Join,Kavach Khanna,2024-01-17T07:34:09Z
Alliance University,hostel,hostel review,SgOYo_Rd2a4,Affordable Boys PG near Alliance University Bangalore | Single &amp; Double Sharing Rooms Tour,PG and Property Buzz,2024-07-05T16:34:45Z
Alliance University,hostel,hostel review,BaFZFhn_FGs,@AllianceUniOfcl Campus Tour 2025 | Unseen Footage &amp; Full Walkthrough,pro with propelld,2025-06-09T12:15:01Z
Alliance University,hostel,hostel review,nFVLaqxZDWw,Alliance University campus tour/girls hostel/mess/anekal-Bangalore ,Harshy’s Aura🤍,2025-09-15T11:48:59Z
Alliance University,hostel,hostel review,oAPzRXS1jzk,Alliance University Student Life: Campus Tour &amp; Real Stories,pro with propelld,2025-06-17T12:15:19Z
Alliance University,hostel,hostel review,QernHhAWeeA,"Alliance University Bangalore Review : Courses, Fees, Ranking, Placements",shiksha.com,2023-02-09T08:30:05Z
IIIT Hyderabad,hostel,hostel review,lHdZVH-q1qw,[EXCLUSIVE] IIIT Hyderabad Freshers Hostel Tour BITS Pilani 🔥,Phodu Club,2026-06-09T04:30:04Z
IIIT Hyderabad,hostel,hostel review,5JLh9Y3MgFo,IIIT Hyderabad Hostel Tour | First time in తెలుగు | IIIT Hyderabad Campus Tour,IITian తెలుగు Vlogs,2025-01-29T12:30:06Z
IIIT Hyderabad,hostel,hostel review,nk2uQvBvPmk,"IIIT Hyderabad Student Life EXPOSED! 🎙️ Hostel Struggles, DSA Grind &amp; Real Placements | Podcast",VectorX Academy,2025-06-21T15:18:13Z
IIIT Hyderabad,hostel,hostel review,aL_QJtMv8PI,IIIT Hyderabad College Review 2025 : Truth About Placements &amp; Campus Life,Prabhat Ranjan,2025-11-07T06:30:01Z
IIIT Hyderabad,hostel,hostel review,cFgec-0jbZ4,🏠 IIIT Hyderabad Hostel Room Tour | Palash Niwas (OBH) | iiit hyderabad hostel tour| CHAL BE INDORI,Chal Be Indori ,2025-07-25T17:55:36Z
IIIT Hyderabad,hostel,hostel review,aj_WyzR2arc,IIIT Hyderabad Freshers&#39; Introduction 2022 | Decore | Felicity&#39;23,"Felicity, IIIT Hyderabad",2023-01-25T14:30:10Z
IIIT Hyderabad,hostel,hostel review,RKmcqK5_FQk,IIIT Hyderabad Review in One Minute 🔥 #shorts #iiitmotivation #iiithyderabad,Ritik Meghwani,2022-07-09T15:30:13Z
IIIT Hyderabad,hostel,hostel review,jREMkni4MBw,"JEE Advanced Topper, Chose IIIT Hyderabad 🔥🥵  IIT Motivation status   IIT Status #shorts #iitbomba",Esaral Fanclub,2025-01-12T03:25:43Z
IIIT Hyderabad,hostel,hostel review,IW_eCHYMBf8,IIIT Hyderabad Hostel Tour,Sailendra,2019-03-06T19:11:05Z
IIIT Hyderabad,hostel,hostel review,SevHtRimHYI,"💥 All About IIIT Hyderabad 2025 | Fees, Ranking, Placement &amp; Admission Process! #IIIT",Careers360,2025-05-19T11:43:13Z
IIIT Bangalore,hostel,hostel review,43FK2OLlEqA,Hostel room IIIT Bangalore | life after GATE  #gateexam,GateWith_HARIS,2025-09-17T16:58:35Z
IIIT Bangalore,hostel,hostel review,ZbJVk7G4Lac,IIIT Bangalore Hostel Details |,Prabhat Ranjan,2025-12-21T14:30:34Z
IIIT Bangalore,hostel,hostel review,wrwgr0po_3E,IIIT Bangalore Review in One minute 🔥  #shorts #iiit #iit #jeemains2022 #iitmotivation,Ritik Meghwani,2022-08-10T16:00:08Z
IIIT Bangalore,hostel,hostel review,rbYiaLH-Z0A,IIIT BANGALORE Campus Tour | Hostel | Mess | Sports | Placement | Vlog | Room | JEE 2025 Cut Off,Vinit Kumar [ IIT BOMBAY ],2025-03-29T12:30:50Z
IIIT Bangalore,hostel,hostel review,S83aCgXBluc,IIIT Bangalore Complete Review | Placements | Hostel | Mess | Curriculum | Maitri Trivedi,Mansi Somani,2025-05-18T12:10:15Z
IIIT Bangalore,hostel,hostel review,g0IUfFMuiME,IIIT Bangalore Mess food delicious food | Special food,GateWith_HARIS,2025-08-20T08:11:43Z
IIIT Bangalore,hostel,hostel review,aMMBYKh3-xM,"💥 All About IIIT Bangalore 2025 | Fees, Ranking, Placement &amp; Admission Process! #IIIT",Careers360,2025-05-27T12:28:10Z
IIIT Bangalore,hostel,hostel review,aMSp_s66ErI,IIIT Bangalore college review 2025 : Truth About Placements &amp; Campus  Life,Prabhat Ranjan,2025-11-09T06:30:00Z
IIIT Bangalore,hostel,hostel review,7NpC-qVPTwQ,IIIT Bangalore Hostel &amp; Sports Tour | First time in తెలుగు | IIIT Bangalore Campus Tour,IITian తెలుగు Vlogs,2024-12-14T12:30:14Z
IIIT Bangalore,hostel,hostel review,OoeBbYU-rHo,"IIIT Bangalore Full Review 2026 🔥 Fees, Placements, Hostel, Reality Check",Royal Parth Vlogs,2026-02-08T05:49:53Z
IIIT Delhi,hostel,hostel review,5lU_JhJqgGM,IIIT Delhi Detailed Hostel Tour 2020 | All Hostels Infrastructure | Hostel of Engineering Colleges,Hustle With Harman,2020-02-11T06:30:01Z
IIIT Delhi,hostel,hostel review,JWKQxxSq03s,IIIT-D 24 hrs Hackathon | Campus tour | Boys Hostel tour,Rishabh IRL,2026-03-20T20:12:44Z
IIIT Delhi,hostel,hostel review,ra9Rytr21Qw,#iiit_delhi hostel room.#iiit,365 DAYS WITH ROBIN,2023-06-19T04:48:05Z
IIIT Delhi,hostel,hostel review,c2AtLads6ME,my hostel room 🤯 fun college day at IIIT Delhi,Aditri Paweria,2025-09-10T12:30:06Z
IIIT Delhi,hostel,hostel review,n46-KTF7F3A,IIIT Delhi Honest College Review #iiit #iiitdelhi #engineering #iitjee #college #iitmotivation #jee,Kampus Katha,2024-10-03T12:53:26Z
IIIT Delhi,hostel,hostel review,6IgFZ1B7WkI,IIIT Delhi College Review 2025: Truth About Placements &amp; Campus Life,Prabhat Ranjan,2025-11-08T06:30:03Z
IIIT Delhi,hostel,hostel review,JdJ6_u2r6ao,Welcome to my 5 star room 😋!! | IIIT-DELHI,Abhijay Sharma,2026-04-20T01:45:05Z
IIIT Delhi,hostel,hostel review,RnC25AMLIAo,"Finally in IIIT Delhi, Campus Tour and First Impression #shorts #iiitdelhi #tour #vlsi #campus #vlog",The PadhaiKar,2025-08-17T17:38:53Z
IIIT Delhi,hostel,hostel review,Ffqb7TSiQIk,My Hostel Room at IIITD #shorts #iiitd,Engineer Bhagat,2023-09-02T06:45:21Z
IIIT Delhi,hostel,hostel review,OsPjOcJ_FVk,IIIT Delhi Hostel Rooms,GauravsTV,2022-07-03T12:31:00Z
IIIT Allahabad,hostel,hostel review,b6x_-baPcDE,"IIIT Allahabad Hostel Tour 🏠 | Freshers&#39; Boys &amp; Girls Hostel | Rooms, Washrooms, Gym &amp; More! | RKRJ7",RKRJ7,2025-06-01T13:59:36Z
IIIT Allahabad,hostel,hostel review,CR9P6rM0H9o,IIIT Allahabad College Review | In Short,Apna College,2023-03-15T06:24:50Z
IIIT Allahabad,hostel,hostel review,XjD0ity39n0,IIIT Allahabad Hostel Reality 😳 | Full Room &amp; Washroom Tour | IIIT ALLAHABAD,IIITian Shiva,2026-05-11T01:30:06Z
IIIT Allahabad,hostel,hostel review,Hqbjehqhe5g,"IIIT A Hostel Tour🔥|| Hostel Of Engineering College😊|| Gym |Washroom| Room, Everything about Hostel",HKT [IIIT A] ,2021-11-01T06:41:39Z
IIIT Allahabad,hostel,hostel review,Nksz7qGoa-Q,#IIITA ❤️🔥🔥IIIT ALLAHABAD BH3 hostel room,Stash100,2022-11-03T08:48:36Z
IIIT Allahabad,hostel,hostel review,QsgmvoR8K_0,IIIT Allahabad CSE or 2nd Gen IITs - Where to Go?? #iitjee #jeemains,Nishant Jindal [IIT Delhi],2025-02-04T14:30:11Z
IIIT Allahabad,hostel,hostel review,Ha0lIJF9ct8,"Life at IIIT Allahabad – Reality of Placements, Coding &amp; Hostel Life | Campus Podcast",College Insider ,2026-02-15T02:59:29Z
IIIT Allahabad,hostel,hostel review,0rglXi8tri4,Mini Vlog 1 || IIIT ALLAHABAD || #hostellife #mtech #iiitallahabad,IIITian Shiva,2023-06-12T07:15:23Z
IIIT Allahabad,hostel,hostel review,GKhVFb4GHCQ,IIIT Allahabad Review in One minute 🔥  #shorts #iiit #iit #jeemains2022 #iitmotivation,Ritik Meghwani,2022-08-04T16:30:11Z
IIIT Allahabad,hostel,hostel review,wCaZ7b9uegw,IIIT Allahabad coding culture#viral #shorts #ssvlogs #iiita #iiitallahabadplacement#coding#status,IIITian Shiva,2022-09-13T17:56:57Z
IIIT Gwalior,hostel,hostel review,T_NcTG5eLtI,"IIIT Lucknow Vs IIIT Gwalior Which is Better? Average Package, Fee Structure, Highest Placement",Ujjwal Kumar Sen Clips,2022-12-24T12:00:21Z
IIIT Gwalior,hostel,hostel review,VBvj14aeA3M,IIITM Gwalior College Review in One minute 🔥  #shorts #iiit #iit #jeemains #iitmotivation,Ritik Meghwani,2022-09-06T16:00:10Z
IIIT Gwalior,hostel,hostel review,D1dfNZFROhY,IIIT HOSTEL ROOM TOUR | IIITM GWALIOR | COST? | DO AND DONTS,Raghav Bagdi,2025-06-23T08:06:19Z
IIIT Gwalior,hostel,hostel review,93pDp_AvvtQ,IIITM GWALIOR Hostel Review 🏨🔥 | Rooms &amp; Facilities,Prabhat Ranjan,2025-12-20T14:30:05Z
IIIT Gwalior,hostel,hostel review,noCOcG7GZI8,"My Engineering hostel room at ABV-IIITM Gwalior, India",Balaji Rao,2022-11-01T10:53:27Z
IIIT Gwalior,hostel,hostel review,aOpUx4qisGg,IIITM Gwalior Review🔥Better?? Placement | Cutoff | Insiders | Campus | Hostel | Pros &amp; Cons,CollegeTpoint by Counselling guruji,2025-01-12T13:45:00Z
IIIT Gwalior,hostel,hostel review,pMTWV2DIlho,IIITM Gwalior: Everything You Need to Know 😃 #jee #jeemains #jeeadvanced #shorts #education #iit,Vedantu JEE Made Ejee,2025-03-11T07:31:31Z
IIIT Gwalior,hostel,hostel review,CLLJ26bFbrA,"GIRLS HOSTEL TOUR @ ABV-IIITM Gwalior | Rooms, Mess, Washrooms",Anika Kanade,2026-05-10T15:23:06Z
IIIT Gwalior,hostel,hostel review,axVzMBs_hAA,IIITM Gwalior Review 2025 | Better Than Top NITs?😱 | Placements | Cutoff | Campus | Hostel | Fees,Sahil Gohri,2025-12-04T13:30:10Z
IIIT Gwalior,hostel,hostel review,2bDz9lb58e4,IIIT gwalior | IIIT-M | Admission + Placements + Everything else | Comparison with other IIIT&#39;s,deepanshu g7,2021-10-03T09:12:18Z
IIIT Lucknow,hostel,hostel review,_rc5E9qIRWA,Hostel Life • IIIT LUCKNOW • First time in Hostel!!! 😱,Harshita,2024-08-26T16:08:22Z
IIIT Lucknow,hostel,hostel review,te-EYrs8uVI,IIIT Lucknow Hostel,Steins,2022-09-25T11:04:53Z
IIIT Lucknow,hostel,hostel review,29Q_UgIFlfA,"IIIT Lucknow, Campus Tour 2021 #hostel #iiitlucknow #iiitl #2021 #shorts",Zainab Fatima,2021-12-03T13:50:22Z
IIIT Lucknow,hostel,hostel review,fNJn4hxcT8E,IIIT Lucknow Review in One Minute 🔥 #shorts #iiitmotivation #iiitlucknow,Ritik Meghwani,2022-08-23T14:41:47Z
IIIT Lucknow,hostel,hostel review,NicyKiEQ9ZE,"IIIT LUCKNOW Honest Review 2026 – Placements, Campus &amp; Student Life",Prabhat Ranjan,2026-01-12T06:30:26Z
IIIT Lucknow,hostel,hostel review,jnnBCyT2pKk,What&#39;s inside the Hostel Life of IIIT Lucknow 🥲,Prabhat Ranjan,2026-01-19T12:31:06Z
IIIT Lucknow,hostel,hostel review,cXBZmoeLojg,🌟 Campus Life at IIIT Lucknow | Student Experience #LCC #campuslife #fun #studentlife  #trending,shiksha.com,2025-08-29T15:30:33Z
IIIT Lucknow,hostel,hostel review,EwjRfTf5k9E,#IIITLucknow #hostel #hostellife #collegelife #campus #lucknow #iit #iitjam2024 #mess,Sakshi vedi,2024-08-25T10:17:39Z
IIIT Lucknow,hostel,hostel review,Sfcd7ljI5J8,IIIT Lucknow College Review | Better then IIT ? | Campus | Hostel | Cut off | Fee | 2026,Victor Bharadwaj,2026-03-06T16:05:36Z
IIIT Lucknow,hostel,hostel review,6NhIsgxVGMs,Games(boys) in IIIT Lucknow #apnacollage,Universe Ahead,2022-09-29T06:06:42Z
IIIT Jabalpur,hostel,hostel review,Ev2MHQrGqQc,IIIT Jabalpur Review 2025 | Better than IITs?🔥 | Placements | Campus | Cutoff | Hostel,Sahil Gohri,2025-12-10T13:30:29Z
IIIT Jabalpur,hostel,hostel review,Z3PwqWpUqQc,Biryani in IIIT Jabalpur 🍛#studentlife #iiit #hostellife #studyvlog #collegelife #dailyvlog #shorts,Apana Safar ,2025-10-08T14:15:52Z
IIIT Jabalpur,hostel,hostel review,WJGS51B--tU,1st Year Boys Hostel - IIIT Jabalpur | Hall-3 Aryabhatta Hostel,IIITians Vines (IIIT-J),2024-07-25T05:58:39Z
IIIT Jabalpur,hostel,hostel review,6-DFo_A8S6Q,IIITDM JABALPUR Hostel Review 🏨🔥 | Rooms &amp; Facilities,Prabhat Ranjan,2025-12-18T14:30:04Z
IIIT Jabalpur,hostel,hostel review,-4gBHk_dda0,Best hostel of IIIT Jabalpur | ARYABHATTA HOSTEL | 1st year boys hostel | HOSTEL TOUR,Yash [IIIT-J],2025-06-10T13:19:31Z
IIIT Jabalpur,hostel,hostel review,86QdoznxjsI,IIITDM Jabalpur College Review : Truth About Placements &amp; Campus  Life,Prabhat Ranjan,2025-11-12T06:30:12Z
IIIT Jabalpur,hostel,hostel review,2Tp5ZQbxbfE,Explore Maa Saraswati Girls Hostel 🏠 | IIIT Jabalpur Campus Tour 🎓 | Student Life &amp; Facilities 🌟,Ace with Aiswarya ,2024-08-10T06:00:01Z
IIIT Jabalpur,hostel,hostel review,mHHHPtJk0yQ,3rd Year Boys Hostel Room - IIIT Jabalpur | Panini Hostel,IIITians Vines (IIIT-J),2024-07-26T07:47:10Z
IIIT Jabalpur,hostel,hostel review,jW44H-nCKOQ,"Ep.4  Journey to IIIT Jabalpur | IIIT Jabalpur Admission Process, Hostel Setup | Indian Coffee House",Life Around Swati,2025-09-02T02:00:45Z
IIIT Jabalpur,hostel,hostel review,Ub7feV7vyS4,Top 5 IIITs according to Placement and Fees✅✅#jee #jee2025 #iitjee #iiits #iiitjabalpur #jeemains,Vedantu JEE Made Ejee,2024-10-05T07:30:08Z
IIIT Kottayam,hostel,hostel review,_DOf_GekvxQ,Inside All Boys Hostels of IIIT Kottayam 2025 🏠| Full Campus Hostel Tour (Cinematic + Fun) in 4K 🎥!,ItsHarsha,2025-08-12T13:19:54Z
IIIT Kottayam,hostel,hostel review,VDwTfPovneo,IIIT Kottayam Hostel | Hostel tour of IIIT Kottayam | Hostel at IIIT | IIT Motivation,Omi Vaish [IIIT-K],2023-06-10T18:32:06Z
IIIT Kottayam,hostel,hostel review,8ruQKW0_LXo,"IIIT Kottayam Honest Review 2026 | Placements, Fees, Hostel Reality &amp; Cutoffs 🔴",ItsHarsha,2026-06-01T06:30:10Z
IIIT Kottayam,hostel,hostel review,vNChsElY8y8,Day in the Life at IIIT Kottayam | Engineering Hostel Life Vlog,ItsHarsha,2026-01-15T14:31:01Z
IIIT Kottayam,hostel,hostel review,7aPT9ob1V8E,IIIT Kottayam Campus Tour 2025 🔥 | Full College Walkthrough for JEE Mains Students,ItsHarsha,2025-08-07T14:05:14Z
IIIT Kottayam,hostel,hostel review,VMVB4ccZVHE,"IIIT Kottayam Hindi College Review 2026 | Placements, Cutoff, Fees, Hostel, admissions..|",HACKOVERSE EDU,2026-02-13T14:30:22Z
IIIT Kottayam,hostel,hostel review,0ri8L0P9VUY,IIIT Kottayam Hostel Clean Water #cleanwater #iiit #jee #josaa #nta #iit #nit,Swarmila Solana,2025-09-15T10:21:20Z
IIIT Kottayam,hostel,hostel review,0jTj67Y_W2k,My hostel room/ Kottayam🥰🥰🥰,Charming Girl,2022-11-27T17:12:18Z
IIIT Kottayam,hostel,hostel review,sG6fEErbAHs,IIIT Kottayam in the Monsoon! God&#39;s Own Country | Kerala | IIITK Campus #iiitkottayam #iiit,SANJAY ,2023-07-03T14:59:23Z
IIIT Kottayam,hostel,hostel review,1nlf2XTTiF8,Hostel and Mess Review-IIIT Kottayam #iit #nit #iiit #jeemains #collegetour #collegereview #advanced,HACKOVERSE EDU,2025-10-24T16:30:01Z
BITS Pilani,hostel,hostel review,Brm9AEMR_CM,BITS Pilani Hostel Tour 🛏️ | Real Student Life Inside! #bitsat2025 #bitspilani #bitspilanihosteltour,Ankit-BITS PILANI,2025-07-26T17:00:29Z
BITS Pilani,hostel,hostel review,OHN-gBhy2hg,1st Year Hostel &amp; Mess Tour of BITS Pilani | SR Bhawan Official Tour Video,Yatharth Gairola,2023-05-28T12:30:08Z
BITS Pilani,hostel,hostel review,CL5c0zHUglw,Old vs New Hostels of BITS Pilani | Hostel Life of BITS Pilani Revealed - Worst vs Best,Yatharth Gairola,2023-06-25T12:30:12Z
BITS Pilani,hostel,hostel review,JPe_NUJvl_o,What inside Hostel Rooms at BITS PILANI ?? #bitspilani #bitspilanihostel #bitsat2025 #bitshyderabad,Ankit-BITS PILANI,2025-01-18T10:30:09Z
BITS Pilani,hostel,hostel review,FUlSwy-nzLc,What will you get in BITS PILANI hostel room ? 🤔 #bitspilani #bitsat #hostelroom #messfood #bitsgoa,Ankit-BITS PILANI,2024-06-07T06:31:27Z
BITS Pilani,hostel,hostel review,9IuoG-1FKVE,"Girls Hostel at BITS Pilani, Pilani Campus | Meera Bhawan | Hostel and Room Tour | Anisha Nandimath",Anisha Nandimath,2022-07-11T17:05:36Z
BITS Pilani,hostel,hostel review,uXn85kgphuA,BITS Pilani College Review | In Short,Apna College,2023-02-11T14:56:02Z
BITS Pilani,hostel,hostel review,VItqaivC_7E,BITS Pilani ka ASLI SACH!!🔥| Worth it in 2025?😱,Yash Garg,2025-05-03T11:30:23Z
BITS Pilani,hostel,hostel review,9HWOwk6sLq4,BITS Pilani in 1 Min | Inside BITS Pilani | Arvind Kalia Sir | @JEEVedantu  #shorts #bitspilani,Vedantu JEE,2022-11-25T06:00:06Z
BITS Pilani,hostel,hostel review,llJHCCizW5o,Girls Hostel Room tour at BITS PILANI #bitsat2025 #bitspilani #girlshostel #roomtour #girlsroom,Ankit-BITS PILANI,2025-07-27T05:41:12Z
BITS Goa,hostel,hostel review,PpLGqApCoXk,"Luxury Boys Hostels of BITS Goa! 🔥 Better than IITs, NITs?",Phodu Club,2026-04-26T14:30:16Z
BITS Goa,hostel,hostel review,vwS6F6enYKA,HOSTEL TOUR - BITS GOA | BITS PILANI CAMPUS LIFE | CURIOUS HARISH,Curious Harish,2020-01-16T06:58:59Z
BITS Goa,hostel,hostel review,rF4zr-Fvjek,My Second Year Hostel Tour | Meeting Freshers | BITS GOA,Blizz Uncut,2025-08-12T12:31:07Z
BITS Goa,hostel,hostel review,4mqK88zh6Hc,*LUXURY* Girls Hostel Tour of BITS Goa🔥| Hostel or Castle?? | Better than IITs NITs | Kushal Sarkar,Kushal Bhaiya,2023-05-02T03:30:01Z
BITS Goa,hostel,hostel review,A_Bzv1PGrOE,"Luxury Boys Hostels of BITS Goa! | Better than IITs, NITs?",Dhruva Pai Angle,2025-04-21T13:06:24Z
BITS Goa,hostel,hostel review,Ezcl9WU7RBs,Luxurious boys hostel and mess of BITS GOA,Talks at BITS ,2026-04-18T06:13:22Z
BITS Goa,hostel,hostel review,8ZDHhf-RPOg,BITS GOA Hostel Room Tour || My First Year Hostel at BITS Goa,Raj Advice,2023-08-22T12:00:50Z
BITS Goa,hostel,hostel review,e_eZBePkd60,*Realistic* Hostel room tour of BITS Goa 🔥,Kushal Bhaiya,2025-03-22T11:30:32Z
BITS Goa,hostel,hostel review,sNO5pibczTI,BITS Goa Hostel life | My experience | Nikhil Sheoran,Nikhil Sheoran,2023-02-28T04:30:14Z
BITS Goa,hostel,hostel review,QKOTAVd1rY8,Luxury Girls hostel tour BITS GOA | BITS PILANI GOA CAMPUS ,Talks at BITS ,2026-05-10T11:53:22Z
BITS Hyderabad,hostel,hostel review,tIfP0rirANE,Gaytam hostel tour l freshers hostel of BITS HYDERABAD,Talks at BITS ,2026-01-02T07:25:42Z
BITS Hyderabad,hostel,hostel review,kAMvMTNgjfI,Bits Hyderabad College Review 🤩 | All About BITS PILANI HYDERABAD,Pratham Jiwnani,2023-07-13T12:05:13Z
BITS Hyderabad,hostel,hostel review,RbdgzUoHrfA,"BITS PILANI CAMPUS🔥, HYDERABAD, BITS HOSTEL🏢, MESS🍽️, STUDENT LIFE🕺. All you need to know",Campus Chat,2022-07-17T08:19:42Z
BITS Hyderabad,hostel,hostel review,o_ERZvx7cU8,*BITS PILANI* Honest Review In తెలుగు🔥|| Best Private College? Placements?,Harsha Verse,2024-05-27T12:46:06Z
BITS Hyderabad,hostel,hostel review,XRaFEPaiWAc,Luxury Hostels of BITS Hyderabad✨ | BITSAT 2026 | BITSian Baava,BITSian Baava,2025-11-11T11:30:26Z
BITS Hyderabad,hostel,hostel review,nkXtl0g4Yso,BITS Pilani Hyderabad Campus - Official Campus Tour,Yatharth Gairola,2023-04-09T12:30:12Z
BITS Hyderabad,hostel,hostel review,pf-8ExJ46ms,Amazing Hostels of BITS PILANI All Campuses | Hostel tour of BITS PILANI | BITS GOA | BITS HYDERABAD,Pratham Jiwnani,2023-03-02T07:13:16Z
BITS Hyderabad,hostel,hostel review,1RORMaQIgv4,"BITS Pilani, Hyderabad - Official Campus Tour",BITS  Pilani Hyderabad Campus,2026-04-28T12:57:40Z
BITS Hyderabad,hostel,hostel review,lkUI27glW5U,"BITS Hyderabad Auditorium Tour | Library, Sports &amp; Hostel Vlog | IITian తెలుగు Vlogs",IITian తెలుగు Vlogs,2025-12-13T12:31:14Z
DTU Delhi,hostel,hostel review,c5uJDIMua70,"DTU Hostel Tour 👌 | Kis - Kis Ko Hostel Milta he ?, FEE, Mess, Hostel Life, Rules etc. ✔ #jee #dtu",Imvinay ,2024-04-08T13:51:45Z
DTU Delhi,hostel,hostel review,eT8X3FZPHTI,"DTU Boys Hostel Tour 2025 | MBA,M.tech &amp; B.tech Hostel rooms | Fees, Mess Hostel life #dtu #jee #mba",Being Uttu,2025-05-25T12:47:34Z
DTU Delhi,hostel,hostel review,7x9tD3p9JK4,"DTU vs NIT Delhi: Which is better? Compare Ranking, Courses, Salary, Campus, Alumni #dtu #nitdelhi",shiksha.com,2025-07-22T10:55:10Z
DTU Delhi,hostel,hostel review,lurjd5jJhFI,What&#39;s your choice? DTU or IGDTUW 🧐 #college #igdtuw #collegefest #shorts #youtubeshorts #dtu #fun,GrooveNexus College Festivals,2023-12-17T11:30:28Z
DTU Delhi,hostel,hostel review,q9qbDiT-CIs,"DTU B.Tech Fees 2025 💸 | Full Cost Breakdown: Tuition, Hostel, Mess!",Benzene Guy,2025-05-27T15:50:43Z
DTU Delhi,hostel,hostel review,R_Klg1qGUN0,10th and 12th marks of DTU Students Part- 2 😂🔥#jee#dtu#college#collegevlog#jee2024#pw#iit#shorts,JEE Nerds,2024-05-22T06:30:07Z
DTU Delhi,hostel,hostel review,gVdAieKpK-c,DTU Convocation&#39;23 | #dtu #engineering,Aditi and Anoushka,2023-11-21T05:16:18Z
DTU Delhi,hostel,hostel review,k9MU-3BcOPM,DTU GIRLS HOSTEL TOUR |❗EXCLUSIVE❗ | |BEST&amp;INFORMATIVE|DTU|ENGINEERING COLLEGE|,Akshit Santoshi,2023-01-21T12:19:27Z
DTU Delhi,hostel,hostel review,AZxB90vZ1kE,DTU vs IIITD vs NSUT🔥Which is better⁉️#jee#jee2025#iit#pw#shorts#dtu#nsut#iiitd#jacdelhi,JEE Nerds,2024-06-10T05:30:04Z
DTU Delhi,hostel,hostel review,c4eIe6XK_CM,DTU campus at 7 AM ❤️ | #dtu #engineering #collegelife,Aditi and Anoushka,2023-03-05T11:49:31Z
NSUT Delhi,hostel,hostel review,znSFW1fJdys,NSUT Hostel Tour || Detailed and Honest Review || Engineering Hostel Life,Aryan Mahendru,2024-05-06T05:40:33Z
NSUT Delhi,hostel,hostel review,Gs-7H20vcKs,Hostel Life at NSUT Delhi – What to Expect! 🎒#lightscameracampus,shiksha.com,2025-04-29T05:01:13Z
NSUT Delhi,hostel,hostel review,BQY0NxX67qM,"NSUT Delhi Reality | Placements, Campus, Hostel &amp; Truth in 2026! | By Kriti Shankar",Education Ji,2026-03-20T11:58:53Z
NSUT Delhi,hostel,hostel review,8iH2Mv3ZiMY,NSUT (previously NSIT) Hostel Reviews By Hostelers,Gani Agarwal [NSUT],2022-07-28T08:23:19Z
NSUT Delhi,hostel,hostel review,po0waEBuxts,"NSUT : My College | All about NSUT/NSIT - College Life, Placements, Hostel",Apna College,2023-04-27T17:21:38Z
NSUT Delhi,hostel,hostel review,KA7P5T_Zwoc,HOSTEL MESS at NSUT DELHI| FOOD FOR ORIENTATION CEREMONY,Sanjay Yadav,2022-11-15T15:10:40Z
NSUT Delhi,hostel,hostel review,LUAGWr35Q-c,NSUT HOSTEL 😍😍#hostellife #nsut #badmintonlover #delhi #dwarka #inside,NSUT 😍,2022-05-17T14:20:07Z
NSUT Delhi,hostel,hostel review,hlxWFweO0qw,NSUT Hostel Tour | Engineering Hostel Life🔥,Aryan Mahendru,2025-06-20T04:46:26Z
NSUT Delhi,hostel,hostel review,jTlCBMopfwU,NSUT Review in One minute 🔥  #shorts #nsut #nsit #jeemains2022 #iitmotivation,Ritik Meghwani,2022-08-03T07:30:12Z
NSUT Delhi,hostel,hostel review,qCTs6FBPcdk,"NSUT DELHI College Review 2026 | Placement, Fees, Campus, Reality Check 🔥",Prabhat Ranjan,2025-12-22T06:30:28Z
Punjab University,hostel,hostel review,Z_tFttY80lY,"PU Hostel Admission Process | step by step form filling| fees, merit, mess canteen everything",RJ SHUBHAM,2025-07-28T14:55:28Z
Punjab University,hostel,hostel review,_vplTg1RtvA,Hostel Review 21# Panjab university Chandigarh# Hostel charges and mess bill complete details#, Educare POM,2021-05-26T07:35:32Z
Punjab University,hostel,hostel review,nCmZTOnVkKI,"Panjab University Hostels: Fees, Food, &amp; Room Tour! 🏫 #shiksha",shiksha.com,2026-02-18T02:30:45Z
Punjab University,hostel,hostel review,8iNCRuW77lQ,Panjab University Hostel | Fees | Facilities | Hostel Life | Panjab University Chandigarh,Ankush Damara ,2024-08-26T13:04:19Z
Punjab University,hostel,hostel review,68uhkdwpRUA,Punjab University Hostels Explored: What You Need to Know |vlog| Muhammad Aqib,Muhammad Aqib,2023-09-29T06:34:50Z
Punjab University,hostel,hostel review,r5TN-3ikCEo,PANJAB UNIVERSITY HOSTELS REVIEW/GIRLS HOSTEL/2023/this_is_jahnvi,this_is_jahnvi,2023-05-31T19:33:13Z
Punjab University,hostel,hostel review,VyymbvoUGHA,"Punjabi University, Patiala OVERALL HOSTEL BUDGET AND P.G for students। ਹੋਸਟਲ ਤੇ P.G",Kirti,2024-05-18T12:56:12Z
Punjab University,hostel,hostel review,1OrwIfmDnR0,Girls Hostel 3🙂 Panjab University Chd#panjabuniversitychandigarh #hostel #hostellife #chandigarh,Bhanu Sharma,2023-10-07T07:57:43Z
Punjab University,hostel,hostel review,zMFMAqpn1hY,Your Guide To PU Hostels Admission | Panjab University Chandigarh Hostels | Hostels Fee ft. Lokeshna,Bibliophile Maniac aka Lokeshna Bulani,2024-12-30T13:27:48Z
Punjab University,hostel,hostel review,x9cGz5gh_8s,Panjab University Hostel Room Tour Girls Hostel 6 PU Hostel Fees #panjabuniversitychandigarh #pu,Bibliophile Maniac aka Lokeshna Bulani,2025-01-06T13:38:42Z
Guru Gobind Singh Indraprastha University,hostel,hostel review,qTyJAvod_9M,GGSIPU Hostel Tour | Hostel Life | USICT | IPU,Piyush Mathur,2022-09-18T11:00:25Z
Guru Gobind Singh Indraprastha University,hostel,hostel review,inVBNwgHrw8,"GGSIPU CAMPUS TOUR | HOSTEL , MESS , CANTEEN , CLASS , SPORTS #ipu #ggsipu",Hemant Bhaiya Vlogs,2023-04-24T15:30:14Z
Guru Gobind Singh Indraprastha University,hostel,hostel review,2mkKjJRjif8,GGSIPU hostel campus,Teaching Jugad Official,2023-02-26T19:55:11Z
Guru Gobind Singh Indraprastha University,hostel,hostel review,VvuTsBLqTmU,"All About GGSIPU ( IP University ) 📚 Admission Process, Eligibility, Placements, Courses",Adda247 CUET,2024-06-08T05:15:01Z
Guru Gobind Singh Indraprastha University,hostel,hostel review,L2H__tEnzwM,GGSIPU CAMPUS TOUR || IP University || Careerthirst | Campus Tour || IPUCET,Career Thirst,2021-07-14T20:35:20Z
Guru Gobind Singh Indraprastha University,hostel,hostel review,oLZesYS27FA,"girls and boy hostel of indraprastha University of delhi sector 19,c dwarka",Amarjeet_pratik,2023-10-05T18:15:26Z
Guru Gobind Singh Indraprastha University,hostel,hostel review,GQjvy9K8eG8,"All about (GGSIPU) Indraprastha university DELHI - Fees, placement, courses, campus, admission etc.",Campus Safari,2023-03-20T08:59:00Z
Guru Gobind Singh Indraprastha University,hostel,hostel review,eP3v5hqjR9g,GGSIPU IS PRIVATE OR GOVT? | Commerce Bhaiya,Commerce Bhaiya,2024-03-12T15:21:53Z
Guru Gobind Singh Indraprastha University,hostel,hostel review,s_Uu68fYGl8,💥IP University BCA Course Details🎓GGSIPU BCA 2025 Fees &amp; Placements! #Shorts #BCA #GGSIPU #IPUCET,BCA Fundas by Sunstone,2024-11-14T05:30:23Z
Guru Gobind Singh Indraprastha University,hostel,hostel review,uFbUovyheJA,GGSIPU GIRLS HOSTEL,Anushka Tripathi,2026-03-12T21:13:04Z
Thapar Institute of Engineering and Technology,hostel,hostel review,xkxJbu9CayI,Hostel-O Tour 2023 | THAPAR UNIVERSITY,Jasveer World,2023-08-06T09:30:25Z
Thapar Institute of Engineering and Technology,hostel,hostel review,KhSxL2W8-GQ,Most expensive room of hostel M 🤑| Thapar University #shorts #college #minivlog,Aman Seth Vlogs,2024-07-30T10:07:42Z
Thapar Institute of Engineering and Technology,hostel,hostel review,ibf7hxGI2sI,Hostel N Tour || Thapar Institute of Engineering and Technology || Thapar Movie Club,Thapar Movie Club,2024-02-20T19:27:19Z
Thapar Institute of Engineering and Technology,hostel,hostel review,7sP99_mPwFI,Thapar University Patiala Hostel Highlights | Must-See! #hostellife #collegehostel #thaparuniversity,shiksha.com,2026-02-27T11:30:09Z
Thapar Institute of Engineering and Technology,hostel,hostel review,C_BUukzr3FQ,Hostel B||Thapar University,Raghav Bakshi,2022-08-24T11:36:16Z
Thapar Institute of Engineering and Technology,hostel,hostel review,t-BaSUgiP90,Hostel - M Complete Tour 2025 | Thapar University | Jasveer World,Jasveer World,2025-10-04T10:30:37Z
Thapar Institute of Engineering and Technology,hostel,hostel review,CvrpQet6ruk,Hostel O Thapar University,thapar insiders,2021-11-08T08:13:47Z
Thapar Institute of Engineering and Technology,hostel,hostel review,iOZP4WvklpU,Best Hostel Option for Freshers | Thapar University #shorts #thapar #hostel,Aman Seth Vlogs,2023-07-14T13:48:12Z
Thapar Institute of Engineering and Technology,hostel,hostel review,0xFJmNpuS6o,All about girls hostel N | Thapar University,Smilee Aggarwal,2024-01-07T08:35:00Z
Thapar Institute of Engineering and Technology,hostel,hostel review,49LNhBI3S-Y,Thapar University Vlog | Hostel Tour | Best Hostels In India | Detailed Review | Japneet Tech,Japneet Tech,2022-12-06T22:45:26Z
Birla Institute of Technology Mesra,hostel,hostel review,4W9aGn99r_8,BIT mesra review ❤️,Prabhat Ranjan Fan Page,2025-05-01T06:50:40Z
Birla Institute of Technology Mesra,hostel,hostel review,FcJiPqSkxEw,"BIT Mesra Hostel, Room &amp; Mess Tour | Food Quality Review",Mr Rishu Agg,2025-06-20T06:43:52Z
Birla Institute of Technology Mesra,hostel,hostel review,XjwDS0RKxN8,BIT NEW HOSTEL ROOM TOUR /@ajayhembrombitmesra  #bitmesra #ranchi #bit #youtubeshorts #shorts,Ajay Hembrom [BIT MESRA],2023-09-28T17:40:01Z
Birla Institute of Technology Mesra,hostel,hostel review,CmrtrSc6Wa4,BIT Mesra Ranchi Review: What students say? | Birla Institute of Technology Mesra Ranchi Placement,shiksha.com,2022-12-17T13:30:07Z
Birla Institute of Technology Mesra,hostel,hostel review,U9vE53NyhSA,BIT MESRA Review in 1 minute ❤️ #Shorts #bitmesra #iit #iitmotivation,Ritik Meghwani,2023-11-27T14:00:17Z
Birla Institute of Technology Mesra,hostel,hostel review,xenZuvTTpqA,BIT Mesra campus | Engineering College | IIT campus | hostel room | why you choose BIT Mesra,Born for Rides,2018-04-06T23:00:46Z
Birla Institute of Technology Mesra,hostel,hostel review,xMZBsl5MdNQ,Bit Mesra Review 2022 | Hostels | Placements |,Kripan Speaks,2022-09-01T11:06:25Z
Birla Institute of Technology Mesra,hostel,hostel review,6yobTE5K0JQ,BIT Mesra Hostel Rooms | Bit mesra hostel tour | Bit Mesra Hostel mess,Stryker,2025-07-29T11:45:42Z
Birla Institute of Technology Mesra,hostel,hostel review,E2opnAgJdQI,All about BIT Mesra✅✅#bit #bitmesra #bitsat #btech #jee #jeeaspirant #bits #mesra #btech #college,Vedantu JEE Made Ejee,2024-11-02T11:30:07Z
Ramaiah Institute of Technology,hostel,hostel review,KtKmb8Zl1nk,My College MSRIT Review | Cutoffs | Fees | Hostel | Campus | MSRIT Bangalore,Akash Badadani,2024-05-25T06:34:51Z
Ramaiah Institute of Technology,hostel,hostel review,N-zIs9B_zZA,MS Ramaiah Institute of Technology Hostel Life 🏠 | Real Student Review#LCC #hostellife #bangalore,shiksha.com,2026-03-06T04:30:21Z
Ramaiah Institute of Technology,hostel,hostel review,fIyK0Jf5MEM,Ramaiah Institute of Technology-MSRIT | BTECH Department | Campus Tour 2025 | Hostel Block &amp; Classes,Vaibhaw Siddharth,2025-03-13T04:20:32Z
Ramaiah Institute of Technology,hostel,hostel review,PwybyZSyh_E,Hostel! where we share our room with unknown people #hostellife #hostel #kannadashorts #memories,Thrupthi S,2023-10-26T07:53:02Z
Ramaiah Institute of Technology,hostel,hostel review,t8OGeQO8iXI,A day in my life| M S Ramaiah girl&#39;s hostel| #hostellife #adayinmylife #minivlog mini vlog #banglore,Momeena Siddiqui,2025-04-25T08:27:37Z
Ramaiah Institute of Technology,hostel,hostel review,xzp9Ezsr4U0,Ramaiah Institutions - MSRIT | Medical College | Blocks | Hostels | Canteens | Student Review,Alemari Ganesha,2023-02-28T14:00:11Z
Ramaiah Institute of Technology,hostel,hostel review,4q2ZFhJJ--E,"HOSTEL REVIEW OF MSRIT🔥| HOSTEL SCAMS😱😨| STANZA LIVING, MSR, FRERSHER&#39;S BLOCK | GYAAN VLOGS😁",Seth Ji’s Vlog,2021-09-16T09:30:10Z
Ramaiah Institute of Technology,hostel,hostel review,ZE2WEQ4vBl4,MSRIT Honest Reviews by Btech Student 🤯| MS Ramaiah College Reviews 😍| MS Ramaiah Bangalore | Comedk,Tauqeer Zakaria,2025-04-17T15:22:08Z
Ramaiah Institute of Technology,hostel,hostel review,2ZgfWgJg2iE,MS Ramaiah Institute of Technology (MSRIT) Bangalore – Honest College Review 2026,Prabhat Ranjan,2026-02-05T06:30:03Z
Ramaiah Institute of Technology,hostel,hostel review,a0byPxuRnTE,MS Ramaiah College Placement😮 | MSRIT College Placement | MS Ramaiah Student Review ✅ #msrit,College Khabri ,2025-02-21T06:50:50Z
Nirma University,hostel,hostel review,0A6YMlCk9uQ,Nirma University Hostel &amp; Room Tour 2024 | Boy &amp; Girls Hostel | #hostellife #hostellifevlog,Sagar gal,2024-04-20T17:18:24Z
Nirma University,hostel,hostel review,jwOQgsCvYlI,Girls hostel tour H4 FEAT: Nirma University,Vidushi Agarwal,2024-08-09T17:10:02Z
Nirma University,hostel,hostel review,vBQXc5ZRjjg,Inside Nirma University Hostel 🛏️🎓 | Honest Room Tour &amp; Facilities 🌿#LCC #shiksha #hostellife,shiksha.com,2026-02-28T17:01:26Z
Nirma University,hostel,hostel review,dfKDnM6jlGE,My dinner FEAT:Nirma University.       #shorts #college #hostel #naadaniyaan #trending,Vidushi Agarwal,2024-07-24T19:27:07Z
Nirma University,hostel,hostel review,Y7S39ObK_J4,hostel and pg near nirma/hostel near nirma university/pg near nirma university/Girls hostel nr nirma,College Incognito,2024-08-28T18:54:59Z
Nirma University,hostel,hostel review,8Im5Nyh7gFo,Hostel at NIRMA UNIVERSITY | HOSTEL H2 | #nirmauniversity,Crazy Sam ,2023-01-24T03:30:05Z
Nirma University,hostel,hostel review,Se5gZgR-jLw,NIRMA University for MBA? Honest Review 🔥| Placement | Fees | ROI | Hostel Reality ✅,Management Guy,2024-10-05T11:33:27Z
Nirma University,hostel,hostel review,HhPXEtOWrc8,"Nirma University Boys Hostel Tour 🏫🔥 Rooms, Facilities &amp; Real Student Life 😎🍽️#LCC #hostellife",shiksha.com,2026-04-29T02:30:11Z
Nirma University,hostel,hostel review,ZpzEsfB0vlk,Nirma University Boys Hostel Tour || MBA,Virendra Singh Rajput,2026-04-05T11:30:37Z
Nirma University,hostel,hostel review,efNL8Z-diUA,"NIRMA University Honest Review 2026 – Placements, Campus &amp; Student Life",Prabhat Ranjan,2026-01-02T06:30:19Z
MDU ROHTAK,hostel,hostel review,IpMi6jKtNmU,Mdu Hostel Admission 2024 || Mdu Hostel Admission Process || Mdu Hostel Tour || Mdu Hostel Fees 2024,Jassi Sheoran,2024-07-11T14:52:28Z
MDU ROHTAK,hostel,hostel review,gEfW5wgkWk8,MDU ROHTAK GIRLS HOSTEL|| Abhilasha girls complex #hostel #mdu ,jyoti jangra,2025-11-26T10:47:00Z
MDU ROHTAK,hostel,hostel review,sTT0WGGKGds,Hostel aane se pehle ye video jror dekh lena varna pachtaoge || MDU Hostel essential  #mdu #hostel l,jyoti jangra,2026-05-03T06:50:52Z
MDU ROHTAK,hostel,hostel review,EG2I_VfNEMk,Mdu Rohtak Boys Hostel Tour 😇 | Hostel Life,Sajit Khan Vlogs ,2023-10-07T16:46:00Z
MDU ROHTAK,hostel,hostel review,WF6_kVsAvQQ,MDU girls hostel // MDU hostel room // MDU hostel Life // Rohtak  // MDU campus,UGC Net Defence & strategic studies preparation,2022-01-08T04:25:15Z
MDU ROHTAK,hostel,hostel review,-9tXYrvNGac,Mdu Hostel Admission 2023 || Mdu Hostel Admission Process || Mdu Hostel Tour || Mdu Hostel Fees 2023,Jassi Sheoran,2023-07-24T15:56:57Z
MDU ROHTAK,hostel,hostel review,z2Ir41CmBgI,MDU HOSTEL ROOMS ROHTAK,"MDU,ROHTAK",2023-09-25T00:28:57Z
MDU ROHTAK,hostel,hostel review,b-AXve6T92w,“Reality of Hostel Life at MDU 😳 | What No One Tells You! 🔥,Kumkum Gahlot,2026-04-04T09:11:00Z
MDU ROHTAK,hostel,hostel review,clwmtGlxR_I,M.D.U. Hostel  All  Detailed  Tour 🏫#fullvlog #studentslife #hostellife #campus #information ,Aarti Boyat vlogs,2025-07-17T17:04:10Z
MDU ROHTAK,hostel,hostel review,kBGLnO1jH74,MDU Mess Tour 🤩 | Hostel food tour | #mdu #hostellife #messfood #foodvlog ✌,Engineer Nandu,2022-05-29T15:17:39Z
