video_id,university_name,category,topic,search_query,title,description,channel_name,upload_date,upload_year,views,likes,comment_count,duration,language,video_url,relevance_score,relevance_label,clean_title,clean_description,combined_text
WkkzXvo_tbE,Delhi University,rankings,NIRF,Delhi University NIRF,Top 10 North Campus Colleges of Delhi University in 2024 🔥 | NIRF RANKING DU COLLEGES 💯,Top 10 North Campus Colleges of Delhi University in 2024 | NIRF RANKING DU COLLEGES #cuet #delhiuniversity #csas #nta ...,Raj Unfiltered ,2024-08-08T17:13:52Z,2024,336,0,2,PT58S,unknown,https://www.youtube.com/watch?v=WkkzXvo_tbE,36,Relevant,Top 10 North Campus Colleges of Delhi University in 2024 🔥 | NIRF RANKING DU COLLEGES 💯,Top 10 North Campus Colleges of Delhi University in 2024 | NIRF RANKING DU COLLEGES #cuet #delhiuniversity #csas #nta .,Top 10 North Campus Colleges of Delhi University in 2024 🔥 | NIRF RANKING DU COLLEGES 💯 Top 10 North Campus Colleges of Delhi University in 2024 | NIRF RANKING DU COLLEGES #cuet #delhiuniversity #csas #nta .
nd3Bdz4B5WU,Tezpur University,rankings,NIRF,Tezpur University NIRF,🔴NIRF Ranking| Gauhati/Tezpur University Rank  | Important for all Exam,NIRF Ranking| Gauhati/Tezpur University Rank | Important for all Exam National Institutional Ranking framework has been ...,Easy Class By Binoy Satnami,2024-08-14T00:00:07Z,2024,85,11,0,PT5M40S,unknown,https://www.youtube.com/watch?v=nd3Bdz4B5WU,36,Relevant,🔴NIRF Ranking| Gauhati/Tezpur University Rank | Important for all Exam,NIRF Ranking| Gauhati/Tezpur University Rank | Important for all Exam National Institutional Ranking framework has been .,🔴NIRF Ranking| Gauhati/Tezpur University Rank | Important for all Exam NIRF Ranking| Gauhati/Tezpur University Rank | Important for all Exam National Institutional Ranking framework has been .
Nw8vJerkdJY,SRM Institute of Science and Technology,rankings,NIRF,SRM Institute of Science and Technology NIRF,Srm Institute of Science and technology in Chennai|Nirf ranking 2025|Ratings|placement in tamil,Srm institute of science and technology Location Course offering Facilities placement ratings Ranking full details in tamil ...,MK Trending Education,2025-12-23T03:30:31Z,2025,17,0,0,PT4M3S,unknown,https://www.youtube.com/watch?v=Nw8vJerkdJY,34,Relevant,Srm Institute of Science and technology in Chennai|Nirf ranking 2025|Ratings|placement in tamil,Srm institute of science and technology Location Course offering Facilities placement ratings Ranking full details in tamil .,Srm Institute of Science and technology in Chennai|Nirf ranking 2025|Ratings|placement in tamil Srm institute of science and technology Location Course offering Facilities placement ratings Ranking full details in tamil .
F-U1qeJTNTM,Jawaharlal Nehru University,rankings,NIRF,Jawaharlal Nehru University NIRF,#jnu Top Ranked University in India | Jawaharlal Nehru University | NIRF Ranking 2,Jawaharlal Nehru University Jawaharlal Nehru University | Top Ranked University in India | NIRF Ranking 2 #jnuuniversity Top ...,LearnEveryone,2023-11-22T06:53:12Z,2023,166,3,0,PT1M,unknown,https://www.youtube.com/watch?v=F-U1qeJTNTM,34,Relevant,#jnu Top Ranked University in India | Jawaharlal Nehru University | NIRF Ranking 2,Jawaharlal Nehru University Jawaharlal Nehru University | Top Ranked University in India | NIRF Ranking 2 #jnuuniversity Top .,#jnu Top Ranked University in India | Jawaharlal Nehru University | NIRF Ranking 2 Jawaharlal Nehru University Jawaharlal Nehru University | Top Ranked University in India | NIRF Ranking 2 #jnuuniversity Top .
-qc1_2RLRbA,Delhi University,rankings,NIRF,Delhi University NIRF,Top 10 Colleges of Delhi University | DU | Best Colleges | NIRF Ranking,Top Colleges of Delhi University | CUET - UG 2024 | NIRF Ranking JOIN OUR TELEGRAM CHANNEL: ...,Teach Me - CUET Exam,2024-04-19T11:55:11Z,2024,247,14,4,PT12M33S,unknown,https://www.youtube.com/watch?v=-qc1_2RLRbA,34,Relevant,Top 10 Colleges of Delhi University | DU | Best Colleges | NIRF Ranking,Top Colleges of Delhi University | CUET - UG 2024 | NIRF Ranking JOIN OUR TELEGRAM CHANNEL: .,Top 10 Colleges of Delhi University | DU | Best Colleges | NIRF Ranking Top Colleges of Delhi University | CUET - UG 2024 | NIRF Ranking JOIN OUR TELEGRAM CHANNEL: .
7kHBNkbsNdk,Indian Institute of Management,rankings,NIRF,Indian Institute of Management NIRF,NIRF 2024 Ranking for the Indian Institute of Management&#39;s #like #share #subscribe,NIRF 2024 Ranking for the Indian Institute of Management's #like #share #subscribe #iim #mba.,allaboutgyaan,2024-09-07T14:30:07Z,2024,268,3,0,PT40S,unknown,https://www.youtube.com/watch?v=7kHBNkbsNdk,30,Relevant,NIRF 2024 Ranking for the Indian Institute of Management's #like #share #subscribe,NIRF 2024 Ranking for the Indian Institute of Management's #like #share #subscribe #iim #mba.,NIRF 2024 Ranking for the Indian Institute of Management's #like #share #subscribe NIRF 2024 Ranking for the Indian Institute of Management's #like #share #subscribe #iim #mba.
xYL_Bgb0kKM,Delhi University,rankings,NIRF,Delhi University NIRF,🧬 CUET 2026 |  Delhi University 2025 | Preference List कैसे बनाए | NIRF Ranking के According,CUET 2026 | Delhi University 2025 | Preference List कैसे बनाए | NIRF Ranking के According Whether you're just ...,CUET Kalam,2025-06-13T08:08:40Z,2025,49,6,1,PT17M41S,unknown,https://www.youtube.com/watch?v=xYL_Bgb0kKM,30,Relevant,🧬 CUET 2026 | Delhi University 2025 | Preference List कैसे बनाए | NIRF Ranking के According,CUET 2026 | Delhi University 2025 | Preference List कैसे बनाए | NIRF Ranking के According Whether you're just .,🧬 CUET 2026 | Delhi University 2025 | Preference List कैसे बनाए | NIRF Ranking के According CUET 2026 | Delhi University 2025 | Preference List कैसे बनाए | NIRF Ranking के According Whether you're just .
SfLy8XbB1uk,Jamia Millia Islamia,rankings,NIRF,Jamia Millia Islamia NIRF,Top Ranked University in India | Jamia Millia Islamia | NIRF Ranking 3 #jamiamilliaislamia,Jamia Millia Islamia University Jamia Millia Islamia | Top Ranked University in India | NIRF Ranking 3 #jamiamilliaislamia Top ...,LearnEveryone,2023-11-24T05:20:15Z,2023,37,0,0,PT2M40S,unknown,https://www.youtube.com/watch?v=SfLy8XbB1uk,30,Relevant,Top Ranked University in India | Jamia Millia Islamia | NIRF Ranking 3 #jamiamilliaislamia,Jamia Millia Islamia University Jamia Millia Islamia | Top Ranked University in India | NIRF Ranking 3 #jamiamilliaislamia Top .,Top Ranked University in India | Jamia Millia Islamia | NIRF Ranking 3 #jamiamilliaislamia Jamia Millia Islamia University Jamia Millia Islamia | Top Ranked University in India | NIRF Ranking 3 #jamiamilliaislamia Top .
NIJ3ZlM3aHo,Mysore University,rankings,NIRF,Mysore University NIRF,"BBA, B.COM, MBA in IT, SUPPLY CHAIN, HR | University of Mysore NIRF Ranking 54 Naac A grade","Online MBA in IT, SUPPLY CHAIN, HR, FINANCE | University of Mysore NIRF Ranking 54 Naac A grade Online university of ...",CareerBugs,2023-02-20T11:16:42Z,2023,25,0,0,PT11M24S,unknown,https://www.youtube.com/watch?v=NIJ3ZlM3aHo,30,Relevant,"BBA, B.COM, MBA in IT, SUPPLY CHAIN, HR | University of Mysore NIRF Ranking 54 Naac A grade","Online MBA in IT, SUPPLY CHAIN, HR, FINANCE | University of Mysore NIRF Ranking 54 Naac A grade Online university of .","BBA, B.COM, MBA in IT, SUPPLY CHAIN, HR | University of Mysore NIRF Ranking 54 Naac A grade Online MBA in IT, SUPPLY CHAIN, HR, FINANCE | University of Mysore NIRF Ranking 54 Naac A grade Online university of ."
gmc5otLeeK8,Banaras Hindu University,rankings,NIRF,Banaras Hindu University NIRF,Banaras Hindu University | Top Ranked University in India | NIRF Ranking 5 #banarashinduuniversity,Banaras Hindu University Banaras Hindu University | Top Ranked University in India | NIRF Ranking 5 #banarashinduuniversity ...,LearnEveryone,2023-11-22T07:03:50Z,2023,53,2,0,PT2M3S,unknown,https://www.youtube.com/watch?v=gmc5otLeeK8,30,Relevant,Banaras Hindu University | Top Ranked University in India | NIRF Ranking 5 #banarashinduuniversity,Banaras Hindu University Banaras Hindu University | Top Ranked University in India | NIRF Ranking 5 #banarashinduuniversity .,Banaras Hindu University | Top Ranked University in India | NIRF Ranking 5 #banarashinduuniversity Banaras Hindu University Banaras Hindu University | Top Ranked University in India | NIRF Ranking 5 #banarashinduuniversity .
eS6cZl49Iec,VIT Vellore,rankings,NIRF,VIT Vellore NIRF,🔴Scam || NIRF Ranking 2023 Exposed 😤 || IS VIT Vellore better than IIT BHU ??#nirfranking2023,Scam || NIRF Ranking 2023 Exposed || IS VIT Vellore better than IIT BHU ??#nirfranking2023.,Akash Gupta [ NITP ],2023-06-06T04:30:09Z,2023,4233,0,26,PT57S,unknown,https://www.youtube.com/watch?v=eS6cZl49Iec,30,Relevant,🔴Scam || NIRF Ranking 2023 Exposed 😤 || IS VIT Vellore better than IIT BHU ?#nirfranking2023,Scam || NIRF Ranking 2023 Exposed || IS VIT Vellore better than IIT BHU ?#nirfranking2023.,🔴Scam || NIRF Ranking 2023 Exposed 😤 || IS VIT Vellore better than IIT BHU ?#nirfranking2023 Scam || NIRF Ranking 2023 Exposed || IS VIT Vellore better than IIT BHU ?#nirfranking2023.
cl2ng64bUI8,Jadavpur University,rankings,NIRF,Jadavpur University NIRF,#top10universityinindia Top Ranked University India | Jadavpur University | NIRF Ranking 10,Jadavpur University | Top Ranked University in India | NIRF Ranking 10 #jadavpuruniversity जादवपुर ...,LearnEveryone,2023-11-06T13:21:40Z,2023,106,2,0,PT1M,unknown,https://www.youtube.com/watch?v=cl2ng64bUI8,30,Relevant,#top10universityinindia Top Ranked University India | Jadavpur University | NIRF Ranking 10,Jadavpur University | Top Ranked University in India | NIRF Ranking 10 #jadavpuruniversity जादवपुर .,#top10universityinindia Top Ranked University India | Jadavpur University | NIRF Ranking 10 Jadavpur University | Top Ranked University in India | NIRF Ranking 10 #jadavpuruniversity जादवपुर .
2uAiIaKvSJU,Osmania University,rankings,NIRF,Osmania University NIRF,NIRF Rankings 2025: Osmania University Ranking Improved | V6 News,NIRF Rankings 2025: Osmania University Ranking Improved | V6 News Watch Todays Teenmaar Full Episode ...,V6 News Telugu,2025-09-04T12:35:00Z,2025,1544,9,1,PT1M46S,unknown,https://www.youtube.com/watch?v=2uAiIaKvSJU,30,Relevant,NIRF Rankings 2025: Osmania University Ranking Improved | V6 News,NIRF Rankings 2025: Osmania University Ranking Improved | V6 News Watch Todays Teenmaar Full Episode .,NIRF Rankings 2025: Osmania University Ranking Improved | V6 News NIRF Rankings 2025: Osmania University Ranking Improved | V6 News Watch Todays Teenmaar Full Episode .
-HQr0EhBY2w,Assam University,rankings,NIRF,Assam University NIRF,"Bengali desk - Assam University in the 101-150 rank band of NIRF, NIT Silchar ranked 40","Bengali desk - Assam University in the 101-150 rank band of NIRF, NIT Silchar ranked 40 #RRNews #reporterregnant ...",RR News ,2023-06-06T08:15:56Z,2023,27,0,0,PT1M30S,unknown,https://www.youtube.com/watch?v=-HQr0EhBY2w,30,Relevant,"Bengali desk - Assam University in the 101-150 rank band of NIRF, NIT Silchar ranked 40","Bengali desk - Assam University in the 101-150 rank band of NIRF, NIT Silchar ranked 40 #RRNews #reporterregnant .","Bengali desk - Assam University in the 101-150 rank band of NIRF, NIT Silchar ranked 40 Bengali desk - Assam University in the 101-150 rank band of NIRF, NIT Silchar ranked 40 #RRNews #reporterregnant ."
5JUyOWxh5Kk,Jadavpur University,rankings,NIRF,Jadavpur University NIRF,Jadavpur University | 3000rs/Year Fees🤯 | 1.8 CPA Highest Placements | WBJEE Exam | NIRF Ranking,Jadavpur University | 3000rs/Year Fees   | 1.8 CPA Highest Placements | WBJEE Exam | NIRF Ranking ...,CAREERKICK JEE,2023-03-22T09:07:22Z,2023,21334,836,17,PT34S,unknown,https://www.youtube.com/watch?v=5JUyOWxh5Kk,30,Relevant,Jadavpur University | 3000rs/Year Fees🤯 | 1.8 CPA Highest Placements | WBJEE Exam | NIRF Ranking,Jadavpur University | 3000rs/Year Fees | 1.8 CPA Highest Placements | WBJEE Exam | NIRF Ranking .,Jadavpur University | 3000rs/Year Fees🤯 | 1.8 CPA Highest Placements | WBJEE Exam | NIRF Ranking Jadavpur University | 3000rs/Year Fees | 1.8 CPA Highest Placements | WBJEE Exam | NIRF Ranking .
eVnejXICrNY,Ranchi University,rankings,NIRF,Ranchi University NIRF,ranchi university review addmission process available course NiRF ranking placement.,ranchi university review addmission process available course NiRF ranking placement. join WhatsApp group- ...,Helpers CUET preparation,2023-03-21T14:38:08Z,2023,163,3,8,PT5M9S,unknown,https://www.youtube.com/watch?v=eVnejXICrNY,30,Relevant,ranchi university review addmission process available course NiRF ranking placement.,ranchi university review addmission process available course NiRF ranking placement. join WhatsApp group- .,ranchi university review addmission process available course NiRF ranking placement. ranchi university review addmission process available course NiRF ranking placement. join WhatsApp group- .
2z4a3RjSbIM,Jadavpur University,rankings,NIRF,Jadavpur University NIRF,Jadavpur University | Top Ranked University in India | NIRF Ranking 10 #jadavpuruniversity,Jadavpur University | Top Ranked University in India | NIRF Ranking 10 #jadavpuruniversity जादवपुर ...,LearnEveryone,2023-11-05T11:13:44Z,2023,45,0,0,PT1M48S,unknown,https://www.youtube.com/watch?v=2z4a3RjSbIM,30,Relevant,Jadavpur University | Top Ranked University in India | NIRF Ranking 10 #jadavpuruniversity,Jadavpur University | Top Ranked University in India | NIRF Ranking 10 #jadavpuruniversity जादवपुर .,Jadavpur University | Top Ranked University in India | NIRF Ranking 10 #jadavpuruniversity Jadavpur University | Top Ranked University in India | NIRF Ranking 10 #jadavpuruniversity जादवपुर .
WwrY_wpZAc0,Jawaharlal Nehru University,rankings,NIRF,Jawaharlal Nehru University NIRF,Jawaharlal Nehru University | Top Ranked University in India | NIRF Ranking 2 #jnuuniversity,Jawaharlal Nehru University Jawaharlal Nehru University | Top Ranked University in India | NIRF Ranking 2 #jnuuniversity Top ...,LearnEveryone,2023-11-22T07:03:49Z,2023,28,2,0,PT1M56S,unknown,https://www.youtube.com/watch?v=WwrY_wpZAc0,30,Relevant,Jawaharlal Nehru University | Top Ranked University in India | NIRF Ranking 2 #jnuuniversity,Jawaharlal Nehru University Jawaharlal Nehru University | Top Ranked University in India | NIRF Ranking 2 #jnuuniversity Top .,Jawaharlal Nehru University | Top Ranked University in India | NIRF Ranking 2 #jnuuniversity Jawaharlal Nehru University Jawaharlal Nehru University | Top Ranked University in India | NIRF Ranking 2 #jnuuniversity Top .
Ha5RI4MGe7U,Jamia Millia Islamia,rankings,NIRF,Jamia Millia Islamia NIRF,#JMI Top Ranked University in India | Jamia Millia Islamia | NIRF Ranking 3,Jamia Millia Islamia University Jamia Millia Islamia | Top Ranked University in India | NIRF Ranking 3 #jamiamilliaislamia Top ...,LearnEveryone,2023-11-24T05:20:44Z,2023,87,2,0,PT1M,unknown,https://www.youtube.com/watch?v=Ha5RI4MGe7U,30,Relevant,#JMI Top Ranked University in India | Jamia Millia Islamia | NIRF Ranking 3,Jamia Millia Islamia University Jamia Millia Islamia | Top Ranked University in India | NIRF Ranking 3 #jamiamilliaislamia Top .,#JMI Top Ranked University in India | Jamia Millia Islamia | NIRF Ranking 3 Jamia Millia Islamia University Jamia Millia Islamia | Top Ranked University in India | NIRF Ranking 3 #jamiamilliaislamia Top .
Vj3lg_vxpxo,Andhra University,rankings,NIRF,Andhra University NIRF,Top 10 Engineering Colleges in Andhra Pradesh | AP Engineering Colleges | NIRF Ranking | NAAC Grade,Top 10 Engineering Colleges in Andhra Pradesh | AP Engineering Colleges | NIRF Ranking | NAAC Grade Edu9 हिंदी ...,Edu9 हिंदी,2025-01-12T05:30:11Z,2025,75,2,0,PT3M56S,unknown,https://www.youtube.com/watch?v=Vj3lg_vxpxo,29,Relevant,Top 10 Engineering Colleges in Andhra Pradesh | AP Engineering Colleges | NIRF Ranking | NAAC Grade,Top 10 Engineering Colleges in Andhra Pradesh | AP Engineering Colleges | NIRF Ranking | NAAC Grade Edu9 हिंदी .,Top 10 Engineering Colleges in Andhra Pradesh | AP Engineering Colleges | NIRF Ranking | NAAC Grade Top 10 Engineering Colleges in Andhra Pradesh | AP Engineering Colleges | NIRF Ranking | NAAC Grade Edu9 हिंदी .
VUbuh_WZ8LM,University of Hyderabad,rankings,NIRF,University of Hyderabad NIRF,University Of Hyderabad Review | Top Engineering College in Telangana as per NIRF Ranking #shorts,University of Hyderabad stood as 2nd Top engineering college in Telangana as per NIRF Rankings 2025 One of the top ...,Student Hub Telugu,2026-06-07T08:02:42Z,2026,963,3,0,PT13S,unknown,https://www.youtube.com/watch?v=VUbuh_WZ8LM,28,Relevant,University Of Hyderabad Review | Top Engineering College in Telangana as per NIRF Ranking #shorts,University of Hyderabad stood as 2nd Top engineering college in Telangana as per NIRF Rankings 2025 One of the top .,University Of Hyderabad Review | Top Engineering College in Telangana as per NIRF Ranking #shorts University of Hyderabad stood as 2nd Top engineering college in Telangana as per NIRF Rankings 2025 One of the top .
gFpEH_FEUoA,Delhi University,rankings,NIRF,Delhi University NIRF,🎓🔥 DU Ranking List 2025 | Top Delhi University Colleges Revealed! #DURanking2025  @ritikagogia5621,DU Ranking List 2025 | Top Delhi University Colleges Revealed! #DURanking2025 @ritikagogia5621 Delhi University (DU) is ...,Ritika  gogia,2025-09-07T15:55:54Z,2025,226,7,0,PT7S,unknown,https://www.youtube.com/watch?v=gFpEH_FEUoA,28,Relevant,🎓🔥 DU Ranking List 2025 | Top Delhi University Colleges Revealed! #DURanking2025 @ritikagogia5621,DU Ranking List 2025 | Top Delhi University Colleges Revealed! #DURanking2025 @ritikagogia5621 Delhi University (DU) is .,🎓🔥 DU Ranking List 2025 | Top Delhi University Colleges Revealed! #DURanking2025 @ritikagogia5621 DU Ranking List 2025 | Top Delhi University Colleges Revealed! #DURanking2025 @ritikagogia5621 Delhi University (DU) is .
iaqd6jcW6QM,Assam University,rankings,NIRF,Assam University NIRF,"Assam University, Silchar bagged the 97th position in NIRF ranking",Assam University (A Central University) Silchar bagged the 97th position in National Institutional Ranking Framework (NIRF) ...,AIR News Silchar,2025-09-04T16:18:33Z,2025,83,3,0,PT3M10S,unknown,https://www.youtube.com/watch?v=iaqd6jcW6QM,28,Relevant,"Assam University, Silchar bagged the 97th position in NIRF ranking",Assam University (A Central University) Silchar bagged the 97th position in National Institutional Ranking Framework (NIRF) .,"Assam University, Silchar bagged the 97th position in NIRF ranking Assam University (A Central University) Silchar bagged the 97th position in National Institutional Ranking Framework (NIRF) ."
kgaz-W6ZnHw,VIT Vellore,rankings,NIRF,VIT Vellore NIRF,#VIT Vellore Institute of Technology | NIRF Ranking 11 | Top Ranked Institute in India,Vellore Institute of Technology | Top Ranked Institute in India | NIRF Ranking 11 #vitvellore Top Ranked Institute in India | Vellore ...,LearnEveryone,2023-11-10T14:27:22Z,2023,286,8,0,PT1M,unknown,https://www.youtube.com/watch?v=kgaz-W6ZnHw,27,Relevant,#VIT Vellore Institute of Technology | NIRF Ranking 11 | Top Ranked Institute in India,Vellore Institute of Technology | Top Ranked Institute in India | NIRF Ranking 11 #vitvellore Top Ranked Institute in India | Vellore .,#VIT Vellore Institute of Technology | NIRF Ranking 11 | Top Ranked Institute in India Vellore Institute of Technology | Top Ranked Institute in India | NIRF Ranking 11 #vitvellore Top Ranked Institute in India | Vellore .
cKon-PCTj2M,Jadavpur University,rankings,NIRF,Jadavpur University NIRF,NIRF RANKING 2025::😱 Jadavpur University Rank 1 in State Public University #jadavpuruniversity,bongstudyhub #wbjee2026 #wbjee2025 #teachersday #jadavpuruniversity Download Our App Now: ...,Bong Study Hub,2025-09-05T08:02:20Z,2025,4122,207,15,PT59S,unknown,https://www.youtube.com/watch?v=cKon-PCTj2M,27,Relevant,NIRF RANKING 2025::😱 Jadavpur University Rank 1 in State Public University #jadavpuruniversity,bongstudyhub #wbjee2026 #wbjee2025 #teachersday #jadavpuruniversity Download Our App Now: .,NIRF RANKING 2025::😱 Jadavpur University Rank 1 in State Public University #jadavpuruniversity bongstudyhub #wbjee2026 #wbjee2025 #teachersday #jadavpuruniversity Download Our App Now: .
eDWDIK2Kkk8,Osmania University,rankings,NIRF,Osmania University NIRF,దిగజారిన ఓయూ ర్యాంక్ | Osmania University Rank Latest | NIRF Ranking 2023 | ManaTolivelugu,manatolivelugu #manatolivelugulatestnews #telangananews #JournalistRaghu దిగజారిన ఓయూ ర్యాంక్ ...,Mana ToliVelugu Tv,2023-06-06T05:45:01Z,2023,1961,53,7,PT2M47S,unknown,https://www.youtube.com/watch?v=eDWDIK2Kkk8,27,Relevant,దిగజారిన ఓయూ ర్యాంక్ | Osmania University Rank Latest | NIRF Ranking 2023 | ManaTolivelugu,manatolivelugu #manatolivelugulatestnews #telangananews #JournalistRaghu దిగజారిన ఓయూ ర్యాంక్ .,దిగజారిన ఓయూ ర్యాంక్ | Osmania University Rank Latest | NIRF Ranking 2023 | ManaTolivelugu manatolivelugu #manatolivelugulatestnews #telangananews #JournalistRaghu దిగజారిన ఓయూ ర్యాంక్ .
Uat4W4HivpA,Aligarh Muslim University,rankings,NIRF,Aligarh Muslim University NIRF,"Aligarh Muslim University Complete Guide 2025: Review, Ranking, Fees &amp; Admission Explained","Here's everything you need to know about Aligarh Muslim University, Establishment year: 1920, NIRF Ranking 2024: 10 ...",shiksha.com,2025-09-23T07:30:14Z,2025,1723,7,1,PT37S,unknown,https://www.youtube.com/watch?v=Uat4W4HivpA,26,Relevant,"Aligarh Muslim University Complete Guide 2025: Review, Ranking, Fees & Admission Explained","Here's everything you need to know about Aligarh Muslim University, Establishment year: 1920, NIRF Ranking 2024: 10 .","Aligarh Muslim University Complete Guide 2025: Review, Ranking, Fees & Admission Explained Here's everything you need to know about Aligarh Muslim University, Establishment year: 1920, NIRF Ranking 2024: 10 ."
t4iuuKT3wqM,Jawaharlal Nehru University,rankings,NIRF,Jawaharlal Nehru University NIRF,"Jawaharlal Nehru University Complete Guide 2025: Review, Ranking, Fees &amp; Admission Explained","Here's everything you need to know about Jawaharlal Nehru University, Establishment year: 1969, NIRF Ranking 2024: 2 ...",shiksha.com,2025-06-28T10:30:27Z,2025,1317,21,8,PT1M17S,unknown,https://www.youtube.com/watch?v=t4iuuKT3wqM,26,Relevant,"Jawaharlal Nehru University Complete Guide 2025: Review, Ranking, Fees & Admission Explained","Here's everything you need to know about Jawaharlal Nehru University, Establishment year: 1969, NIRF Ranking 2024: 2 .","Jawaharlal Nehru University Complete Guide 2025: Review, Ranking, Fees & Admission Explained Here's everything you need to know about Jawaharlal Nehru University, Establishment year: 1969, NIRF Ranking 2024: 2 ."
ZQ2aS7JXCGM,Savitribai Phule Pune University,rankings,NIRF,Savitribai Phule Pune University NIRF,"Savitribai Phule Pune University Complete Guide 2025: Review, Ranking, Fees &amp; Admission Explained","Here's everything you need to know about Savitribai Phule Pune University, Establishment year: 1949, NIRF Ranking 2024: 23 ...",shiksha.com,2025-07-12T06:00:26Z,2025,11966,123,17,PT1M28S,unknown,https://www.youtube.com/watch?v=ZQ2aS7JXCGM,26,Relevant,"Savitribai Phule Pune University Complete Guide 2025: Review, Ranking, Fees & Admission Explained","Here's everything you need to know about Savitribai Phule Pune University, Establishment year: 1949, NIRF Ranking 2024: 23 .","Savitribai Phule Pune University Complete Guide 2025: Review, Ranking, Fees & Admission Explained Here's everything you need to know about Savitribai Phule Pune University, Establishment year: 1949, NIRF Ranking 2024: 23 ."
OhUKyMVQwh0,Tezpur University,rankings,NIRF,Tezpur University NIRF,"Tezpur University Complete Guide 2025: Review, Ranking, Fees &amp; Admission Explained!",Here's everything you need to know about Tezpur University Establishment year: 1994 NIRF Ranking 2024: 69 (University) ...,shiksha.com,2025-08-04T09:14:08Z,2025,2503,27,0,PT1M28S,unknown,https://www.youtube.com/watch?v=OhUKyMVQwh0,26,Relevant,"Tezpur University Complete Guide 2025: Review, Ranking, Fees & Admission Explained!",Here's everything you need to know about Tezpur University Establishment year: 1994 NIRF Ranking 2024: 69 (University) .,"Tezpur University Complete Guide 2025: Review, Ranking, Fees & Admission Explained! Here's everything you need to know about Tezpur University Establishment year: 1994 NIRF Ranking 2024: 69 (University) ."
4vNcypEEDSk,Gujarat University,rankings,NIRF,Gujarat University NIRF,"Gujarat University Complete Guide 2025: Review, Ranking, Fees &amp; Admission Explained","Here's everything you need to know about Gujarat University, Establishment year: 1950, NIRF Ranking 2024: 74 (University), ...",shiksha.com,2025-10-08T06:30:02Z,2025,10232,85,3,PT36S,unknown,https://www.youtube.com/watch?v=4vNcypEEDSk,26,Relevant,"Gujarat University Complete Guide 2025: Review, Ranking, Fees & Admission Explained","Here's everything you need to know about Gujarat University, Establishment year: 1950, NIRF Ranking 2024: 74 (University), .","Gujarat University Complete Guide 2025: Review, Ranking, Fees & Admission Explained Here's everything you need to know about Gujarat University, Establishment year: 1950, NIRF Ranking 2024: 74 (University), ."
7gibbTJmhTQ,Banaras Hindu University,rankings,NIRF,Banaras Hindu University NIRF,"Banaras Hindu University Complete Guide 2025: Review, Ranking, Fees &amp; Admission Explained","Here's everything you need to know about Banaras Hindu University, Establishment year: 1916, NIRF Ranking 2024: 5 ...",shiksha.com,2025-06-29T05:30:09Z,2025,705,6,0,PT1M20S,unknown,https://www.youtube.com/watch?v=7gibbTJmhTQ,26,Relevant,"Banaras Hindu University Complete Guide 2025: Review, Ranking, Fees & Admission Explained","Here's everything you need to know about Banaras Hindu University, Establishment year: 1916, NIRF Ranking 2024: 5 .","Banaras Hindu University Complete Guide 2025: Review, Ranking, Fees & Admission Explained Here's everything you need to know about Banaras Hindu University, Establishment year: 1916, NIRF Ranking 2024: 5 ."
x6XEqgg8jyA,VIT Vellore,rankings,NIRF,VIT Vellore NIRF,"Nirf Ranking 2025 Engineering College | ALL NIT , IIT , IIIT Rank , Placement | Jee Mains 2026","Nirf Ranking 2025 Engineering College | ALL NIT , IIT , IIIT Rank , Placement | Jee Mains 2026 ALL IIT , NIT , IIIT Nirf Ranking ...",Adarsh Barnwal,2025-09-04T14:27:02Z,2025,18937,56,10,PT6M39S,unknown,https://www.youtube.com/watch?v=x6XEqgg8jyA,26,Relevant,"Nirf Ranking 2025 Engineering College | ALL NIT , IIT , IIIT Rank , Placement | Jee Mains 2026","Nirf Ranking 2025 Engineering College | ALL NIT , IIT , IIIT Rank , Placement | Jee Mains 2026 ALL IIT , NIT , IIIT Nirf Ranking .","Nirf Ranking 2025 Engineering College | ALL NIT , IIT , IIIT Rank , Placement | Jee Mains 2026 Nirf Ranking 2025 Engineering College | ALL NIT , IIT , IIIT Rank , Placement | Jee Mains 2026 ALL IIT , NIT , IIIT Nirf Ranking ."
6HnKuC7NZzI,Delhi University,rankings,NIRF,Delhi University NIRF,NIRF University Ranking: DU At 6th and JNU At 2nd | Here is what students say,JNU #DU #Universityofdelhi #delhiuniversity #nirf #nirfranking #university #dharmendrapradhan #jnucampus ...,The New Indian,2024-08-14T16:30:00Z,2024,74365,1296,8,PT48S,unknown,https://www.youtube.com/watch?v=6HnKuC7NZzI,26,Relevant,NIRF University Ranking: DU At 6th and JNU At 2nd | Here is what students say,JNU #DU #Universityofdelhi #delhiuniversity #nirf #nirfranking #university #dharmendrapradhan #jnucampus .,NIRF University Ranking: DU At 6th and JNU At 2nd | Here is what students say JNU #DU #Universityofdelhi #delhiuniversity #nirf #nirfranking #university #dharmendrapradhan #jnucampus .
VkvuqOZzg3c,University of Hyderabad,rankings,NIRF,University of Hyderabad NIRF,NIRF (National Institutional Ranking Framework) for 2023 | rank band of 101-150. 🚀🔝,NIRF (National Institutional Ranking Framework) for 2023 | rank band of 101-150.,CIT Bengaluru,2023-06-19T08:01:32Z,2023,348,4,0,PT14S,unknown,https://www.youtube.com/watch?v=VkvuqOZzg3c,26,Relevant,NIRF (National Institutional Ranking Framework) for 2023 | rank band of 101-150. 🚀🔝,NIRF (National Institutional Ranking Framework) for 2023 | rank band of 101-150.,NIRF (National Institutional Ranking Framework) for 2023 | rank band of 101-150. 🚀🔝 NIRF (National Institutional Ranking Framework) for 2023 | rank band of 101-150.
w-6l7xHgn10,Osmania University,rankings,NIRF,Osmania University NIRF,"Osmania University Complete Guide 2025: Review, Ranking, Fees &amp; Admission Explained","Here's everything you need to know about Osmania University, Establishment year: 1918, NIRF Ranking 2024: 43 ...",shiksha.com,2025-07-23T10:01:37Z,2025,2397,8,0,PT1M42S,unknown,https://www.youtube.com/watch?v=w-6l7xHgn10,26,Relevant,"Osmania University Complete Guide 2025: Review, Ranking, Fees & Admission Explained","Here's everything you need to know about Osmania University, Establishment year: 1918, NIRF Ranking 2024: 43 .","Osmania University Complete Guide 2025: Review, Ranking, Fees & Admission Explained Here's everything you need to know about Osmania University, Establishment year: 1918, NIRF Ranking 2024: 43 ."
PXeN9dsuBoA,Andhra University,rankings,NIRF,Andhra University NIRF,"Andhra University Complete Guide 2025: Review, Ranking, Fees &amp; Admission Explained","Here's everything you need to know about Andhra University, Establishment year: 1926, NIRF Ranking 2024: 25 (University) ...",shiksha.com,2025-07-15T08:00:33Z,2025,7595,74,7,PT1M22S,unknown,https://www.youtube.com/watch?v=PXeN9dsuBoA,26,Relevant,"Andhra University Complete Guide 2025: Review, Ranking, Fees & Admission Explained","Here's everything you need to know about Andhra University, Establishment year: 1926, NIRF Ranking 2024: 25 (University) .","Andhra University Complete Guide 2025: Review, Ranking, Fees & Admission Explained Here's everything you need to know about Andhra University, Establishment year: 1926, NIRF Ranking 2024: 25 (University) ."
YCCGnqrR4uI,Jawaharlal Nehru University,rankings,NIRF,Jawaharlal Nehru University NIRF,JNU at 2nd Position; NIRF Ranking 2024 I JNU &amp; Delhi University,NIRF Ranking 2024 has been released where JNU has again bagged the second position under university category. Students of ...,The New Indian,2024-08-14T09:57:34Z,2024,1135,28,1,PT58S,unknown,https://www.youtube.com/watch?v=YCCGnqrR4uI,26,Relevant,JNU at 2nd Position; NIRF Ranking 2024 I JNU & Delhi University,NIRF Ranking 2024 has been released where JNU has again bagged the second position under university category. Students of .,JNU at 2nd Position; NIRF Ranking 2024 I JNU & Delhi University NIRF Ranking 2024 has been released where JNU has again bagged the second position under university category. Students of .
CK9E1N89kVs,Delhi University,rankings,NIRF,Delhi University NIRF,"Best Girls Colleges in DU Via CUET 2026 😱 | NIRF Ranking, Fees, Cutoff  &amp; Placement | Careers360","Best Girls Colleges in DU Via CUET 2026 | NIRF Ranking, Fees, Cutoff & Placement | Careers360 | Delhi University best girls ...",Careers360,2026-05-12T10:30:05Z,2026,328,10,1,PT13M39S,unknown,https://www.youtube.com/watch?v=CK9E1N89kVs,26,Relevant,"Best Girls Colleges in DU Via CUET 2026 😱 | NIRF Ranking, Fees, Cutoff & Placement | Careers360","Best Girls Colleges in DU Via CUET 2026 | NIRF Ranking, Fees, Cutoff & Placement | Careers360 | Delhi University best girls .","Best Girls Colleges in DU Via CUET 2026 😱 | NIRF Ranking, Fees, Cutoff & Placement | Careers360 Best Girls Colleges in DU Via CUET 2026 | NIRF Ranking, Fees, Cutoff & Placement | Careers360 | Delhi University best girls ."
3kRpw1adJlc,Kerala University,rankings,NIRF,Kerala University NIRF,"Kerala University Complete Guide 2025: Review, Ranking, Fees &amp; Admission Explained","Here's everything you need to know about Kerala University, Establishment year: 1937, NIRF Ranking 2024: 21 (University) ...",shiksha.com,2025-07-07T06:30:01Z,2025,1531,8,0,PT1M21S,unknown,https://www.youtube.com/watch?v=3kRpw1adJlc,26,Relevant,"Kerala University Complete Guide 2025: Review, Ranking, Fees & Admission Explained","Here's everything you need to know about Kerala University, Establishment year: 1937, NIRF Ranking 2024: 21 (University) .","Kerala University Complete Guide 2025: Review, Ranking, Fees & Admission Explained Here's everything you need to know about Kerala University, Establishment year: 1937, NIRF Ranking 2024: 21 (University) ."
M3ChzDaH8Uc,University of Rajasthan,rankings,NIRF,University of Rajasthan NIRF,"Central University of Rajasthan Complete Guide 2025: Review, Ranking, Fees &amp; Admission Explained","Here's everything you need to know about Central University of Rajasthan, Establishment year: 2009, NIRF Ranking 2024: 89 ...",shiksha.com,2025-10-23T07:02:55Z,2025,3982,29,2,PT37S,unknown,https://www.youtube.com/watch?v=M3ChzDaH8Uc,26,Relevant,"Central University of Rajasthan Complete Guide 2025: Review, Ranking, Fees & Admission Explained","Here's everything you need to know about Central University of Rajasthan, Establishment year: 2009, NIRF Ranking 2024: 89 .","Central University of Rajasthan Complete Guide 2025: Review, Ranking, Fees & Admission Explained Here's everything you need to know about Central University of Rajasthan, Establishment year: 2009, NIRF Ranking 2024: 89 ."
Dns93bylBJw,Mizoram University,rankings,NIRF,Mizoram University NIRF,"Mizoram University Complete Guide 2025: Review, Ranking, Fees &amp; Admission Explained!","Here's everything you need to know about Mizoram University, Establishment year: 1926, NIRF Ranking 2024: 25 (University), ...",shiksha.com,2025-08-08T08:30:07Z,2025,4468,56,2,PT1M32S,unknown,https://www.youtube.com/watch?v=Dns93bylBJw,26,Relevant,"Mizoram University Complete Guide 2025: Review, Ranking, Fees & Admission Explained!","Here's everything you need to know about Mizoram University, Establishment year: 1926, NIRF Ranking 2024: 25 (University), .","Mizoram University Complete Guide 2025: Review, Ranking, Fees & Admission Explained! Here's everything you need to know about Mizoram University, Establishment year: 1926, NIRF Ranking 2024: 25 (University), ."
29uejtYK6PY,VIT Vellore,rankings,NIRF,VIT Vellore NIRF,#VIT Vellore #application #Vit#cse #VIT top private college  #nirf  ranking 9th rank  #viteee2024,any information other colleges and placement report text this no 8884446222.,Social_kk,2024-04-03T17:04:26Z,2024,418,20,1,PT23S,unknown,https://www.youtube.com/watch?v=29uejtYK6PY,25,Relevant,#VIT Vellore #application #Vit#cse #VIT top private college #nirf ranking 9th rank #viteee2024,any information other colleges and placement report text this no 8884446222.,#VIT Vellore #application #Vit#cse #VIT top private college #nirf ranking 9th rank #viteee2024 any information other colleges and placement report text this no 8884446222.
5XOAQueqiqo,Delhi University,rankings,NIRF,Delhi University NIRF,What NIRF Ranking means for a College🤔#nirf #ranking #nirfranking #rank #colleges #btech,What NIRF Ranking means for a College  #nirf #ranking #nirfranking #rank #colleges #btech.,Vedantu JEE Made Ejee,2024-08-27T13:30:02Z,2024,10174,305,2,PT59S,unknown,https://www.youtube.com/watch?v=5XOAQueqiqo,25,Relevant,What NIRF Ranking means for a College🤔#nirf #ranking #nirfranking #rank #colleges #btech,What NIRF Ranking means for a College #nirf #ranking #nirfranking #rank #colleges #btech.,What NIRF Ranking means for a College🤔#nirf #ranking #nirfranking #rank #colleges #btech What NIRF Ranking means for a College #nirf #ranking #nirfranking #rank #colleges #btech.
WNBCJMZUmB0,Assam University,rankings,NIRF,Assam University NIRF,Vice Chancellor of Assam University speaks on Assam University&#39;s NIRF ranking 2025.,,Assam University Silchar,2025-10-28T09:26:26Z,2025,387,27,8,PT3M52S,unknown,https://www.youtube.com/watch?v=WNBCJMZUmB0,25,Relevant,Vice Chancellor of Assam University speaks on Assam University's NIRF ranking 2025.,,Vice Chancellor of Assam University speaks on Assam University's NIRF ranking 2025.
53wkZWhqLPs,Delhi University,rankings,NIRF,Delhi University NIRF,NIRF RANKING 2024 | Top colleges of Delhi University #du #nirfranking,,ABHISHEK KUMAR 2.0,2024-08-13T13:25:20Z,2024,925,27,3,PT1M1S,unknown,https://www.youtube.com/watch?v=53wkZWhqLPs,25,Relevant,NIRF RANKING 2024 | Top colleges of Delhi University #du #nirfranking,,NIRF RANKING 2024 | Top colleges of Delhi University #du #nirfranking
AprFAtR20xs,Banaras Hindu University,rankings,NIRF,Banaras Hindu University NIRF,"NIRF Ranking 2023 List of top colleges, universities in India. BHU is 5th best university #nirf #bhu","NIRF Ranking 2023 List of top colleges, universities in India. NIRF 2023: BHU is 5th best university, gets overall 11th rank. your ...",Tharuhat@BHU,2023-06-06T07:12:30Z,2023,80,4,0,PT6M44S,unknown,https://www.youtube.com/watch?v=AprFAtR20xs,25,Relevant,"NIRF Ranking 2023 List of top colleges, universities in India. BHU is 5th best university #nirf #bhu","NIRF Ranking 2023 List of top colleges, universities in India. NIRF 2023: BHU is 5th best university, gets overall 11th rank. your .","NIRF Ranking 2023 List of top colleges, universities in India. BHU is 5th best university #nirf #bhu NIRF Ranking 2023 List of top colleges, universities in India. NIRF 2023: BHU is 5th best university, gets overall 11th rank. your ."
YJljiEQR8j0,University of Rajasthan,rankings,NIRF,University of Rajasthan NIRF,School of Pharmacy | Suresh Gyan Vihar University |  NIRF Rank 59th,"Understanding the Prestige of Suresh Gyan Vihar University School of Pharmacy: NIRF Ranking 59th For many years, students ...",Suresh Gyan Vihar University (SGVU),2024-05-28T05:55:41Z,2024,132,5,2,PT59S,unknown,https://www.youtube.com/watch?v=YJljiEQR8j0,24,Relevant,School of Pharmacy | Suresh Gyan Vihar University | NIRF Rank 59th,"Understanding the Prestige of Suresh Gyan Vihar University School of Pharmacy: NIRF Ranking 59th For many years, students .","School of Pharmacy | Suresh Gyan Vihar University | NIRF Rank 59th Understanding the Prestige of Suresh Gyan Vihar University School of Pharmacy: NIRF Ranking 59th For many years, students ."
VFHCmUIMUTw,Jamia Millia Islamia,rankings,NIRF,Jamia Millia Islamia NIRF,JAMIA MILLIA ISLAMIA |NATIONAL ANTI RAGGING DAY |Nirf rank 03 |@MukhtalifLadki #jamiamilliaislamia,Hey Everyone Asslamualekum Today we are Celebrating 'NATIONAL ANTI RAGGING DAY' in Jamia millia islamia. We are ...,Mukhtalif_Ladki_🦋,2024-08-13T13:04:14Z,2024,323,25,9,PT32M24S,unknown,https://www.youtube.com/watch?v=VFHCmUIMUTw,24,Relevant,JAMIA MILLIA ISLAMIA |NATIONAL ANTI RAGGING DAY |Nirf rank 03 #jamiamilliaislamia,Hey Everyone Asslamualekum Today we are Celebrating 'NATIONAL ANTI RAGGING DAY' in Jamia millia islamia. We are .,JAMIA MILLIA ISLAMIA |NATIONAL ANTI RAGGING DAY |Nirf rank 03 #jamiamilliaislamia Hey Everyone Asslamualekum Today we are Celebrating 'NATIONAL ANTI RAGGING DAY' in Jamia millia islamia. We are .
92en5-gjDU0,Jawaharlal Nehru University,rankings,NIRF,Jawaharlal Nehru University NIRF,NIRF Ranking No.1 JNU || Why AU Ranking Falldown?|| #viralvideo #allahabaduniversity #motivation,NIRF Ranking No.1 JNU || Why AU Ranking Falldown?|| #viralvideo #allahabaduniversity #motivation #bapsa #aisa #disa ...,Priyanshu AUSU,2025-12-01T16:10:18Z,2025,871,6,0,PT32S,unknown,https://www.youtube.com/watch?v=92en5-gjDU0,24,Relevant,NIRF Ranking No.1 JNU || Why AU Ranking Falldown?|| #viralvideo #allahabaduniversity #motivation,NIRF Ranking No.1 JNU || Why AU Ranking Falldown?|| #viralvideo #allahabaduniversity #motivation #bapsa #aisa #disa .,NIRF Ranking No.1 JNU || Why AU Ranking Falldown?|| #viralvideo #allahabaduniversity #motivation NIRF Ranking No.1 JNU || Why AU Ranking Falldown?|| #viralvideo #allahabaduniversity #motivation #bapsa #aisa #disa .
NhgFz426Po4,Ranchi University,rankings,NIRF,Ranchi University NIRF,"👑XIME Bangalore Ranking &amp; Accreditation 2025 | NIRF, NBA, AICTE Recognition Explained","For Full Details Check This: https://bit.ly/3L52I85 XIME Bangalore Ranking & Accreditation 2025 | NIRF, NBA, AICTE ...",Collegedunia MBA,2026-01-28T14:32:49Z,2026,215,2,1,PT55S,unknown,https://www.youtube.com/watch?v=NhgFz426Po4,24,Relevant,"👑XIME Bangalore Ranking & Accreditation 2025 | NIRF, NBA, AICTE Recognition Explained","For Full Details Check This: XIME Bangalore Ranking & Accreditation 2025 | NIRF, NBA, AICTE .","👑XIME Bangalore Ranking & Accreditation 2025 | NIRF, NBA, AICTE Recognition Explained For Full Details Check This: XIME Bangalore Ranking & Accreditation 2025 | NIRF, NBA, AICTE ."
ws6hngVcY8M,Tezpur University,rankings,NIRF,Tezpur University NIRF,The fall of Tezpur University #tezpuruniversity  #justiceforzubeengarg,In 2016 tezpur University received the best university award and NIRF ranking 5th. But in 2025 it falls down to bellow 100 rank .,Dr. Netramoni Baruah,2025-10-03T05:56:47Z,2025,726,36,5,PT1M55S,unknown,https://www.youtube.com/watch?v=ws6hngVcY8M,24,Relevant,The fall of Tezpur University #tezpuruniversity #justiceforzubeengarg,In 2016 tezpur University received the best university award and NIRF ranking 5th. But in 2025 it falls down to bellow 100 rank .,The fall of Tezpur University #tezpuruniversity #justiceforzubeengarg In 2016 tezpur University received the best university award and NIRF ranking 5th. But in 2025 it falls down to bellow 100 rank .
0DkI1I9bgws,Jawaharlal Nehru University,rankings,NIRF,Jawaharlal Nehru University NIRF,JNU Is One Of The Cheapest University In Delhi | Student Says | 2nd in NIRF Ranking,JNU #DU #Universityofdelhi #delhiuniversity #nirf #nirfranking #university #dharmendrapradhan #jnucampus ...,The New Indian,2024-08-14T14:13:45Z,2024,1250,43,0,PT1M,unknown,https://www.youtube.com/watch?v=0DkI1I9bgws,24,Relevant,JNU Is One Of The Cheapest University In Delhi | Student Says | 2nd in NIRF Ranking,JNU #DU #Universityofdelhi #delhiuniversity #nirf #nirfranking #university #dharmendrapradhan #jnucampus .,JNU Is One Of The Cheapest University In Delhi | Student Says | 2nd in NIRF Ranking JNU #DU #Universityofdelhi #delhiuniversity #nirf #nirfranking #university #dharmendrapradhan #jnucampus .
9daPTVsN32I,Banaras Hindu University,rankings,NIRF,Banaras Hindu University NIRF,IIT-BHU Campus Review | 2.05 Crore Highest Package 🤑 | Fees | NIRF Ranking | IIT-BHU Placement,IIT-BHU Campus Review | 2.05 Crore Highest Package | Fees | NIRF Ranking | IIT-BHU Placement ...,CAREERKICK JEE,2023-03-17T05:58:17Z,2023,18799,447,4,PT47S,unknown,https://www.youtube.com/watch?v=9daPTVsN32I,23,Relevant,IIT-BHU Campus Review | 2.05 Crore Highest Package 🤑 | Fees | NIRF Ranking | IIT-BHU Placement,IIT-BHU Campus Review | 2.05 Crore Highest Package | Fees | NIRF Ranking | IIT-BHU Placement .,IIT-BHU Campus Review | 2.05 Crore Highest Package 🤑 | Fees | NIRF Ranking | IIT-BHU Placement IIT-BHU Campus Review | 2.05 Crore Highest Package | Fees | NIRF Ranking | IIT-BHU Placement .
gqINiVg5Y4M,Aligarh Muslim University,rankings,NIRF,Aligarh Muslim University NIRF,Latest Rank ✅ Top Law colleges 2024 - Latest NIRF Ranking #shorts,Top law colleges Ranking by NIRF 2024 #law #lawcollege #legal #lawyers #students #nirfranking #toplawcolleges List 1.,Lawbestow,2024-08-14T17:00:09Z,2024,750,0,0,PT57S,unknown,https://www.youtube.com/watch?v=gqINiVg5Y4M,23,Relevant,Latest Rank ✅ Top Law colleges 2024 - Latest NIRF Ranking #shorts,Top law colleges Ranking by NIRF 2024 #law #lawcollege #legal #lawyers #students #nirfranking #toplawcolleges List 1.,Latest Rank ✅ Top Law colleges 2024 - Latest NIRF Ranking #shorts Top law colleges Ranking by NIRF 2024 #law #lawcollege #legal #lawyers #students #nirfranking #toplawcolleges List 1.
PLyLxYrL2bw,Jawaharlal Nehru University,rankings,NIRF,Jawaharlal Nehru University NIRF,"Jawaharlal Nehru University Admission Process 🔥🔥| Placement, Review, Top Alumni, Seats, JNU Ranking","jnu, jnu admission, JNU placements, JNU Admission Full Process , Roadmap to JNU: Admission Process, Courses, Placements ...",Trakin College,2024-04-11T19:01:33Z,2024,54,12,5,PT9M5S,unknown,https://www.youtube.com/watch?v=PLyLxYrL2bw,23,Relevant,"Jawaharlal Nehru University Admission Process 🔥🔥| Placement, Review, Top Alumni, Seats, JNU Ranking","jnu, jnu admission, JNU placements, JNU Admission Full Process , Roadmap to JNU: Admission Process, Courses, Placements .","Jawaharlal Nehru University Admission Process 🔥🔥| Placement, Review, Top Alumni, Seats, JNU Ranking jnu, jnu admission, JNU placements, JNU Admission Full Process , Roadmap to JNU: Admission Process, Courses, Placements ."
fqrf4jY-XEs,Delhi University,rankings,NIRF,Delhi University NIRF,NIRF Rank 1✨️ Miranda House College Review 😍🔥 #shorts,NIRF Rank 1- Miranda House College Review: Fact -1 (UG Courses Offered) 1. BA (Honours) 2. B.Com Honours 3. Economics ...,CUET by Gokul Chhabra,2023-06-08T14:30:12Z,2023,24903,1071,45,PT32S,unknown,https://www.youtube.com/watch?v=fqrf4jY-XEs,23,Relevant,NIRF Rank 1✨️ Miranda House College Review 😍🔥 #shorts,NIRF Rank 1- Miranda House College Review: Fact -1 (UG Courses Offered) 1. BA (Honours) 2. B.Com Honours 3. Economics .,NIRF Rank 1✨️ Miranda House College Review 😍🔥 #shorts NIRF Rank 1- Miranda House College Review: Fact -1 (UG Courses Offered) 1. BA (Honours) 2. B.Com Honours 3. Economics .
3FD-nko5u9Q,Delhi University,rankings,NIRF,Delhi University NIRF,"Delhi University: Campus, NIRF Ranking, Top Colleges &amp; Why Should Choose DU After CUET 2026 #shorts",Get 1-on-1 CUET 2026 Counselling Here: https://bit.ly/42KYrvl ========================================= Delhi ...,SuperGrads CUET by Toprankers,2025-08-03T05:30:01Z,2025,1652,22,0,PT48S,unknown,https://www.youtube.com/watch?v=3FD-nko5u9Q,23,Relevant,"Delhi University: Campus, NIRF Ranking, Top Colleges & Why Should Choose DU After CUET 2026 #shorts",Get 1-on-1 CUET 2026 Counselling Here: ========================================= Delhi .,"Delhi University: Campus, NIRF Ranking, Top Colleges & Why Should Choose DU After CUET 2026 #shorts Get 1-on-1 CUET 2026 Counselling Here: ========================================= Delhi ."
DqOzMUstVg8,Assam University,rankings,NIRF,Assam University NIRF,IIT Guwahati Campus Review | Placements | Fees | NIRF Ranking | 2.4 Crore Highest Package 🤑,IIT Guwahati Campus Review | Placements | Fees | NIRF Ranking | 2.4 Crore Highest Package ...,CAREERKICK JEE,2023-03-20T05:29:01Z,2023,44297,1270,4,PT36S,unknown,https://www.youtube.com/watch?v=DqOzMUstVg8,23,Relevant,IIT Guwahati Campus Review | Placements | Fees | NIRF Ranking | 2.4 Crore Highest Package 🤑,IIT Guwahati Campus Review | Placements | Fees | NIRF Ranking | 2.4 Crore Highest Package .,IIT Guwahati Campus Review | Placements | Fees | NIRF Ranking | 2.4 Crore Highest Package 🤑 IIT Guwahati Campus Review | Placements | Fees | NIRF Ranking | 2.4 Crore Highest Package .
UyGygnC0oTo,Guru Ghasidas Vishwavidyalaya,rankings,NIRF,Guru Ghasidas Vishwavidyalaya NIRF,GFTIs Ranking 2024 | Top 10 GFTIs Colleges | GFTIs Cut Off | GFTIs Closing Rank 2024 | NIRF Ranking,This video is about GFTIs 2024 Ranking based on CSE (Computer Science and Engineering) Branch Cut off/ Closing Rank.,Vikas Kumar,2024-01-29T19:39:07Z,2024,842,23,0,PT6M31S,unknown,https://www.youtube.com/watch?v=UyGygnC0oTo,23,Relevant,GFTIs Ranking 2024 | Top 10 GFTIs Colleges | GFTIs Cut Off | GFTIs Closing Rank 2024 | NIRF Ranking,This video is about GFTIs 2024 Ranking based on CSE (Computer Science and Engineering) Branch Cut off/ Closing Rank.,GFTIs Ranking 2024 | Top 10 GFTIs Colleges | GFTIs Cut Off | GFTIs Closing Rank 2024 | NIRF Ranking This video is about GFTIs 2024 Ranking based on CSE (Computer Science and Engineering) Branch Cut off/ Closing Rank.
JvbRBgNSya8,Assam University,rankings,NIRF,Assam University NIRF,"NIT Silchar - College Review in 1min😍 | Placements, Fees &amp; NIRF Ranking Best Motivation NIT🔥#nit","NIT Silchar - College Review in 1min   | Placements, Fees & NIRF Ranking Best Motivation NIT  #nit Tags: #viral #youtubeshorts ...",We Won Academy,2023-09-14T05:45:37Z,2023,3423,106,12,PT48S,unknown,https://www.youtube.com/watch?v=JvbRBgNSya8,23,Relevant,"NIT Silchar - College Review in 1min😍 | Placements, Fees & NIRF Ranking Best Motivation NIT🔥#nit","NIT Silchar - College Review in 1min | Placements, Fees & NIRF Ranking Best Motivation NIT #nit Tags: #viral #youtubeshorts .","NIT Silchar - College Review in 1min😍 | Placements, Fees & NIRF Ranking Best Motivation NIT🔥#nit NIT Silchar - College Review in 1min | Placements, Fees & NIRF Ranking Best Motivation NIT #nit Tags: #viral #youtubeshorts ."
ERvo7l5pQ9Q,Mizoram University,rankings,NIRF,Mizoram University NIRF,"NIT - Andhra Pradesh College Review in 1min😍 | Placement,Cut-OFF Fees &amp; NIRF Ranking|IIT Motivation","NIT - Andhra Pradesh College Review in 1min   | Placement, Fees & NIRF Ranking #nitap |IIT Motivation Tags: #viral ...",College Counselling Help,2023-10-13T12:11:14Z,2023,10864,214,20,PT52S,unknown,https://www.youtube.com/watch?v=ERvo7l5pQ9Q,23,Relevant,"NIT - Andhra Pradesh College Review in 1min😍 | Placement,Cut-OFF Fees & NIRF Ranking|IIT Motivation","NIT - Andhra Pradesh College Review in 1min | Placement, Fees & NIRF Ranking #nitap |IIT Motivation Tags: #viral .","NIT - Andhra Pradesh College Review in 1min😍 | Placement,Cut-OFF Fees & NIRF Ranking|IIT Motivation NIT - Andhra Pradesh College Review in 1min | Placement, Fees & NIRF Ranking #nitap |IIT Motivation Tags: #viral ."
SyoifHTYwRA,Delhi University,rankings,NIRF,Delhi University NIRF,"St. Stephen’s College Review 2025 | CUET Cutoff&#39;24, Highest Package, NIRF Rank, Courses","St. Stephen's College Review 2024 | CUET Cutoff, Highest Package, NIRF Rank, Courses   St. Stephen's College – The Harvard ...",CUET Academy Online | DSSD ,2025-06-20T03:30:31Z,2025,11966,147,1,PT31S,unknown,https://www.youtube.com/watch?v=SyoifHTYwRA,23,Relevant,"St. Stephen’s College Review 2025 | CUET Cutoff'24, Highest Package, NIRF Rank, Courses","St. Stephen's College Review 2024 | CUET Cutoff, Highest Package, NIRF Rank, Courses St. Stephen's College – The Harvard .","St. Stephen’s College Review 2025 | CUET Cutoff'24, Highest Package, NIRF Rank, Courses St. Stephen's College Review 2024 | CUET Cutoff, Highest Package, NIRF Rank, Courses St. Stephen's College – The Harvard ."
tdr7eVJ03Zs,University of Allahabad,rankings,NIRF,University of Allahabad NIRF,IIT Kharagpur Campus Review 2023 | 2.68 Crore Highest Placements 🤯 | NIRF Ranking | Fees | Seats,IIT Kharagpur Campus Review 2023 | 2.68 Crore Highest Placements | NIRF Ranking | Fees | Seats ...,CAREERKICK JEE,2023-03-10T04:54:49Z,2023,4054,189,3,PT50S,unknown,https://www.youtube.com/watch?v=tdr7eVJ03Zs,23,Relevant,IIT Kharagpur Campus Review 2023 | 2.68 Crore Highest Placements 🤯 | NIRF Ranking | Fees | Seats,IIT Kharagpur Campus Review 2023 | 2.68 Crore Highest Placements | NIRF Ranking | Fees | Seats .,IIT Kharagpur Campus Review 2023 | 2.68 Crore Highest Placements 🤯 | NIRF Ranking | Fees | Seats IIT Kharagpur Campus Review 2023 | 2.68 Crore Highest Placements | NIRF Ranking | Fees | Seats .
_QvinuhKAHE,Delhi University,rankings,NIRF,Delhi University NIRF,"Hidden reality about NIRF Ranking | NIRF Scam | Delhi University, IIT, NIT, JEE,  #mlnc #du #cuet",,Bout Creation,2024-09-21T07:11:56Z,2024,3225,73,10,PT33S,unknown,https://www.youtube.com/watch?v=_QvinuhKAHE,23,Relevant,"Hidden reality about NIRF Ranking | NIRF Scam | Delhi University, IIT, NIT, JEE, #mlnc #du #cuet",,"Hidden reality about NIRF Ranking | NIRF Scam | Delhi University, IIT, NIT, JEE, #mlnc #du #cuet"
z0HSEjh8oe0,Delhi University,rankings,NIRF,Delhi University NIRF,CUTE Delhi University ke Acharya Narendra Dev College 18th among colleges Ranking Framework (NIRF),,shyamlal College University of Delhi ,2025-07-14T12:32:17Z,2025,2768,26,0,PT15S,unknown,https://www.youtube.com/watch?v=z0HSEjh8oe0,23,Relevant,CUTE Delhi University ke Acharya Narendra Dev College 18th among colleges Ranking Framework (NIRF),,CUTE Delhi University ke Acharya Narendra Dev College 18th among colleges Ranking Framework (NIRF)
YLK9W28IypU,Jamia Millia Islamia,rankings,NIRF,Jamia Millia Islamia NIRF,NIRF Rainking | देश की टॉप 10 यूनिवर्सिटीज में तीसरे नंबर पर Jamia Millia Islamia | Breaking News,NIRF Rainking | देश की टॉप 10 यूनिवर्सिटीज में तीसरे नंबर पर Jamia Millia Islamia | Breaking ...,Salaam TV,2023-06-05T07:30:18Z,2023,5450,161,10,PT3M40S,unknown,https://www.youtube.com/watch?v=YLK9W28IypU,22,Relevant,NIRF Rainking | देश की टॉप 10 यूनिवर्सिटीज में तीसरे नंबर पर Jamia Millia Islamia | Breaking News,NIRF Rainking | देश की टॉप 10 यूनिवर्सिटीज में तीसरे नंबर पर Jamia Millia Islamia | Breaking .,NIRF Rainking | देश की टॉप 10 यूनिवर्सिटीज में तीसरे नंबर पर Jamia Millia Islamia | Breaking News NIRF Rainking | देश की टॉप 10 यूनिवर्सिटीज में तीसरे नंबर पर Jamia Millia Islamia | Breaking .
PHEtJuAHW5k,University of Allahabad,rankings,NIRF,University of Allahabad NIRF,Allahabad university NIRF RANKING #allahabaduniversity #allahabad #students #shorts #prayagraj #ugc,Allahabad university NIRF RANKING #allahabaduniversity #allahabad #students #shorts #prayagraj #ugc #viral #aspirants #cuet ...,Civictalk7,2025-09-19T12:14:42Z,2025,561,32,4,PT2M55S,unknown,https://www.youtube.com/watch?v=PHEtJuAHW5k,22,Relevant,Allahabad university NIRF RANKING #allahabaduniversity #allahabad #students #shorts #prayagraj #ugc,Allahabad university NIRF RANKING #allahabaduniversity #allahabad #students #shorts #prayagraj #ugc #viral #aspirants #cuet .,Allahabad university NIRF RANKING #allahabaduniversity #allahabad #students #shorts #prayagraj #ugc Allahabad university NIRF RANKING #allahabaduniversity #allahabad #students #shorts #prayagraj #ugc #viral #aspirants #cuet .
Ds1eoq6-eD4,Osmania University,rankings,NIRF,Osmania University NIRF,ఓయూకు ఏమైంది? | Ground Report On Osmania University Standing Behind In NIRF Rankings || TV5 News,"Ground Report On Osmania University Standing Behind In NIRF Rankings, OU Stands 53rd In NIRF Overall Rankings 2025 || TV5 ...",TV5 News ,2025-12-23T13:02:14Z,2025,354,1,0,PT12M,unknown,https://www.youtube.com/watch?v=Ds1eoq6-eD4,22,Relevant,ఓయూకు ఏమైంది? | Ground Report On Osmania University Standing Behind In NIRF Rankings || TV5 News,"Ground Report On Osmania University Standing Behind In NIRF Rankings, OU Stands 53rd In NIRF Overall Rankings 2025 || TV5 .","ఓయూకు ఏమైంది? | Ground Report On Osmania University Standing Behind In NIRF Rankings || TV5 News Ground Report On Osmania University Standing Behind In NIRF Rankings, OU Stands 53rd In NIRF Overall Rankings 2025 || TV5 ."
RdRz0p-6JmM,University of Allahabad,rankings,NIRF,University of Allahabad NIRF,Best Campus College of Delhi University || NAAC - A++ and NIRF Rank- 12 || Hansraj College#education,,Prof. O. P. Sir,2023-07-06T04:50:22Z,2023,503,28,0,PT19S,unknown,https://www.youtube.com/watch?v=RdRz0p-6JmM,22,Relevant,Best Campus College of Delhi University || NAAC - A++ and NIRF Rank- 12 || Hansraj College#education,,Best Campus College of Delhi University || NAAC - A++ and NIRF Rank- 12 || Hansraj College#education
rMDZlytbSKs,Assam University,rankings,NIRF,Assam University NIRF,Top Agriculture University in 2023- 24 | NIRF Ranking 2023 | ICAR University | Prabhat Singh,"In this video, we bring you the latest updates on the top agriculture universities in 2023-24 based on the NIRF ranking. Join us as ...",Unacademy AgriLearn,2023-06-07T16:15:23Z,2023,663,28,1,PT1H15M12S,unknown,https://www.youtube.com/watch?v=rMDZlytbSKs,22,Relevant,Top Agriculture University in 2023- 24 | NIRF Ranking 2023 | ICAR University | Prabhat Singh,"In this video, we bring you the latest updates on the top agriculture universities in 2023-24 based on the NIRF ranking. Join us as .","Top Agriculture University in 2023- 24 | NIRF Ranking 2023 | ICAR University | Prabhat Singh In this video, we bring you the latest updates on the top agriculture universities in 2023-24 based on the NIRF ranking. Join us as ."
lnhVxFIMxhc,Delhi University,rankings,NIRF,Delhi University NIRF,NIRF University ranking factors and best University in India,"Indian Institute of Science is number 1 in the country. In the same NIRF ranking, ✊ JNU is second and Jamia Millia Islamia is third ...",ThinkinGo,2025-01-25T12:05:57Z,2025,2639,69,0,PT33S,unknown,https://www.youtube.com/watch?v=lnhVxFIMxhc,22,Relevant,NIRF University ranking factors and best University in India,"Indian Institute of Science is number 1 in the country. In the same NIRF ranking, ✊ JNU is second and Jamia Millia Islamia is third .","NIRF University ranking factors and best University in India Indian Institute of Science is number 1 in the country. In the same NIRF ranking, ✊ JNU is second and Jamia Millia Islamia is third ."
HK8dSucHDuQ,Jadavpur University,rankings,NIRF,Jadavpur University NIRF,"jadavpur university review 2026 | ranking, placements, fees, hostel &amp; reality check","jadavpur university review 2026 | ranking, placements, fees, hostel & reality check Google Form:-               ...",Career Margdharshan ,2026-01-18T04:30:10Z,2026,262,0,4,PT9M45S,unknown,https://www.youtube.com/watch?v=HK8dSucHDuQ,22,Relevant,"jadavpur university review 2026 | ranking, placements, fees, hostel & reality check","jadavpur university review 2026 | ranking, placements, fees, hostel & reality check Google Form:- .","jadavpur university review 2026 | ranking, placements, fees, hostel & reality check jadavpur university review 2026 | ranking, placements, fees, hostel & reality check Google Form:- ."
r9vW7FbtQjs,Assam University,rankings,NIRF,Assam University NIRF,Top 20 Biotechnology University in India as per current NIRF &amp; UGC ranking 2023,"The current Top 20 Biotechnology University in India as per current NIRF & UGC ranking 2023 for better job opportunities, ...",Digianalix,2023-09-13T06:06:44Z,2023,219,4,0,PT6M18S,unknown,https://www.youtube.com/watch?v=r9vW7FbtQjs,22,Relevant,Top 20 Biotechnology University in India as per current NIRF & UGC ranking 2023,"The current Top 20 Biotechnology University in India as per current NIRF & UGC ranking 2023 for better job opportunities, .","Top 20 Biotechnology University in India as per current NIRF & UGC ranking 2023 The current Top 20 Biotechnology University in India as per current NIRF & UGC ranking 2023 for better job opportunities, ."
7mjGiPBh_uE,Manipur University,rankings,NIRF,Manipur University NIRF,MANIPUR UNIVERSITY CAMPUS TOUR|| Life in MU Campus Part -1,"manipuruniversity#imphal#campustour Join us on an exciting campus tour of Manipur University! Explore the beautiful grounds, ...",Jai's Moments,2024-08-04T12:17:21Z,2024,12767,243,92,PT6M36S,unknown,https://www.youtube.com/watch?v=7mjGiPBh_uE,22,Relevant,MANIPUR UNIVERSITY CAMPUS TOUR|| Life in MU Campus Part -1,"manipuruniversity#imphal#campustour Join us on an exciting campus tour of Manipur University! Explore the beautiful grounds, .","MANIPUR UNIVERSITY CAMPUS TOUR|| Life in MU Campus Part -1 manipuruniversity#imphal#campustour Join us on an exciting campus tour of Manipur University! Explore the beautiful grounds, ."
LsNWonDI3pY,Manipur University,rankings,NIRF,Manipur University NIRF,Manipur University Campus Tour 🏫/Part-1/Tried to give a complete campus tour of Manipur University 😇,Manipur University Campus Tour /Part-1/Tried to give a complete campus tour of Manipur University #dailyvlog #daily ...,Lucy's Vlog ,2025-04-20T12:35:23Z,2025,3948,122,155,PT18M47S,unknown,https://www.youtube.com/watch?v=LsNWonDI3pY,22,Relevant,Manipur University Campus Tour 🏫/Part-1/Tried to give a complete campus tour of Manipur University 😇,Manipur University Campus Tour /Part-1/Tried to give a complete campus tour of Manipur University #dailyvlog #daily .,Manipur University Campus Tour 🏫/Part-1/Tried to give a complete campus tour of Manipur University 😇 Manipur University Campus Tour /Part-1/Tried to give a complete campus tour of Manipur University #dailyvlog #daily .
LtuPhdMYiCM,Osmania University,rankings,NIRF,Osmania University NIRF,NIRF RANKING 2024 | NIRF | RANKING | COLLEGE | UNIVERSITY | INFORMATIVE KARN |,"Explore the first-ever National Institutional Ranking Framework (NIRF) rankings from 2014, where we break down the top ...",Informative Karn,2024-08-30T05:26:31Z,2024,59,14,0,PT17M42S,unknown,https://www.youtube.com/watch?v=LtuPhdMYiCM,22,Relevant,NIRF RANKING 2024 | NIRF | RANKING | COLLEGE | UNIVERSITY | INFORMATIVE KARN |,"Explore the first-ever National Institutional Ranking Framework (NIRF) rankings from 2014, where we break down the top .","NIRF RANKING 2024 | NIRF | RANKING | COLLEGE | UNIVERSITY | INFORMATIVE KARN | Explore the first-ever National Institutional Ranking Framework (NIRF) rankings from 2014, where we break down the top ."
0OMD7HTUk9U,Jawaharlal Nehru University,rankings,NIRF,Jawaharlal Nehru University NIRF,😱 JNU Reality Check | Jawaharlal Nehru University Complete Review,"In this video, we bring you a complete and honest review of Jawaharlal Nehru University (JNU), New Delhi — one of India's most ...",COLLEGE TALKIES [NIAMT],2026-02-05T02:30:00Z,2026,60,6,0,PT8M4S,unknown,https://www.youtube.com/watch?v=0OMD7HTUk9U,22,Relevant,😱 JNU Reality Check | Jawaharlal Nehru University Complete Review,"In this video, we bring you a complete and honest review of Jawaharlal Nehru University (JNU), New Delhi — one of India's most .","😱 JNU Reality Check | Jawaharlal Nehru University Complete Review In this video, we bring you a complete and honest review of Jawaharlal Nehru University (JNU), New Delhi — one of India's most ."
r6oSxbHfZNQ,Jawaharlal Nehru University,rankings,NIRF,Jawaharlal Nehru University NIRF,New vecancy Jawaharlal Nehru University (JNU Delhi)total post 388#jobs update 2023,New vecancy Jawaharlal Nehru University (JNU Delhi)total post 388#jobs update 2023 #new jobs Updat.,Jogendra ki pathshala,2023-03-12T06:00:34Z,2023,559,7,0,PT14S,unknown,https://www.youtube.com/watch?v=r6oSxbHfZNQ,22,Relevant,New vecancy Jawaharlal Nehru University (JNU Delhi)total post 388#jobs update 2023,New vecancy Jawaharlal Nehru University (JNU Delhi)total post 388#jobs update 2023 #new jobs Updat.,New vecancy Jawaharlal Nehru University (JNU Delhi)total post 388#jobs update 2023 New vecancy Jawaharlal Nehru University (JNU Delhi)total post 388#jobs update 2023 #new jobs Updat.
03WsICL8sRk,Delhi University,rankings,NIRF,Delhi University NIRF,NIRF 2024 Rankings में Top Delhi University Colleges!🔥 #shorts,"shorts The Ministry of Education has just released the 9th Edition of NIRF Rankings, and Delhi University is shining bright!",CUET by Gokul Chhabra,2024-08-13T08:38:36Z,2024,9930,390,13,PT31S,unknown,https://www.youtube.com/watch?v=03WsICL8sRk,22,Relevant,NIRF 2024 Rankings में Top Delhi University Colleges!🔥 #shorts,"shorts The Ministry of Education has just released the 9th Edition of NIRF Rankings, and Delhi University is shining bright!","NIRF 2024 Rankings में Top Delhi University Colleges!🔥 #shorts shorts The Ministry of Education has just released the 9th Edition of NIRF Rankings, and Delhi University is shining bright!"
NHGJW0UoOwU,Central University of Karnataka,rankings,NIRF,Central University of Karnataka NIRF,Top central university in India | IIRF Ranking 2023 | Top central universities based on NIRF Ranking,Top central university in India | IIRF Ranking 2023 | Top central universities based on NIRF Ranking IIRF Ranking 2023 1.,Basic Siksha -CUET Exam,2023-05-31T02:30:13Z,2023,7148,246,34,PT5M19S,unknown,https://www.youtube.com/watch?v=NHGJW0UoOwU,22,Relevant,Top central university in India | IIRF Ranking 2023 | Top central universities based on NIRF Ranking,Top central university in India | IIRF Ranking 2023 | Top central universities based on NIRF Ranking IIRF Ranking 2023 1.,Top central university in India | IIRF Ranking 2023 | Top central universities based on NIRF Ranking Top central university in India | IIRF Ranking 2023 | Top central universities based on NIRF Ranking IIRF Ranking 2023 1.
A9rsb2KzTZ0,University of Rajasthan,rankings,NIRF,University of Rajasthan NIRF,Central University of Rajasthan Enters Top 100 NIRF Rankings | RAS Current Update | Drishti RAS,"In a major achievement for Rajasthan, the Central University of Rajasthan has broken into the top 100 in the prestigious NIRF ...",Drishti RAS,2025-09-09T11:25:28Z,2025,311,30,5,PT3M1S,unknown,https://www.youtube.com/watch?v=A9rsb2KzTZ0,22,Relevant,Central University of Rajasthan Enters Top 100 NIRF Rankings | RAS Current Update | Drishti RAS,"In a major achievement for Rajasthan, the Central University of Rajasthan has broken into the top 100 in the prestigious NIRF .","Central University of Rajasthan Enters Top 100 NIRF Rankings | RAS Current Update | Drishti RAS In a major achievement for Rajasthan, the Central University of Rajasthan has broken into the top 100 in the prestigious NIRF ."
ZFLtzqPlBhM,Delhi University,rankings,NIRF,Delhi University NIRF,NIRF Rankings SCAM hai😱| Delhi University 🎓| Ese Preference Sheet Mat Bharna🔥| College Rankings✨,NIRF Rankings SCAM hai  | Delhi University | Ese Preference Sheet Mat Bharna  | College Rankings✨ Heyy guys❤ In this ...,Sahil Gupta,2023-06-09T08:08:31Z,2023,134,5,5,PT7M9S,unknown,https://www.youtube.com/watch?v=ZFLtzqPlBhM,22,Relevant,NIRF Rankings SCAM hai😱| Delhi University 🎓| Ese Preference Sheet Mat Bharna🔥| College Rankings✨,NIRF Rankings SCAM hai | Delhi University | Ese Preference Sheet Mat Bharna | College Rankings✨ Heyy guys❤ In this .,NIRF Rankings SCAM hai😱| Delhi University 🎓| Ese Preference Sheet Mat Bharna🔥| College Rankings✨ NIRF Rankings SCAM hai | Delhi University | Ese Preference Sheet Mat Bharna | College Rankings✨ Heyy guys❤ In this .
c8ES9NBU_UE,University of Madras,rankings,NIRF,University of Madras NIRF,NIRF Ranking 2025: NIRF Ranking एडमिशन और करियर बनाने में कितनी मददगार? -TV9D | Best University,NIRF Ranking 2025: NIRF Ranking एडमिशन और करियर बनाने में कितनी मददगार? -TV9D | Best ...,TV9 Bharatvarsh,2025-09-06T13:30:38Z,2025,12009,10,0,PT2M26S,unknown,https://www.youtube.com/watch?v=c8ES9NBU_UE,22,Relevant,NIRF Ranking 2025: NIRF Ranking एडमिशन और करियर बनाने में कितनी मददगार? -TV9D | Best University,NIRF Ranking 2025: NIRF Ranking एडमिशन और करियर बनाने में कितनी मददगार? -TV9D | Best .,NIRF Ranking 2025: NIRF Ranking एडमिशन और करियर बनाने में कितनी मददगार? -TV9D | Best University NIRF Ranking 2025: NIRF Ranking एडमिशन और करियर बनाने में कितनी मददगार? -TV9D | Best .
nm85RsDAmqM,Jamia Millia Islamia,rankings,NIRF,Jamia Millia Islamia NIRF,🟢LIVE: NIRF Ranked Top Universities In India | Jamia Millia | AMU | NIRF Ranking 2023 |  News18 Urdu,"The National Institutional Ranking Framework (NIRF) Rankings 2023 released today. This time, too, the Indian Institute of Science ...",News18 Urdu,2023-06-06T02:02:59Z,2023,239,1,1,PT58M5S,unknown,https://www.youtube.com/watch?v=nm85RsDAmqM,22,Relevant,🟢LIVE: NIRF Ranked Top Universities In India | Jamia Millia | AMU | NIRF Ranking 2023 | News18 Urdu,"The National Institutional Ranking Framework (NIRF) Rankings 2023 released today. This time, too, the Indian Institute of Science .","🟢LIVE: NIRF Ranked Top Universities In India | Jamia Millia | AMU | NIRF Ranking 2023 | News18 Urdu The National Institutional Ranking Framework (NIRF) Rankings 2023 released today. This time, too, the Indian Institute of Science ."
i2B1QG-y6n8,Jamia Millia Islamia,rankings,NIRF,Jamia Millia Islamia NIRF,🟢LIVE: NIRF Ranked Top Universities In India | Jamia Millia | AMU | NIRF Ranking 2023 |  News18 Urdu,"The National Institutional Ranking Framework (NIRF) Rankings 2023 released today. This time, too, the Indian Institute of Science ...",News18 Urdu,2023-06-06T01:14:47Z,2023,299,1,0,PT2H18M41S,unknown,https://www.youtube.com/watch?v=i2B1QG-y6n8,22,Relevant,🟢LIVE: NIRF Ranked Top Universities In India | Jamia Millia | AMU | NIRF Ranking 2023 | News18 Urdu,"The National Institutional Ranking Framework (NIRF) Rankings 2023 released today. This time, too, the Indian Institute of Science .","🟢LIVE: NIRF Ranked Top Universities In India | Jamia Millia | AMU | NIRF Ranking 2023 | News18 Urdu The National Institutional Ranking Framework (NIRF) Rankings 2023 released today. This time, too, the Indian Institute of Science ."
XB29t6MEQ8s,Savitribai Phule Pune University,rankings,NIRF,Savitribai Phule Pune University NIRF,SSPU has secured NIRF Rank 1 in the Skills University Category 2025,Proud Moment for Symbiosis Skills & Professional University! We are delighted to share that SSPU has secured NIRF Rank 1 in ...,Symbiosis Skills & Professional University,2025-09-16T05:23:00Z,2025,83,1,0,PT1M32S,unknown,https://www.youtube.com/watch?v=XB29t6MEQ8s,22,Relevant,SSPU has secured NIRF Rank 1 in the Skills University Category 2025,Proud Moment for Symbiosis Skills & Professional University! We are delighted to share that SSPU has secured NIRF Rank 1 in .,SSPU has secured NIRF Rank 1 in the Skills University Category 2025 Proud Moment for Symbiosis Skills & Professional University! We are delighted to share that SSPU has secured NIRF Rank 1 in .
2hJxOZ7cYJ4,Kerala University,rankings,NIRF,Kerala University NIRF,Best Colleges in Kerala | NIRF Ranking 2023 | Best University in India | Best College in India,Best Colleges in Kerala | NIRF Ranking 2023 | Best University in India | Best College in India ABOUT Known by the titles Career ...,Sreevidhya Santhosh,2023-07-09T08:00:11Z,2023,22694,501,86,PT10M54S,unknown,https://www.youtube.com/watch?v=2hJxOZ7cYJ4,22,Relevant,Best Colleges in Kerala | NIRF Ranking 2023 | Best University in India | Best College in India,Best Colleges in Kerala | NIRF Ranking 2023 | Best University in India | Best College in India ABOUT Known by the titles Career .,Best Colleges in Kerala | NIRF Ranking 2023 | Best University in India | Best College in India Best Colleges in Kerala | NIRF Ranking 2023 | Best University in India | Best College in India ABOUT Known by the titles Career .
isPlgaRdnCA,Gujarat University,rankings,NIRF,Gujarat University NIRF,MSU did not get place in top-100 university in NIRF ranking,vadodara #brgnews #brghindinews MSU did not get place in top-100 university in NIRF ranking BRG NEWS Online covers all ...,Brg News,2023-06-06T10:03:56Z,2023,20,0,0,PT44S,unknown,https://www.youtube.com/watch?v=isPlgaRdnCA,22,Relevant,MSU did not get place in top-100 university in NIRF ranking,vadodara #brgnews #brghindinews MSU did not get place in top-100 university in NIRF ranking BRG NEWS Online covers all .,MSU did not get place in top-100 university in NIRF ranking vadodara #brgnews #brghindinews MSU did not get place in top-100 university in NIRF ranking BRG NEWS Online covers all .
vZnI7dyV1DM,Gujarat University,rankings,NIRF,Gujarat University NIRF,NIRF Rankings 2023: Only one Gujarat University in top 100 category | Zee News,NIRF Rankings 2023: Only one Gujarat University in top 100 category | Zee News #Gujarat #India #breakingnews ગુજરાત ...,Zee 24 Kalak,2023-06-05T09:39:41Z,2023,191,4,0,PT2M29S,unknown,https://www.youtube.com/watch?v=vZnI7dyV1DM,22,Relevant,NIRF Rankings 2023: Only one Gujarat University in top 100 category | Zee News,NIRF Rankings 2023: Only one Gujarat University in top 100 category | Zee News #Gujarat #India #breakingnews ગુજરાત .,NIRF Rankings 2023: Only one Gujarat University in top 100 category | Zee News NIRF Rankings 2023: Only one Gujarat University in top 100 category | Zee News #Gujarat #India #breakingnews ગુજરાત .
UWwI_6VLMNE,SRM Institute of Science and Technology,rankings,NIRF,SRM Institute of Science and Technology NIRF,TOP 20 DEEMED UNIVERSITIES IN TAMILNADU 2023 |NIRF RANK 2023 | TNEA | VIT | Amrita | SASTRA | SRM,NIRF RANK 2023 | NIRF RANK TOP 20 DEEMED UNIVERSITIES IN TAMILNADU 2023 | TNEA #aeee_counselling ...,rstechynews,2023-07-08T12:44:28Z,2023,9703,63,27,PT6M35S,unknown,https://www.youtube.com/watch?v=UWwI_6VLMNE,22,Relevant,TOP 20 DEEMED UNIVERSITIES IN TAMILNADU 2023 |NIRF RANK 2023 | TNEA | VIT | Amrita | SASTRA | SRM,NIRF RANK 2023 | NIRF RANK TOP 20 DEEMED UNIVERSITIES IN TAMILNADU 2023 | TNEA #aeee_counselling .,TOP 20 DEEMED UNIVERSITIES IN TAMILNADU 2023 |NIRF RANK 2023 | TNEA | VIT | Amrita | SASTRA | SRM NIRF RANK 2023 | NIRF RANK TOP 20 DEEMED UNIVERSITIES IN TAMILNADU 2023 | TNEA #aeee_counselling .
xuOSUcm9Dn0,Savitribai Phule Pune University,rankings,NIRF,Savitribai Phule Pune University NIRF,Savitribai Phule Pune University Campus Tour 2023,"Savitribai Phule Pune University (SPPU), formerly the University of Pune, is a public state university located in the city of Pune, ...",Chaitanya Pimputkar,2023-09-24T04:00:34Z,2023,14807,135,47,PT12M38S,unknown,https://www.youtube.com/watch?v=xuOSUcm9Dn0,22,Relevant,Savitribai Phule Pune University Campus Tour 2023,"Savitribai Phule Pune University (SPPU), formerly the University of Pune, is a public state university located in the city of Pune, .","Savitribai Phule Pune University Campus Tour 2023 Savitribai Phule Pune University (SPPU), formerly the University of Pune, is a public state university located in the city of Pune, ."
pW5BKpdyKfw,VIT Vellore,rankings,NIRF,VIT Vellore NIRF,2026 VIT VELLORE Worth It ? NIRF DATA ? VITEEE 2026 Counselling ,"Is VIT Vellore REALLY Worth It in 2026? NIRF Rankings, Placements, Fees, Crowd, Hostel Life & REALITY of VITEEE ...",Vivek [IIT KGP],2026-05-11T05:13:08Z,2026,549,0,6,PT4M1S,unknown,https://www.youtube.com/watch?v=pW5BKpdyKfw,22,Relevant,2026 VIT VELLORE Worth It ? NIRF DATA ? VITEEE 2026 Counselling,"Is VIT Vellore REALLY Worth It in 2026? NIRF Rankings, Placements, Fees, Crowd, Hostel Life & REALITY of VITEEE .","2026 VIT VELLORE Worth It ? NIRF DATA ? VITEEE 2026 Counselling Is VIT Vellore REALLY Worth It in 2026? NIRF Rankings, Placements, Fees, Crowd, Hostel Life & REALITY of VITEEE ."
oNkwmqGsJZk,VIT Vellore,rankings,NIRF,VIT Vellore NIRF,VIT Vellore 2025 Category Wise Cutoff Rank #engineeringentranceexam #viteee2025 #vitvellore,VIT Vellore 2025 Category Wise Cutoff Rank #engineeringentranceexam #viteee2025 #vitvellore. Confused ...,Career Initiative,2025-05-06T10:01:22Z,2025,144689,306,13,PT10S,unknown,https://www.youtube.com/watch?v=oNkwmqGsJZk,22,Relevant,VIT Vellore 2025 Category Wise Cutoff Rank #engineeringentranceexam #viteee2025 #vitvellore,VIT Vellore 2025 Category Wise Cutoff Rank #engineeringentranceexam #viteee2025 #vitvellore. Confused .,VIT Vellore 2025 Category Wise Cutoff Rank #engineeringentranceexam #viteee2025 #vitvellore VIT Vellore 2025 Category Wise Cutoff Rank #engineeringentranceexam #viteee2025 #vitvellore. Confused .
bEgzlwXrIFo,Central University of South Bihar,rankings,NIRF,Central University of South Bihar NIRF,Central University of South Bihar | Fee refund all courses | Campus tour 2026 | #cuet2026  #cusb ,Central University of South Bihar | Fee refund all courses | Campus tour 2026 | Cuet 2026.,SHRI DEV,2026-03-13T06:36:00Z,2026,1653,33,85,PT15M12S,unknown,https://www.youtube.com/watch?v=bEgzlwXrIFo,22,Relevant,Central University of South Bihar | Fee refund all courses | Campus tour 2026 | #cuet2026 #cusb,Central University of South Bihar | Fee refund all courses | Campus tour 2026 | Cuet 2026.,Central University of South Bihar | Fee refund all courses | Campus tour 2026 | #cuet2026 #cusb Central University of South Bihar | Fee refund all courses | Campus tour 2026 | Cuet 2026.
dOUgWzfaKxQ,Central University of South Bihar,rankings,NIRF,Central University of South Bihar NIRF,Central University of South Bihar ✅| Campus Tour | CUSB Admission 2026 | All information CUSB,Central University of South Bihar ✓| Campus Tour | CUSB Admission 2026 | All information CUSB Central University of South ...,CUET Universities Update,2026-02-04T07:17:01Z,2026,1492,17,0,PT3M22S,unknown,https://www.youtube.com/watch?v=dOUgWzfaKxQ,22,Relevant,Central University of South Bihar ✅| Campus Tour | CUSB Admission 2026 | All information CUSB,Central University of South Bihar ✓| Campus Tour | CUSB Admission 2026 | All information CUSB Central University of South .,Central University of South Bihar ✅| Campus Tour | CUSB Admission 2026 | All information CUSB Central University of South Bihar ✓| Campus Tour | CUSB Admission 2026 | All information CUSB Central University of South .
j7cNY05BsBQ,University of Calcutta,rankings,NIRF,University of Calcutta NIRF,NIRF Ranking 2024 Calcutta University rank in nirf #nirfranking #nirfranking2024 #calcuttauniversity,,Gold Dream Tutorial By Roshan Sir,2024-08-12T17:08:05Z,2024,598,23,0,PT1M1S,unknown,https://www.youtube.com/watch?v=j7cNY05BsBQ,22,Relevant,NIRF Ranking 2024 Calcutta University rank in nirf #nirfranking #nirfranking2024 #calcuttauniversity,,NIRF Ranking 2024 Calcutta University rank in nirf #nirfranking #nirfranking2024 #calcuttauniversity
OYS9BNJxD6w,University of Mumbai,rankings,NIRF,University of Mumbai NIRF,Top Agriculture University in india for MSc Agriculture Students | NIRF ranking 2025,Top Agriculture University in india for MSc Agriculture Students | NIRF ranking 2025 Are you planning to pursue MSc Agriculture ...,Krishi Shiksha ,2026-01-19T01:30:19Z,2026,260,5,0,PT7M24S,unknown,https://www.youtube.com/watch?v=OYS9BNJxD6w,22,Relevant,Top Agriculture University in india for MSc Agriculture Students | NIRF ranking 2025,Top Agriculture University in india for MSc Agriculture Students | NIRF ranking 2025 Are you planning to pursue MSc Agriculture .,Top Agriculture University in india for MSc Agriculture Students | NIRF ranking 2025 Top Agriculture University in india for MSc Agriculture Students | NIRF ranking 2025 Are you planning to pursue MSc Agriculture .
bQStfBEa29c,Delhi University,rankings,NIRF,Delhi University NIRF,Hindu College Delhi University Motivational Status / #HinduCollege #du #attitude #status #cuet #100,delhi university cuet du hindu college cuet 2024 srcc du 2024 south campus lady shri ram college hindu college hostel hindu ...,Nexiors,2024-08-16T06:40:14Z,2024,23850,736,14,PT21S,unknown,https://www.youtube.com/watch?v=bQStfBEa29c,22,Relevant,Hindu College Delhi University Motivational Status / #HinduCollege #du #attitude #status #cuet #100,delhi university cuet du hindu college cuet 2024 srcc du 2024 south campus lady shri ram college hindu college hostel hindu .,Hindu College Delhi University Motivational Status / #HinduCollege #du #attitude #status #cuet #100 delhi university cuet du hindu college cuet 2024 srcc du 2024 south campus lady shri ram college hindu college hostel hindu .
9J-ITw3o9sU,Delhi University,rankings,NIRF,Delhi University NIRF,DU vs BHU | Better Option to Target | Delhi University VS Banaras Hindu University #shorts,DU vs BHU | Better Option to Target | Delhi University VS Banaras Hindu University #shorts ...,SuperGrads CUET by Toprankers,2024-03-18T15:00:07Z,2024,699216,18388,487,PT41S,unknown,https://www.youtube.com/watch?v=9J-ITw3o9sU,22,Relevant,DU vs BHU | Better Option to Target | Delhi University VS Banaras Hindu University #shorts,DU vs BHU | Better Option to Target | Delhi University VS Banaras Hindu University #shorts .,DU vs BHU | Better Option to Target | Delhi University VS Banaras Hindu University #shorts DU vs BHU | Better Option to Target | Delhi University VS Banaras Hindu University #shorts .
Q3xFlv2X5fk,Andhra University,rankings,NIRF,Andhra University NIRF,"Andhra University has secured the 7th position, NIRF 2024 Rankings!",AhaAmaravati | Andhra University Shines in NIRF 2024 Rankings! Andhra University has secured the 7th position among India's ...,Aha Amaravati,2025-04-10T09:57:27Z,2025,139,0,0,PT8S,unknown,https://www.youtube.com/watch?v=Q3xFlv2X5fk,22,Relevant,"Andhra University has secured the 7th position, NIRF 2024 Rankings!",AhaAmaravati | Andhra University Shines in NIRF 2024 Rankings! Andhra University has secured the 7th position among India's .,"Andhra University has secured the 7th position, NIRF 2024 Rankings! AhaAmaravati | Andhra University Shines in NIRF 2024 Rankings! Andhra University has secured the 7th position among India's ."
fngyC8OEx_E,Tezpur University,rankings,NIRF,Tezpur University NIRF,{official} CUET Top 10 central university | NIRF Ranking की क्या है सच्चाई ? |  NIRF Rankings 2023,{official} CUET Top 10 central university | NIRF Ranking की क्या है सच्चाई ? | NIRF Rankings 2023 Top 10 ...,Basic Siksha -CUET Exam,2023-06-09T08:30:10Z,2023,3047,144,33,PT8M16S,unknown,https://www.youtube.com/watch?v=fngyC8OEx_E,22,Relevant,{official} CUET Top 10 central university | NIRF Ranking की क्या है सच्चाई ? | NIRF Rankings 2023,{official} CUET Top 10 central university | NIRF Ranking की क्या है सच्चाई ? | NIRF Rankings 2023 Top 10 .,{official} CUET Top 10 central university | NIRF Ranking की क्या है सच्चाई ? | NIRF Rankings 2023 {official} CUET Top 10 central university | NIRF Ranking की क्या है सच्चाई ? | NIRF Rankings 2023 Top 10 .
NEybyCTqmKA,Andhra University,rankings,NIRF,Andhra University NIRF,Top 10 Best Engineering Colleges In Andhra Pradesh | Based on NIRF Ranking | YoursMedia,Top 10 Engineering Colleges In Andhra Pradesh| Best Engineering Colleges | NIRF Ranking | YoursMedia | Engineering ...,Yours Media,2023-04-09T04:30:06Z,2023,10550,97,5,PT53S,unknown,https://www.youtube.com/watch?v=NEybyCTqmKA,21,Relevant,Top 10 Best Engineering Colleges In Andhra Pradesh | Based on NIRF Ranking | YoursMedia,Top 10 Engineering Colleges In Andhra Pradesh| Best Engineering Colleges | NIRF Ranking | YoursMedia | Engineering .,Top 10 Best Engineering Colleges In Andhra Pradesh | Based on NIRF Ranking | YoursMedia Top 10 Engineering Colleges In Andhra Pradesh| Best Engineering Colleges | NIRF Ranking | YoursMedia | Engineering .
IKgvuAjHb5E,Andhra University,rankings,NIRF,Andhra University NIRF,👉 🔥 Top 10 Engineering Colleges in Andhra Pradesh | Best for CSE | NIRF Ranking 2026,Top 10 Engineering Colleges in Andhra Pradesh | NIRF Ranking Looking for the best engineering colleges in Andhra Pradesh?,Uma Guides ,2026-04-12T12:00:06Z,2026,326,12,3,PT10M54S,unknown,https://www.youtube.com/watch?v=IKgvuAjHb5E,21,Relevant,👉 🔥 Top 10 Engineering Colleges in Andhra Pradesh | Best for CSE | NIRF Ranking 2026,Top 10 Engineering Colleges in Andhra Pradesh | NIRF Ranking Looking for the best engineering colleges in Andhra Pradesh?,👉 🔥 Top 10 Engineering Colleges in Andhra Pradesh | Best for CSE | NIRF Ranking 2026 Top 10 Engineering Colleges in Andhra Pradesh | NIRF Ranking Looking for the best engineering colleges in Andhra Pradesh?
2-jwLjg8L_s,Andhra University,rankings,NIRF,Andhra University NIRF,Top 5 Universities in Andhra pradesh | Based on NIRF Ranking | Yours Media,Top 5 Universities in Andhra pradesh | Based on NIRF Ranking | Yours Media ✨   Gmail: Yoursmaheshyt@gmail.com ( For ...,Yours Media,2024-09-27T12:30:01Z,2024,488,19,3,PT1M22S,unknown,https://www.youtube.com/watch?v=2-jwLjg8L_s,21,Relevant,Top 5 Universities in Andhra pradesh | Based on NIRF Ranking | Yours Media,Top 5 Universities in Andhra pradesh | Based on NIRF Ranking | Yours Media ✨ Gmail: ( For .,Top 5 Universities in Andhra pradesh | Based on NIRF Ranking | Yours Media Top 5 Universities in Andhra pradesh | Based on NIRF Ranking | Yours Media ✨ Gmail: ( For .
IJKb2iKrMqs,Jamia Millia Islamia,rankings,NIRF,Jamia Millia Islamia NIRF,Jamia NIRF Rank 03 Jamia millia Islamia University rank 03 in india #independenceday #dance #republi,,Students Info,2024-08-12T10:59:03Z,2024,2041,139,7,PT44S,unknown,https://www.youtube.com/watch?v=IJKb2iKrMqs,21,Relevant,Jamia NIRF Rank 03 Jamia millia Islamia University rank 03 in india #independenceday #dance #republi,,Jamia NIRF Rank 03 Jamia millia Islamia University rank 03 in india #independenceday #dance #republi
lSraJ-ffako,Jawaharlal Nehru University,rankings,NIRF,Jawaharlal Nehru University NIRF,JNU at 2nd in NIRF Ranking | Waiting For Something Like Rau Incident To Happen At JNU | Student Say,JNU #DU #Universityofdelhi #delhiuniversity #nirf #nirfranking #university #dharmendrapradhan #jnucampus ...,The New Indian,2024-08-14T12:38:09Z,2024,562,16,0,PT1M,unknown,https://www.youtube.com/watch?v=lSraJ-ffako,21,Relevant,JNU at 2nd in NIRF Ranking | Waiting For Something Like Rau Incident To Happen At JNU | Student Say,JNU #DU #Universityofdelhi #delhiuniversity #nirf #nirfranking #university #dharmendrapradhan #jnucampus .,JNU at 2nd in NIRF Ranking | Waiting For Something Like Rau Incident To Happen At JNU | Student Say JNU #DU #Universityofdelhi #delhiuniversity #nirf #nirfranking #university #dharmendrapradhan #jnucampus .
dJeSfdU1gLk,Jawaharlal Nehru University,rankings,NIRF,Jawaharlal Nehru University NIRF,Top 15 Universities in India 2025 Ranking By NIRF | THE KOVAI TIMES | TAMIL,Top 15 Universities in India 2025 Ranking By NIRF Indian Institute of Science Jawaharlal Nehru University Jamia Millia Islamia ...,THE KOVAI TIMES,2025-06-27T14:26:03Z,2025,403,3,0,PT48S,unknown,https://www.youtube.com/watch?v=dJeSfdU1gLk,21,Relevant,Top 15 Universities in India 2025 Ranking By NIRF | THE KOVAI TIMES | TAMIL,Top 15 Universities in India 2025 Ranking By NIRF Indian Institute of Science Jawaharlal Nehru University Jamia Millia Islamia .,Top 15 Universities in India 2025 Ranking By NIRF | THE KOVAI TIMES | TAMIL Top 15 Universities in India 2025 Ranking By NIRF Indian Institute of Science Jawaharlal Nehru University Jamia Millia Islamia .
rk1TCCZ9-TA,Pondicherry University,rankings,NIRF,Pondicherry University NIRF,Sri education odia/Utkal University NIRF rank 2023/Why odisha higher institutions down in nirf rank,Sri education odia/Odisha University NIRF rank/Why odisha higher institutions down in nirf rank ...,Sri Education Odia,2023-07-31T02:18:34Z,2023,1137,50,15,PT4M4S,unknown,https://www.youtube.com/watch?v=rk1TCCZ9-TA,21,Relevant,Sri education odia/Utkal University NIRF rank 2023/Why odisha higher institutions down in nirf rank,Sri education odia/Odisha University NIRF rank/Why odisha higher institutions down in nirf rank .,Sri education odia/Utkal University NIRF rank 2023/Why odisha higher institutions down in nirf rank Sri education odia/Odisha University NIRF rank/Why odisha higher institutions down in nirf rank .
QXTtQI1dj9k,Pondicherry University,rankings,NIRF,Pondicherry University NIRF,Pondicherry University (NIRF RANKING 101) CUET PG registration started,,Acute brains,2024-04-21T09:25:49Z,2024,187,15,4,PT6M4S,unknown,https://www.youtube.com/watch?v=QXTtQI1dj9k,21,Relevant,Pondicherry University (NIRF RANKING 101) CUET PG registration started,,Pondicherry University (NIRF RANKING 101) CUET PG registration started
vRW6_m_o2hY,Banaras Hindu University,rankings,NIRF,Banaras Hindu University NIRF,"NIRF Ranking 2024 Released: देशभर की University की रैंकिंग जारी, टॉप 10 में BHU और AMU। UP News","NIRF Ranking 2024 Released: देशभर की University की रैंकिंग जारी, टॉप 10 में BHU और AMU।",News18 UP Uttarakhand,2024-08-12T14:04:27Z,2024,4063,25,1,PT5M2S,unknown,https://www.youtube.com/watch?v=vRW6_m_o2hY,21,Relevant,"NIRF Ranking 2024 Released: देशभर की University की रैंकिंग जारी, टॉप 10 में BHU और AMU। UP News","NIRF Ranking 2024 Released: देशभर की University की रैंकिंग जारी, टॉप 10 में BHU और AMU।","NIRF Ranking 2024 Released: देशभर की University की रैंकिंग जारी, टॉप 10 में BHU और AMU। UP News NIRF Ranking 2024 Released: देशभर की University की रैंकिंग जारी, टॉप 10 में BHU और AMU।"
sDsSwns7kGE,Jamia Millia Islamia,rankings,NIRF,Jamia Millia Islamia NIRF,JAMIA MILLIA ISLAMIA UNIVERSITY NEW DELHI BEAUTIFUL | NIRF RANKING | SAHIL KHAN #shorts,jmi #jamiamilliaislamia #kotacoachings #iitjee #bhu #delhiuniversity ##btech #jmimca #jmi #iit #amu #ipu #mewat.,Sahil Khan Education ,2024-01-24T13:44:17Z,2024,308,7,0,PT1M1S,unknown,https://www.youtube.com/watch?v=sDsSwns7kGE,21,Relevant,JAMIA MILLIA ISLAMIA UNIVERSITY NEW DELHI BEAUTIFUL | NIRF RANKING | SAHIL KHAN #shorts,jmi #jamiamilliaislamia #kotacoachings #iitjee #bhu #delhiuniversity ##btech #jmimca #jmi #iit #amu #ipu #mewat.,JAMIA MILLIA ISLAMIA UNIVERSITY NEW DELHI BEAUTIFUL | NIRF RANKING | SAHIL KHAN #shorts jmi #jamiamilliaislamia #kotacoachings #iitjee #bhu #delhiuniversity ##btech #jmimca #jmi #iit #amu #ipu #mewat.
8Sa-_NGjj5Q,Aligarh Muslim University,rankings,NIRF,Aligarh Muslim University NIRF,Aligarh Muslim University #nirf #8th #ranking #2024 #atharsvlog #shorts #amu #video,,Athars Vlog,2024-08-31T10:46:08Z,2024,789,63,5,PT17S,unknown,https://www.youtube.com/watch?v=8Sa-_NGjj5Q,21,Relevant,Aligarh Muslim University #nirf #8th #ranking #2024 #atharsvlog #shorts #amu #video,,Aligarh Muslim University #nirf #8th #ranking #2024 #atharsvlog #shorts #amu #video
OPx3hazn0Ew,University of Allahabad,rankings,NIRF,University of Allahabad NIRF,nirf ranking latest update 2023 top engineering college &amp; top 10 university in india,"nirf ranking 2023 university,nirf ranking 2023 management,nirf ranking 2023 law,nirf ranking 2023 iit,nirf ranking 2023 for ...",online learning websites,2023-06-06T03:00:24Z,2023,119,1,0,PT15S,unknown,https://www.youtube.com/watch?v=OPx3hazn0Ew,21,Relevant,nirf ranking latest update 2023 top engineering college & top 10 university in india,"nirf ranking 2023 university,nirf ranking 2023 management,nirf ranking 2023 law,nirf ranking 2023 iit,nirf ranking 2023 for .","nirf ranking latest update 2023 top engineering college & top 10 university in india nirf ranking 2023 university,nirf ranking 2023 management,nirf ranking 2023 law,nirf ranking 2023 iit,nirf ranking 2023 for ."
6ur55RrsHFk,VIT Vellore,rankings,NIRF,VIT Vellore NIRF,VIT Vellore 2025 Rankings: Better than Ever! 🚀,The numbers are in! VIT's 2025 Ranking Rewind is here. NIRF 2025: #14 University | #16 Engineering. QS Asia Rank: #150.,Aswani Kumar Cherukuri,2025-12-29T05:31:05Z,2025,15,2,0,PT59S,unknown,https://www.youtube.com/watch?v=6ur55RrsHFk,21,Relevant,VIT Vellore 2025 Rankings: Better than Ever! 🚀,The numbers are in! VIT's 2025 Ranking Rewind is here. NIRF 2025: #14 University | #16 Engineering. QS Asia Rank: #150.,VIT Vellore 2025 Rankings: Better than Ever! 🚀 The numbers are in! VIT's 2025 Ranking Rewind is here. NIRF 2025: #14 University | #16 Engineering. QS Asia Rank: #150.
xq3VAvk3s6Y,VIT Vellore,rankings,NIRF,VIT Vellore NIRF,VIT Vellore secured NIRF Rank 16 in 2025 📞 +91-9319 9319 89,"At School2College, we guide you from school to your dream engineering college. Contact: +91-9319 9319 89 Visit: ...",School2College,2026-02-07T11:17:38Z,2026,68,1,0,PT53S,unknown,https://www.youtube.com/watch?v=xq3VAvk3s6Y,21,Relevant,VIT Vellore secured NIRF Rank 16 in 2025 📞 +91-9319 9319 89,"At School2College, we guide you from school to your dream engineering college. Contact: +91-9319 9319 89 Visit: .","VIT Vellore secured NIRF Rank 16 in 2025 📞 +91-9319 9319 89 At School2College, we guide you from school to your dream engineering college. Contact: +91-9319 9319 89 Visit: ."
XDNlRy9kGkk,Banaras Hindu University,rankings,NIRF,Banaras Hindu University NIRF,"NIRF रैंकिंग 2024,किस University को मिला पहला स्थान#nirf #ranking #bhu #manipaluniversity #news","NIRF रैंकिंग 2024,किस University को मिला पहला स्थान#nirf #ranking #bhu #manipaluniversity #news ...",Vidya Live,2024-08-13T09:01:36Z,2024,98,9,1,PT2M26S,unknown,https://www.youtube.com/watch?v=XDNlRy9kGkk,21,Relevant,"NIRF रैंकिंग 2024,किस University को मिला पहला स्थान#nirf #ranking #bhu #manipaluniversity #news","NIRF रैंकिंग 2024,किस University को मिला पहला स्थान#nirf #ranking #bhu #manipaluniversity #news .","NIRF रैंकिंग 2024,किस University को मिला पहला स्थान#nirf #ranking #bhu #manipaluniversity #news NIRF रैंकिंग 2024,किस University को मिला पहला स्थान#nirf #ranking #bhu #manipaluniversity #news ."
hmnipAmcgCg,Jadavpur University,rankings,NIRF,Jadavpur University NIRF,Jadavpur University trend in NIRF Ranking Engn. #jadavpuruniversitynews #jadavpur_university,"For an analysis of Student & Labour migration from West Bengal, Pl. click the following link: https://youtu.be/p65vSF-5yCs ...",Share with Koustuv,2026-06-15T06:02:16Z,2026,39,3,0,PT47S,unknown,https://www.youtube.com/watch?v=hmnipAmcgCg,21,Relevant,Jadavpur University trend in NIRF Ranking Engn. #jadavpuruniversitynews #jadavpur_university,"For an analysis of Student & Labour migration from West Bengal, Pl. click the following link: .","Jadavpur University trend in NIRF Ranking Engn. #jadavpuruniversitynews #jadavpur_university For an analysis of Student & Labour migration from West Bengal, Pl. click the following link: ."
tvuJMlu_cqI,Aligarh Muslim University,rankings,NIRF,Aligarh Muslim University NIRF,NIRF Top 5 University Ranking 2023 || Admizz Education,"Get acquainted with Top 5 University of year 2023 under NIRF Ranking. To enroll in best university in India, contact Admizz ...","Admizz Education, Inc.",2023-07-19T01:15:04Z,2023,230,4,0,PT31S,unknown,https://www.youtube.com/watch?v=tvuJMlu_cqI,21,Relevant,NIRF Top 5 University Ranking 2023 || Admizz Education,"Get acquainted with Top 5 University of year 2023 under NIRF Ranking. To enroll in best university in India, contact Admizz .","NIRF Top 5 University Ranking 2023 || Admizz Education Get acquainted with Top 5 University of year 2023 under NIRF Ranking. To enroll in best university in India, contact Admizz ."
n-jxpe876ls,Delhi University,rankings,NIRF,Delhi University NIRF,"TOP 10 DELHI UNIVERSITY COLLEGES: NIRF RANKING WISE,2024",,Bhupen's Vlog ,2024-08-31T03:30:52Z,2024,31,0,0,PT1M1S,unknown,https://www.youtube.com/watch?v=n-jxpe876ls,21,Relevant,"TOP 10 DELHI UNIVERSITY COLLEGES: NIRF RANKING WISE,2024",,"TOP 10 DELHI UNIVERSITY COLLEGES: NIRF RANKING WISE,2024"
KcvzV-s0QHw,University of Rajasthan,rankings,NIRF,University of Rajasthan NIRF,Chandigarh University NIRF Ranking: चंडीगढ़ यूनिवर्सिटी ने NIRF की रैंकिंग में हासिल किया 27वां स्थान,Chandigarh University NIRF Ranking मोहाली स्थित चंडीगढ़ यूनिवर्सिटी जो उच्च ...,TV9 Rajasthan ,2023-06-07T14:27:59Z,2023,191,6,0,PT5M18S,unknown,https://www.youtube.com/watch?v=KcvzV-s0QHw,21,Relevant,Chandigarh University NIRF Ranking: चंडीगढ़ यूनिवर्सिटी ने NIRF की रैंकिंग में हासिल किया 27वां स्थान,Chandigarh University NIRF Ranking मोहाली स्थित चंडीगढ़ यूनिवर्सिटी जो उच्च .,Chandigarh University NIRF Ranking: चंडीगढ़ यूनिवर्सिटी ने NIRF की रैंकिंग में हासिल किया 27वां स्थान Chandigarh University NIRF Ranking मोहाली स्थित चंडीगढ़ यूनिवर्सिटी जो उच्च .
a6XytVdDZXo,Gujarat University,rankings,NIRF,Gujarat University NIRF,top 100 college Nirf ranking in TamilNadu| tnea 2023,"top 100 nirf Ranking in tamilnadu. Anna University - Nirf rank 13, SSN college - Nirf 45 , PSG college - Nirf 63 , Sri Krishna College ...",College Dost Tamil,2023-06-12T07:29:06Z,2023,2915,61,0,PT43S,unknown,https://www.youtube.com/watch?v=a6XytVdDZXo,21,Relevant,top 100 college Nirf ranking in TamilNadu| tnea 2023,"top 100 nirf Ranking in tamilnadu. Anna University - Nirf rank 13, SSN college - Nirf 45 , PSG college - Nirf 63 , Sri Krishna College .","top 100 college Nirf ranking in TamilNadu| tnea 2023 top 100 nirf Ranking in tamilnadu. Anna University - Nirf rank 13, SSN college - Nirf 45 , PSG college - Nirf 63 , Sri Krishna College ."
Xa6-1YLwa8M,Delhi University,rankings,NIRF,Delhi University NIRF,India&#39;s Number 1 NIRF Ranking College Miranda House - Delhi University,,College Review Unfiltered,2023-10-01T16:03:16Z,2023,1010,24,1,PT27S,unknown,https://www.youtube.com/watch?v=Xa6-1YLwa8M,21,Relevant,India's Number 1 NIRF Ranking College Miranda House - Delhi University,,India's Number 1 NIRF Ranking College Miranda House - Delhi University
t9MlCigaJdY,University of Rajasthan,rankings,NIRF,University of Rajasthan NIRF,BDS 2025 CUTOFF 🔥 | Top 5 Dental Colleges in Rajasthan 🦷 | Fees &amp; NIRF Ranking💥 #NEETRESULT2025,"BDS 2025 Rajasthan Cutoff | Top Dental Colleges in Rajasthan | Govt & Private Seats, Fees, NIRF Ranking! Planning to take ...",Careers360,2025-06-19T11:24:38Z,2025,19291,66,17,PT3M9S,unknown,https://www.youtube.com/watch?v=t9MlCigaJdY,21,Relevant,BDS 2025 CUTOFF 🔥 | Top 5 Dental Colleges in Rajasthan 🦷 | Fees & NIRF Ranking💥 #NEETRESULT2025,"BDS 2025 Rajasthan Cutoff | Top Dental Colleges in Rajasthan | Govt & Private Seats, Fees, NIRF Ranking! Planning to take .","BDS 2025 CUTOFF 🔥 | Top 5 Dental Colleges in Rajasthan 🦷 | Fees & NIRF Ranking💥 #NEETRESULT2025 BDS 2025 Rajasthan Cutoff | Top Dental Colleges in Rajasthan | Govt & Private Seats, Fees, NIRF Ranking! Planning to take ."
-f9pcNALaWQ,Delhi University,rankings,NIRF,Delhi University NIRF,"Delhi University, Hindu College NIRF Rank 1 #college #delhiuniversity #cuet #viralvideo #students",,DU CLUB,2025-04-25T05:59:47Z,2025,466,19,0,PT47S,unknown,https://www.youtube.com/watch?v=-f9pcNALaWQ,21,Relevant,"Delhi University, Hindu College NIRF Rank 1 #college #delhiuniversity #cuet #viralvideo #students",,"Delhi University, Hindu College NIRF Rank 1 #college #delhiuniversity #cuet #viralvideo #students"
dRDqqKSYltA,University of Rajasthan,rankings,NIRF,University of Rajasthan NIRF,nirf ranking latest update 2023 top engineering college &amp; top 10 university in india,"nirf ranking 2023 university,nirf ranking 2023 management,nirf ranking 2023 law,nirf ranking 2023 iit,nirf ranking 2023 for ...",online learning websites,2023-06-06T02:59:48Z,2023,67,0,0,PT14S,unknown,https://www.youtube.com/watch?v=dRDqqKSYltA,21,Relevant,nirf ranking latest update 2023 top engineering college & top 10 university in india,"nirf ranking 2023 university,nirf ranking 2023 management,nirf ranking 2023 law,nirf ranking 2023 iit,nirf ranking 2023 for .","nirf ranking latest update 2023 top engineering college & top 10 university in india nirf ranking 2023 university,nirf ranking 2023 management,nirf ranking 2023 law,nirf ranking 2023 iit,nirf ranking 2023 for ."
zRPmjzzf-GQ,University of Rajasthan,rankings,NIRF,University of Rajasthan NIRF,Top 10 Medical Colleges in Rajasthan 2024 | LATEST NIRF RANKING | RKSINHA | #mbbs #neet |#aiims#kota,Top 10 Medical Colleges in Rajasthan 2024 | LATEST NIRF RANKING | RKSINHA | #mbbs #neet | #MedicalColleges #Rajasthan ...,THE RK MEDICS,2024-08-03T06:57:46Z,2024,402,0,0,PT46S,unknown,https://www.youtube.com/watch?v=zRPmjzzf-GQ,21,Relevant,Top 10 Medical Colleges in Rajasthan 2024 | LATEST NIRF RANKING | RKSINHA | #mbbs #neet |#aiims#kota,Top 10 Medical Colleges in Rajasthan 2024 | LATEST NIRF RANKING | RKSINHA | #mbbs #neet | #MedicalColleges #Rajasthan .,Top 10 Medical Colleges in Rajasthan 2024 | LATEST NIRF RANKING | RKSINHA | #mbbs #neet |#aiims#kota Top 10 Medical Colleges in Rajasthan 2024 | LATEST NIRF RANKING | RKSINHA | #mbbs #neet | #MedicalColleges #Rajasthan .
nL5_vJKzFGc,Delhi University,rankings,NIRF,Delhi University NIRF,Best 10 Colleges of Delhi university based on NIRF ranking 2025 | 🔥🔥 ,,Vision lab by sona ,2026-04-28T11:57:41Z,2026,49,0,0,PT10M44S,unknown,https://www.youtube.com/watch?v=nL5_vJKzFGc,21,Relevant,Best 10 Colleges of Delhi university based on NIRF ranking 2025 | 🔥🔥,,Best 10 Colleges of Delhi university based on NIRF ranking 2025 | 🔥🔥
PT4ZoNIajdw,University of Rajasthan,rankings,NIRF,University of Rajasthan NIRF,NIRF Ranking - Pharma Sciences - Chandigarh University,"Today, we are overjoyed to share that in the recently released NIRF Rankings 2023, the Pharmacy division of Chandigarh ...",Chandigarh University - CU,2023-06-13T06:38:27Z,2023,390,6,0,PT1M9S,unknown,https://www.youtube.com/watch?v=PT4ZoNIajdw,21,Relevant,NIRF Ranking - Pharma Sciences - Chandigarh University,"Today, we are overjoyed to share that in the recently released NIRF Rankings 2023, the Pharmacy division of Chandigarh .","NIRF Ranking - Pharma Sciences - Chandigarh University Today, we are overjoyed to share that in the recently released NIRF Rankings 2023, the Pharmacy division of Chandigarh ."
jDeAnUfU2AE,Indian Institute of Management,rankings,NIRF,Indian Institute of Management NIRF,Top 5 Management Institutes in India | NIRF Ranking 2023 #iims2023,Top 5 Management Institutes in India | NIRF Ranking 2023 #Nirfranking #nirfranking2023 #MBASahiHai #ManagementInstitutes ...,MBA Sahi Hai,2023-06-27T13:33:44Z,2023,235,19,2,PT48S,unknown,https://www.youtube.com/watch?v=jDeAnUfU2AE,21,Relevant,Top 5 Management Institutes in India | NIRF Ranking 2023 #iims2023,Top 5 Management Institutes in India | NIRF Ranking 2023 #Nirfranking #nirfranking2023 #MBASahiHai #ManagementInstitutes .,Top 5 Management Institutes in India | NIRF Ranking 2023 #iims2023 Top 5 Management Institutes in India | NIRF Ranking 2023 #Nirfranking #nirfranking2023 #MBASahiHai #ManagementInstitutes .
qjdffS2U8A4,Lucknow University,rankings,NIRF,Lucknow University NIRF,"IIM Lucknow MBA Honest Review 🔎| Fees, Packages, Campus, Fests &amp; NIRF Ranking 📝| #shorts","IIM Lucknow MBA Honest Review | Fees, Packages, Campus, Fests & NIRF Ranking | #shorts ...",SuperGrads CAT Coaching by Toprankers,2025-07-07T12:03:38Z,2025,10417,274,12,PT39S,unknown,https://www.youtube.com/watch?v=qjdffS2U8A4,21,Relevant,"IIM Lucknow MBA Honest Review 🔎| Fees, Packages, Campus, Fests & NIRF Ranking 📝| #shorts","IIM Lucknow MBA Honest Review | Fees, Packages, Campus, Fests & NIRF Ranking | #shorts .","IIM Lucknow MBA Honest Review 🔎| Fees, Packages, Campus, Fests & NIRF Ranking 📝| #shorts IIM Lucknow MBA Honest Review | Fees, Packages, Campus, Fests & NIRF Ranking | #shorts ."
rqtSYNUWNHs,University of Rajasthan,rankings,NIRF,University of Rajasthan NIRF,NIRF Ranking 2025 Released! | Top Agriculture University &amp; Best Colleges for Agri Students,"Lecture By Dr. Priyanka Bhardwaj Ma'am , Raghvendra Singh Sir NIRF Ranking 2025 Released! | Top Agriculture University ...",Agriculture Wallah,2025-09-19T14:45:08Z,2025,774,19,5,PT4M37S,unknown,https://www.youtube.com/watch?v=rqtSYNUWNHs,21,Relevant,NIRF Ranking 2025 Released! | Top Agriculture University & Best Colleges for Agri Students,"Lecture By Dr. Priyanka Bhardwaj Ma'am , Raghvendra Singh Sir NIRF Ranking 2025 Released! | Top Agriculture University .","NIRF Ranking 2025 Released! | Top Agriculture University & Best Colleges for Agri Students Lecture By Dr. Priyanka Bhardwaj Ma'am , Raghvendra Singh Sir NIRF Ranking 2025 Released! | Top Agriculture University ."
axBFBr-wW6I,University of Madras,rankings,NIRF,University of Madras NIRF,NIRF Ranking 2024  IIT Madras Tops Again 2024 08 12,The National Institutional Ranking Framework (NIRF) Ranking 2024 is an esteemed ranking system initiated by the Ministry of ...,Ahmad Raza,2024-08-12T15:31:19Z,2024,3,0,0,PT1M20S,unknown,https://www.youtube.com/watch?v=axBFBr-wW6I,20,Relevant,NIRF Ranking 2024 IIT Madras Tops Again 2024 08 12,The National Institutional Ranking Framework (NIRF) Ranking 2024 is an esteemed ranking system initiated by the Ministry of .,NIRF Ranking 2024 IIT Madras Tops Again 2024 08 12 The National Institutional Ranking Framework (NIRF) Ranking 2024 is an esteemed ranking system initiated by the Ministry of .
a4tMiwgfj-4,Jamia Millia Islamia,rankings,NIRF,Jamia Millia Islamia NIRF,The World University Rankings 2024: Jamia Millia Islamia Bags Second Rank Among Indian Institutes,Vice Chancellor Najma Akhtar Said On September 27 That Jamia Millia Islamia (JMI) University Ranked Second Among Indian ...,LatestLY,2023-09-28T12:16:10Z,2023,4041,59,23,PT1M19S,unknown,https://www.youtube.com/watch?v=a4tMiwgfj-4,20,Relevant,The World University Rankings 2024: Jamia Millia Islamia Bags Second Rank Among Indian Institutes,Vice Chancellor Najma Akhtar Said On September 27 That Jamia Millia Islamia (JMI) University Ranked Second Among Indian .,The World University Rankings 2024: Jamia Millia Islamia Bags Second Rank Among Indian Institutes Vice Chancellor Najma Akhtar Said On September 27 That Jamia Millia Islamia (JMI) University Ranked Second Among Indian .
QvQ3O01fBew,BML Munjal University,rankings,NIRF,BML Munjal University NIRF,"BML Munjal University: MBA, Campus Tour, Placement, RoI, Hostel, Admission Process &amp; More | KYC","In this episode of Know Your Campus, we have BML Munjal University, a b-school in Haryana that offers you a glimpse of green ...",Konversations By InsideIIM,2024-02-20T13:45:01Z,2024,20272,146,38,PT14M19S,unknown,https://www.youtube.com/watch?v=QvQ3O01fBew,20,Relevant,"BML Munjal University: MBA, Campus Tour, Placement, RoI, Hostel, Admission Process & More | KYC","In this episode of Know Your Campus, we have BML Munjal University, a b-school in Haryana that offers you a glimpse of green .","BML Munjal University: MBA, Campus Tour, Placement, RoI, Hostel, Admission Process & More | KYC In this episode of Know Your Campus, we have BML Munjal University, a b-school in Haryana that offers you a glimpse of green ."
vioPE8W-_58,Delhi University,rankings,NIRF,Delhi University NIRF,Top 7 Law Colleges and Universities in Punjab and Delhi by NIRF Ranking 2024.,The NIRF Ranking 2024 highlights the top 7 law colleges and universities in Punjab and Delhi. For more details view our website: ...,Guide Me Career,2024-01-22T11:57:19Z,2024,161,38,0,PT53S,unknown,https://www.youtube.com/watch?v=vioPE8W-_58,20,Relevant,Top 7 Law Colleges and Universities in Punjab and Delhi by NIRF Ranking 2024.,The NIRF Ranking 2024 highlights the top 7 law colleges and universities in Punjab and Delhi. For more details view our website: .,Top 7 Law Colleges and Universities in Punjab and Delhi by NIRF Ranking 2024. The NIRF Ranking 2024 highlights the top 7 law colleges and universities in Punjab and Delhi. For more details view our website: .
VuLeFfu99Mo,Jamia Millia Islamia,rankings,NIRF,Jamia Millia Islamia NIRF,The World University Rankings 2024: Jamia Millia Islamia Bags Second Rank Among Indian Institutes,Vice Chancellor Najma Akhtar Said On September 27 That Jamia Millia Islamia (JMI) University Ranked Second Among Indian ...,LatestLY,2023-09-28T12:16:46Z,2023,213,8,0,PT42S,unknown,https://www.youtube.com/watch?v=VuLeFfu99Mo,20,Relevant,The World University Rankings 2024: Jamia Millia Islamia Bags Second Rank Among Indian Institutes,Vice Chancellor Najma Akhtar Said On September 27 That Jamia Millia Islamia (JMI) University Ranked Second Among Indian .,The World University Rankings 2024: Jamia Millia Islamia Bags Second Rank Among Indian Institutes Vice Chancellor Najma Akhtar Said On September 27 That Jamia Millia Islamia (JMI) University Ranked Second Among Indian .
tfWduaMbnzM,University of Madras,rankings,NIRF,University of Madras NIRF,"NIRF Ranking 2024 : IIT Madras tops list, IISc best university! | UPSC Current Affairs 2024",NIRF Ranking 2024 Released! Education Ministry has released the India Rankings 2024 under the National Institutional Ranking ...,NEXT IAS,2024-08-13T11:30:03Z,2024,3963,263,0,PT59S,unknown,https://www.youtube.com/watch?v=tfWduaMbnzM,20,Relevant,"NIRF Ranking 2024 : IIT Madras tops list, IISc best university! | UPSC Current Affairs 2024",NIRF Ranking 2024 Released! Education Ministry has released the India Rankings 2024 under the National Institutional Ranking .,"NIRF Ranking 2024 : IIT Madras tops list, IISc best university! | UPSC Current Affairs 2024 NIRF Ranking 2024 Released! Education Ministry has released the India Rankings 2024 under the National Institutional Ranking ."
dW9MQhYfXMk,BML Munjal University,rankings,NIRF,BML Munjal University NIRF,Welcome to Campus Life | Undergraduate Orientation 2025 at BML Munjal University,"Watch the highlights from the Undergraduate Orientation 2025 at BML Munjal University, where new students step into a world of ...",BML Munjal University,2025-09-10T11:42:38Z,2025,1173,24,0,PT2M,unknown,https://www.youtube.com/watch?v=dW9MQhYfXMk,20,Relevant,Welcome to Campus Life | Undergraduate Orientation 2025 at BML Munjal University,"Watch the highlights from the Undergraduate Orientation 2025 at BML Munjal University, where new students step into a world of .","Welcome to Campus Life | Undergraduate Orientation 2025 at BML Munjal University Watch the highlights from the Undergraduate Orientation 2025 at BML Munjal University, where new students step into a world of ."
GaLbN2Ua9eQ,Jadavpur University,rankings,NIRF,Jadavpur University NIRF,NIRF Ranking Of Jadavpur University. #education #motivation #travel #nothingimposibleinthis #foryou,,Sourav Dutta[JU],2025-10-06T11:58:08Z,2025,112,5,0,PT25S,unknown,https://www.youtube.com/watch?v=GaLbN2Ua9eQ,20,Relevant,NIRF Ranking Of Jadavpur University. #education #motivation #travel #nothingimposibleinthis #foryou,,NIRF Ranking Of Jadavpur University. #education #motivation #travel #nothingimposibleinthis #foryou
HuR7CdiC9uY,Dibrugarh University,rankings,NIRF,Dibrugarh University NIRF,GOA UNIVERSITY &#39;NOWHERE&#39; IN NIRF RANKING,"In a major disappointment, Goa University has failed to get a spot in the 100 best universities in the country as per the ranking ...",Prudent Media Goa,2023-06-05T13:30:11Z,2023,971,8,0,PT1M55S,unknown,https://www.youtube.com/watch?v=HuR7CdiC9uY,20,Relevant,GOA UNIVERSITY 'NOWHERE' IN NIRF RANKING,"In a major disappointment, Goa University has failed to get a spot in the 100 best universities in the country as per the ranking .","GOA UNIVERSITY 'NOWHERE' IN NIRF RANKING In a major disappointment, Goa University has failed to get a spot in the 100 best universities in the country as per the ranking ."
nGC8I8fy7_M,University of Madras,rankings,NIRF,University of Madras NIRF,🏗️ Top Engineering Colleges in India 2025 | IIT Madras #1 | NIRF Ranking 2025 OUT! 💥 #NIRF2025,"NIRF Ranking 2025 for Engineering Colleges is OUT! In this video, we reveal the Top Engineering Colleges in India 2025 as per ...",Careers360,2025-09-04T09:21:06Z,2025,2403,18,0,PT27S,unknown,https://www.youtube.com/watch?v=nGC8I8fy7_M,20,Relevant,🏗️ Top Engineering Colleges in India 2025 | IIT Madras #1 | NIRF Ranking 2025 OUT! 💥 #NIRF2025,"NIRF Ranking 2025 for Engineering Colleges is OUT! In this video, we reveal the Top Engineering Colleges in India 2025 as per .","🏗️ Top Engineering Colleges in India 2025 | IIT Madras #1 | NIRF Ranking 2025 OUT! 💥 #NIRF2025 NIRF Ranking 2025 for Engineering Colleges is OUT! In this video, we reveal the Top Engineering Colleges in India 2025 as per ."
qi6m68ms6oI,Osmania University,rankings,NIRF,Osmania University NIRF,"Osmania university Review : Courses , Fees, Result, Ranking, Placements","Hit this link to jumpstart your career:https://wa.me/918585951111?text=career-guide Osmania university Review : Courses, Fees, ...",shiksha.com,2023-03-15T12:30:32Z,2023,10846,44,5,PT4M16S,unknown,https://www.youtube.com/watch?v=qi6m68ms6oI,20,Relevant,"Osmania university Review : Courses , Fees, Result, Ranking, Placements","Hit this link to jumpstart your career: Osmania university Review : Courses, Fees, .","Osmania university Review : Courses , Fees, Result, Ranking, Placements Hit this link to jumpstart your career: Osmania university Review : Courses, Fees, ."
PKGBbOhtBT0,University of Allahabad,rankings,NIRF,University of Allahabad NIRF,top nit college in india 🎓👨‍🎓 | top nit college in India 2023 | nirf ranking 2023 #viral,top nit college in india ‍   | top nit college in India 2023 | nirf ranking 2023.,Mars Classes official,2023-10-08T13:30:11Z,2023,721,27,0,PT16S,unknown,https://www.youtube.com/watch?v=PKGBbOhtBT0,20,Relevant,top nit college in india 🎓👨‍🎓 | top nit college in India 2023 | nirf ranking 2023 #viral,top nit college in india ‍ | top nit college in India 2023 | nirf ranking 2023.,top nit college in india 🎓👨‍🎓 | top nit college in India 2023 | nirf ranking 2023 #viral top nit college in india ‍ | top nit college in India 2023 | nirf ranking 2023.
AT3K8-HV2TM,Patna University,rankings,NIRF,Patna University NIRF,Top 5 NIRF Ranking IIT colleges in india || By MCM Patna || Top 5 || #top5 #topcollegeinindia #iit,In this video you will know about NIRF ranking college of India there are information like NIRF ranking NIRF Score Establishment ...,MCM IIT-JEE & NEET,2024-01-04T10:54:50Z,2024,1111,36,1,PT36S,unknown,https://www.youtube.com/watch?v=AT3K8-HV2TM,20,Relevant,Top 5 NIRF Ranking IIT colleges in india || By MCM Patna || Top 5 || #top5 #topcollegeinindia #iit,In this video you will know about NIRF ranking college of India there are information like NIRF ranking NIRF Score Establishment .,Top 5 NIRF Ranking IIT colleges in india || By MCM Patna || Top 5 || #top5 #topcollegeinindia #iit In this video you will know about NIRF ranking college of India there are information like NIRF ranking NIRF Score Establishment .
5eUMv6wqn4A,Delhi University,rankings,NIRF,Delhi University NIRF,FREE DU preference list by SRCC🔥Delhi University Preference list |CUET 2026| DU preference list 2026,CUET PREFERENCE FILLING STARTS  FREE DU preference list by SRCC | Delhi University Preference list | CUET The CUET ...,Ujjwal Sharma,2026-07-03T07:32:43Z,2026,21259,692,199,PT12M24S,unknown,https://www.youtube.com/watch?v=5eUMv6wqn4A,20,Relevant,FREE DU preference list by SRCC🔥Delhi University Preference list |CUET 2026| DU preference list 2026,CUET PREFERENCE FILLING STARTS FREE DU preference list by SRCC | Delhi University Preference list | CUET The CUET .,FREE DU preference list by SRCC🔥Delhi University Preference list |CUET 2026| DU preference list 2026 CUET PREFERENCE FILLING STARTS FREE DU preference list by SRCC | Delhi University Preference list | CUET The CUET .
okeKkinzf_I,Manipur University,rankings,NIRF,Manipur University NIRF,The 15th Convocation of Manipur University,"15th Convocation of Manipur University on Friday, the 27th March, 2026 at the Auditorium of the University.",Manipur University,2026-03-27T08:52:50Z,2026,12887,212,0,PT4H53M56S,unknown,https://www.youtube.com/watch?v=okeKkinzf_I,20,Relevant,The 15th Convocation of Manipur University,"15th Convocation of Manipur University on Friday, the 27th March, 2026 at the Auditorium of the University.","The 15th Convocation of Manipur University 15th Convocation of Manipur University on Friday, the 27th March, 2026 at the Auditorium of the University."
ro5uVYChkFc,Delhi University,rankings,NIRF,Delhi University NIRF,Preference List for BSC Hons Statistics 📍DELHI UNIVERSITY,CUET UG 2025: B.SC (Hons) Statistics NIRF Rank-wise (Best to worst) preference list of all colleges of Delhi University (DU) ...,Gyaan Bytz,2025-07-10T07:36:57Z,2025,1349,23,2,PT12S,unknown,https://www.youtube.com/watch?v=ro5uVYChkFc,20,Relevant,Preference List for BSC Hons Statistics 📍DELHI UNIVERSITY,CUET UG 2025: B.SC (Hons) Statistics NIRF Rank-wise (Best to worst) preference list of all colleges of Delhi University (DU) .,Preference List for BSC Hons Statistics 📍DELHI UNIVERSITY CUET UG 2025: B.SC (Hons) Statistics NIRF Rank-wise (Best to worst) preference list of all colleges of Delhi University (DU) .
03Y50tfvsKY,VIT Vellore,rankings,NIRF,VIT Vellore NIRF,VIT Vellore University NIRF 10 Admission Open for 2025! #career,Admissions Open at VIT Vellore and Its 4 Campuses for 2025! Ready to begin your engineering journey at one of India's top ...,CareerGuide.com,2025-01-10T12:55:00Z,2025,251,5,1,PT1M13S,unknown,https://www.youtube.com/watch?v=03Y50tfvsKY,20,Relevant,VIT Vellore University NIRF 10 Admission Open for 2025! #career,Admissions Open at VIT Vellore and Its 4 Campuses for 2025! Ready to begin your engineering journey at one of India's top .,VIT Vellore University NIRF 10 Admission Open for 2025! #career Admissions Open at VIT Vellore and Its 4 Campuses for 2025! Ready to begin your engineering journey at one of India's top .
nC1iNfQZEK0,Central University of South Bihar,rankings,NIRF,Central University of South Bihar NIRF,CENTRAL UNIVERSITY OF SOUTH BIHAR | GAYA BIHAR|#education #learning #universitylife  #students#study,Central University of South Bihar Gaya this video is making for University Knowledge.,CENTRAL UNIVERSITY OF SOUTH BIHAR ,2024-11-04T13:19:42Z,2024,25565,364,13,PT15S,unknown,https://www.youtube.com/watch?v=nC1iNfQZEK0,20,Relevant,CENTRAL UNIVERSITY OF SOUTH BIHAR | GAYA BIHAR|#education #learning #universitylife #students#study,Central University of South Bihar Gaya this video is making for University Knowledge.,CENTRAL UNIVERSITY OF SOUTH BIHAR | GAYA BIHAR|#education #learning #universitylife #students#study Central University of South Bihar Gaya this video is making for University Knowledge.
s9CkI7D2g_A,University of Calcutta,rankings,NIRF,University of Calcutta NIRF,"University Of Calcutta Review : Courses, Fees, Ranking, Placement","Hit this link to jumpstart your career: https://wa.me/918585951111?text=Guide University Of Calcutta Review : Courses, Fees, ...",shiksha.com,2023-03-17T13:30:18Z,2023,20137,137,10,PT3M39S,unknown,https://www.youtube.com/watch?v=s9CkI7D2g_A,20,Relevant,"University Of Calcutta Review : Courses, Fees, Ranking, Placement","Hit this link to jumpstart your career: University Of Calcutta Review : Courses, Fees, .","University Of Calcutta Review : Courses, Fees, Ranking, Placement Hit this link to jumpstart your career: University Of Calcutta Review : Courses, Fees, ."
WUlg5tDNOJo,University of Madras,rankings,NIRF,University of Madras NIRF,Top iit college in india | top iit college in india 2023 | nirf ranking | #viral,Top iit college in india | top iit college in india 2023 | nirf ranking | #viral.,Mars Classes official,2023-10-08T13:45:05Z,2023,1130,38,1,PT21S,unknown,https://www.youtube.com/watch?v=WUlg5tDNOJo,20,Relevant,Top iit college in india | top iit college in india 2023 | nirf ranking | #viral,Top iit college in india | top iit college in india 2023 | nirf ranking | #viral.,Top iit college in india | top iit college in india 2023 | nirf ranking | #viral Top iit college in india | top iit college in india 2023 | nirf ranking | #viral.
WHFLWJzA0uw,Delhi University,rankings,NIRF,Delhi University NIRF,Top 5 Colleges in Delhi Universities 🔥| NIRF Ranking,Top 5 Colleges in Delhi Universities | NIRF Ranking ------------------------------------- Download Free CUET 2023 Study Material ...,SuperGrads CUET by Toprankers,2023-01-31T10:30:11Z,2023,6225,516,3,PT31S,unknown,https://www.youtube.com/watch?v=WHFLWJzA0uw,20,Relevant,Top 5 Colleges in Delhi Universities 🔥| NIRF Ranking,Top 5 Colleges in Delhi Universities | NIRF Ranking ------------------------------------- Download Free CUET 2023 Study Material .,Top 5 Colleges in Delhi Universities 🔥| NIRF Ranking Top 5 Colleges in Delhi Universities | NIRF Ranking ------------------------------------- Download Free CUET 2023 Study Material .
LrYcGJKy87w,Assam University,rankings,NIRF,Assam University NIRF,Top Educational Institutions of Assam | NIRF ranking 2023 #shorts  #ytshorts  #educational #assam,Top Educational Institutions of Assam | NIRF ranking 2023 #shorts #ytshorts #educational #assamese #shorts #ytshorts #viral ...,Dr. Netramoni Baruah,2023-09-26T10:30:07Z,2023,263,34,0,PT59S,unknown,https://www.youtube.com/watch?v=LrYcGJKy87w,20,Relevant,Top Educational Institutions of Assam | NIRF ranking 2023 #shorts #ytshorts #educational #assam,Top Educational Institutions of Assam | NIRF ranking 2023 #shorts #ytshorts #educational #assamese #shorts #ytshorts #viral .,Top Educational Institutions of Assam | NIRF ranking 2023 #shorts #ytshorts #educational #assam Top Educational Institutions of Assam | NIRF ranking 2023 #shorts #ytshorts #educational #assamese #shorts #ytshorts #viral .
5GXEwojdeDo,Delhi University,rankings,NIRF,Delhi University NIRF,"JAMIA, DU, JNU Top 5 में – NIRF Rankinig में दिल्ली की छाप | NIRF University Ranking | Top Colleges",NIRF2025universityrankings #IIScBengalurutops #JNUsecond # Indiahighereducationinstitutions #Indiatop10universities ...,Awaz The Voice ,2025-09-05T13:05:00Z,2025,1010,14,0,PT1M26S,unknown,https://www.youtube.com/watch?v=5GXEwojdeDo,20,Relevant,"JAMIA, DU, JNU Top 5 में – NIRF Rankinig में दिल्ली की छाप | NIRF University Ranking | Top Colleges",NIRF2025universityrankings #IIScBengalurutops #JNUsecond # Indiahighereducationinstitutions #Indiatop10universities .,"JAMIA, DU, JNU Top 5 में – NIRF Rankinig में दिल्ली की छाप | NIRF University Ranking | Top Colleges NIRF2025universityrankings #IIScBengalurutops #JNUsecond # Indiahighereducationinstitutions #Indiatop10universities ."
Ut2-9OOODfM,Tezpur University,rankings,NIRF,Tezpur University NIRF,"🏆 TEZPUR UNIVERSITY Collegedunia, NIRF Rankings 😱 Shocking Position Revealed 📈 #MBA","For Detailed Insights: https://tinyurl.com/4753z2fv Tezpur University, ranked among the top institutions in India — let's take a quick ...",Collegedunia,2025-10-29T12:30:45Z,2025,2071,21,1,PT59S,unknown,https://www.youtube.com/watch?v=Ut2-9OOODfM,20,Relevant,"🏆 TEZPUR UNIVERSITY Collegedunia, NIRF Rankings 😱 Shocking Position Revealed 📈 #MBA","For Detailed Insights: Tezpur University, ranked among the top institutions in India — let's take a quick .","🏆 TEZPUR UNIVERSITY Collegedunia, NIRF Rankings 😱 Shocking Position Revealed 📈 #MBA For Detailed Insights: Tezpur University, ranked among the top institutions in India — let's take a quick ."
-ig_8PJZ3Pk,University of Madras,rankings,NIRF,University of Madras NIRF,NIRF Ranking 2024 இந்த தரவரிசை பட்டியலே மிக மிக தவறானது - Educationalist Nedunchezhian | IIT Madras,NIRF Ranking 2024 இந்த தரவரிசை பட்டியலே மிக மிக தவறானது - கல்வியாளர் ...,News18 Tamil Nadu,2024-08-13T02:30:57Z,2024,30538,387,81,PT6M33S,unknown,https://www.youtube.com/watch?v=-ig_8PJZ3Pk,20,Relevant,NIRF Ranking 2024 இந்த தரவரிசை பட்டியலே மிக மிக தவறானது - Educationalist Nedunchezhian | IIT Madras,NIRF Ranking 2024 இந்த தரவரிசை பட்டியலே மிக மிக தவறானது - கல்வியாளர் .,NIRF Ranking 2024 இந்த தரவரிசை பட்டியலே மிக மிக தவறானது - Educationalist Nedunchezhian | IIT Madras NIRF Ranking 2024 இந்த தரவரிசை பட்டியலே மிக மிக தவறானது - கல்வியாளர் .
j-hUxLfInOw,University of Madras,rankings,NIRF,University of Madras NIRF,NIRF Ranking 2025 | Top 10 Colleges &amp; Universities in India | IIT Madras No.1 | बीएचयू कहाँ है?,"नमस्कार दोस्तों, शिक्षा मंत्रालय (Ministry of Education) द्वारा जारी NIRF Ranking ...",Global Students Guider,2025-09-06T04:56:43Z,2025,324,20,5,PT1M24S,unknown,https://www.youtube.com/watch?v=j-hUxLfInOw,20,Relevant,NIRF Ranking 2025 | Top 10 Colleges & Universities in India | IIT Madras No.1 | बीएचयू कहाँ है?,"नमस्कार दोस्तों, शिक्षा मंत्रालय (Ministry of Education) द्वारा जारी NIRF Ranking .","NIRF Ranking 2025 | Top 10 Colleges & Universities in India | IIT Madras No.1 | बीएचयू कहाँ है? नमस्कार दोस्तों, शिक्षा मंत्रालय (Ministry of Education) द्वारा जारी NIRF Ranking ."
8_K_DnmMilI,University of Mumbai,rankings,NIRF,University of Mumbai NIRF,Top MBA College | IIM Mumbai Vs IIT Bombay Vs IIT Delhi Which One is Better? NIRF Ranking #mba,Top MBA College | IIM Mumbai Vs IIT Bombay Vs IIT Delhi Which One is Better? NIRF Ranking CATKing Courses ...,CATKing,2025-01-06T13:00:16Z,2025,11705,484,1,PT49S,unknown,https://www.youtube.com/watch?v=8_K_DnmMilI,20,Relevant,Top MBA College | IIM Mumbai Vs IIT Bombay Vs IIT Delhi Which One is Better? NIRF Ranking #mba,Top MBA College | IIM Mumbai Vs IIT Bombay Vs IIT Delhi Which One is Better? NIRF Ranking CATKing Courses .,Top MBA College | IIM Mumbai Vs IIT Bombay Vs IIT Delhi Which One is Better? NIRF Ranking #mba Top MBA College | IIM Mumbai Vs IIT Bombay Vs IIT Delhi Which One is Better? NIRF Ranking CATKing Courses .
3KPObHu4Yjs,Delhi University,rankings,NIRF,Delhi University NIRF,Delhi University College Rankings 😍🔥 #shorts,Delhi University College Rankings - Top 10 Colleges of Delhi University according to the NIRF Ranking - 1. Miranda House ...,CUET by Gokul Chhabra,2023-06-08T12:30:03Z,2023,100739,6660,114,PT57S,unknown,https://www.youtube.com/watch?v=3KPObHu4Yjs,20,Relevant,Delhi University College Rankings 😍🔥 #shorts,Delhi University College Rankings - Top 10 Colleges of Delhi University according to the NIRF Ranking - 1. Miranda House .,Delhi University College Rankings 😍🔥 #shorts Delhi University College Rankings - Top 10 Colleges of Delhi University according to the NIRF Ranking - 1. Miranda House .
wVAu8iwBc8Q,University of Madras,rankings,NIRF,University of Madras NIRF,NIRF 2025 BANNED? Madras HC Exposes India’s Ranking Scam!,NIRF 2025 BANNED? Madras HC Exposes India's Ranking Scam! #nirf #nirfranking #madrashc.,Vivek NISER | SciAstra,2025-03-31T11:58:24Z,2025,17610,809,33,PT53S,unknown,https://www.youtube.com/watch?v=wVAu8iwBc8Q,20,Relevant,NIRF 2025 BANNED? Madras HC Exposes India’s Ranking Scam!,NIRF 2025 BANNED? Madras HC Exposes India's Ranking Scam! #nirf #nirfranking #madrashc.,NIRF 2025 BANNED? Madras HC Exposes India’s Ranking Scam! NIRF 2025 BANNED? Madras HC Exposes India's Ranking Scam! #nirf #nirfranking #madrashc.
y2PKILYCedg,Rajasthan Technical University,rankings,NIRF,Rajasthan Technical University NIRF,NIRF ranking 2023 university | nirf ranking 2023 engineering college | medical | management | law |,"NIRF ranking 2023 university | nirf ranking 2023 engineering college | medical | management | law | Hello friends, welcome to my ...",GET More Info.,2023-06-05T11:51:34Z,2023,962,17,0,PT12M37S,unknown,https://www.youtube.com/watch?v=y2PKILYCedg,20,Relevant,NIRF ranking 2023 university | nirf ranking 2023 engineering college | medical | management | law |,"NIRF ranking 2023 university | nirf ranking 2023 engineering college | medical | management | law | Hello friends, welcome to my .","NIRF ranking 2023 university | nirf ranking 2023 engineering college | medical | management | law | NIRF ranking 2023 university | nirf ranking 2023 engineering college | medical | management | law | Hello friends, welcome to my ."
UexD15WtQ74,Central University of Karnataka,rankings,NIRF,Central University of Karnataka NIRF,"NIRF Ranking 2024: NIRF 2024 Rankings Released; IIT-Madras Tops List, IISc Bengaluru Best University",NIRF Ranking 2024: The Ministry of Education today announced the National Institutional Ranking Framework (NIRF) 2024.,The Indian Express,2024-08-12T11:55:00Z,2024,19422,102,41,PT1M41S,unknown,https://www.youtube.com/watch?v=UexD15WtQ74,20,Relevant,"NIRF Ranking 2024: NIRF 2024 Rankings Released; IIT-Madras Tops List, IISc Bengaluru Best University",NIRF Ranking 2024: The Ministry of Education today announced the National Institutional Ranking Framework (NIRF) 2024.,"NIRF Ranking 2024: NIRF 2024 Rankings Released; IIT-Madras Tops List, IISc Bengaluru Best University NIRF Ranking 2024: The Ministry of Education today announced the National Institutional Ranking Framework (NIRF) 2024."
WiHjcyZq7-w,Delhi University,rankings,NIRF,Delhi University NIRF,Top 5 medical college in india NIRF ranking 2023 Aiims delhi motivational videos.AIIMS TALKIES,Top 5 medical college in india NIRF ranking Top 5 medical college in india NIRF ranking 2023 Aiims delhi motivational videos.,AIIMS TALKIES,2023-06-03T07:05:18Z,2023,400,15,0,PT17S,unknown,https://www.youtube.com/watch?v=WiHjcyZq7-w,20,Relevant,Top 5 medical college in india NIRF ranking 2023 Aiims delhi motivational videos.AIIMS TALKIES,Top 5 medical college in india NIRF ranking Top 5 medical college in india NIRF ranking 2023 Aiims delhi motivational videos.,Top 5 medical college in india NIRF ranking 2023 Aiims delhi motivational videos.AIIMS TALKIES Top 5 medical college in india NIRF ranking Top 5 medical college in india NIRF ranking 2023 Aiims delhi motivational videos.
4C8PCq5pP2E,Andhra University,rankings,NIRF,Andhra University NIRF,"నానాటికీ తగ్గుతున్న AP ప్రతిష్ట, ఆచార్యులు లేని విశ్వవిద్యాలయాలా? Andhra University Poor Performance",Janagalam Poor Performance In NIRF Rankings. Andhra University rank downfall by year to year. #ysrcp #ycp #ysjagan #tdp ...,JANAGALAM,2023-06-10T13:44:44Z,2023,422,16,1,PT1M,unknown,https://www.youtube.com/watch?v=4C8PCq5pP2E,20,Relevant,"నానాటికీ తగ్గుతున్న AP ప్రతిష్ట, ఆచార్యులు లేని విశ్వవిద్యాలయాలా? Andhra University Poor Performance",Janagalam Poor Performance In NIRF Rankings. Andhra University rank downfall by year to year. #ysrcp #ycp #ysjagan #tdp .,"నానాటికీ తగ్గుతున్న AP ప్రతిష్ట, ఆచార్యులు లేని విశ్వవిద్యాలయాలా? Andhra University Poor Performance Janagalam Poor Performance In NIRF Rankings. Andhra University rank downfall by year to year. #ysrcp #ycp #ysjagan #tdp ."
gA4ZMfemPpg,University of Rajasthan,rankings,NIRF,University of Rajasthan NIRF,#NIRF Ranking University and Best vistor college and university...,"Hi, This is a educational channel for library science students. In this video I will introduce you about the NIRF ranking University ...",Library Science Special Classes,2024-06-03T06:20:34Z,2024,129,7,0,PT1M1S,unknown,https://www.youtube.com/watch?v=gA4ZMfemPpg,19,Relevant,#NIRF Ranking University and Best vistor college and university.,"Hi, This is a educational channel for library science students. In this video I will introduce you about the NIRF ranking University .","#NIRF Ranking University and Best vistor college and university. Hi, This is a educational channel for library science students. In this video I will introduce you about the NIRF ranking University ."
_Vu9GgPoF-U,Kerala University,rankings,NIRF,Kerala University NIRF,തലയുയർത്തി കേരളത്തിലെ ഉന്നതവിദ്യാഭ്യാസമേഖല | Higher education | NIRF Rankings | Kerala university,kairalinews #kairalitv #malayalamnews #keralanewslive NIRF റാങ്കിങ്ങിൽ കേരളത്തിലെ ...,Kairali News,2023-06-06T07:49:25Z,2023,590,7,1,PT1M36S,unknown,https://www.youtube.com/watch?v=_Vu9GgPoF-U,19,Relevant,തലയുയർത്തി കേരളത്തിലെ ഉന്നതവിദ്യാഭ്യാസമേഖല | Higher education | NIRF Rankings | Kerala university,kairalinews #kairalitv #malayalamnews #keralanewslive NIRF റാങ്കിങ്ങിൽ കേരളത്തിലെ .,തലയുയർത്തി കേരളത്തിലെ ഉന്നതവിദ്യാഭ്യാസമേഖല | Higher education | NIRF Rankings | Kerala university kairalinews #kairalitv #malayalamnews #keralanewslive NIRF റാങ്കിങ്ങിൽ കേരളത്തിലെ .
jf9qIp-sRXw,BML Munjal University,rankings,NIRF,BML Munjal University NIRF,BML Munjal University - Campus Tour,,Kavach Khanna,2026-04-30T08:41:27Z,2026,3928,48,3,PT59S,unknown,https://www.youtube.com/watch?v=jf9qIp-sRXw,19,Relevant,BML Munjal University - Campus Tour,,BML Munjal University - Campus Tour
JsVgB6UVB7g,Savitribai Phule Pune University,rankings,NIRF,Savitribai Phule Pune University NIRF,Savitribai Phule Pune University SPPU campus tour #sppu #sppuupdates #campus #pune #puneuniversity,,Yash Raut,2025-03-26T13:24:44Z,2025,2689,24,3,PT5M15S,unknown,https://www.youtube.com/watch?v=JsVgB6UVB7g,19,Relevant,Savitribai Phule Pune University SPPU campus tour #sppu #sppuupdates #campus #pune #puneuniversity,,Savitribai Phule Pune University SPPU campus tour #sppu #sppuupdates #campus #pune #puneuniversity
w-TogULhHl4,Banaras Hindu University,rankings,NIRF,Banaras Hindu University NIRF,Banaras Hindu University College Review #bhu #banaras #collegeadmissions #placements,Talk to me- https://topmate.io/sandhya_soni10/2115171.,Sandhya- College Review ,2025-04-06T12:12:08Z,2025,31149,711,9,PT1M4S,unknown,https://www.youtube.com/watch?v=w-TogULhHl4,19,Relevant,Banaras Hindu University College Review #bhu #banaras #collegeadmissions #placements,Talk to me-,Banaras Hindu University College Review #bhu #banaras #collegeadmissions #placements Talk to me-
Z_bsKDOec9w,Savitribai Phule Pune University,rankings,NIRF,Savitribai Phule Pune University NIRF,Savitribai Phule Pune University (SPPU) - Virtual Campus Tour | MCA College In Pune | #mcaentrance,"Prepare for MCA Entrance : NIMCET , MCACET , Others Exam - Start Now or Never - Batches Launched | Target Top MCA ...",Manoeuvre MCA - CET TO NIMCET Preparation,2023-10-07T15:30:09Z,2023,1377,17,6,PT2M10S,unknown,https://www.youtube.com/watch?v=Z_bsKDOec9w,19,Relevant,Savitribai Phule Pune University (SPPU) - Virtual Campus Tour | MCA College In Pune | #mcaentrance,"Prepare for MCA Entrance : NIMCET , MCACET , Others Exam - Start Now or Never - Batches Launched | Target Top MCA .","Savitribai Phule Pune University (SPPU) - Virtual Campus Tour | MCA College In Pune | #mcaentrance Prepare for MCA Entrance : NIMCET , MCACET , Others Exam - Start Now or Never - Batches Launched | Target Top MCA ."
pbTdb6A0l4E,Central University of South Bihar,rankings,NIRF,Central University of South Bihar NIRF,"NIRF Ranking 2023 | Ranking of Your Dream College | Best University, College &amp; Overall Ranking","NIRF Ranking 2023 | Ranking of Your Dream College | Best University, College & Overall Ranking Click the Link below to Know ...",SuperGrads CUET by Toprankers,2023-06-06T06:43:12Z,2023,308,17,5,PT7M10S,unknown,https://www.youtube.com/watch?v=pbTdb6A0l4E,19,Relevant,"NIRF Ranking 2023 | Ranking of Your Dream College | Best University, College & Overall Ranking","NIRF Ranking 2023 | Ranking of Your Dream College | Best University, College & Overall Ranking Click the Link below to Know .","NIRF Ranking 2023 | Ranking of Your Dream College | Best University, College & Overall Ranking NIRF Ranking 2023 | Ranking of Your Dream College | Best University, College & Overall Ranking Click the Link below to Know ."
YXiRm4L89YM,Savitribai Phule Pune University,rankings,NIRF,Savitribai Phule Pune University NIRF,Top Engineering Colleges in Pune ( NIRF ranking Report 2023),Top Engineering Colleges in Pune ( According to NIRF ranking Report 2023) 1. DIAT Pune - Defence Institute of Advanced ...,Vibrant Unique Pune,2024-06-27T07:10:58Z,2024,231,5,0,PT22S,unknown,https://www.youtube.com/watch?v=YXiRm4L89YM,19,Relevant,Top Engineering Colleges in Pune ( NIRF ranking Report 2023),Top Engineering Colleges in Pune ( According to NIRF ranking Report 2023) 1. DIAT Pune - Defence Institute of Advanced .,Top Engineering Colleges in Pune ( NIRF ranking Report 2023) Top Engineering Colleges in Pune ( According to NIRF ranking Report 2023) 1. DIAT Pune - Defence Institute of Advanced .
VBoBlEwzZmY,VIT Vellore,rankings,NIRF,VIT Vellore NIRF,NIRF Ranking basics using Top 10 Engineering colleges,Top Engineering Colleges in Tamil Nadu (NIRF Based) IIT Madras NIT Trichy Anna University VIT Vellore SRM Institute of ...,2k _ Future clarity ,2026-04-16T08:50:00Z,2026,1308,3,0,PT16S,unknown,https://www.youtube.com/watch?v=VBoBlEwzZmY,19,Relevant,NIRF Ranking basics using Top 10 Engineering colleges,Top Engineering Colleges in Tamil Nadu (NIRF Based) IIT Madras NIT Trichy Anna University VIT Vellore SRM Institute of .,NIRF Ranking basics using Top 10 Engineering colleges Top Engineering Colleges in Tamil Nadu (NIRF Based) IIT Madras NIT Trichy Anna University VIT Vellore SRM Institute of .
iRQVA2QMA9w,Aligarh Muslim University,rankings,NIRF,Aligarh Muslim University NIRF,AMU College Review ||Aligarh Muslim University | AMU Aligarh #shorts #shortvideo🎯,Free CUET Counselling Guidance ...,CUET by Studentkhabri,2024-08-23T07:30:11Z,2024,229,9,0,PT42S,unknown,https://www.youtube.com/watch?v=iRQVA2QMA9w,19,Relevant,AMU College Review ||Aligarh Muslim University | AMU Aligarh #shorts #shortvideo🎯,Free CUET Counselling Guidance .,AMU College Review ||Aligarh Muslim University | AMU Aligarh #shorts #shortvideo🎯 Free CUET Counselling Guidance .
8hMYWPFqhSQ,VIT Bhopal University,rankings,NIRF,VIT Bhopal University NIRF,Is NIRF ranking important?,Are you choosing a college or university and wondering if the NIRF (National Institutional Ranking Framework) rankings should ...,Career Guidance with Ramana,2025-06-30T11:00:54Z,2025,4407,84,3,PT1M22S,unknown,https://www.youtube.com/watch?v=8hMYWPFqhSQ,19,Relevant,Is NIRF ranking important?,Are you choosing a college or university and wondering if the NIRF (National Institutional Ranking Framework) rankings should .,Is NIRF ranking important? Are you choosing a college or university and wondering if the NIRF (National Institutional Ranking Framework) rankings should .
HfaCF7eWefw,Jadavpur University,rankings,NIRF,Jadavpur University NIRF,Jadavpur University College Review Inshort,shorts Alpha 3.0 Placement Batch (Java+DSA) : https://www.apnacollege.in/course/alpha-batch-3 ...,Apna College,2023-02-20T16:07:52Z,2023,1358932,0,0,PT1M,unknown,https://www.youtube.com/watch?v=HfaCF7eWefw,19,Relevant,Jadavpur University College Review Inshort,shorts Alpha 3.0 Placement Batch (Java+DSA) : .,Jadavpur University College Review Inshort shorts Alpha 3.0 Placement Batch (Java+DSA) : .
X7w1zBh_CFQ,BML Munjal University,rankings,NIRF,BML Munjal University NIRF,BML Munjal University 🔥 - Full Campus &amp; Hostel Tour ,"The link to Personal Sessions & Mock Interviews with Me : https://topmate.io/kavach_khanna01 Hello Everybody, This video is the ...",Kavach Khanna,2026-04-28T08:27:41Z,2026,16576,172,44,PT19M39S,unknown,https://www.youtube.com/watch?v=X7w1zBh_CFQ,19,Relevant,BML Munjal University 🔥 - Full Campus & Hostel Tour,"The link to Personal Sessions & Mock Interviews with Me : Hello Everybody, This video is the .","BML Munjal University 🔥 - Full Campus & Hostel Tour The link to Personal Sessions & Mock Interviews with Me : Hello Everybody, This video is the ."
RWr5GCnPDqk,University of Calcutta,rankings,NIRF,University of Calcutta NIRF,"University of Calcutta college review | admission, placement, cutoff, fee, campus",College Review playlist: https://www.youtube.com/playlist?list=PL1GuOd_kR3QRHuII8cel7EcQ8JrMDOWaX Review your college ...,Prabhat Ranjan,2024-01-07T06:30:07Z,2024,14527,279,73,PT10M,unknown,https://www.youtube.com/watch?v=RWr5GCnPDqk,19,Relevant,"University of Calcutta college review | admission, placement, cutoff, fee, campus",College Review playlist: Review your college .,"University of Calcutta college review | admission, placement, cutoff, fee, campus College Review playlist: Review your college ."
dFmDIMjKrFg,Mizoram University,rankings,NIRF,Mizoram University NIRF,"Mizoram University Aizawl (B.Tech) college review | admission, placement, cutoff, fee, campus",College Review playlist: https://www.youtube.com/playlist?list=PL1GuOd_kR3QRHuII8cel7EcQ8JrMDOWaX Review your college ...,Prabhat Ranjan,2023-12-20T12:30:31Z,2023,7058,116,26,PT9M15S,unknown,https://www.youtube.com/watch?v=dFmDIMjKrFg,19,Relevant,"Mizoram University Aizawl (B.Tech) college review | admission, placement, cutoff, fee, campus",College Review playlist: Review your college .,"Mizoram University Aizawl (B.Tech) college review | admission, placement, cutoff, fee, campus College Review playlist: Review your college ."
QiV9-zg1dR4,Central University of South Bihar,rankings,NIRF,Central University of South Bihar NIRF,A Complete Campus tour of Central University of South Bihar दक्षिण बिहार केंद्रीय विश्वविद्यालय CUSB,आईए आज के इस वीडियो के माध्यम से गया जिला में स्थित दक्षिण बिहार ...,GAYA SIGHT,2025-07-17T01:34:07Z,2025,33932,438,310,PT7M16S,unknown,https://www.youtube.com/watch?v=QiV9-zg1dR4,19,Relevant,A Complete Campus tour of Central University of South Bihar दक्षिण बिहार केंद्रीय विश्वविद्यालय CUSB,आईए आज के इस वीडियो के माध्यम से गया जिला में स्थित दक्षिण बिहार .,A Complete Campus tour of Central University of South Bihar दक्षिण बिहार केंद्रीय विश्वविद्यालय CUSB आईए आज के इस वीडियो के माध्यम से गया जिला में स्थित दक्षिण बिहार .
ECoxhoBhFk4,Tezpur University,rankings,NIRF,Tezpur University NIRF,"SOE Tezpur University college review | admission, placement, cutoff, fee, campus",College Review playlist: https://www.youtube.com/playlist?list=PL1GuOd_kR3QRHuII8cel7EcQ8JrMDOWaX Review your college ...,Prabhat Ranjan,2023-12-20T15:30:03Z,2023,15751,287,63,PT8M24S,unknown,https://www.youtube.com/watch?v=ECoxhoBhFk4,19,Relevant,"SOE Tezpur University college review | admission, placement, cutoff, fee, campus",College Review playlist: Review your college .,"SOE Tezpur University college review | admission, placement, cutoff, fee, campus College Review playlist: Review your college ."
Nr7TXYfNAS8,Delhi University,rankings,NIRF,Delhi University NIRF,Delh&#39;s Best Law Colleges based on NIRF Ranking #lawcollege #delhi #lawcourse #nirfranking2023,nludelhi #jmi #ili #ggsipuniversity Delhi's best law colleges based on nirf ranking 2023 1National Law University 2 Jamia Milia ...,Technical Institutes Media,2023-06-19T11:42:12Z,2023,8214,152,1,PT25S,unknown,https://www.youtube.com/watch?v=Nr7TXYfNAS8,19,Relevant,Delh's Best Law Colleges based on NIRF Ranking #lawcollege #delhi #lawcourse #nirfranking2023,nludelhi #jmi #ili #ggsipuniversity Delhi's best law colleges based on nirf ranking 2023 1National Law University 2 Jamia Milia .,Delh's Best Law Colleges based on NIRF Ranking #lawcollege #delhi #lawcourse #nirfranking2023 nludelhi #jmi #ili #ggsipuniversity Delhi's best law colleges based on nirf ranking 2023 1National Law University 2 Jamia Milia .
VxPVtlnE_mw,Mysore University,rankings,NIRF,Mysore University NIRF,Mysore University Campus Tour 2026,MysoreUniversity #UniversityOfMysore #CampusTour2026 #MysoreCampus #CollegeTourIndia #KarnatakaUniversities ...,Unseen Travel,2026-03-04T17:02:05Z,2026,900,4,1,PT29S,unknown,https://www.youtube.com/watch?v=VxPVtlnE_mw,19,Relevant,Mysore University Campus Tour 2026,MysoreUniversity #UniversityOfMysore #CampusTour2026 #MysoreCampus #CollegeTourIndia #KarnatakaUniversities .,Mysore University Campus Tour 2026 MysoreUniversity #UniversityOfMysore #CampusTour2026 #MysoreCampus #CollegeTourIndia #KarnatakaUniversities .
JpqoeVwSrEI,North Eastern Hill University,rankings,NIRF,North Eastern Hill University NIRF,Which university got first place ?#nirf #ranking #bhu #manipaluniversity #news,Which university got first place ? #nirf #ranking #bhu #manipaluniversity #news #educationindustry #latestnews #newsbulletin ...,Vidya Live,2024-08-13T10:58:34Z,2024,48,2,0,PT2M31S,unknown,https://www.youtube.com/watch?v=JpqoeVwSrEI,19,Relevant,Which university got first place ?#nirf #ranking #bhu #manipaluniversity #news,Which university got first place ? #nirf #ranking #bhu #manipaluniversity #news #educationindustry #latestnews #newsbulletin .,Which university got first place ?#nirf #ranking #bhu #manipaluniversity #news Which university got first place ? #nirf #ranking #bhu #manipaluniversity #news #educationindustry #latestnews #newsbulletin .
3yUT5UBhccc,Andhra University,rankings,NIRF,Andhra University NIRF,Top 5 Engineering Colleges in Andhra Pradesh | NIRF Ranking &amp; Placements 2026 #topcolleges #silver,Top 5 Engineering Colleges in Andhra Pradesh with the latest NIRF rankings and placement data. If you're planning engineering ...,College Mentor,2026-02-05T06:07:34Z,2026,1957,68,3,PT1M13S,unknown,https://www.youtube.com/watch?v=3yUT5UBhccc,19,Relevant,Top 5 Engineering Colleges in Andhra Pradesh | NIRF Ranking & Placements 2026 #topcolleges #silver,Top 5 Engineering Colleges in Andhra Pradesh with the latest NIRF rankings and placement data. If you're planning engineering .,Top 5 Engineering Colleges in Andhra Pradesh | NIRF Ranking & Placements 2026 #topcolleges #silver Top 5 Engineering Colleges in Andhra Pradesh with the latest NIRF rankings and placement data. If you're planning engineering .
DF2YoWlPI5Q,Jawaharlal Nehru University,rankings,NIRF,Jawaharlal Nehru University NIRF,Jamia Millia Islamia University | JNU | JMI 2023 | Jawaharlal Nehru University | JNU Admission 2023,About this video :- जामिया और JNU है देश के टॉप यूनिवर्सिटी | Jamia Millia Islamia University ...,TBIT,2023-06-06T12:30:06Z,2023,2472,66,8,PT2M47S,unknown,https://www.youtube.com/watch?v=DF2YoWlPI5Q,19,Relevant,Jamia Millia Islamia University | JNU | JMI 2023 | Jawaharlal Nehru University | JNU Admission 2023,About this video :- जामिया और JNU है देश के टॉप यूनिवर्सिटी | Jamia Millia Islamia University .,Jamia Millia Islamia University | JNU | JMI 2023 | Jawaharlal Nehru University | JNU Admission 2023 About this video :- जामिया और JNU है देश के टॉप यूनिवर्सिटी | Jamia Millia Islamia University .
5DnHQl4coXI,Jawaharlal Nehru University,rankings,NIRF,Jawaharlal Nehru University NIRF,JAWAHARLAL NEHRU UNIVERSITY 2023 (VLOG MENGUNJUNGI UNIVERSITAS TERBAIK KE-2 SE-INDIA THN 2023 NIRF),"Assalamualaikum temen-temen Hari ini aku bakal kasih liat di video tentang Universitas Jawaharlal Nehru (JNU), univ keren yang ...",Hairunnisa Maharani,2023-06-07T09:52:43Z,2023,213,16,5,PT16M13S,unknown,https://www.youtube.com/watch?v=5DnHQl4coXI,19,Relevant,JAWAHARLAL NEHRU UNIVERSITY 2023 (VLOG MENGUNJUNGI UNIVERSITAS TERBAIK KE-2 SE-INDIA THN 2023 NIRF),"Assalamualaikum temen-temen Hari ini aku bakal kasih liat di video tentang Universitas Jawaharlal Nehru (JNU), univ keren yang .","JAWAHARLAL NEHRU UNIVERSITY 2023 (VLOG MENGUNJUNGI UNIVERSITAS TERBAIK KE-2 SE-INDIA THN 2023 NIRF) Assalamualaikum temen-temen Hari ini aku bakal kasih liat di video tentang Universitas Jawaharlal Nehru (JNU), univ keren yang ."
pARHXO1NeIM,Central University of South Bihar,rankings,NIRF,Central University of South Bihar NIRF,Central University of South Bihar | Central University of South Bihar Campus Tour #cusb #cuet #bihar,,CUET PG : ContinueGroup,2025-07-29T03:38:49Z,2025,6257,90,4,PT18S,unknown,https://www.youtube.com/watch?v=pARHXO1NeIM,19,Relevant,Central University of South Bihar | Central University of South Bihar Campus Tour #cusb #cuet #bihar,,Central University of South Bihar | Central University of South Bihar Campus Tour #cusb #cuet #bihar
clUT97dnoRM,Jawaharlal Nehru University,rankings,NIRF,Jawaharlal Nehru University NIRF,JAWAHARLAL NEHRU UNIVERSITY #jnu  #jnustudents,Mr. Rithik sharing his experience of exploring the vibrant and lively campus of JNU From thought-provoking discussions to ...,UET Universities Entrance Tips,2025-02-04T09:26:10Z,2025,415,3,1,PT52S,unknown,https://www.youtube.com/watch?v=clUT97dnoRM,19,Relevant,JAWAHARLAL NEHRU UNIVERSITY #jnu #jnustudents,Mr. Rithik sharing his experience of exploring the vibrant and lively campus of JNU From thought-provoking discussions to .,JAWAHARLAL NEHRU UNIVERSITY #jnu #jnustudents Mr. Rithik sharing his experience of exploring the vibrant and lively campus of JNU From thought-provoking discussions to .
tcFRoktsJlw,University of Rajasthan,rankings,NIRF,University of Rajasthan NIRF,"NAAC, NBA &amp; NIRF RANKING |UGC NET HIGHER EDCUATION |DIFFERENCE IN NAAC, NBA &amp; NIRF RANKING|SHIV SIR",ugcnet2024 #UGCNET #ntanet​ #highereducation #digitalinitiative #net​ #netexam​ #ugcnetpaper1preparation #ugcnetpaper1 ...,Apni University NET JRF,2024-05-08T17:22:15Z,2024,13016,0,51,PT41M46S,unknown,https://www.youtube.com/watch?v=tcFRoktsJlw,19,Relevant,"NAAC, NBA & NIRF RANKING |UGC NET HIGHER EDCUATION |DIFFERENCE IN NAAC, NBA & NIRF RANKING|SHIV SIR",ugcnet2024 #UGCNET #ntanet​ #highereducation #digitalinitiative #net​ #netexam​ #ugcnetpaper1preparation #ugcnetpaper1 .,"NAAC, NBA & NIRF RANKING |UGC NET HIGHER EDCUATION |DIFFERENCE IN NAAC, NBA & NIRF RANKING|SHIV SIR ugcnet2024 #UGCNET #ntanet​ #highereducation #digitalinitiative #net​ #netexam​ #ugcnetpaper1preparation #ugcnetpaper1 ."
l6YOaDCdNyg,Jawaharlal Nehru University,rankings,NIRF,Jawaharlal Nehru University NIRF,Top 10 NIRF Ranking Universities in India!,nirf #ranking #universities #indiastudy #indiafamous #ministryofeducation #ᴛʀᴇɴᴅɪɴɢʀᴇᴇʟs #governmentofindia ...,Blooms Academy Of SICC,2025-10-04T09:58:37Z,2025,1113,15,4,PT53S,unknown,https://www.youtube.com/watch?v=l6YOaDCdNyg,19,Relevant,Top 10 NIRF Ranking Universities in India!,nirf #ranking #universities #indiastudy #indiafamous #ministryofeducation #ᴛʀᴇɴᴅɪɴɢʀᴇᴇʟs #governmentofindia .,Top 10 NIRF Ranking Universities in India! nirf #ranking #universities #indiastudy #indiafamous #ministryofeducation #ᴛʀᴇɴᴅɪɴɢʀᴇᴇʟs #governmentofindia .
BAxr8BhLZdk,Assam University,rankings,NIRF,Assam University NIRF,"Assam University (TSSOT) college review | admission, placement, cutoff, fee, campus",College Review playlist: https://www.youtube.com/playlist?list=PL1GuOd_kR3QRHuII8cel7EcQ8JrMDOWaX Review your college ...,Prabhat Ranjan,2023-12-18T12:30:05Z,2023,9445,169,56,PT12M1S,unknown,https://www.youtube.com/watch?v=BAxr8BhLZdk,19,Relevant,"Assam University (TSSOT) college review | admission, placement, cutoff, fee, campus",College Review playlist: Review your college .,"Assam University (TSSOT) college review | admission, placement, cutoff, fee, campus College Review playlist: Review your college ."
DCUblLOmOQM,Delhi University,rankings,NIRF,Delhi University NIRF,Top 5 colleges of DU according to NIRF. #cuet #cuet2025 #nirfdu #lsr #arsd #kmc #hinducollege,This video explains about the NIRF ranking of the top 5 DU colleges.,Unimonks CUET,2024-09-07T04:31:13Z,2024,701,0,0,PT48S,unknown,https://www.youtube.com/watch?v=DCUblLOmOQM,19,Relevant,Top 5 colleges of DU according to NIRF. #cuet #cuet2025 #nirfdu #lsr #arsd #kmc #hinducollege,This video explains about the NIRF ranking of the top 5 DU colleges.,Top 5 colleges of DU according to NIRF. #cuet #cuet2025 #nirfdu #lsr #arsd #kmc #hinducollege This video explains about the NIRF ranking of the top 5 DU colleges.
rF1X8JwKbiU,North Eastern Hill University,rankings,NIRF,North Eastern Hill University NIRF,"north eastern hill University campus tour, NEHU, shillong #nehu #northeasternhilluniversity #tour",,Prateek Vlogs,2023-08-24T06:04:58Z,2023,7831,410,10,PT57S,unknown,https://www.youtube.com/watch?v=rF1X8JwKbiU,19,Relevant,"north eastern hill University campus tour, NEHU, shillong #nehu #northeasternhilluniversity #tour",,"north eastern hill University campus tour, NEHU, shillong #nehu #northeasternhilluniversity #tour"
OHAJ1pFkINM,University of Allahabad,rankings,NIRF,University of Allahabad NIRF,"MNNIT Allahabad Ranking: NIRF, QS, The Week, Outlook &amp; More","MNNIT Allahabad Ranking: NIRF, QS, The Week, Outlook & More Follow us on our Social Media Handles: Facebook- ...",shiksha.com,2024-07-18T10:46:54Z,2024,262,0,0,PT11S,unknown,https://www.youtube.com/watch?v=OHAJ1pFkINM,19,Relevant,"MNNIT Allahabad Ranking: NIRF, QS, The Week, Outlook & More","MNNIT Allahabad Ranking: NIRF, QS, The Week, Outlook & More Follow us on our Social Media Handles: Facebook- .","MNNIT Allahabad Ranking: NIRF, QS, The Week, Outlook & More MNNIT Allahabad Ranking: NIRF, QS, The Week, Outlook & More Follow us on our Social Media Handles: Facebook- ."
zvciGPIVSSQ,Guru Ghasidas Vishwavidyalaya,rankings,NIRF,Guru Ghasidas Vishwavidyalaya NIRF,NIRF Ranking | Chandigarh University,"Exhibiting a consistent rise in the NIRF Rankings, Chandigarh University now ranks #27 among the top universities in India.",Chandigarh University - CU,2023-06-07T07:16:07Z,2023,22980,36,0,PT58S,unknown,https://www.youtube.com/watch?v=zvciGPIVSSQ,19,Relevant,NIRF Ranking | Chandigarh University,"Exhibiting a consistent rise in the NIRF Rankings, Chandigarh University now ranks #27 among the top universities in India.","NIRF Ranking | Chandigarh University Exhibiting a consistent rise in the NIRF Rankings, Chandigarh University now ranks #27 among the top universities in India."
GED5KUadgqs,Banaras Hindu University,rankings,NIRF,Banaras Hindu University NIRF,Top 5 Medical Colleges in India - NIRF Ranking 2022,"What are the top 5 Medical Colleges in India that offer MBBS degree program, as per NIRF Ranking 2022? In this video, we will ...",Just Get MBBS,2023-01-23T05:39:42Z,2023,2449,82,8,PT58S,unknown,https://www.youtube.com/watch?v=GED5KUadgqs,18,Relevant,Top 5 Medical Colleges in India - NIRF Ranking 2022,"What are the top 5 Medical Colleges in India that offer MBBS degree program, as per NIRF Ranking 2022? In this video, we will .","Top 5 Medical Colleges in India - NIRF Ranking 2022 What are the top 5 Medical Colleges in India that offer MBBS degree program, as per NIRF Ranking 2022? In this video, we will ."
tclYrw0wwJw,Banaras Hindu University,rankings,NIRF,Banaras Hindu University NIRF,Top 10 Medical Colleges in India | NIRF Ranking 2023 | Guide Me Career,"Here are the top 10 Medical colleges in India as per NIRF ranking 2023. In number 1, All India Institute of Medical Sciences - Delhi ...",Guide Me Career,2023-06-30T12:04:48Z,2023,137,20,0,PT1M32S,unknown,https://www.youtube.com/watch?v=tclYrw0wwJw,18,Relevant,Top 10 Medical Colleges in India | NIRF Ranking 2023 | Guide Me Career,"Here are the top 10 Medical colleges in India as per NIRF ranking 2023. In number 1, All India Institute of Medical Sciences - Delhi .","Top 10 Medical Colleges in India | NIRF Ranking 2023 | Guide Me Career Here are the top 10 Medical colleges in India as per NIRF ranking 2023. In number 1, All India Institute of Medical Sciences - Delhi ."
l9O0jr7gSwY,Patna University,rankings,NIRF,Patna University NIRF,Top 7 AIIMS NIRF Ranking 💛 Neet 2023 counselling #neet2023 #neetupdate,Top 7 AIIMS NIRF Ranking Neet 2023 counselling #neet2023 #neetupdate Single Room Tour Of Nursing Hostel ...,Ritu Kakkar (AIIMS),2023-10-04T02:36:36Z,2023,1255,50,0,PT21S,unknown,https://www.youtube.com/watch?v=l9O0jr7gSwY,18,Relevant,Top 7 AIIMS NIRF Ranking 💛 Neet 2023 counselling #neet2023 #neetupdate,Top 7 AIIMS NIRF Ranking Neet 2023 counselling #neet2023 #neetupdate Single Room Tour Of Nursing Hostel .,Top 7 AIIMS NIRF Ranking 💛 Neet 2023 counselling #neet2023 #neetupdate Top 7 AIIMS NIRF Ranking Neet 2023 counselling #neet2023 #neetupdate Single Room Tour Of Nursing Hostel .
S45fJRwcG8Y,University of Hyderabad,rankings,NIRF,University of Hyderabad NIRF,Top 10 Pharmacy Colleges in India | NIRF Ranking 2023 | Guide Me Career,"Here are the top 10 Pharmacy colleges in India as per NIRF ranking 2023. In number 1, National Institute of Pharmaceutical ...",Guide Me Career,2023-07-03T10:00:30Z,2023,500,38,0,PT1M31S,unknown,https://www.youtube.com/watch?v=S45fJRwcG8Y,18,Relevant,Top 10 Pharmacy Colleges in India | NIRF Ranking 2023 | Guide Me Career,"Here are the top 10 Pharmacy colleges in India as per NIRF ranking 2023. In number 1, National Institute of Pharmaceutical .","Top 10 Pharmacy Colleges in India | NIRF Ranking 2023 | Guide Me Career Here are the top 10 Pharmacy colleges in India as per NIRF ranking 2023. In number 1, National Institute of Pharmaceutical ."
0eG_veN6Z4A,Tezpur University,rankings,NIRF,Tezpur University NIRF,WB College Admission 2023: Top 10 University in india: Jadavpur University: Calcutta: WBJEE: NIRF 23,West Bengal College University Admission 2023. Here the top West bengal Colleges and universities as per NIRF Ranking 2023.,Rjee Tech,2023-06-05T11:30:22Z,2023,3983,111,31,PT6M9S,unknown,https://www.youtube.com/watch?v=0eG_veN6Z4A,18,Relevant,WB College Admission 2023: Top 10 University in india: Jadavpur University: Calcutta: WBJEE: NIRF 23,West Bengal College University Admission 2023. Here the top West bengal Colleges and universities as per NIRF Ranking 2023.,WB College Admission 2023: Top 10 University in india: Jadavpur University: Calcutta: WBJEE: NIRF 23 West Bengal College University Admission 2023. Here the top West bengal Colleges and universities as per NIRF Ranking 2023.
pPuVn-fhgAo,Banaras Hindu University,rankings,NIRF,Banaras Hindu University NIRF,INDIAN TOP-8 UNIVERSITIES IN 2023 || NIRF  RANKING || ALL TOP-8 UNIVERSITIES NAME &amp; STATE || 2023,"WELL COME TO OUR CHANNEL ""TOP-8"" INDIAN TOP-8 UNIVERSITIES IN 2023, NIRF RANK /2023 BSSED.",ThaTS OuT,2023-06-22T06:24:48Z,2023,125,3,0,PT49S,unknown,https://www.youtube.com/watch?v=pPuVn-fhgAo,18,Relevant,INDIAN TOP-8 UNIVERSITIES IN 2023 || NIRF RANKING || ALL TOP-8 UNIVERSITIES NAME & STATE || 2023,"WELL COME TO OUR CHANNEL ""TOP-8"" INDIAN TOP-8 UNIVERSITIES IN 2023, NIRF RANK /2023 BSSED.","INDIAN TOP-8 UNIVERSITIES IN 2023 || NIRF RANKING || ALL TOP-8 UNIVERSITIES NAME & STATE || 2023 WELL COME TO OUR CHANNEL ""TOP-8"" INDIAN TOP-8 UNIVERSITIES IN 2023, NIRF RANK /2023 BSSED."
5-0uLdj8t58,Lucknow University,rankings,NIRF,Lucknow University NIRF,Honorable CM Of Uttar Pradesh Yogi Adityanath Talks About CU&#39;s top 20 university of the NIRF ranking,"Chandigarh University, Uttar Pradesh, carrying forward the legacy of CU-Mohali. Honorable Chief Minister Of Uttar Pradesh, Yogi ...",Chandigarh University UP,2025-07-26T14:17:25Z,2025,6879,141,1,PT47S,unknown,https://www.youtube.com/watch?v=5-0uLdj8t58,18,Relevant,Honorable CM Of Uttar Pradesh Yogi Adityanath Talks About CU's top 20 university of the NIRF ranking,"Chandigarh University, Uttar Pradesh, carrying forward the legacy of CU-Mohali. Honorable Chief Minister Of Uttar Pradesh, Yogi .","Honorable CM Of Uttar Pradesh Yogi Adityanath Talks About CU's top 20 university of the NIRF ranking Chandigarh University, Uttar Pradesh, carrying forward the legacy of CU-Mohali. Honorable Chief Minister Of Uttar Pradesh, Yogi ."
s05eireHxwU,Banaras Hindu University,rankings,NIRF,Banaras Hindu University NIRF,Top 5 Medical Colleges in India - NIRF Ranking 2021,"What are the top 5 Medical Colleges in India that offer MBBS degree program, as per NIRF Ranking 2021? In this video, we will ...",Just Get MBBS,2023-01-23T13:30:16Z,2023,1505,43,0,PT48S,unknown,https://www.youtube.com/watch?v=s05eireHxwU,18,Relevant,Top 5 Medical Colleges in India - NIRF Ranking 2021,"What are the top 5 Medical Colleges in India that offer MBBS degree program, as per NIRF Ranking 2021? In this video, we will .","Top 5 Medical Colleges in India - NIRF Ranking 2021 What are the top 5 Medical Colleges in India that offer MBBS degree program, as per NIRF Ranking 2021? In this video, we will ."
HkWw1q4mJC0,Oriental Institute of Science and Technology Bhopal,rankings,NIRF,Oriental Institute of Science and Technology Bhopal NIRF,#nirfranking2023 NIRF Ranking 2023 ! India Rankings 2023 !,nirfranking2023 #nirfranking #Ranking #2023 #India_Ranking_2023 #ariia #nirfranking #NIRF #Ranking_2023 !,VJ Gurukul,2023-06-05T12:02:57Z,2023,230,7,3,PT15M2S,unknown,https://www.youtube.com/watch?v=HkWw1q4mJC0,18,Relevant,#nirfranking2023 NIRF Ranking 2023 ! India Rankings 2023 !,nirfranking2023 #nirfranking #Ranking #2023 #India_Ranking_2023 #ariia #nirfranking #NIRF #Ranking_2023 !,#nirfranking2023 NIRF Ranking 2023 ! India Rankings 2023 ! nirfranking2023 #nirfranking #Ranking #2023 #India_Ranking_2023 #ariia #nirfranking #NIRF #Ranking_2023 !
Vow-un6jg5U,Savitribai Phule Pune University,rankings,NIRF,Savitribai Phule Pune University NIRF,Top 5 State Public Universities in India | NIRF Ranking 2024 #stateuniversity #nirf #education,"In this video, we showcase the Top 5 State Public Universities in India as per the NIRF Ranking 2024. These institutions are ...",Bright career advisor,2025-04-02T02:15:02Z,2025,35,4,1,PT1M3S,unknown,https://www.youtube.com/watch?v=Vow-un6jg5U,18,Relevant,Top 5 State Public Universities in India | NIRF Ranking 2024 #stateuniversity #nirf #education,"In this video, we showcase the Top 5 State Public Universities in India as per the NIRF Ranking 2024. These institutions are .","Top 5 State Public Universities in India | NIRF Ranking 2024 #stateuniversity #nirf #education In this video, we showcase the Top 5 State Public Universities in India as per the NIRF Ranking 2024. These institutions are ."
x-WcATwr2Q4,Institute of Chemical Technology Mumbai,rankings,NIRF,Institute of Chemical Technology Mumbai NIRF,Top 30 pharmacy college in India | Best B.Pharma College in India | nirf ranking pharmacy college,Top 30 pharmacy college in India | Best B.Pharma College in India | nirf ranking pharmacy college 1.niper hyderabad 2. jamia ...,BADA Education By Dilkhush,2023-06-07T08:38:57Z,2023,23,0,0,PT1M16S,unknown,https://www.youtube.com/watch?v=x-WcATwr2Q4,18,Relevant,Top 30 pharmacy college in India | Best B.Pharma College in India | nirf ranking pharmacy college,Top 30 pharmacy college in India | Best B.Pharma College in India | nirf ranking pharmacy college 1.niper hyderabad 2. jamia .,Top 30 pharmacy college in India | Best B.Pharma College in India | nirf ranking pharmacy college Top 30 pharmacy college in India | Best B.Pharma College in India | nirf ranking pharmacy college 1.niper hyderabad 2. jamia .
ufHBakSPUqw,University of Calcutta,rankings,NIRF,University of Calcutta NIRF,"Calcutta University Complete Guide 2025: Review, Ranking, Fees &amp; Admission Explained","Here's everything you need to know about *Calcutta University*, Establishment year: 1857, NIRF Ranking 2024: 39 (University), ...",shiksha.com,2025-09-24T09:30:35Z,2025,190,1,1,PT36S,unknown,https://www.youtube.com/watch?v=ufHBakSPUqw,18,Relevant,"Calcutta University Complete Guide 2025: Review, Ranking, Fees & Admission Explained","Here's everything you need to know about *Calcutta University*, Establishment year: 1857, NIRF Ranking 2024: 39 (University), .","Calcutta University Complete Guide 2025: Review, Ranking, Fees & Admission Explained Here's everything you need to know about *Calcutta University*, Establishment year: 1857, NIRF Ranking 2024: 39 (University), ."
7KgyqgQDenU,University of Rajasthan,rankings,NIRF,University of Rajasthan NIRF,Top 3 Skill Universities in India | NIRF Ranking 2024 #skills #university #indiaeducation #nirf,"In this video, we dive into the Top 3 Skill Universities in India according to the NIRF Ranking 2024. These universities focus on ...",Bright career advisor,2025-04-02T21:45:00Z,2025,67,4,0,PT43S,unknown,https://www.youtube.com/watch?v=7KgyqgQDenU,18,Relevant,Top 3 Skill Universities in India | NIRF Ranking 2024 #skills #university #indiaeducation #nirf,"In this video, we dive into the Top 3 Skill Universities in India according to the NIRF Ranking 2024. These universities focus on .","Top 3 Skill Universities in India | NIRF Ranking 2024 #skills #university #indiaeducation #nirf In this video, we dive into the Top 3 Skill Universities in India according to the NIRF Ranking 2024. These universities focus on ."
4kSSP7lP82c,Indian Institute of Management,rankings,NIRF,Indian Institute of Management NIRF,Top Management Colleges in India as per NIRF Ranking,"Watch the complete trend of NIRF Management Rankings from 2016 to 2025 in a fast, racing bar chart that shows how India's top ...",Saksham Kumar,2025-11-05T07:47:46Z,2025,11,1,2,PT2M34S,unknown,https://www.youtube.com/watch?v=4kSSP7lP82c,18,Relevant,Top Management Colleges in India as per NIRF Ranking,"Watch the complete trend of NIRF Management Rankings from 2016 to 2025 in a fast, racing bar chart that shows how India's top .","Top Management Colleges in India as per NIRF Ranking Watch the complete trend of NIRF Management Rankings from 2016 to 2025 in a fast, racing bar chart that shows how India's top ."
L88qO0bgrDM,Manipur University,rankings,NIRF,Manipur University NIRF,"Martina Wangkheimayum - Miss Manipur University 2024 Contestant, Traditional Round Ramp Walk.",Miss Manipur University 2024 Contestant- Martina Wangkheimayum.,THOUDAM CHITARANJAN OFFICIAL,2024-10-20T10:44:35Z,2024,120303,4474,17,PT43S,unknown,https://www.youtube.com/watch?v=L88qO0bgrDM,18,Relevant,"Martina Wangkheimayum - Miss Manipur University 2024 Contestant, Traditional Round Ramp Walk.",Miss Manipur University 2024 Contestant- Martina Wangkheimayum.,"Martina Wangkheimayum - Miss Manipur University 2024 Contestant, Traditional Round Ramp Walk. Miss Manipur University 2024 Contestant- Martina Wangkheimayum."
srt0zrEvpPg,Patna University,rankings,NIRF,Patna University NIRF,Top 10 AIIMS Medical college in India / NIRF ranking 2023,Top 10 AIIMS Medical college in India / NIRF ranking 2023 #aiims #aiimsdelhi #aiimsjodhpur #aiims_raipur #aiimsbhubaneswar ...,MAKE NEET ACHIEVABLE,2023-06-07T02:30:11Z,2023,644,23,0,PT51S,unknown,https://www.youtube.com/watch?v=srt0zrEvpPg,18,Relevant,Top 10 AIIMS Medical college in India / NIRF ranking 2023,Top 10 AIIMS Medical college in India / NIRF ranking 2023 #aiims #aiimsdelhi #aiimsjodhpur #aiims_raipur #aiimsbhubaneswar .,Top 10 AIIMS Medical college in India / NIRF ranking 2023 Top 10 AIIMS Medical college in India / NIRF ranking 2023 #aiims #aiimsdelhi #aiimsjodhpur #aiims_raipur #aiimsbhubaneswar .
SFRrDh8EGIo,University of Allahabad,rankings,NIRF,University of Allahabad NIRF,Delhi University Admissions 2023 | list of colleges | Campus/area  | NIRF ranking .,Get list of colleges of Delhi university required for you to make preference list for csas portal.,Way to Delhi University,2023-06-27T04:46:45Z,2023,120,5,2,PT1M1S,unknown,https://www.youtube.com/watch?v=SFRrDh8EGIo,18,Relevant,Delhi University Admissions 2023 | list of colleges | Campus/area | NIRF ranking .,Get list of colleges of Delhi university required for you to make preference list for csas portal.,Delhi University Admissions 2023 | list of colleges | Campus/area | NIRF ranking . Get list of colleges of Delhi university required for you to make preference list for csas portal.
jFTVXxEoOhU,VIT Vellore,rankings,NIRF,VIT Vellore NIRF,Vellore institute of Institute of technology In Vellore|Location|Nirf Ranking 2025|in tamil,Vellore institute of technology Location Course offering Facilities Placement Ranking Ratings Full details in tamil #admission ...,MK Trending Education,2025-12-23T12:31:10Z,2025,52,1,0,PT3M15S,unknown,https://www.youtube.com/watch?v=jFTVXxEoOhU,18,Relevant,Vellore institute of Institute of technology In Vellore|Location|Nirf Ranking 2025|in tamil,Vellore institute of technology Location Course offering Facilities Placement Ranking Ratings Full details in tamil #admission .,Vellore institute of Institute of technology In Vellore|Location|Nirf Ranking 2025|in tamil Vellore institute of technology Location Course offering Facilities Placement Ranking Ratings Full details in tamil #admission .
4QsGJnQARUQ,Indian Institute of Management,rankings,NIRF,Indian Institute of Management NIRF,"Honest MBA Review: IIM Ahmedabad 🏫| Fees, NIRF Ranking, Placements &amp; Campus Life 🔎| #shorts","Honest MBA Review: IIM Ahmedabad | Fees, NIRF Ranking, Placements & Campus Life | #shorts ...",SuperGrads CAT Coaching by Toprankers,2025-06-24T12:09:05Z,2025,5867,225,6,PT51S,unknown,https://www.youtube.com/watch?v=4QsGJnQARUQ,18,Relevant,"Honest MBA Review: IIM Ahmedabad 🏫| Fees, NIRF Ranking, Placements & Campus Life 🔎| #shorts","Honest MBA Review: IIM Ahmedabad | Fees, NIRF Ranking, Placements & Campus Life | #shorts .","Honest MBA Review: IIM Ahmedabad 🏫| Fees, NIRF Ranking, Placements & Campus Life 🔎| #shorts Honest MBA Review: IIM Ahmedabad | Fees, NIRF Ranking, Placements & Campus Life | #shorts ."
5KQ-qQqbmt0,VIT Vellore,rankings,NIRF,VIT Vellore NIRF,NIRF Ranking - 2024,A proud moment! A quick glimpse at the 2024 NIRF rankings! #VIT #VelloreInstituteofTechnology #NIRFRanking2024 ...,Vellore Institute of Technology,2024-08-14T04:48:25Z,2024,5752,147,0,PT31S,unknown,https://www.youtube.com/watch?v=5KQ-qQqbmt0,18,Relevant,NIRF Ranking - 2024,A proud moment! A quick glimpse at the 2024 NIRF rankings! #VIT #VelloreInstituteofTechnology #NIRFRanking2024 .,NIRF Ranking - 2024 A proud moment! A quick glimpse at the 2024 NIRF rankings! #VIT #VelloreInstituteofTechnology #NIRFRanking2024 .
wrZKn6uWMgo,University of Allahabad,rankings,NIRF,University of Allahabad NIRF,NIRF Ranking of Chandigarh University,Chandigarh University is soaring higher in the pursuit of academic excellence and setting new benchmarks in higher education.,Chandigarh University - CU,2023-06-05T11:54:11Z,2023,307710,95,12,PT1M,unknown,https://www.youtube.com/watch?v=wrZKn6uWMgo,18,Relevant,NIRF Ranking of Chandigarh University,Chandigarh University is soaring higher in the pursuit of academic excellence and setting new benchmarks in higher education.,NIRF Ranking of Chandigarh University Chandigarh University is soaring higher in the pursuit of academic excellence and setting new benchmarks in higher education.
vfOv3l3mzTQ,University of Allahabad,rankings,NIRF,University of Allahabad NIRF,"NIRF Ranking 2024 : Top Colleges, Universities and Institute #nirfranking","NIRF Ranking 2024 : Top Colleges, Universities and Institute #nirfranking.",CUET Hindi Medium,2024-08-17T09:00:47Z,2024,5614,160,1,PT59S,unknown,https://www.youtube.com/watch?v=vfOv3l3mzTQ,18,Relevant,"NIRF Ranking 2024 : Top Colleges, Universities and Institute #nirfranking","NIRF Ranking 2024 : Top Colleges, Universities and Institute #nirfranking.","NIRF Ranking 2024 : Top Colleges, Universities and Institute #nirfranking NIRF Ranking 2024 : Top Colleges, Universities and Institute #nirfranking."
JtKXV8BjoTY,University of Allahabad,rankings,NIRF,University of Allahabad NIRF,Top 10 NIT Colleges (2023 NIRF Ranking) | #jeemains,"Top 10 NIT Colleges in India (2023 NIRF Ranking) | #jeemains Welcome to our channel, where we provide JEE aspirants with ...",The JEE Warriorz,2024-03-23T11:28:45Z,2024,850,13,0,PT16S,unknown,https://www.youtube.com/watch?v=JtKXV8BjoTY,18,Relevant,Top 10 NIT Colleges (2023 NIRF Ranking) | #jeemains,"Top 10 NIT Colleges in India (2023 NIRF Ranking) | #jeemains Welcome to our channel, where we provide JEE aspirants with .","Top 10 NIT Colleges (2023 NIRF Ranking) | #jeemains Top 10 NIT Colleges in India (2023 NIRF Ranking) | #jeemains Welcome to our channel, where we provide JEE aspirants with ."
lmyg_bjOe4I,University of Hyderabad,rankings,NIRF,University of Hyderabad NIRF,Top 10 Best Universities in India 2023 (NIRF Ranking)||#ytshort #shorts#trending,Top 10 Best Universities in India 2023 (NIRF Ranking)||#ytshort #shorts#trending ...,Edutech Cadet Academy,2023-05-14T10:46:19Z,2023,354,20,0,PT59S,unknown,https://www.youtube.com/watch?v=lmyg_bjOe4I,18,Relevant,Top 10 Best Universities in India 2023 (NIRF Ranking)||#ytshort #shorts#trending,Top 10 Best Universities in India 2023 (NIRF Ranking)||#ytshort #shorts#trending .,Top 10 Best Universities in India 2023 (NIRF Ranking)||#ytshort #shorts#trending Top 10 Best Universities in India 2023 (NIRF Ranking)||#ytshort #shorts#trending .
0XxqKuLLMKg,VIT Vellore,rankings,NIRF,VIT Vellore NIRF,Controversy &amp; Problems of NIRF Ranking Flawed? Useless? #shorts #nirfranking #nirf #nirfranking2023,About This Video The NIRF Ranking is highly controversial and sometimes causes confusion for students. The Rankings are not ...,Career Counsellor Sudip 🎯,2023-08-15T12:33:00Z,2023,1346,56,35,PT1M,unknown,https://www.youtube.com/watch?v=0XxqKuLLMKg,18,Relevant,Controversy & Problems of NIRF Ranking Flawed? Useless? #shorts #nirfranking #nirf #nirfranking2023,About This Video The NIRF Ranking is highly controversial and sometimes causes confusion for students. The Rankings are not .,Controversy & Problems of NIRF Ranking Flawed? Useless? #shorts #nirfranking #nirf #nirfranking2023 About This Video The NIRF Ranking is highly controversial and sometimes causes confusion for students. The Rankings are not .
1nRGKIBpSw8,Indian Institute of Management,rankings,NIRF,Indian Institute of Management NIRF,"Top 10 MBA Colleges in India 2025 🔥 | NIRF Ranking, Fees, Placements &amp; Admission Details","Discover the Top 10 MBA Colleges in India 2025 based on the latest NIRF Ranking. In this video, we'll explore the best B-Schools ...",Edu9 English,2025-04-11T14:15:00Z,2025,34,2,0,PT5M9S,unknown,https://www.youtube.com/watch?v=1nRGKIBpSw8,18,Relevant,"Top 10 MBA Colleges in India 2025 🔥 | NIRF Ranking, Fees, Placements & Admission Details","Discover the Top 10 MBA Colleges in India 2025 based on the latest NIRF Ranking. In this video, we'll explore the best B-Schools .","Top 10 MBA Colleges in India 2025 🔥 | NIRF Ranking, Fees, Placements & Admission Details Discover the Top 10 MBA Colleges in India 2025 based on the latest NIRF Ranking. In this video, we'll explore the best B-Schools ."
1l2LYMzH360,University of Allahabad,rankings,NIRF,University of Allahabad NIRF,Top 10 Universities ranking by NIRF ll Subscribe my channel 👍 ll #viralshorts #currentaffairs  #news,Hello friends Good afternoon. Please subscribe my channel Top 10 Universities ranking by NIRF ll Subscribe my channel ...,News Analysis By Siya,2024-10-24T06:53:28Z,2024,15,0,0,PT41S,unknown,https://www.youtube.com/watch?v=1l2LYMzH360,18,Relevant,Top 10 Universities ranking by NIRF ll Subscribe my channel 👍 ll #viralshorts #currentaffairs #news,Hello friends Good afternoon. Please subscribe my channel Top 10 Universities ranking by NIRF ll Subscribe my channel .,Top 10 Universities ranking by NIRF ll Subscribe my channel 👍 ll #viralshorts #currentaffairs #news Hello friends Good afternoon. Please subscribe my channel Top 10 Universities ranking by NIRF ll Subscribe my channel .
k2I0BFvZgko,Central University of Karnataka,rankings,NIRF,Central University of Karnataka NIRF,Top 5 Dental Colleges in India According to NIRF Ranking 2024 🦷🎓,"Here's the NIRF 2024 Ranking of the Top 5 Dental Colleges, explained by Dr. Aditya Maitra, Senior Quality and Research Expert ...",Careermudhra,2024-12-26T06:06:07Z,2024,364,5,0,PT43S,unknown,https://www.youtube.com/watch?v=k2I0BFvZgko,18,Relevant,Top 5 Dental Colleges in India According to NIRF Ranking 2024 🦷🎓,"Here's the NIRF 2024 Ranking of the Top 5 Dental Colleges, explained by Dr. Aditya Maitra, Senior Quality and Research Expert .","Top 5 Dental Colleges in India According to NIRF Ranking 2024 🦷🎓 Here's the NIRF 2024 Ranking of the Top 5 Dental Colleges, explained by Dr. Aditya Maitra, Senior Quality and Research Expert ."
nUYQJLZH3_0,Kerala University,rankings,NIRF,Kerala University NIRF,Kerala University Ranked Top 5 in India!,Kerala University has achieved a major milestone in the NIRF 2025 Rankings! The university is now placed 5th among State ...,Study 4 Sure with Stellar,2025-12-10T08:38:19Z,2025,260,0,0,PT25S,unknown,https://www.youtube.com/watch?v=nUYQJLZH3_0,18,Relevant,Kerala University Ranked Top 5 in India!,Kerala University has achieved a major milestone in the NIRF 2025 Rankings! The university is now placed 5th among State .,Kerala University Ranked Top 5 in India! Kerala University has achieved a major milestone in the NIRF 2025 Rankings! The university is now placed 5th among State .
o_jq64uYBi8,SRM Institute of Science and Technology,rankings,NIRF,SRM Institute of Science and Technology NIRF,"S.R.M. Institute of Science &amp; Technology Guide 2025: Review, Ranking, Fees &amp; Admission Explained","Here's everything you need to know about S.R.M. Institute of Science and Technology, Establishment year: 1985, NIRF Ranking ...",shiksha.com,2025-07-08T08:01:00Z,2025,1929,15,12,PT1M28S,unknown,https://www.youtube.com/watch?v=o_jq64uYBi8,18,Relevant,"S.R.M. Institute of Science & Technology Guide 2025: Review, Ranking, Fees & Admission Explained","Here's everything you need to know about S.R.M. Institute of Science and Technology, Establishment year: 1985, NIRF Ranking .","S.R.M. Institute of Science & Technology Guide 2025: Review, Ranking, Fees & Admission Explained Here's everything you need to know about S.R.M. Institute of Science and Technology, Establishment year: 1985, NIRF Ranking ."
QA879_Phlfk,SRM Institute of Science and Technology,rankings,NIRF,SRM Institute of Science and Technology NIRF,NIRF Medical Colleges Ranking 2023 | How to Select Best Medical College for NEET MBBS &amp; All Courses,"nirf ranking 2023 nirf medical ranking 2023, nirf ranking 2023 medical college, top medical specialties, ranking medical ...",Sarkaari Hut,2023-06-19T15:10:54Z,2023,675,28,16,PT10M40S,unknown,https://www.youtube.com/watch?v=QA879_Phlfk,18,Relevant,NIRF Medical Colleges Ranking 2023 | How to Select Best Medical College for NEET MBBS & All Courses,"nirf ranking 2023 nirf medical ranking 2023, nirf ranking 2023 medical college, top medical specialties, ranking medical .","NIRF Medical Colleges Ranking 2023 | How to Select Best Medical College for NEET MBBS & All Courses nirf ranking 2023 nirf medical ranking 2023, nirf ranking 2023 medical college, top medical specialties, ranking medical ."
sGywiqK_lds,SRM Institute of Science and Technology,rankings,NIRF,SRM Institute of Science and Technology NIRF,NIRF Pharmacy Colleges Ranking 2025 | New List Out |  Full List Published,"NIRF Pharmacy Ranking 2025 – Full Top 100 List (Official) Updated as released by the Ministry of Education on September 4, ...",PharmaGenDRx,2025-09-05T03:30:41Z,2025,37,0,0,PT9M21S,unknown,https://www.youtube.com/watch?v=sGywiqK_lds,18,Relevant,NIRF Pharmacy Colleges Ranking 2025 | New List Out | Full List Published,"NIRF Pharmacy Ranking 2025 – Full Top 100 List (Official) Updated as released by the Ministry of Education on September 4, .","NIRF Pharmacy Colleges Ranking 2025 | New List Out | Full List Published NIRF Pharmacy Ranking 2025 – Full Top 100 List (Official) Updated as released by the Ministry of Education on September 4, ."
YfNeWEx_-xw,SRM Institute of Science and Technology,rankings,NIRF,SRM Institute of Science and Technology NIRF,NIRF Ranking 2023 | Performance Analysis of Tamil Nadu Engineering Colleges | Career Gateway,nirf #nirfranking2023 #rank #topengineeringcollegesintamilnadu #topengineeringcollegesinchennai #srmeaswari rank ...,Career Gateway,2023-06-30T11:20:25Z,2023,46,5,0,PT2M29S,unknown,https://www.youtube.com/watch?v=YfNeWEx_-xw,18,Relevant,NIRF Ranking 2023 | Performance Analysis of Tamil Nadu Engineering Colleges | Career Gateway,nirf #nirfranking2023 #rank #topengineeringcollegesintamilnadu #topengineeringcollegesinchennai #srmeaswari rank .,NIRF Ranking 2023 | Performance Analysis of Tamil Nadu Engineering Colleges | Career Gateway nirf #nirfranking2023 #rank #topengineeringcollegesintamilnadu #topengineeringcollegesinchennai #srmeaswari rank .
R5TqvobxuvY,University of Hyderabad,rankings,NIRF,University of Hyderabad NIRF,"AP, Telangana Universities Achieved Best Ranks In NIRF Ranking | @SakshiTV","AP, Telangana Universities Achieved Best Ranks In NIRF Ranking | @SakshiTV #sakshitv #sakshi #nirfranking #apnews Ding ...",Sakshi TV,2025-09-05T10:23:54Z,2025,15692,110,7,PT2M6S,unknown,https://www.youtube.com/watch?v=R5TqvobxuvY,18,Relevant,"AP, Telangana Universities Achieved Best Ranks In NIRF Ranking | @SakshiTV","AP, Telangana Universities Achieved Best Ranks In NIRF Ranking | @SakshiTV #sakshitv #sakshi #nirfranking #apnews Ding .","AP, Telangana Universities Achieved Best Ranks In NIRF Ranking | @SakshiTV AP, Telangana Universities Achieved Best Ranks In NIRF Ranking | @SakshiTV #sakshitv #sakshi #nirfranking #apnews Ding ."
yFk-kBIa2Ao,Pondicherry University,rankings,NIRF,Pondicherry University NIRF,NIRF Medical Ranking 2023: List of Top Medical Colleges in India,NIRF Medical Ranking 2023: List of Top Medical Colleges in India FAIR-USE COPYRIGHT DISCLAIMER: Copyright Disclaimer ...,Zahra Mam,2023-06-05T17:47:35Z,2023,40,0,0,PT2M8S,unknown,https://www.youtube.com/watch?v=yFk-kBIa2Ao,18,Relevant,NIRF Medical Ranking 2023: List of Top Medical Colleges in India,NIRF Medical Ranking 2023: List of Top Medical Colleges in India FAIR-USE COPYRIGHT DISCLAIMER: Copyright Disclaimer .,NIRF Medical Ranking 2023: List of Top Medical Colleges in India NIRF Medical Ranking 2023: List of Top Medical Colleges in India FAIR-USE COPYRIGHT DISCLAIMER: Copyright Disclaimer .
09A81a0Uprk,Pondicherry University,rankings,NIRF,Pondicherry University NIRF,Top Engineering Colleges in Tamil Nadu based on NIRF Ranking,Top Engineering Colleges in Tamil Nadu based on NIRF Ranking #tnea2023 #tneacounselling #tnengineering ...,Biology Simplified Tamil,2023-05-26T06:44:55Z,2023,39518,888,159,PT12M18S,unknown,https://www.youtube.com/watch?v=09A81a0Uprk,18,Relevant,Top Engineering Colleges in Tamil Nadu based on NIRF Ranking,Top Engineering Colleges in Tamil Nadu based on NIRF Ranking #tnea2023 #tneacounselling #tnengineering .,Top Engineering Colleges in Tamil Nadu based on NIRF Ranking Top Engineering Colleges in Tamil Nadu based on NIRF Ranking #tnea2023 #tneacounselling #tnengineering .
eIQ0Nl_egjo,Manipur University,rankings,NIRF,Manipur University NIRF,NIRF Ranking 2023 : The Reality !! || COAP 2023 || CCMT 2023 : Wait a minute !! #aniruddhasir #yt,"In this video, reality of NIRF Ranking for top iits and nits are discussed throughly . share this if you like this. lemme know your ...",Aniruddha Sir : The Civil Guruji,2023-06-11T12:00:59Z,2023,1040,29,49,PT5M54S,unknown,https://www.youtube.com/watch?v=eIQ0Nl_egjo,18,Relevant,NIRF Ranking 2023 : The Reality ! || COAP 2023 || CCMT 2023 : Wait a minute ! #aniruddhasir #yt,"In this video, reality of NIRF Ranking for top iits and nits are discussed throughly . share this if you like this. lemme know your .","NIRF Ranking 2023 : The Reality ! || COAP 2023 || CCMT 2023 : Wait a minute ! #aniruddhasir #yt In this video, reality of NIRF Ranking for top iits and nits are discussed throughly . share this if you like this. lemme know your ."
qa5AUu5hVjk,Jawaharlal Nehru University,rankings,NIRF,Jawaharlal Nehru University NIRF,Top 10 Universities in India 2025 | NIRF Ranking #Top10Universities #NIRFRanking2025 #shorts #viral,Top 10 Universities in India 2025 | NIRF Ranking #Top10Universities #NIRFRanking2025 #shorts #viral India ke top 10 ...,Vikas Kumar,2025-09-05T06:31:50Z,2025,32,9,0,PT4S,unknown,https://www.youtube.com/watch?v=qa5AUu5hVjk,18,Relevant,Top 10 Universities in India 2025 | NIRF Ranking #Top10Universities #NIRFRanking2025 #shorts #viral,Top 10 Universities in India 2025 | NIRF Ranking #Top10Universities #NIRFRanking2025 #shorts #viral India ke top 10 .,Top 10 Universities in India 2025 | NIRF Ranking #Top10Universities #NIRFRanking2025 #shorts #viral Top 10 Universities in India 2025 | NIRF Ranking #Top10Universities #NIRFRanking2025 #shorts #viral India ke top 10 .
EEhq-ETZ-F4,Patna University,rankings,NIRF,Patna University NIRF,NIRF RANKING 2025 | NIRF Rankings 2025 UGC NET | Indian Universities Rankings By Anshika Pandey,NIRF RANKING 2025 | NIRF RANKING 2025 UGC NET | Indian Universities Rankings By Anshika Pandey | NIRF Rankings 2025 ...,UGC NET Testbook,2025-09-04T11:57:42Z,2025,7488,177,7,PT8M50S,unknown,https://www.youtube.com/watch?v=EEhq-ETZ-F4,18,Relevant,NIRF RANKING 2025 | NIRF Rankings 2025 UGC NET | Indian Universities Rankings By Anshika Pandey,NIRF RANKING 2025 | NIRF RANKING 2025 UGC NET | Indian Universities Rankings By Anshika Pandey | NIRF Rankings 2025 .,NIRF RANKING 2025 | NIRF Rankings 2025 UGC NET | Indian Universities Rankings By Anshika Pandey NIRF RANKING 2025 | NIRF RANKING 2025 UGC NET | Indian Universities Rankings By Anshika Pandey | NIRF Rankings 2025 .
63Cc3abDzc0,Osmania University,rankings,NIRF,Osmania University NIRF,VIPER - Nirf 75th Rank Among All Pharmacy Colleges in India,VIPER - NIRF 75th Rank.,VIPER College.,2023-06-12T14:58:53Z,2023,220,9,0,PT11S,unknown,https://www.youtube.com/watch?v=63Cc3abDzc0,18,Relevant,VIPER - Nirf 75th Rank Among All Pharmacy Colleges in India,VIPER - NIRF 75th Rank.,VIPER - Nirf 75th Rank Among All Pharmacy Colleges in India VIPER - NIRF 75th Rank.
k8z0O_co10I,University of Mumbai,rankings,NIRF,University of Mumbai NIRF,Top 10 Engineering College in Coimbatore based on NIRF RANK ,Top 10 Engineering College in Coimbatore based on NIRF RANK 2024.,TOP TENty,2024-11-29T12:44:39Z,2024,72006,268,19,PT1M51S,unknown,https://www.youtube.com/watch?v=k8z0O_co10I,18,Relevant,Top 10 Engineering College in Coimbatore based on NIRF RANK,Top 10 Engineering College in Coimbatore based on NIRF RANK 2024.,Top 10 Engineering College in Coimbatore based on NIRF RANK Top 10 Engineering College in Coimbatore based on NIRF RANK 2024.
U4BGS9S8c9E,Andhra University,rankings,NIRF,Andhra University NIRF,31 NITs in INDIA according to their NIRF ranking,all NIT in India their establishment and NIRF ranking.,Kenny😀,2023-04-27T09:42:30Z,2023,330059,2506,40,PT55S,unknown,https://www.youtube.com/watch?v=U4BGS9S8c9E,18,Relevant,31 NITs in INDIA according to their NIRF ranking,all NIT in India their establishment and NIRF ranking.,31 NITs in INDIA according to their NIRF ranking all NIT in India their establishment and NIRF ranking.
HlCrGEMdS7Y,University of Madras,rankings,NIRF,University of Madras NIRF,Top 10 National Institutes of India 2025 🏆 | NIRF Ranking | Top IIT &amp; Top AIIMS  #supervisiona2l,"""Here's the list of Top 10 Institutes of India 2025 according to the NIRF Ranking . From IIT Madras to BHU, know which ...",Super vision ,2025-09-10T13:49:06Z,2025,232,3,2,PT26S,unknown,https://www.youtube.com/watch?v=HlCrGEMdS7Y,18,Relevant,Top 10 National Institutes of India 2025 🏆 | NIRF Ranking | Top IIT & Top AIIMS #supervisiona2l,"""Here's the list of Top 10 Institutes of India 2025 according to the NIRF Ranking . From IIT Madras to BHU, know which .","Top 10 National Institutes of India 2025 🏆 | NIRF Ranking | Top IIT & Top AIIMS #supervisiona2l ""Here's the list of Top 10 Institutes of India 2025 according to the NIRF Ranking . From IIT Madras to BHU, know which ."
H9Y_sRmeSyc,Jiwaji University Gwalior,rankings,NIRF,Jiwaji University Gwalior NIRF,"Jiwaji BEd Provisional, Migration Certificate Download 2025, Jiwaji University Gwalior #nkhelp","Jiwaji BEd Provisional, Migration Certificate Download 2025, Jiwaji University Gwalior #nkhelp #jiwajiuniversity ✓ Contact ...",NkHelp Official,2025-08-08T13:30:26Z,2025,8029,116,104,PT8M56S,unknown,https://www.youtube.com/watch?v=H9Y_sRmeSyc,18,Relevant,"Jiwaji BEd Provisional, Migration Certificate Download 2025, Jiwaji University Gwalior #nkhelp","Jiwaji BEd Provisional, Migration Certificate Download 2025, Jiwaji University Gwalior #nkhelp #jiwajiuniversity ✓ Contact .","Jiwaji BEd Provisional, Migration Certificate Download 2025, Jiwaji University Gwalior #nkhelp Jiwaji BEd Provisional, Migration Certificate Download 2025, Jiwaji University Gwalior #nkhelp #jiwajiuniversity ✓ Contact ."
Z-CL9axeKdk,University of Rajasthan,rankings,NIRF,University of Rajasthan NIRF,TOP 10 NIT nirf ranking,TOP 10 NIT nirf Ranking ... campus size how old nit is.,Nitian RR,2023-07-03T05:21:47Z,2023,1964,17,2,PT1M14S,unknown,https://www.youtube.com/watch?v=Z-CL9axeKdk,18,Relevant,TOP 10 NIT nirf ranking,TOP 10 NIT nirf Ranking . campus size how old nit is.,TOP 10 NIT nirf ranking TOP 10 NIT nirf Ranking . campus size how old nit is.
7rrkyynpMqc,Jawaharlal Nehru University,rankings,NIRF,Jawaharlal Nehru University NIRF,🟢LIVE: NIRF Ranked Top Universities In India | Jamia Millia | AMU | NIRF Ranking 2023 |  News18 Urdu,"The National Institutional Ranking Framework (NIRF) Rankings 2023 released today. This time, too, the Indian Institute of Science ...",News18 Urdu,2023-06-06T03:59:21Z,2023,338,2,0,PT7H48M6S,unknown,https://www.youtube.com/watch?v=7rrkyynpMqc,18,Relevant,🟢LIVE: NIRF Ranked Top Universities In India | Jamia Millia | AMU | NIRF Ranking 2023 | News18 Urdu,"The National Institutional Ranking Framework (NIRF) Rankings 2023 released today. This time, too, the Indian Institute of Science .","🟢LIVE: NIRF Ranked Top Universities In India | Jamia Millia | AMU | NIRF Ranking 2023 | News18 Urdu The National Institutional Ranking Framework (NIRF) Rankings 2023 released today. This time, too, the Indian Institute of Science ."
H1pRkrxyJ3A,University of Rajasthan,rankings,NIRF,University of Rajasthan NIRF,Top 5 Colleges &amp; their NIRF Ranking | NIRF Ranking Top Colleges #shorts #nirfranking,Top 5 Colleges & their NIRF Ranking | NIRF Ranking Top Colleges #shorts #nirfranking.,Commerce Edge by Toprankers,2023-10-23T06:31:51Z,2023,441,21,0,PT31S,unknown,https://www.youtube.com/watch?v=H1pRkrxyJ3A,18,Relevant,Top 5 Colleges & their NIRF Ranking | NIRF Ranking Top Colleges #shorts #nirfranking,Top 5 Colleges & their NIRF Ranking | NIRF Ranking Top Colleges #shorts #nirfranking.,Top 5 Colleges & their NIRF Ranking | NIRF Ranking Top Colleges #shorts #nirfranking Top 5 Colleges & their NIRF Ranking | NIRF Ranking Top Colleges #shorts #nirfranking.
UFITXeybdFs,Osmania University,rankings,NIRF,Osmania University NIRF,Osmania University Placements 2024: ₹10 LPA 💰inal,Osmania University UG/PG ప్లేస్‌మెంట్స్ 2024 NIRF రిపోర్ట్ ప్రకారం అసలు ...,informative folks,2026-06-05T23:05:04Z,2026,0,0,0,PT35S,unknown,https://www.youtube.com/watch?v=UFITXeybdFs,18,Relevant,Osmania University Placements 2024: ₹10 LPA 💰inal,Osmania University UG/PG ప్లేస్‌మెంట్స్ 2024 NIRF రిపోర్ట్ ప్రకారం అసలు .,Osmania University Placements 2024: ₹10 LPA 💰inal Osmania University UG/PG ప్లేస్‌మెంట్స్ 2024 NIRF రిపోర్ట్ ప్రకారం అసలు .
xl8WuA9df_w,Jawaharlal Nehru University,rankings,NIRF,Jawaharlal Nehru University NIRF,Official CUET Top 10 central universities |  NIRF Ranking की क्या है सच्चाई | NIRF Ranking 2023_||,Official CUET Top 10 central universities | NIRF Ranking की क्या है सच्चाई | Official news for bhu//--NIRF Ranking ...,Shubhankar Mishra Podcast ,2023-06-10T02:14:22Z,2023,0,0,0,PT8M15S,unknown,https://www.youtube.com/watch?v=xl8WuA9df_w,18,Relevant,Official CUET Top 10 central universities | NIRF Ranking की क्या है सच्चाई | NIRF Ranking 2023_||,Official CUET Top 10 central universities | NIRF Ranking की क्या है सच्चाई | Official news for bhu//--NIRF Ranking .,Official CUET Top 10 central universities | NIRF Ranking की क्या है सच्चाई | NIRF Ranking 2023_|| Official CUET Top 10 central universities | NIRF Ranking की क्या है सच्चाई | Official news for bhu//--NIRF Ranking .
DRCj3mw3XB0,Jawaharlal Nehru University,rankings,NIRF,Jawaharlal Nehru University NIRF,"Top 10 Central University | BHU, JNU,DU NIRF Rank, QS Rank | how to check best university#cuetug #QS","Join whats app group : https://chat.whatsapp....​ . Disclaimer : Copyright Disclaimer under section 107 of the Copyright Act 1976, ...",Pankaj Baitha ,2025-07-05T11:38:55Z,2025,30,3,0,PT12M40S,unknown,https://www.youtube.com/watch?v=DRCj3mw3XB0,18,Relevant,"Top 10 Central University | BHU, JNU,DU NIRF Rank, QS Rank | how to check best university#cuetug #QS","Join whats app group : . Disclaimer : Copyright Disclaimer under section 107 of the Copyright Act 1976, .","Top 10 Central University | BHU, JNU,DU NIRF Rank, QS Rank | how to check best university#cuetug #QS Join whats app group : . Disclaimer : Copyright Disclaimer under section 107 of the Copyright Act 1976, ."
p5fmrX368_M,Jawaharlal Nehru University,rankings,NIRF,Jawaharlal Nehru University NIRF,"NIRF Ranking 2024: IIPS, JMI और JNU ने मारी बाज़ी  | Top 10 central university of India of NIRF",NIRFRanking #iiscbangalore #Toprankinguniversity #top10university #jamiahamdard #banarashinduuniversity इस बार की ...,Awaz The Voice ,2024-08-13T11:30:32Z,2024,47,1,0,PT1M57S,unknown,https://www.youtube.com/watch?v=p5fmrX368_M,18,Relevant,"NIRF Ranking 2024: IIPS, JMI और JNU ने मारी बाज़ी | Top 10 central university of India of NIRF",NIRFRanking #iiscbangalore #Toprankinguniversity #top10university #jamiahamdard #banarashinduuniversity इस बार की .,"NIRF Ranking 2024: IIPS, JMI और JNU ने मारी बाज़ी | Top 10 central university of India of NIRF NIRFRanking #iiscbangalore #Toprankinguniversity #top10university #jamiahamdard #banarashinduuniversity इस बार की ."
kvCi_Yys77Y,Jawaharlal Nehru University,rankings,NIRF,Jawaharlal Nehru University NIRF,🟢LIVE: NIRF Ranked Top Universities In India | Jamia Millia | AMU | NIRF Ranking 2023 |  News18 Urdu,"The National Institutional Ranking Framework (NIRF) Rankings 2023 released today. This time, too, the Indian Institute of Science ...",News18 Urdu,2023-06-05T22:42:39Z,2023,361,2,0,PT1H20M57S,unknown,https://www.youtube.com/watch?v=kvCi_Yys77Y,18,Relevant,🟢LIVE: NIRF Ranked Top Universities In India | Jamia Millia | AMU | NIRF Ranking 2023 | News18 Urdu,"The National Institutional Ranking Framework (NIRF) Rankings 2023 released today. This time, too, the Indian Institute of Science .","🟢LIVE: NIRF Ranked Top Universities In India | Jamia Millia | AMU | NIRF Ranking 2023 | News18 Urdu The National Institutional Ranking Framework (NIRF) Rankings 2023 released today. This time, too, the Indian Institute of Science ."
IImn6nsqUg8,University of Madras,rankings,NIRF,University of Madras NIRF,NIRF Rankings 2024: IIT Madras Tops Again!,nirf #naac #engineering #admission #career #ranking #ugc #mirandahouse #hackathon #nirfranking #admissions #nba #college ...,Book Summary,2024-08-13T07:36:05Z,2024,4,3,0,PT2M49S,unknown,https://www.youtube.com/watch?v=IImn6nsqUg8,18,Relevant,NIRF Rankings 2024: IIT Madras Tops Again!,nirf #naac #engineering #admission #career #ranking #ugc #mirandahouse #hackathon #nirfranking #admissions #nba #college .,NIRF Rankings 2024: IIT Madras Tops Again! nirf #naac #engineering #admission #career #ranking #ugc #mirandahouse #hackathon #nirfranking #admissions #nba #college .
rYKEr6UyZpE,University of Madras,rankings,NIRF,University of Madras NIRF,🔬 Top Research Institutions in India 2024 | NIRF Ranking Explained,"Discover the Top Research Institutions in India (2024) as ranked by the National Institutional Ranking Framework (NIRF), Ministry ...",Infinity Knowledge ,2025-10-06T13:19:17Z,2025,173,0,0,PT1M,unknown,https://www.youtube.com/watch?v=rYKEr6UyZpE,18,Relevant,🔬 Top Research Institutions in India 2024 | NIRF Ranking Explained,"Discover the Top Research Institutions in India (2024) as ranked by the National Institutional Ranking Framework (NIRF), Ministry .","🔬 Top Research Institutions in India 2024 | NIRF Ranking Explained Discover the Top Research Institutions in India (2024) as ranked by the National Institutional Ranking Framework (NIRF), Ministry ."
hwSOdI2xapQ,Osmania University,rankings,NIRF,Osmania University NIRF,NIRF Ranking 2023: Top 10 Pharmacy Colleges In India,NIRF Ranking 2023: Top 10 Pharmacy Colleges In India || bb KIDS LIKE THE VIDEO AND SUBSCRIBE THE CHANNEL.,bb KIDS,2023-06-10T08:43:31Z,2023,357,9,0,PT10S,unknown,https://www.youtube.com/watch?v=hwSOdI2xapQ,18,Relevant,NIRF Ranking 2023: Top 10 Pharmacy Colleges In India,NIRF Ranking 2023: Top 10 Pharmacy Colleges In India || bb KIDS LIKE THE VIDEO AND SUBSCRIBE THE CHANNEL.,NIRF Ranking 2023: Top 10 Pharmacy Colleges In India NIRF Ranking 2023: Top 10 Pharmacy Colleges In India || bb KIDS LIKE THE VIDEO AND SUBSCRIBE THE CHANNEL.
8cf58exrCIM,Delhi University,rankings,NIRF,Delhi University NIRF,Top 10 Law colleges in India as per NIRF ranking 2023,"Here are the top 10 Law colleges in India as per NIRF ranking 2023. In number 1, National Law School of India University, ...",Guide Me Career,2023-06-23T06:49:54Z,2023,552,40,0,PT59S,unknown,https://www.youtube.com/watch?v=8cf58exrCIM,18,Relevant,Top 10 Law colleges in India as per NIRF ranking 2023,"Here are the top 10 Law colleges in India as per NIRF ranking 2023. In number 1, National Law School of India University, .","Top 10 Law colleges in India as per NIRF ranking 2023 Here are the top 10 Law colleges in India as per NIRF ranking 2023. In number 1, National Law School of India University, ."
KyOrYWvz-Fg,University of Rajasthan,rankings,NIRF,University of Rajasthan NIRF,Top 10out of 50 medical College in india| Nirf rank| #medicalcollege  #shorts #youtubeshorts,Top 10 out of 50 medical College in india| Nirf rank| #medicalcollege #shorts #youtubeshorts.,THE AID OF LEARNING,2023-02-28T10:15:00Z,2023,1059,20,0,PT16S,unknown,https://www.youtube.com/watch?v=KyOrYWvz-Fg,18,Relevant,Top 10out of 50 medical College in india| Nirf rank| #medicalcollege #shorts #youtubeshorts,Top 10 out of 50 medical College in india| Nirf rank| #medicalcollege #shorts #youtubeshorts.,Top 10out of 50 medical College in india| Nirf rank| #medicalcollege #shorts #youtubeshorts Top 10 out of 50 medical College in india| Nirf rank| #medicalcollege #shorts #youtubeshorts.
5RTrbjYqvEw,Jawaharlal Nehru University,rankings,NIRF,Jawaharlal Nehru University NIRF,JNU Campus Tour: A Glimpse of College Life in Delhi | PSR | College Life | Delhi 🏫🎓 #JNU #shorts,"Join us on a short tour of the Jawaharlal Nehru University (JNU), one of India's premier universities. JNU is known for its academic ...",Subham Ranjan NSIT,2023-09-27T04:30:01Z,2023,542,29,7,PT38S,unknown,https://www.youtube.com/watch?v=5RTrbjYqvEw,18,Relevant,JNU Campus Tour: A Glimpse of College Life in Delhi | PSR | College Life | Delhi 🏫🎓 #JNU #shorts,"Join us on a short tour of the Jawaharlal Nehru University (JNU), one of India's premier universities. JNU is known for its academic .","JNU Campus Tour: A Glimpse of College Life in Delhi | PSR | College Life | Delhi 🏫🎓 #JNU #shorts Join us on a short tour of the Jawaharlal Nehru University (JNU), one of India's premier universities. JNU is known for its academic ."
6Cndw8NwV5g,University of Mumbai,rankings,NIRF,University of Mumbai NIRF,#neet2023 #mbbsadmission NIRF ranking wise Top 50 #medicalcolleges of India.,NIRF Ranking: A Benchmark for Medical Colleges in India for MBBS Admission The National Institutional Ranking Framework ...,NEET NRI Quota Admission,2023-06-12T06:57:42Z,2023,6363,14,0,PT9M10S,unknown,https://www.youtube.com/watch?v=6Cndw8NwV5g,18,Relevant,#neet2023 #mbbsadmission NIRF ranking wise Top 50 #medicalcolleges of India.,NIRF Ranking: A Benchmark for Medical Colleges in India for MBBS Admission The National Institutional Ranking Framework .,#neet2023 #mbbsadmission NIRF ranking wise Top 50 #medicalcolleges of India. NIRF Ranking: A Benchmark for Medical Colleges in India for MBBS Admission The National Institutional Ranking Framework .
PW14KX_41CE,Harcourt Butler Technical University,rankings,NIRF,Harcourt Butler Technical University NIRF,IIT Kanpur Review 2023 ✨ | Campus | Seats Intake | NIRF Ranking | Admission | Placements,IIT Kanpur Review | Campus | Seats Intake | NIRF Ranking | Admission | Placements | Fees ----------------------------------------- ⭐Free ...,CAREERKICK JEE,2023-02-21T08:55:28Z,2023,855,34,2,PT56S,unknown,https://www.youtube.com/watch?v=PW14KX_41CE,18,Relevant,IIT Kanpur Review 2023 ✨ | Campus | Seats Intake | NIRF Ranking | Admission | Placements,IIT Kanpur Review | Campus | Seats Intake | NIRF Ranking | Admission | Placements | Fees ----------------------------------------- ⭐Free .,IIT Kanpur Review 2023 ✨ | Campus | Seats Intake | NIRF Ranking | Admission | Placements IIT Kanpur Review | Campus | Seats Intake | NIRF Ranking | Admission | Placements | Fees ----------------------------------------- ⭐Free .
kymDycYQvJs,Jawaharlal Nehru University,rankings,NIRF,Jawaharlal Nehru University NIRF,CUET 2025: Top 10 Universities in India - NIRF Ranking 2024 🏆 #CUET2025,"CUET 2025 ke liye university selection karna hai? NIRF Ranking 2024 ke hisaab se, yeh rahi top 10 universities in India: Indian ...",Unimonks CUET,2025-03-04T04:30:30Z,2025,117,0,0,PT1M1S,unknown,https://www.youtube.com/watch?v=kymDycYQvJs,18,Relevant,CUET 2025: Top 10 Universities in India - NIRF Ranking 2024 🏆 #CUET2025,"CUET 2025 ke liye university selection karna hai? NIRF Ranking 2024 ke hisaab se, yeh rahi top 10 universities in India: Indian .","CUET 2025: Top 10 Universities in India - NIRF Ranking 2024 🏆 #CUET2025 CUET 2025 ke liye university selection karna hai? NIRF Ranking 2024 ke hisaab se, yeh rahi top 10 universities in India: Indian ."
wHUopQH_NGM,Jawaharlal Nehru University,rankings,NIRF,Jawaharlal Nehru University NIRF,Top 10 Universities in India 2025 | NIRF Ranking 2025 by Ministry of Education,Top 10 Universities in India 2025 | NIRF Ranking 2025 by Ministry of Education भारत में हायर एजुकेशन के ...,Global Students Guider,2025-09-09T03:16:28Z,2025,708,18,5,PT1M23S,unknown,https://www.youtube.com/watch?v=wHUopQH_NGM,18,Relevant,Top 10 Universities in India 2025 | NIRF Ranking 2025 by Ministry of Education,Top 10 Universities in India 2025 | NIRF Ranking 2025 by Ministry of Education भारत में हायर एजुकेशन के .,Top 10 Universities in India 2025 | NIRF Ranking 2025 by Ministry of Education Top 10 Universities in India 2025 | NIRF Ranking 2025 by Ministry of Education भारत में हायर एजुकेशन के .
gxnS71n-YnE,Aligarh Muslim University,rankings,NIRF,Aligarh Muslim University NIRF,Top 10 Law Colleges in India 2025 | NIRF Ranking,Top 10 Law Colleges in India 2025 | NIRF Ranking Best Law Universities | #lawcollage #top10colleges #nlubangalore #lawyer ...,Global Students Guider,2025-09-13T02:46:28Z,2025,472,19,7,PT1M12S,unknown,https://www.youtube.com/watch?v=gxnS71n-YnE,18,Relevant,Top 10 Law Colleges in India 2025 | NIRF Ranking,Top 10 Law Colleges in India 2025 | NIRF Ranking Best Law Universities | #lawcollage #top10colleges #nlubangalore #lawyer .,Top 10 Law Colleges in India 2025 | NIRF Ranking Top 10 Law Colleges in India 2025 | NIRF Ranking Best Law Universities | #lawcollage #top10colleges #nlubangalore #lawyer .
ISxxS3eNggw,Lucknow University,rankings,NIRF,Lucknow University NIRF,"University of Lucknow Complete Guide 2025: Review, Ranking, Fees &amp; Admission Explained","Here's everything you need to know about University of Lucknow, Establishment year: 1921, NIRF Ranking 2024: 97 (University), ...",shiksha.com,2025-08-13T06:30:09Z,2025,653,2,1,PT46S,unknown,https://www.youtube.com/watch?v=ISxxS3eNggw,18,Relevant,"University of Lucknow Complete Guide 2025: Review, Ranking, Fees & Admission Explained","Here's everything you need to know about University of Lucknow, Establishment year: 1921, NIRF Ranking 2024: 97 (University), .","University of Lucknow Complete Guide 2025: Review, Ranking, Fees & Admission Explained Here's everything you need to know about University of Lucknow, Establishment year: 1921, NIRF Ranking 2024: 97 (University), ."
vi80xM9ieKw,Jamia Millia Islamia,rankings,NIRF,Jamia Millia Islamia NIRF,Top 10 Law colleges in India | As per NIRF ranking 2023,"Here are the top 10 Law colleges in India as per NIRF ranking 2023. In number 1, National Law School of India University, ...",Guide Me Career,2023-06-29T09:31:24Z,2023,255,14,0,PT1M32S,unknown,https://www.youtube.com/watch?v=vi80xM9ieKw,18,Relevant,Top 10 Law colleges in India | As per NIRF ranking 2023,"Here are the top 10 Law colleges in India as per NIRF ranking 2023. In number 1, National Law School of India University, .","Top 10 Law colleges in India | As per NIRF ranking 2023 Here are the top 10 Law colleges in India as per NIRF ranking 2023. In number 1, National Law School of India University, ."
bZ5iIuBmgEk,University of Mumbai,rankings,NIRF,University of Mumbai NIRF,Top MBA colleges without NIRF RANK #shorts,"WhatsApp ""Guide"" to 8585951111 and jumpstart your career today! Top MBA colleges without NIRF RANK #shorts Don't miss out ...",shiksha.com,2023-05-09T15:30:15Z,2023,6403,140,2,PT59S,unknown,https://www.youtube.com/watch?v=bZ5iIuBmgEk,18,Relevant,Top MBA colleges without NIRF RANK #shorts,"WhatsApp ""Guide"" to 8585951111 and jumpstart your career today! Top MBA colleges without NIRF RANK #shorts Don't miss out .","Top MBA colleges without NIRF RANK #shorts WhatsApp ""Guide"" to 8585951111 and jumpstart your career today! Top MBA colleges without NIRF RANK #shorts Don't miss out ."
BAHDss5lygA,Jawaharlal Nehru University,rankings,NIRF,Jawaharlal Nehru University NIRF,Top 10 Universities in India 2025 | NIRF Ranking#Top10Universities #NIRFRanking2025#subscribe,India ke top 10 universities kaun si hain? Is video me hum baat karenge NIRF Ranking 2024 ke basis par top universities ke ...,FutureDesk,2025-08-20T08:30:07Z,2025,179,0,0,PT4S,unknown,https://www.youtube.com/watch?v=BAHDss5lygA,18,Relevant,Top 10 Universities in India 2025 | NIRF Ranking#Top10Universities #NIRFRanking2025#subscribe,India ke top 10 universities kaun si hain? Is video me hum baat karenge NIRF Ranking 2024 ke basis par top universities ke .,Top 10 Universities in India 2025 | NIRF Ranking#Top10Universities #NIRFRanking2025#subscribe India ke top 10 universities kaun si hain? Is video me hum baat karenge NIRF Ranking 2024 ke basis par top universities ke .
7-m5A6wFzP8,Andhra University,rankings,NIRF,Andhra University NIRF,Top Colleges Of Pharmacy As Per NIRF Ranking In Andhrapradesh-2023,Top Colleges Of Pharmacy As Per NIRF Ranking In Andhrapradesh-2023 https://www.nirfindia.org/2023/PharmacyRanking.html.,EsPharma Education,2023-06-06T06:00:18Z,2023,50,2,0,PT1M41S,unknown,https://www.youtube.com/watch?v=7-m5A6wFzP8,18,Relevant,Top Colleges Of Pharmacy As Per NIRF Ranking In Andhrapradesh-2023,Top Colleges Of Pharmacy As Per NIRF Ranking In Andhrapradesh-2023,Top Colleges Of Pharmacy As Per NIRF Ranking In Andhrapradesh-2023 Top Colleges Of Pharmacy As Per NIRF Ranking In Andhrapradesh-2023
qzQ1WRTCUpc,VIT Vellore,rankings,NIRF,VIT Vellore NIRF,VIT Vellore Ranking,Follow us on our Social Media Handles: Facebook- https://bit.ly/3CEWzIJ Instagram- https://bit.ly/3CiFgLV LinkedIn ...,shiksha.com,2024-08-16T09:41:53Z,2024,1355,4,0,PT6S,unknown,https://www.youtube.com/watch?v=qzQ1WRTCUpc,17,Relevant,VIT Vellore Ranking,Follow us on our Social Media Handles: Facebook- Instagram- LinkedIn .,VIT Vellore Ranking Follow us on our Social Media Handles: Facebook- Instagram- LinkedIn .
1VRdshvln54,University of Madras,rankings,NIRF,University of Madras NIRF,NIRF Ranking 2025 Top 15 Govt  Engineering Colleges in India #shorts #nirfranking #engineering,NIRF Ranking 2025 Top 15 Govt Engineering Colleges in India #shorts #nirfranking #engineering India ke Top 15 Engineering ...,Vikas Kumar,2025-09-05T06:34:17Z,2025,319,11,0,PT4S,unknown,https://www.youtube.com/watch?v=1VRdshvln54,17,Relevant,NIRF Ranking 2025 Top 15 Govt Engineering Colleges in India #shorts #nirfranking #engineering,NIRF Ranking 2025 Top 15 Govt Engineering Colleges in India #shorts #nirfranking #engineering India ke Top 15 Engineering .,NIRF Ranking 2025 Top 15 Govt Engineering Colleges in India #shorts #nirfranking #engineering NIRF Ranking 2025 Top 15 Govt Engineering Colleges in India #shorts #nirfranking #engineering India ke Top 15 Engineering .
4toh3ENaS8I,Delhi University,rankings,NIRF,Delhi University NIRF,What is NIRF Ranking? #nirfranking #education #indianuniversities #collegeranking #highereducation,"Curious about the National Institutional Ranking Framework (NIRF)? In this short video, we break down what NIRF Rankings are, ...",Career Counsellor Sudip 🎯,2024-09-04T13:37:40Z,2024,2822,51,22,PT42S,unknown,https://www.youtube.com/watch?v=4toh3ENaS8I,17,Relevant,What is NIRF Ranking? #nirfranking #education #indianuniversities #collegeranking #highereducation,"Curious about the National Institutional Ranking Framework (NIRF)? In this short video, we break down what NIRF Rankings are, .","What is NIRF Ranking? #nirfranking #education #indianuniversities #collegeranking #highereducation Curious about the National Institutional Ranking Framework (NIRF)? In this short video, we break down what NIRF Rankings are, ."
dzhx3PfTb_8,University of Allahabad,rankings,NIRF,University of Allahabad NIRF,"Why Choose BBAU After CUET 2025? 🎓| Campus, NIRF Ranking &amp; Placements Uncovered 🔎| #shorts","Why Choose BBAU After CUET 2025? | Campus, NIRF Ranking & Placements Uncovered | #shorts ...",SuperGrads CUET by Toprankers,2025-02-12T13:11:59Z,2025,49206,1700,53,PT1M11S,unknown,https://www.youtube.com/watch?v=dzhx3PfTb_8,17,Relevant,"Why Choose BBAU After CUET 2025? 🎓| Campus, NIRF Ranking & Placements Uncovered 🔎| #shorts","Why Choose BBAU After CUET 2025? | Campus, NIRF Ranking & Placements Uncovered | #shorts .","Why Choose BBAU After CUET 2025? 🎓| Campus, NIRF Ranking & Placements Uncovered 🔎| #shorts Why Choose BBAU After CUET 2025? | Campus, NIRF Ranking & Placements Uncovered | #shorts ."
NAadwoNNTok,Osmania University,rankings,NIRF,Osmania University NIRF,Special Report on Osmania University secured the 53rd rank in the NAIRS rankings | T News,"Telugu #TnewsLive #Telangana Stay updated with the latest Telugu news, breaking news, and trending stories from Telangana ...",T News telugu,2025-12-25T13:15:04Z,2025,259,1,0,PT4M13S,unknown,https://www.youtube.com/watch?v=NAadwoNNTok,17,Relevant,Special Report on Osmania University secured the 53rd rank in the NAIRS rankings | T News,"Telugu #TnewsLive #Telangana Stay updated with the latest Telugu news, breaking news, and trending stories from Telangana .","Special Report on Osmania University secured the 53rd rank in the NAIRS rankings | T News Telugu #TnewsLive #Telangana Stay updated with the latest Telugu news, breaking news, and trending stories from Telangana ."
4kQ_-n4VKKI,University of Allahabad,rankings,NIRF,University of Allahabad NIRF,Top 10 Institutes in India | NIRF Ranking 2023 #shorts #nirf #topinstitute #nirfranking,Top 10 Institutes in India | NIRF Ranking 2023 #verifiedmedico.,Verified Medico,2023-06-17T17:43:00Z,2023,178,8,0,PT57S,unknown,https://www.youtube.com/watch?v=4kQ_-n4VKKI,17,Relevant,Top 10 Institutes in India | NIRF Ranking 2023 #shorts #nirf #topinstitute #nirfranking,Top 10 Institutes in India | NIRF Ranking 2023 #verifiedmedico.,Top 10 Institutes in India | NIRF Ranking 2023 #shorts #nirf #topinstitute #nirfranking Top 10 Institutes in India | NIRF Ranking 2023 #verifiedmedico.
2o0al17pVCQ,University of Allahabad,rankings,NIRF,University of Allahabad NIRF,TOP IIT ACCORDING NIRF RANKING #iitshorts #nirfranking,TOP IIT ACCORDING NIRF RANKING #iitshorts #nirfranking Average JEE Student Journey | IIT Motivation status | IIT Status ...,eSaral Mentorship,2023-04-19T09:51:20Z,2023,1880,86,1,PT18S,unknown,https://www.youtube.com/watch?v=2o0al17pVCQ,17,Relevant,TOP IIT ACCORDING NIRF RANKING #iitshorts #nirfranking,TOP IIT ACCORDING NIRF RANKING #iitshorts #nirfranking Average JEE Student Journey | IIT Motivation status | IIT Status .,TOP IIT ACCORDING NIRF RANKING #iitshorts #nirfranking TOP IIT ACCORDING NIRF RANKING #iitshorts #nirfranking Average JEE Student Journey | IIT Motivation status | IIT Status .
URAddXTSpZE,Shri Shankaracharya Technical Campus Bhilai,rankings,NIRF,Shri Shankaracharya Technical Campus Bhilai NIRF,SSTC Bhilai || Campus Tour Full Video || Shri Shankaracharya Technical Campus,"Shri Shankaracharya Technical Campus Bhilai (SSTC Bhilai ) campus tour comment, like, share, and subscribe for more videos...",Rohan Singh,2023-08-06T08:31:39Z,2023,6499,52,107,PT6M34S,unknown,https://www.youtube.com/watch?v=URAddXTSpZE,17,Relevant,SSTC Bhilai || Campus Tour Full Video || Shri Shankaracharya Technical Campus,"Shri Shankaracharya Technical Campus Bhilai (SSTC Bhilai ) campus tour comment, like, share, and subscribe for more videos.","SSTC Bhilai || Campus Tour Full Video || Shri Shankaracharya Technical Campus Shri Shankaracharya Technical Campus Bhilai (SSTC Bhilai ) campus tour comment, like, share, and subscribe for more videos."
4cZilPLdRtE,Dr APJ Abdul Kalam Technical University,rankings,NIRF,Dr APJ Abdul Kalam Technical University NIRF,Top 10 engineering colleges according to nirf ranking #shorts#viral#trending#nirf #ATK#engineering,amartechnicalknowledge Top 10 engineering colleges according to nirf ranking #shorts#viral#trending#nirf #ATK#engineering ...,ATK (NITian),2023-06-13T17:15:33Z,2023,231,7,0,PT32S,unknown,https://www.youtube.com/watch?v=4cZilPLdRtE,17,Relevant,Top 10 engineering colleges according to nirf ranking #shorts#viral#trending#nirf #ATK#engineering,amartechnicalknowledge Top 10 engineering colleges according to nirf ranking #shorts#viral#trending#nirf #ATK#engineering .,Top 10 engineering colleges according to nirf ranking #shorts#viral#trending#nirf #ATK#engineering amartechnicalknowledge Top 10 engineering colleges according to nirf ranking #shorts#viral#trending#nirf #ATK#engineering .
gOQfQR_MXgQ,Delhi University,rankings,NIRF,Delhi University NIRF,Preference List for BSC Hons Computer Science DELHI UNIVERSITY,CUET UG 2025: B. Sc. (Hons.) Computer Science- NIRF Rank-wise (Top to bottom) preference list of all 20 colleges of Delhi ...,Gyaan Bytz,2025-07-09T11:58:14Z,2025,2433,30,3,PT9S,unknown,https://www.youtube.com/watch?v=gOQfQR_MXgQ,17,Relevant,Preference List for BSC Hons Computer Science DELHI UNIVERSITY,CUET UG 2025: B. Sc. (Hons.) Computer Science- NIRF Rank-wise (Top to bottom) preference list of all 20 colleges of Delhi .,Preference List for BSC Hons Computer Science DELHI UNIVERSITY CUET UG 2025: B. Sc. (Hons.) Computer Science- NIRF Rank-wise (Top to bottom) preference list of all 20 colleges of Delhi .
P3dGOLpjf-4,Jamia Millia Islamia,rankings,NIRF,Jamia Millia Islamia NIRF,Jamia Millia Islamia University Best Books | Jamia Admission 2025 | JMI Admission 2025 #jmi #jamia,"About this video:- jamia got 3rd position in nirf ranking by government of India, ministry of education and ugc india that means ...",TBIT,2025-02-04T07:31:21Z,2025,32544,1358,12,PT41S,unknown,https://www.youtube.com/watch?v=P3dGOLpjf-4,17,Relevant,Jamia Millia Islamia University Best Books | Jamia Admission 2025 | JMI Admission 2025 #jmi #jamia,"About this video:- jamia got 3rd position in nirf ranking by government of India, ministry of education and ugc india that means .","Jamia Millia Islamia University Best Books | Jamia Admission 2025 | JMI Admission 2025 #jmi #jamia About this video:- jamia got 3rd position in nirf ranking by government of India, ministry of education and ugc india that means ."
fNP3Zz1ai3c,University of Rajasthan,rankings,NIRF,University of Rajasthan NIRF,Top 5 medical Colleges in India according to nirf ranking| Neet | top Medical colleges | #shorts,Top 5 medical Colleges in India according to nirf ranking| Neet | top Medical colleges | #shorts AIIMS delhi Pgimer chandigarh ...,Uncut Life,2023-06-16T14:39:33Z,2023,1732,36,0,PT16S,unknown,https://www.youtube.com/watch?v=fNP3Zz1ai3c,17,Relevant,Top 5 medical Colleges in India according to nirf ranking| Neet | top Medical colleges | #shorts,Top 5 medical Colleges in India according to nirf ranking| Neet | top Medical colleges | #shorts AIIMS delhi Pgimer chandigarh .,Top 5 medical Colleges in India according to nirf ranking| Neet | top Medical colleges | #shorts Top 5 medical Colleges in India according to nirf ranking| Neet | top Medical colleges | #shorts AIIMS delhi Pgimer chandigarh .
PBtqyx1PQa8,VIT Vellore,rankings,NIRF,VIT Vellore NIRF,Is VIT Vellore Manipulating NIRF Rankings? Reality Check of India&#39;s #1 Private College ! Review. ,"Need Direct Admission Support? For personalized Admission Guidance & Support, including details on Management Quota ...",Admission Junction,2026-02-17T11:30:06Z,2026,155,7,1,PT2M42S,unknown,https://www.youtube.com/watch?v=PBtqyx1PQa8,17,Relevant,Is VIT Vellore Manipulating NIRF Rankings? Reality Check of India's #1 Private College ! Review.,"Need Direct Admission Support? For personalized Admission Guidance & Support, including details on Management Quota .","Is VIT Vellore Manipulating NIRF Rankings? Reality Check of India's #1 Private College ! Review. Need Direct Admission Support? For personalized Admission Guidance & Support, including details on Management Quota ."
MwoqUy1lJYI,Central University of South Bihar,rankings,NIRF,Central University of South Bihar NIRF,Central University Of South Bihar Admission 2026,Best University in Bihar : Central University NIRF Ranking 2025 Bihar Best Law College in Bihar Best Pharmacy college in Bihar ...,The Sarkari College ,2025-09-10T07:30:06Z,2025,5,2,2,PT9M3S,unknown,https://www.youtube.com/watch?v=MwoqUy1lJYI,17,Relevant,Central University Of South Bihar Admission 2026,Best University in Bihar : Central University NIRF Ranking 2025 Bihar Best Law College in Bihar Best Pharmacy college in Bihar .,Central University Of South Bihar Admission 2026 Best University in Bihar : Central University NIRF Ranking 2025 Bihar Best Law College in Bihar Best Pharmacy college in Bihar .
5JxJa__el8c,Mysore University,rankings,NIRF,Mysore University NIRF,Top 5 Engineering Colleges in Karnataka. NIRF ranking #infoskool #college #engineering,1.NITK Surat hall @nitksurathkal NIRF Engineering Ranking 10 NIRF Overall Ranking 27 2.VTU (Vishveswarayya Technological ...,info skool,2023-01-30T12:17:37Z,2023,4067,54,0,PT19S,unknown,https://www.youtube.com/watch?v=5JxJa__el8c,17,Relevant,Top 5 Engineering Colleges in Karnataka. NIRF ranking #infoskool #college #engineering,1.NITK Surat hall @nitksurathkal NIRF Engineering Ranking 10 NIRF Overall Ranking 27 2.VTU (Vishveswarayya Technological .,Top 5 Engineering Colleges in Karnataka. NIRF ranking #infoskool #college #engineering 1.NITK Surat hall @nitksurathkal NIRF Engineering Ranking 10 NIRF Overall Ranking 27 2.VTU (Vishveswarayya Technological .
SIGFHGqCGy0,Mysore University,rankings,NIRF,Mysore University NIRF,NIRF ranking of Karnataka Top medical colleges |Karnataka MBBS colleges complete list|NTA 2023,NIRF ranking of Karnataka Top medical colleges |Karnataka MBBS colleges complete list|NTA 2023 #nirfranking2023 ...,Maths Techy,2023-06-06T05:06:33Z,2023,3866,45,1,PT10S,unknown,https://www.youtube.com/watch?v=SIGFHGqCGy0,17,Relevant,NIRF ranking of Karnataka Top medical colleges |Karnataka MBBS colleges complete list|NTA 2023,NIRF ranking of Karnataka Top medical colleges |Karnataka MBBS colleges complete list|NTA 2023 #nirfranking2023 .,NIRF ranking of Karnataka Top medical colleges |Karnataka MBBS colleges complete list|NTA 2023 NIRF ranking of Karnataka Top medical colleges |Karnataka MBBS colleges complete list|NTA 2023 #nirfranking2023 .
5_VtB9gm2ug,University of Hyderabad,rankings,NIRF,University of Hyderabad NIRF,Revealed: The Top Ranked IIT in India! #shortvideo #iit #ranking #nirf #iitbombay #iitdelhi,"IIT ranking by nirf 2023 #shortvideo #iit #ranking #nirf #iitbombay #iitdelhi #iitdelhi,Tubebuddy,Vidiq,budget 2023,future ...",Yolo Shorts,2023-02-15T14:20:12Z,2023,2142,136,0,PT58S,unknown,https://www.youtube.com/watch?v=5_VtB9gm2ug,17,Relevant,Revealed: The Top Ranked IIT in India! #shortvideo #iit #ranking #nirf #iitbombay #iitdelhi,"IIT ranking by nirf 2023 #shortvideo #iit #ranking #nirf #iitbombay #iitdelhi #iitdelhi,Tubebuddy,Vidiq,budget 2023,future .","Revealed: The Top Ranked IIT in India! #shortvideo #iit #ranking #nirf #iitbombay #iitdelhi IIT ranking by nirf 2023 #shortvideo #iit #ranking #nirf #iitbombay #iitdelhi #iitdelhi,Tubebuddy,Vidiq,budget 2023,future ."
cfEfT_4o9xQ,University of Hyderabad,rankings,NIRF,University of Hyderabad NIRF,Top 10 Engineering Colleges in India | NIRF Ranking | Motion JEE #shorts #nirfranking #jee2025,Top 10 Engineering Colleges in India | NIRF Ranking | Motion JEE #shorts #nirfranking #jee2025 For more such videos subscribe ...,Motion Kota - JEE ,2024-08-18T07:00:19Z,2024,5851,460,29,PT59S,unknown,https://www.youtube.com/watch?v=cfEfT_4o9xQ,17,Relevant,Top 10 Engineering Colleges in India | NIRF Ranking | Motion JEE #shorts #nirfranking #jee2025,Top 10 Engineering Colleges in India | NIRF Ranking | Motion JEE #shorts #nirfranking #jee2025 For more such videos subscribe .,Top 10 Engineering Colleges in India | NIRF Ranking | Motion JEE #shorts #nirfranking #jee2025 Top 10 Engineering Colleges in India | NIRF Ranking | Motion JEE #shorts #nirfranking #jee2025 For more such videos subscribe .
E2aPPdHMnHc,University of Allahabad,rankings,NIRF,University of Allahabad NIRF,💊 Top 5 Pharmacy Colleges in India 2025 | NIRF Ranking 2025 OUT! 🏆 #Pharmacy #NIRF2025,"NIRF Ranking 2025 for Pharmacy Colleges is OUT! In this video, we present the Top 5 Pharmacy Colleges in India 2025 ...",Careers360,2025-09-04T09:20:45Z,2025,42376,333,1,PT26S,unknown,https://www.youtube.com/watch?v=E2aPPdHMnHc,17,Relevant,💊 Top 5 Pharmacy Colleges in India 2025 | NIRF Ranking 2025 OUT! 🏆 #Pharmacy #NIRF2025,"NIRF Ranking 2025 for Pharmacy Colleges is OUT! In this video, we present the Top 5 Pharmacy Colleges in India 2025 .","💊 Top 5 Pharmacy Colleges in India 2025 | NIRF Ranking 2025 OUT! 🏆 #Pharmacy #NIRF2025 NIRF Ranking 2025 for Pharmacy Colleges is OUT! In this video, we present the Top 5 Pharmacy Colleges in India 2025 ."
IWIPPhzoNfQ,University of Hyderabad,rankings,NIRF,University of Hyderabad NIRF,NIRF Ranking 2023: India Top 10 Best Universities | దేశంలోనే టాప్ 10ఉత్తమ విశ్వవిద్యాలయాలు ఇవే | RTV,NIRF Ranking 2023: India Top 10 Best Universities | దేశంలోనే టాప్ 10ఉత్తమ ...,RTV ,2023-06-06T03:18:26Z,2023,2471,50,0,PT45S,unknown,https://www.youtube.com/watch?v=IWIPPhzoNfQ,17,Relevant,NIRF Ranking 2023: India Top 10 Best Universities | దేశంలోనే టాప్ 10ఉత్తమ విశ్వవిద్యాలయాలు ఇవే | RTV,NIRF Ranking 2023: India Top 10 Best Universities | దేశంలోనే టాప్ 10ఉత్తమ .,NIRF Ranking 2023: India Top 10 Best Universities | దేశంలోనే టాప్ 10ఉత్తమ విశ్వవిద్యాలయాలు ఇవే | RTV NIRF Ranking 2023: India Top 10 Best Universities | దేశంలోనే టాప్ 10ఉత్తమ .
QtyT8oQ9kM8,Delhi University,rankings,NIRF,Delhi University NIRF,Top 10 Colleges under Delhi University | NIRF 2023 Rankings | Poorva Choudhary,,CUET Unacademy,2023-06-12T14:30:13Z,2023,23313,923,12,PT39S,unknown,https://www.youtube.com/watch?v=QtyT8oQ9kM8,17,Relevant,Top 10 Colleges under Delhi University | NIRF 2023 Rankings | Poorva Choudhary,,Top 10 Colleges under Delhi University | NIRF 2023 Rankings | Poorva Choudhary
OETS2dsrXQ0,Osmania University,rankings,NIRF,Osmania University NIRF,Top 5 Medical Colleges in Tamil Nadu   NIRF Ranking #top5 #shorts #neet2025 #viralshorts #mbbs,Top 5 Medical Colleges in Tamil Nadu NIRF Ranking @ShriVivegamEducationalGuidance MBBS BDS கவுன்சிலிங் ...,Shri Vivegam Educational Guidance,2025-06-24T00:30:16Z,2025,686,3,0,PT28S,unknown,https://www.youtube.com/watch?v=OETS2dsrXQ0,17,Relevant,Top 5 Medical Colleges in Tamil Nadu NIRF Ranking #top5 #shorts #neet2025 #viralshorts #mbbs,Top 5 Medical Colleges in Tamil Nadu NIRF Ranking @ShriVivegamEducationalGuidance MBBS BDS கவுன்சிலிங் .,Top 5 Medical Colleges in Tamil Nadu NIRF Ranking #top5 #shorts #neet2025 #viralshorts #mbbs Top 5 Medical Colleges in Tamil Nadu NIRF Ranking @ShriVivegamEducationalGuidance MBBS BDS கவுன்சிலிங் .
TnAqxXvt0HA,Veermata Jijabai Technological Institute,rankings,NIRF,Veermata Jijabai Technological Institute NIRF,Top engineering colleges in Maharashtra/NIRF Ranking India.,Top engineering colleges in Maharashtra/NIRF Ranking India. #topengineeringcollege #topengineeringcolleges #topengineering ...,MAHARASHTRA ENGINEERING ACADEMY,2023-07-16T09:38:48Z,2023,589,20,4,PT3M10S,unknown,https://www.youtube.com/watch?v=TnAqxXvt0HA,17,Relevant,Top engineering colleges in Maharashtra/NIRF Ranking India.,Top engineering colleges in Maharashtra/NIRF Ranking India. #topengineeringcollege #topengineeringcolleges #topengineering .,Top engineering colleges in Maharashtra/NIRF Ranking India. Top engineering colleges in Maharashtra/NIRF Ranking India. #topengineeringcollege #topengineeringcolleges #topengineering .
lU5jBRNo2z4,University of Calcutta,rankings,NIRF,University of Calcutta NIRF,💥 Top 5 MBA Colleges in India 2025 | NIRF Ranking 2025! 🎓 #MBA #NIRF2025,"Top 5 MBA Colleges in India 2025 | NIRF Ranking 2025 is OUT! In this video, we bring you the latest NIRF MBA Ranking 2025 ...",MBA360,2025-09-08T12:46:24Z,2025,317,3,0,PT19S,unknown,https://www.youtube.com/watch?v=lU5jBRNo2z4,17,Relevant,💥 Top 5 MBA Colleges in India 2025 | NIRF Ranking 2025! 🎓 #MBA #NIRF2025,"Top 5 MBA Colleges in India 2025 | NIRF Ranking 2025 is OUT! In this video, we bring you the latest NIRF MBA Ranking 2025 .","💥 Top 5 MBA Colleges in India 2025 | NIRF Ranking 2025! 🎓 #MBA #NIRF2025 Top 5 MBA Colleges in India 2025 | NIRF Ranking 2025 is OUT! In this video, we bring you the latest NIRF MBA Ranking 2025 ."
OaERTUKDvGk,Delhi University,rankings,NIRF,Delhi University NIRF,Vardhmam Mahavir Medical College Fees and NIRF Ranking #vmmc #neet #neetcollege,Explore the fees and NIRF ranking of Vardhman Mahavir Medical College in this detailed session! We'll break down the cost of ...,NEET Rankplus - Hindi Medium,2024-09-10T14:30:09Z,2024,26945,279,2,PT29S,unknown,https://www.youtube.com/watch?v=OaERTUKDvGk,17,Relevant,Vardhmam Mahavir Medical College Fees and NIRF Ranking #vmmc #neet #neetcollege,Explore the fees and NIRF ranking of Vardhman Mahavir Medical College in this detailed session! We'll break down the cost of .,Vardhmam Mahavir Medical College Fees and NIRF Ranking #vmmc #neet #neetcollege Explore the fees and NIRF ranking of Vardhman Mahavir Medical College in this detailed session! We'll break down the cost of .
XXhm6y2uHWs,Sikkim University,rankings,NIRF,Sikkim University NIRF,NIRF Ranking for Medical Colleges Released | Top 10 Medical Colleges | Best Private Colleges|#neet,NIRF Ranking for Medical Colleges Released | Top 10 Medical Colleges | Best Private Colleges|#neet #youtube #yt ...,KnowledgeWithDi - Dipti Bansal,2025-09-10T04:40:39Z,2025,202,4,0,PT4M21S,unknown,https://www.youtube.com/watch?v=XXhm6y2uHWs,17,Relevant,NIRF Ranking for Medical Colleges Released | Top 10 Medical Colleges | Best Private Colleges|#neet,NIRF Ranking for Medical Colleges Released | Top 10 Medical Colleges | Best Private Colleges|#neet #youtube #yt .,NIRF Ranking for Medical Colleges Released | Top 10 Medical Colleges | Best Private Colleges|#neet NIRF Ranking for Medical Colleges Released | Top 10 Medical Colleges | Best Private Colleges|#neet #youtube #yt .
TXraU5EGDC8,Assam University,rankings,NIRF,Assam University NIRF,Top 7 IIT Colleges in India Based on NIRF Ranking 🔥🔥⚡️ #iit #shorts #youtubeshorts #ytshorts,Top 7 IIT Colleges in India Based on NIRF Ranking ⚡️ #iit #shorts #youtubeshorts #ytshorts 🏛️ Indian Institutes of ...,NEXUS JEE,2025-12-16T01:14:01Z,2025,1390,28,1,PT18S,unknown,https://www.youtube.com/watch?v=TXraU5EGDC8,17,Relevant,Top 7 IIT Colleges in India Based on NIRF Ranking 🔥🔥⚡️ #iit #shorts #youtubeshorts #ytshorts,Top 7 IIT Colleges in India Based on NIRF Ranking ⚡️ #iit #shorts #youtubeshorts #ytshorts 🏛️ Indian Institutes of .,Top 7 IIT Colleges in India Based on NIRF Ranking 🔥🔥⚡️ #iit #shorts #youtubeshorts #ytshorts Top 7 IIT Colleges in India Based on NIRF Ranking ⚡️ #iit #shorts #youtubeshorts #ytshorts 🏛️ Indian Institutes of .
SAKTiUwz6iU,Delhi University,rankings,NIRF,Delhi University NIRF,Delhi University college rankings 🔥🔥 According to NIRF 2023 #delhiuniversity #shortvideo,,Ritika  gogia,2023-06-08T16:29:23Z,2023,82,0,0,PT16S,unknown,https://www.youtube.com/watch?v=SAKTiUwz6iU,17,Relevant,Delhi University college rankings 🔥🔥 According to NIRF 2023 #delhiuniversity #shortvideo,,Delhi University college rankings 🔥🔥 According to NIRF 2023 #delhiuniversity #shortvideo
vM8cki7PwbQ,Delhi University,rankings,NIRF,Delhi University NIRF,NEET 2024 ll Top 25 MBBS Medical Colleges in India  NIRF Ranking #shorts #viral #neet2024,NEET 2024 ll Top 25 MBBS Medical Colleges in India NIRF Ranking #shorts #viral #neet2024 Website - www.neetmentor.co.in ...,NEET MENTOR UG,2024-05-19T07:24:17Z,2024,84635,513,5,PT8S,unknown,https://www.youtube.com/watch?v=vM8cki7PwbQ,17,Relevant,NEET 2024 ll Top 25 MBBS Medical Colleges in India NIRF Ranking #shorts #viral #neet2024,NEET 2024 ll Top 25 MBBS Medical Colleges in India NIRF Ranking #shorts #viral #neet2024 Website - .,NEET 2024 ll Top 25 MBBS Medical Colleges in India NIRF Ranking #shorts #viral #neet2024 NEET 2024 ll Top 25 MBBS Medical Colleges in India NIRF Ranking #shorts #viral #neet2024 Website - .
WdHzGGOcTNw,Tezpur University,rankings,NIRF,Tezpur University NIRF,🔥Top 100 Management Colleges in India | NIRF Ranking 2024 | Top MBA Colleges in India #nirf,In This Video We Will Talk About Top 100 Management Colleges in India | NIRF Ranking 2024 | Top MBA Colleges in India.,Bodmas Law & Management Career Hub,2024-08-16T12:56:16Z,2024,2054,30,1,PT9M8S,unknown,https://www.youtube.com/watch?v=WdHzGGOcTNw,17,Relevant,🔥Top 100 Management Colleges in India | NIRF Ranking 2024 | Top MBA Colleges in India #nirf,In This Video We Will Talk About Top 100 Management Colleges in India | NIRF Ranking 2024 | Top MBA Colleges in India.,🔥Top 100 Management Colleges in India | NIRF Ranking 2024 | Top MBA Colleges in India #nirf In This Video We Will Talk About Top 100 Management Colleges in India | NIRF Ranking 2024 | Top MBA Colleges in India.
EUpfFnvsw3Q,Delhi University,rankings,NIRF,Delhi University NIRF,Top 10  Medical Colleges 2024 NIRF Ranking  #nirf #medicalcollege,Nirf ranking 2024 top 10 medical College in india #nirf #aiimsdelhi #cmc #aiims #neet #medicalcollege nirf ranking 2023 medical ...,Know Your College,2024-08-15T05:44:07Z,2024,1442,15,0,PT51S,unknown,https://www.youtube.com/watch?v=EUpfFnvsw3Q,17,Relevant,Top 10 Medical Colleges 2024 NIRF Ranking #nirf #medicalcollege,Nirf ranking 2024 top 10 medical College in india #nirf #aiimsdelhi #cmc #aiims #neet #medicalcollege nirf ranking 2023 medical .,Top 10 Medical Colleges 2024 NIRF Ranking #nirf #medicalcollege Nirf ranking 2024 top 10 medical College in india #nirf #aiimsdelhi #cmc #aiims #neet #medicalcollege nirf ranking 2023 medical .
f-9k_juUq70,Guru Ghasidas Vishwavidyalaya,rankings,NIRF,Guru Ghasidas Vishwavidyalaya NIRF,NIRF 2023 Rank Out 🔥 ये है India के Best pharmacy college 😊 | Bsp Pharmacy | sakshi Rajput,NIRF 2023 Rank Out ये है India के Best pharmacy college | Bsp Pharmacy | sakshi Rajput. Hey Students .,BSP Science,2023-07-28T01:30:15Z,2023,716,27,15,PT5M34S,unknown,https://www.youtube.com/watch?v=f-9k_juUq70,17,Relevant,NIRF 2023 Rank Out 🔥 ये है India के Best pharmacy college 😊 | Bsp Pharmacy | sakshi Rajput,NIRF 2023 Rank Out ये है India के Best pharmacy college | Bsp Pharmacy | sakshi Rajput. Hey Students .,NIRF 2023 Rank Out 🔥 ये है India के Best pharmacy college 😊 | Bsp Pharmacy | sakshi Rajput NIRF 2023 Rank Out ये है India के Best pharmacy college | Bsp Pharmacy | sakshi Rajput. Hey Students .
GnjwL8vj8pw,Lucknow University,rankings,NIRF,Lucknow University NIRF,"University of Lucknow College Review 2026  | Placement, Fees, Campus, Reality Check","Are you considering Lucknow University for your B.Tech? Confused about the JEE Main cutoff, fee structure, or placement reality?",Prabhat Ranjan,2026-01-04T06:30:10Z,2026,11083,217,86,PT17M17S,unknown,https://www.youtube.com/watch?v=GnjwL8vj8pw,17,Relevant,"University of Lucknow College Review 2026 | Placement, Fees, Campus, Reality Check","Are you considering Lucknow University for your B.Tech? Confused about the JEE Main cutoff, fee structure, or placement reality?","University of Lucknow College Review 2026 | Placement, Fees, Campus, Reality Check Are you considering Lucknow University for your B.Tech? Confused about the JEE Main cutoff, fee structure, or placement reality?"
LzYMoB7ZsDk,Tezpur University,rankings,NIRF,Tezpur University NIRF,NIRF 2024 Ranking for MBA Colleges Out! #Comedy Show | #memes  Fest!!,NIRF 2024: https://iimking.com/nirf/ Rank Name 1 Indian Institute of Management Ahmedabad 2 Indian Institute of Management ...,Cetking,2024-08-13T16:29:45Z,2024,3111,67,13,PT9M31S,unknown,https://www.youtube.com/watch?v=LzYMoB7ZsDk,17,Relevant,NIRF 2024 Ranking for MBA Colleges Out! #Comedy Show | #memes Fest!,NIRF 2024: Rank Name 1 Indian Institute of Management Ahmedabad 2 Indian Institute of Management .,NIRF 2024 Ranking for MBA Colleges Out! #Comedy Show | #memes Fest! NIRF 2024: Rank Name 1 Indian Institute of Management Ahmedabad 2 Indian Institute of Management .
Cv7WZJ_hOBs,Tezpur University,rankings,NIRF,Tezpur University NIRF,NIRF Ranking 2023 | NTA NET/JRF/SET/PGT/DSSSB/Asst. Prof. | By AKJ Sir,NIRF Ranking 2023 | NTA NET/JRF/SET/PGT/DSSSB/Asst. Prof. | By AKJ Sir Join our Free Telegram Channel : Click here- ...,NETJRF Solutionist By AKJ Academy,2023-06-07T17:04:08Z,2023,2927,256,1,PT34M53S,unknown,https://www.youtube.com/watch?v=Cv7WZJ_hOBs,17,Relevant,NIRF Ranking 2023 | NTA NET/JRF/SET/PGT/DSSSB/Asst. Prof. | By AKJ Sir,NIRF Ranking 2023 | NTA NET/JRF/SET/PGT/DSSSB/Asst. Prof. | By AKJ Sir Join our Free Telegram Channel : Click here- .,NIRF Ranking 2023 | NTA NET/JRF/SET/PGT/DSSSB/Asst. Prof. | By AKJ Sir NIRF Ranking 2023 | NTA NET/JRF/SET/PGT/DSSSB/Asst. Prof. | By AKJ Sir Join our Free Telegram Channel : Click here- .
TPjbTLAqVcg,Guru Ghasidas Vishwavidyalaya,rankings,NIRF,Guru Ghasidas Vishwavidyalaya NIRF,Top Colleges &amp; Universities Approval 🎓 | UGC AICTE NAAC NBA NIRF Full Guide 🏫,"Confused between UGC, AICTE, NAAC, NBA & NIRF? In this video, learn how to verify whether a college or university is ...",Next Engineer 🎓,2026-05-27T06:11:52Z,2026,6843,313,19,PT1M45S,unknown,https://www.youtube.com/watch?v=TPjbTLAqVcg,17,Relevant,Top Colleges & Universities Approval 🎓 | UGC AICTE NAAC NBA NIRF Full Guide 🏫,"Confused between UGC, AICTE, NAAC, NBA & NIRF? In this video, learn how to verify whether a college or university is .","Top Colleges & Universities Approval 🎓 | UGC AICTE NAAC NBA NIRF Full Guide 🏫 Confused between UGC, AICTE, NAAC, NBA & NIRF? In this video, learn how to verify whether a college or university is ."
cNmTm5xaPCs,Guru Ghasidas Vishwavidyalaya,rankings,NIRF,Guru Ghasidas Vishwavidyalaya NIRF,NIRF ranking of Top CUET Colleges | NIRF Ranking of Top Colleges #nirfranking #cuetcolleges,NIRF ranking of Top CUET Colleges | NIRF Ranking of Top Colleges #nirfranking #cuetcolleges Get Absolutely FREE  CUET ...,SuperGrads CUET by Toprankers,2023-09-30T05:30:09Z,2023,749,24,0,PT39S,unknown,https://www.youtube.com/watch?v=cNmTm5xaPCs,17,Relevant,NIRF ranking of Top CUET Colleges | NIRF Ranking of Top Colleges #nirfranking #cuetcolleges,NIRF ranking of Top CUET Colleges | NIRF Ranking of Top Colleges #nirfranking #cuetcolleges Get Absolutely FREE CUET .,NIRF ranking of Top CUET Colleges | NIRF Ranking of Top Colleges #nirfranking #cuetcolleges NIRF ranking of Top CUET Colleges | NIRF Ranking of Top Colleges #nirfranking #cuetcolleges Get Absolutely FREE CUET .
45MO7YIPmP8,Jawaharlal Nehru University,rankings,NIRF,Jawaharlal Nehru University NIRF,"JawaharlalNehru UniversityPublic universityin New Delhi,#jnudelhi,2nd rank university all india nirf",Jawaharlal Nehru University Public university in New Delhi https://instagram.com/jayshankar2482?igshid=ZDdkNTZiNTM= Invest ...,Jayshankar Dwivedi vlog,2023-04-24T09:20:31Z,2023,12,7,2,PT2M2S,unknown,https://www.youtube.com/watch?v=45MO7YIPmP8,17,Relevant,"JawaharlalNehru UniversityPublic universityin New Delhi,#jnudelhi,2nd rank university all india nirf",Jawaharlal Nehru University Public university in New Delhi Invest .,"JawaharlalNehru UniversityPublic universityin New Delhi,#jnudelhi,2nd rank university all india nirf Jawaharlal Nehru University Public university in New Delhi Invest ."
bLE0uBqMWwU,Andhra University,rankings,NIRF,Andhra University NIRF,Nirf ranking 2023 #pharmacy  #gpat#bpharmacy #mpharmacy  #trending #,pharmacy Nirf ranking 2023#jamiahamdard#niperexam #ict.,ZamZamPharmacy,2023-07-20T14:28:43Z,2023,176,7,0,PT11S,unknown,https://www.youtube.com/watch?v=bLE0uBqMWwU,17,Relevant,Nirf ranking 2023 #pharmacy #gpat#bpharmacy #mpharmacy #trending #,pharmacy Nirf ranking 2023#jamiahamdard#niperexam #ict.,Nirf ranking 2023 #pharmacy #gpat#bpharmacy #mpharmacy #trending # pharmacy Nirf ranking 2023#jamiahamdard#niperexam #ict.
ffaXMUn-vp8,Delhi University,rankings,NIRF,Delhi University NIRF,NIRF Ranking 2025 Top 15 Govt. Engineering Colleges in India #nirfranking #engineering #btech#2025,"""India ke Top 15 Engineering Colleges ka NIRF 2025 Ranking aa chuka hai! Is video me hum compare karenge IITs, NITs aur ...",FutureDesk,2025-08-13T08:30:21Z,2025,33608,67,0,PT4S,unknown,https://www.youtube.com/watch?v=ffaXMUn-vp8,17,Relevant,NIRF Ranking 2025 Top 15 Govt. Engineering Colleges in India #nirfranking #engineering #btech#2025,"""India ke Top 15 Engineering Colleges ka NIRF 2025 Ranking aa chuka hai! Is video me hum compare karenge IITs, NITs aur .","NIRF Ranking 2025 Top 15 Govt. Engineering Colleges in India #nirfranking #engineering #btech#2025 ""India ke Top 15 Engineering Colleges ka NIRF 2025 Ranking aa chuka hai! Is video me hum compare karenge IITs, NITs aur ."
txVqBdeiNjo,Lucknow University,rankings,NIRF,Lucknow University NIRF,Top 5 Government Medical Colleges in UP 2026 🔥 Fees | NIRF Ranking | NEET Cutoff | MBBS,Top 5 Government Medical Colleges in UP 2026 Fees | NIRF Ranking | NEET Cutoff | MBBS क्या आप UP में MBBS ...,Quick knowledge Poonam,2026-06-01T14:43:27Z,2026,222,2,0,PT8M21S,unknown,https://www.youtube.com/watch?v=txVqBdeiNjo,17,Relevant,Top 5 Government Medical Colleges in UP 2026 🔥 Fees | NIRF Ranking | NEET Cutoff | MBBS,Top 5 Government Medical Colleges in UP 2026 Fees | NIRF Ranking | NEET Cutoff | MBBS क्या आप UP में MBBS .,Top 5 Government Medical Colleges in UP 2026 🔥 Fees | NIRF Ranking | NEET Cutoff | MBBS Top 5 Government Medical Colleges in UP 2026 Fees | NIRF Ranking | NEET Cutoff | MBBS क्या आप UP में MBBS .
UGwNeQ37Jxc,Central University of Karnataka,rankings,NIRF,Central University of Karnataka NIRF,"Central University of Tamil Nadu Complete Guide 2025: Review, Ranking, Fees &amp; Admission Explained","Here's everything you need to know about Central University of Tamil Nadu, Establishment year: 2009, NIRF Ranking 2024: 83 ...",shiksha.com,2025-10-17T07:45:03Z,2025,3443,24,1,PT38S,unknown,https://www.youtube.com/watch?v=UGwNeQ37Jxc,17,Relevant,"Central University of Tamil Nadu Complete Guide 2025: Review, Ranking, Fees & Admission Explained","Here's everything you need to know about Central University of Tamil Nadu, Establishment year: 2009, NIRF Ranking 2024: 83 .","Central University of Tamil Nadu Complete Guide 2025: Review, Ranking, Fees & Admission Explained Here's everything you need to know about Central University of Tamil Nadu, Establishment year: 2009, NIRF Ranking 2024: 83 ."
S0qfG7f4u3A,Jawaharlal Nehru University,rankings,NIRF,Jawaharlal Nehru University NIRF,NIRF Ranking 2024: JMI से लेकर AMU तक हायर एजुकेशन कैटेगरी में टॉप पर हैं ये Universities #shorts,Union Ministry of Education ने NIRF University Ranking 2024 लिस्ट जारी कर दी है। NIRF 2024 के ...,DNN24,2024-08-14T03:30:21Z,2024,245,5,0,PT54S,unknown,https://www.youtube.com/watch?v=S0qfG7f4u3A,17,Relevant,NIRF Ranking 2024: JMI से लेकर AMU तक हायर एजुकेशन कैटेगरी में टॉप पर हैं ये Universities #shorts,Union Ministry of Education ने NIRF University Ranking 2024 लिस्ट जारी कर दी है। NIRF 2024 के .,NIRF Ranking 2024: JMI से लेकर AMU तक हायर एजुकेशन कैटेगरी में टॉप पर हैं ये Universities #shorts Union Ministry of Education ने NIRF University Ranking 2024 लिस्ट जारी कर दी है। NIRF 2024 के .
DlwgX8C4zgA,Mizoram University,rankings,NIRF,Mizoram University NIRF,News-Based Program on PUC&#39;s 35th NIRF Rank,"News-Based Program on PUC's 35th NIRF Rank Produced by : Regional News Unit, Akashvani Aizawl.",AIR News Aizawl,2024-08-24T06:00:07Z,2024,134,9,0,PT19M49S,unknown,https://www.youtube.com/watch?v=DlwgX8C4zgA,17,Relevant,News-Based Program on PUC's 35th NIRF Rank,"News-Based Program on PUC's 35th NIRF Rank Produced by : Regional News Unit, Akashvani Aizawl.","News-Based Program on PUC's 35th NIRF Rank News-Based Program on PUC's 35th NIRF Rank Produced by : Regional News Unit, Akashvani Aizawl."
7dkBzIjx50A,Mizoram University,rankings,NIRF,Mizoram University NIRF,Top 10 NITs in India | Best NITs in India | NITs NIRF Ranking 2026 I NITs Ranking 2026 #jeemain #nit,Top 10 NITs in India | Best NITs in India | NITs NIRF Ranking 2026 I NITs Ranking 2026 #jee #jeemain #nit #college #education ...,CollegeYaari,2025-12-30T12:09:08Z,2025,1415,0,0,PT1M20S,unknown,https://www.youtube.com/watch?v=7dkBzIjx50A,17,Relevant,Top 10 NITs in India | Best NITs in India | NITs NIRF Ranking 2026 I NITs Ranking 2026 #jeemain #nit,Top 10 NITs in India | Best NITs in India | NITs NIRF Ranking 2026 I NITs Ranking 2026 #jee #jeemain #nit #college #education .,Top 10 NITs in India | Best NITs in India | NITs NIRF Ranking 2026 I NITs Ranking 2026 #jeemain #nit Top 10 NITs in India | Best NITs in India | NITs NIRF Ranking 2026 I NITs Ranking 2026 #jee #jeemain #nit #college #education .
krN20MibwtI,Delhi University,rankings,NIRF,Delhi University NIRF,🎓 Top 5 Colleges in India 2025 | Hindu College #1 | NIRF Ranking 2025 OUT! 💥 #NIRF2025,"NIRF Ranking 2025 for Colleges is OUT! Hindu College, Delhi has secured the No. 1 position in the NIRF India Ranking 2025 ...",Careers360,2025-09-04T09:21:39Z,2025,1306,8,0,PT30S,unknown,https://www.youtube.com/watch?v=krN20MibwtI,17,Relevant,🎓 Top 5 Colleges in India 2025 | Hindu College #1 | NIRF Ranking 2025 OUT! 💥 #NIRF2025,"NIRF Ranking 2025 for Colleges is OUT! Hindu College, Delhi has secured the No. 1 position in the NIRF India Ranking 2025 .","🎓 Top 5 Colleges in India 2025 | Hindu College #1 | NIRF Ranking 2025 OUT! 💥 #NIRF2025 NIRF Ranking 2025 for Colleges is OUT! Hindu College, Delhi has secured the No. 1 position in the NIRF India Ranking 2025 ."
PzIX5mhuu3I,Kerala University,rankings,NIRF,Kerala University NIRF,NIRF RANKING 2025 | TOP COLLEGE LIST IN TAMILNADU #nirfranking #nirf2025 #shorts,"nirf ranking 2025, nirf ranking 2025 medical college, nirf ranking 2025 engineering college, nirf ranking 2025 engineering ...",Best Education,2025-09-05T12:16:54Z,2025,4697,22,0,PT21S,unknown,https://www.youtube.com/watch?v=PzIX5mhuu3I,17,Relevant,NIRF RANKING 2025 | TOP COLLEGE LIST IN TAMILNADU #nirfranking #nirf2025 #shorts,"nirf ranking 2025, nirf ranking 2025 medical college, nirf ranking 2025 engineering college, nirf ranking 2025 engineering .","NIRF RANKING 2025 | TOP COLLEGE LIST IN TAMILNADU #nirfranking #nirf2025 #shorts nirf ranking 2025, nirf ranking 2025 medical college, nirf ranking 2025 engineering college, nirf ranking 2025 engineering ."
qt8i9mB-8UI,Pondicherry University,rankings,NIRF,Pondicherry University NIRF,Top 10 Arts &amp; Science Colleges of Coimbatore|Based on NIRF Ranking|Dineshprabhu #artscolleges #cbe,Top 10 Arts & Science Colleges in Coimbatore | NIRF Ranking 2025 | Dineshprabhu Looking for the best Arts & Science ...,DINESH PRABHU,2025-05-17T10:30:36Z,2025,168164,4935,34,PT1M28S,unknown,https://www.youtube.com/watch?v=qt8i9mB-8UI,17,Relevant,Top 10 Arts & Science Colleges of Coimbatore|Based on NIRF Ranking|Dineshprabhu #artscolleges #cbe,Top 10 Arts & Science Colleges in Coimbatore | NIRF Ranking 2025 | Dineshprabhu Looking for the best Arts & Science .,Top 10 Arts & Science Colleges of Coimbatore|Based on NIRF Ranking|Dineshprabhu #artscolleges #cbe Top 10 Arts & Science Colleges in Coimbatore | NIRF Ranking 2025 | Dineshprabhu Looking for the best Arts & Science .
Tg1vA62C_HM,Delhi University,rankings,NIRF,Delhi University NIRF,Top NITs in India 2025 || Based on NIRF Ranking 2025 || Best NIT colleges #NIRF #NIT #engineering,Top NIT colleges in India 2025 based on NIRF Ranking 2025. Music: Dreamers in the Sun Musician: VN VideoEditor.,Rohit Narvekar,2025-09-20T13:30:11Z,2025,46037,105,1,PT10S,unknown,https://www.youtube.com/watch?v=Tg1vA62C_HM,17,Relevant,Top NITs in India 2025 || Based on NIRF Ranking 2025 || Best NIT colleges #NIRF #NIT #engineering,Top NIT colleges in India 2025 based on NIRF Ranking 2025. Music: Dreamers in the Sun Musician: VN VideoEditor.,Top NITs in India 2025 || Based on NIRF Ranking 2025 || Best NIT colleges #NIRF #NIT #engineering Top NIT colleges in India 2025 based on NIRF Ranking 2025. Music: Dreamers in the Sun Musician: VN VideoEditor.
CiOK5hdcIwg,Delhi University,rankings,NIRF,Delhi University NIRF,TOP 6 IITs 🔥 || NIRF Ranking 2025 | #iitjee #jeeadvance #iitbombay #iitdelhi #nirfranking,TOP 6 IITs || NIRF Ranking 2025 | #iitjee #jeeadvance #iitbombay #iitdelhi #nirfranking IIT JEE IIT Motivation Jee Motivation ...,IITian Fantasy,2025-06-25T13:30:10Z,2025,40315,0,7,PT18S,unknown,https://www.youtube.com/watch?v=CiOK5hdcIwg,17,Relevant,TOP 6 IITs 🔥 || NIRF Ranking 2025 | #iitjee #jeeadvance #iitbombay #iitdelhi #nirfranking,TOP 6 IITs || NIRF Ranking 2025 | #iitjee #jeeadvance #iitbombay #iitdelhi #nirfranking IIT JEE IIT Motivation Jee Motivation .,TOP 6 IITs 🔥 || NIRF Ranking 2025 | #iitjee #jeeadvance #iitbombay #iitdelhi #nirfranking TOP 6 IITs || NIRF Ranking 2025 | #iitjee #jeeadvance #iitbombay #iitdelhi #nirfranking IIT JEE IIT Motivation Jee Motivation .
bLopx-1D7qw,Pondicherry University,rankings,NIRF,Pondicherry University NIRF,Top 10 Govt Medical College NIRF Ranking 2023 | TOP 10 Govt Medical College Expected CutOff 2023,"In this video, we have covered Top 10 Govt Medical College NIRF Ranking 2023 with Expected Cutoff. Through this video, you ...",InPraders,2023-07-04T03:30:12Z,2023,303,14,3,PT7M16S,unknown,https://www.youtube.com/watch?v=bLopx-1D7qw,17,Relevant,Top 10 Govt Medical College NIRF Ranking 2023 | TOP 10 Govt Medical College Expected CutOff 2023,"In this video, we have covered Top 10 Govt Medical College NIRF Ranking 2023 with Expected Cutoff. Through this video, you .","Top 10 Govt Medical College NIRF Ranking 2023 | TOP 10 Govt Medical College Expected CutOff 2023 In this video, we have covered Top 10 Govt Medical College NIRF Ranking 2023 with Expected Cutoff. Through this video, you ."
yqHqJ_1utHw,Pondicherry University,rankings,NIRF,Pondicherry University NIRF,Top 5 Medical Colleges in Tamil Nadu ｜ NIRF Ranking #medicalcollege #viralshorts #topmedicalcolleges,Top 5 Medical Colleges in Tamil Nadu ｜ NIRF Ranking @MedicalEnrollExpress MBBS BDS கவுன்சிலிங் ...,Medical Enroll Express,2025-05-30T00:31:00Z,2025,137,0,0,PT28S,unknown,https://www.youtube.com/watch?v=yqHqJ_1utHw,17,Relevant,Top 5 Medical Colleges in Tamil Nadu ｜ NIRF Ranking #medicalcollege #viralshorts #topmedicalcolleges,Top 5 Medical Colleges in Tamil Nadu ｜ NIRF Ranking @MedicalEnrollExpress MBBS BDS கவுன்சிலிங் .,Top 5 Medical Colleges in Tamil Nadu ｜ NIRF Ranking #medicalcollege #viralshorts #topmedicalcolleges Top 5 Medical Colleges in Tamil Nadu ｜ NIRF Ranking @MedicalEnrollExpress MBBS BDS கவுன்சிலிங் .
G0MHav6mLco,Kerala University,rankings,NIRF,Kerala University NIRF,NIRF - National institutional ranking framework #career #careerguidance #college #education,NIRF - National Institutional ranking framework.,Students Corridor,2023-02-11T09:41:41Z,2023,371,9,0,PT16S,unknown,https://www.youtube.com/watch?v=G0MHav6mLco,17,Relevant,NIRF - National institutional ranking framework #career #careerguidance #college #education,NIRF - National Institutional ranking framework.,NIRF - National institutional ranking framework #career #careerguidance #college #education NIRF - National Institutional ranking framework.
0kaxVSZAw3Y,Patna University,rankings,NIRF,Patna University NIRF,Top10 Engineering Institutes of India as per NIRF Ranking 2023 #Engineering #CompetitionHelp #shorts,Top10 Engineering Institutes of India as per NIRF Ranking 2023 #Engineering #CompetitionHelp #youtubeshorts #shortvideo ...,Competition Help,2023-07-19T19:42:32Z,2023,425,16,0,PT30S,unknown,https://www.youtube.com/watch?v=0kaxVSZAw3Y,17,Relevant,Top10 Engineering Institutes of India as per NIRF Ranking 2023 #Engineering #CompetitionHelp #shorts,Top10 Engineering Institutes of India as per NIRF Ranking 2023 #Engineering #CompetitionHelp #youtubeshorts #shortvideo .,Top10 Engineering Institutes of India as per NIRF Ranking 2023 #Engineering #CompetitionHelp #shorts Top10 Engineering Institutes of India as per NIRF Ranking 2023 #Engineering #CompetitionHelp #youtubeshorts #shortvideo .
bMVdg3braq4,Delhi University,rankings,NIRF,Delhi University NIRF,NIRF Ranking 2024 #nirfranking2024 #students #india #education #univercity #college #upsc #bharat,"The NIRF (National Institutional Ranking Framework) Rankings for 2024 have been released, highlighting the top institutions in ...",Digiproduct Bundle,2024-08-13T12:09:59Z,2024,8,0,0,PT1M29S,unknown,https://www.youtube.com/watch?v=bMVdg3braq4,17,Relevant,NIRF Ranking 2024 #nirfranking2024 #students #india #education #univercity #college #upsc #bharat,"The NIRF (National Institutional Ranking Framework) Rankings for 2024 have been released, highlighting the top institutions in .","NIRF Ranking 2024 #nirfranking2024 #students #india #education #univercity #college #upsc #bharat The NIRF (National Institutional Ranking Framework) Rankings for 2024 have been released, highlighting the top institutions in ."
ciVfOZ6wyyQ,VIT Vellore,rankings,NIRF,VIT Vellore NIRF,VIT Vellore Vs VIT Chennai| The Ultimate Comparison |What to Choose in 2026|Rank|Dineshprabhu,vitvellore #vitchennai #velloreinstituteoftechnology #vitchennai #vit This Video is about Comparing India's Top Engineering ...,DINESH PRABHU,2026-05-10T11:30:06Z,2026,18596,238,100,PT28M7S,unknown,https://www.youtube.com/watch?v=ciVfOZ6wyyQ,17,Relevant,VIT Vellore Vs VIT Chennai| The Ultimate Comparison |What to Choose in 2026|Rank|Dineshprabhu,vitvellore #vitchennai #velloreinstituteoftechnology #vitchennai #vit This Video is about Comparing India's Top Engineering .,VIT Vellore Vs VIT Chennai| The Ultimate Comparison |What to Choose in 2026|Rank|Dineshprabhu vitvellore #vitchennai #velloreinstituteoftechnology #vitchennai #vit This Video is about Comparing India's Top Engineering .
csjQ00pD-Bg,Gujarat University,rankings,NIRF,Gujarat University NIRF,Top 10 Pharmacy Colleges in India as per NIRF Ranking 2022,Top 10 Pharmacy Colleges in India as per NIRF Ranking 2022 #mallupharmacist #pharmaease #bpharm #nirfranking2022 ...,Shameer Marvan K,2023-01-24T03:30:12Z,2023,550,15,7,PT1M,unknown,https://www.youtube.com/watch?v=csjQ00pD-Bg,17,Relevant,Top 10 Pharmacy Colleges in India as per NIRF Ranking 2022,Top 10 Pharmacy Colleges in India as per NIRF Ranking 2022 #mallupharmacist #pharmaease #bpharm #nirfranking2022 .,Top 10 Pharmacy Colleges in India as per NIRF Ranking 2022 Top 10 Pharmacy Colleges in India as per NIRF Ranking 2022 #mallupharmacist #pharmaease #bpharm #nirfranking2022 .
7Kgm9MGD_oo,University of Hyderabad,rankings,NIRF,University of Hyderabad NIRF,⚖️ Top 5 Law Colleges in India 2025 | NIRF Ranking 2025 OUT! 💥 #Law #NIRF2025,"NIRF Ranking 2025 for Law Colleges is OUT! In this video, we present the Top 5 Law Colleges in India 2025 according to the ...",Careers360,2025-09-04T09:21:24Z,2025,1923,18,0,PT34S,unknown,https://www.youtube.com/watch?v=7Kgm9MGD_oo,17,Relevant,⚖️ Top 5 Law Colleges in India 2025 | NIRF Ranking 2025 OUT! 💥 #Law #NIRF2025,"NIRF Ranking 2025 for Law Colleges is OUT! In this video, we present the Top 5 Law Colleges in India 2025 according to the .","⚖️ Top 5 Law Colleges in India 2025 | NIRF Ranking 2025 OUT! 💥 #Law #NIRF2025 NIRF Ranking 2025 for Law Colleges is OUT! In this video, we present the Top 5 Law Colleges in India 2025 according to the ."
8XylAv1oJLo,University of Mumbai,rankings,NIRF,University of Mumbai NIRF,"Why FMS, JBIMS, ISB, TISS, Sydenham missing in top 100 Rankings! NIRF 2025 Ranking incomplete! ",NIRF Ranking https://iimking.com/nirf-2025-ranking/ Ck Top 100 Ranks https://iimking.com/Top NIRF framework doesn't reflect ...,Cetking,2025-09-07T04:30:05Z,2025,3161,13,3,PT4M58S,unknown,https://www.youtube.com/watch?v=8XylAv1oJLo,17,Relevant,"Why FMS, JBIMS, ISB, TISS, Sydenham missing in top 100 Rankings! NIRF 2025 Ranking incomplete!",NIRF Ranking Ck Top 100 Ranks NIRF framework doesn't reflect .,"Why FMS, JBIMS, ISB, TISS, Sydenham missing in top 100 Rankings! NIRF 2025 Ranking incomplete! NIRF Ranking Ck Top 100 Ranks NIRF framework doesn't reflect ."
FnMJvcv7O6I,University of Mumbai,rankings,NIRF,University of Mumbai NIRF,Top 10 Education Hub Cities According to NIRF Ranking Explained by Admission Jockey,"Top 10 Education Hub Cities According to NIRF Ranking Explained by Admission Jockey In our latest video, 'Top 10 Education ...",Admission Jockey,2023-12-11T10:29:55Z,2023,312,16,0,PT46S,unknown,https://www.youtube.com/watch?v=FnMJvcv7O6I,17,Relevant,Top 10 Education Hub Cities According to NIRF Ranking Explained by Admission Jockey,"Top 10 Education Hub Cities According to NIRF Ranking Explained by Admission Jockey In our latest video, 'Top 10 Education .","Top 10 Education Hub Cities According to NIRF Ranking Explained by Admission Jockey Top 10 Education Hub Cities According to NIRF Ranking Explained by Admission Jockey In our latest video, 'Top 10 Education ."
ZUsAxStXKrQ,Rajasthan Technical University,rankings,NIRF,Rajasthan Technical University NIRF,Top 10 Engineering Colleges in India | NIRF Ranking | #engineering #jee,Top 10 Engineering Colleges in India | NIRF Ranking #verifiedmedico.,Verified Medico,2023-06-19T07:00:25Z,2023,389,14,1,PT1M1S,unknown,https://www.youtube.com/watch?v=ZUsAxStXKrQ,17,Relevant,Top 10 Engineering Colleges in India | NIRF Ranking | #engineering #jee,Top 10 Engineering Colleges in India | NIRF Ranking #verifiedmedico.,Top 10 Engineering Colleges in India | NIRF Ranking | #engineering #jee Top 10 Engineering Colleges in India | NIRF Ranking #verifiedmedico.
-7WMi7aMbYU,Rajasthan Technical University,rankings,NIRF,Rajasthan Technical University NIRF,TOP 40 B.TECH ENGINEERING COLLEGE || NIRF RANKING जारी आपका कॉलेज कहाँ ?  || BEST B.TECH COLLEGE 🔥,TOP 40 B.TECH ENGINEERING COLLEGE || NIRF RANKING जारी आपका कॉलेज कहाँ ? || BEST B.TECH ...,Every Detail Education,2025-09-06T12:53:36Z,2025,2473,21,3,PT5M43S,unknown,https://www.youtube.com/watch?v=-7WMi7aMbYU,17,Relevant,TOP 40 B.TECH ENGINEERING COLLEGE || NIRF RANKING जारी आपका कॉलेज कहाँ ? || BEST B.TECH COLLEGE 🔥,TOP 40 B.TECH ENGINEERING COLLEGE || NIRF RANKING जारी आपका कॉलेज कहाँ ? || BEST B.TECH .,TOP 40 B.TECH ENGINEERING COLLEGE || NIRF RANKING जारी आपका कॉलेज कहाँ ? || BEST B.TECH COLLEGE 🔥 TOP 40 B.TECH ENGINEERING COLLEGE || NIRF RANKING जारी आपका कॉलेज कहाँ ? || BEST B.TECH .
hEBTJynQBc0,University of Mumbai,rankings,NIRF,University of Mumbai NIRF,महाराष्ट्रातील टॉप 10 विद्यापीठे 2024 | NIRF Ranking नुसार Best Universities in Maharashtra,NIRF 2024 नुसार महाराष्ट्रातील टॉप 10 विद्यापीठांची यादी जाणून घ्या.,Harish Adawale official ,2025-08-10T08:53:24Z,2025,9414,19,0,PT6S,unknown,https://www.youtube.com/watch?v=hEBTJynQBc0,17,Relevant,महाराष्ट्रातील टॉप 10 विद्यापीठे 2024 | NIRF Ranking नुसार Best Universities in Maharashtra,NIRF 2024 नुसार महाराष्ट्रातील टॉप 10 विद्यापीठांची यादी जाणून घ्या.,महाराष्ट्रातील टॉप 10 विद्यापीठे 2024 | NIRF Ranking नुसार Best Universities in Maharashtra NIRF 2024 नुसार महाराष्ट्रातील टॉप 10 विद्यापीठांची यादी जाणून घ्या.
hkmOrsbpmNE,Institute of Chemical Technology Mumbai,rankings,NIRF,Institute of Chemical Technology Mumbai NIRF,PMSSS 2025|| Top pharmacy college under pmsss || NIRF ranking colleges || check here | #pmsss#2025,"1. Delhi Pharmaceutical Sciences and Research University (DPSRU), Delhi NIRF 2023 Rank: 25th Description: A premier ...",Abhishek lakhotra,2025-05-21T11:54:31Z,2025,756,23,44,PT5M45S,unknown,https://www.youtube.com/watch?v=hkmOrsbpmNE,17,Relevant,PMSSS 2025|| Top pharmacy college under pmsss || NIRF ranking colleges || check here | #pmsss#2025,"1. Delhi Pharmaceutical Sciences and Research University (DPSRU), Delhi NIRF 2023 Rank: 25th Description: A premier .","PMSSS 2025|| Top pharmacy college under pmsss || NIRF ranking colleges || check here | #pmsss#2025 1. Delhi Pharmaceutical Sciences and Research University (DPSRU), Delhi NIRF 2023 Rank: 25th Description: A premier ."
3dLIyUdH2z8,SRM Institute of Science and Technology,rankings,NIRF,SRM Institute of Science and Technology NIRF,"SRM Institute of Science &amp; Technology 2025 🔥 Placements, Fees, Admission Process, Rankings &amp; Campus","Thinking about SRM Institute of Science and Technology (SRMIST) for your higher studies in 2025? In this video, Prem Sirvi from ...",Edu9 English,2025-04-18T13:45:00Z,2025,746,9,2,PT6M50S,unknown,https://www.youtube.com/watch?v=3dLIyUdH2z8,17,Relevant,"SRM Institute of Science & Technology 2025 🔥 Placements, Fees, Admission Process, Rankings & Campus","Thinking about SRM Institute of Science and Technology (SRMIST) for your higher studies in 2025? In this video, Prem Sirvi from .","SRM Institute of Science & Technology 2025 🔥 Placements, Fees, Admission Process, Rankings & Campus Thinking about SRM Institute of Science and Technology (SRMIST) for your higher studies in 2025? In this video, Prem Sirvi from ."
j7wtSRuDsnI,Delhi University,rankings,NIRF,Delhi University NIRF,Delhi University College Rankings🔥| NIRF Reality CHECK!,,CUET by Gokul Chhabra,2023-04-24T15:30:07Z,2023,14649,594,41,PT15M51S,unknown,https://www.youtube.com/watch?v=j7wtSRuDsnI,17,Relevant,Delhi University College Rankings🔥| NIRF Reality CHECK!,,Delhi University College Rankings🔥| NIRF Reality CHECK!
0fSzBO-RE7E,SRM Institute of Science and Technology,rankings,NIRF,SRM Institute of Science and Technology NIRF,NIRF Ranking 2023 Engineering college Tamil Nadu | NIRF 2023 | NIRF Engineering Ranking 2023,"Hello Viewers, Check out the brand new video on top engineering colleges in Tamil Nadu based on NIRF Ranking 2023 at ...",TamilMom,2023-06-07T15:55:26Z,2023,553,9,0,PT2M28S,unknown,https://www.youtube.com/watch?v=0fSzBO-RE7E,17,Relevant,NIRF Ranking 2023 Engineering college Tamil Nadu | NIRF 2023 | NIRF Engineering Ranking 2023,"Hello Viewers, Check out the brand new video on top engineering colleges in Tamil Nadu based on NIRF Ranking 2023 at .","NIRF Ranking 2023 Engineering college Tamil Nadu | NIRF 2023 | NIRF Engineering Ranking 2023 Hello Viewers, Check out the brand new video on top engineering colleges in Tamil Nadu based on NIRF Ranking 2023 at ."
LWbisBrBUSg,Aligarh Muslim University,rankings,NIRF,Aligarh Muslim University NIRF,Top 5 Management colleges in Uttar Pradesh with their NIRF Ranking 2023|Campusnews24x7,Top 5 Management colleges in Uttar Pradesh with their NIRF Ranking 2023.|Campusnews24x7 Top Management colleges: This ...,CampusNews 24x7,2023-06-20T15:51:35Z,2023,27,3,0,PT2M33S,unknown,https://www.youtube.com/watch?v=LWbisBrBUSg,17,Relevant,Top 5 Management colleges in Uttar Pradesh with their NIRF Ranking 2023|Campusnews24x7,Top 5 Management colleges in Uttar Pradesh with their NIRF Ranking 2023.|Campusnews24x7 Top Management colleges: This .,Top 5 Management colleges in Uttar Pradesh with their NIRF Ranking 2023|Campusnews24x7 Top 5 Management colleges in Uttar Pradesh with their NIRF Ranking 2023.|Campusnews24x7 Top Management colleges: This .
TehqS2P-ToQ,University of Rajasthan,rankings,NIRF,University of Rajasthan NIRF,NEET 2024 ll Top 25 MBBS Medical Colleges in India NIRF Ranking #shorts #viral #neet2024,"NEET 2024 ll Top 25 MBBS Medical Colleges in India NIRF Ranking #shorts #viral #neet2024 neet 2024,neet 2024 latest news ...",Study Academy,2024-07-04T04:00:16Z,2024,4343,44,0,PT8S,unknown,https://www.youtube.com/watch?v=TehqS2P-ToQ,17,Relevant,NEET 2024 ll Top 25 MBBS Medical Colleges in India NIRF Ranking #shorts #viral #neet2024,"NEET 2024 ll Top 25 MBBS Medical Colleges in India NIRF Ranking #shorts #viral #neet2024 neet 2024,neet 2024 latest news .","NEET 2024 ll Top 25 MBBS Medical Colleges in India NIRF Ranking #shorts #viral #neet2024 NEET 2024 ll Top 25 MBBS Medical Colleges in India NIRF Ranking #shorts #viral #neet2024 neet 2024,neet 2024 latest news ."
-ieJu95Z95A,University of Madras,rankings,NIRF,University of Madras NIRF,NIRF Ranking 2024: टॉप 8 इंजीनियरिंग कॉलेज#gk #viralshorts,"The NIRF Ranking 2024 has highlighted the top engineering colleges in India, with the Indian Institutes of Technology (IITs) ...",BaBa ClassTech,2024-10-14T16:42:30Z,2024,171,7,0,PT23S,unknown,https://www.youtube.com/watch?v=-ieJu95Z95A,17,Relevant,NIRF Ranking 2024: टॉप 8 इंजीनियरिंग कॉलेज#gk #viralshorts,"The NIRF Ranking 2024 has highlighted the top engineering colleges in India, with the Indian Institutes of Technology (IITs) .","NIRF Ranking 2024: टॉप 8 इंजीनियरिंग कॉलेज#gk #viralshorts The NIRF Ranking 2024 has highlighted the top engineering colleges in India, with the Indian Institutes of Technology (IITs) ."
nCEhsW-G6O0,Aligarh Muslim University,rankings,NIRF,Aligarh Muslim University NIRF,Aligarh Muslim University UP: Fee &amp; Ranking Breakdown by Quotas! 💸🏆#shorts #neet #neet2024 #cbse2024,shorts #neet #neet2024 #cbse2024.,VEDANTU NEET MADE EJEE,2023-11-17T12:30:22Z,2023,2014,58,3,PT33S,unknown,https://www.youtube.com/watch?v=nCEhsW-G6O0,17,Relevant,Aligarh Muslim University UP: Fee & Ranking Breakdown by Quotas! 💸🏆#shorts #neet #neet2024 #cbse2024,shorts #neet #neet2024 #cbse2024.,Aligarh Muslim University UP: Fee & Ranking Breakdown by Quotas! 💸🏆#shorts #neet #neet2024 #cbse2024 shorts #neet #neet2024 #cbse2024.
fnN0-u3jZS4,Jiwaji University Gwalior,rankings,NIRF,Jiwaji University Gwalior NIRF,"Jiwaji University gwalior NAAC A++ credited  ,60th Foundation Day celebration",,Ancient Epochs,2023-05-24T05:04:54Z,2023,8305,142,15,PT16S,unknown,https://www.youtube.com/watch?v=fnN0-u3jZS4,17,Relevant,"Jiwaji University gwalior NAAC A++ credited ,60th Foundation Day celebration",,"Jiwaji University gwalior NAAC A++ credited ,60th Foundation Day celebration"
uxLuVrHONmE,University of Hyderabad,rankings,NIRF,University of Hyderabad NIRF,"Top Engineering Colleges In Hyderabad | NIRF Rankings India | IIT, IIIT &amp; JNTU | #shorts | #ytshorts","Hyderabad shines as a leading education hub, excelling in National Institutional Ranking Framework (NIRF) 2023 rankings for top ...",Telangana Today,2023-06-09T14:00:42Z,2023,439,11,0,PT54S,unknown,https://www.youtube.com/watch?v=uxLuVrHONmE,17,Relevant,"Top Engineering Colleges In Hyderabad | NIRF Rankings India | IIT, IIIT & JNTU | #shorts | #ytshorts","Hyderabad shines as a leading education hub, excelling in National Institutional Ranking Framework (NIRF) 2023 rankings for top .","Top Engineering Colleges In Hyderabad | NIRF Rankings India | IIT, IIIT & JNTU | #shorts | #ytshorts Hyderabad shines as a leading education hub, excelling in National Institutional Ranking Framework (NIRF) 2023 rankings for top ."
0P8RIG4cH74,Jamia Millia Islamia,rankings,NIRF,Jamia Millia Islamia NIRF,Top 10 Architecture and Planning colleges in India | NIRF Ranking 2023 | Guide Me Career,"Here are the top 10 Architecture and Planning colleges in India as per NIRF ranking 2023. In number 1, Indian Institute of ...",Guide Me Career,2023-07-10T10:00:00Z,2023,582,29,0,PT1M31S,unknown,https://www.youtube.com/watch?v=0P8RIG4cH74,17,Relevant,Top 10 Architecture and Planning colleges in India | NIRF Ranking 2023 | Guide Me Career,"Here are the top 10 Architecture and Planning colleges in India as per NIRF ranking 2023. In number 1, Indian Institute of .","Top 10 Architecture and Planning colleges in India | NIRF Ranking 2023 | Guide Me Career Here are the top 10 Architecture and Planning colleges in India as per NIRF ranking 2023. In number 1, Indian Institute of ."
D9HqrRNYtvg,University of Madras,rankings,NIRF,University of Madras NIRF,NIRF Ranking #1 📍IITMADRAS✨️😎||For last Consecutive 9 Year&#39;s ❣️#nirfranking #nirf2024,NIRF Ranking #1 IITMADRAS✨️  ||For last Consecutive 9 Year's ❣️#nirfranking #nirf2024 #IITMadras #NIRFRanking ...,Sonu Jangra (IITM),2024-08-12T11:11:36Z,2024,5233,130,13,PT34S,unknown,https://www.youtube.com/watch?v=D9HqrRNYtvg,17,Relevant,NIRF Ranking #1 📍IITMADRAS✨️😎||For last Consecutive 9 Year's ❣️#nirfranking #nirf2024,NIRF Ranking #1 IITMADRAS✨️ ||For last Consecutive 9 Year's ❣️#nirfranking #nirf2024 #IITMadras #NIRFRanking .,NIRF Ranking #1 📍IITMADRAS✨️😎||For last Consecutive 9 Year's ❣️#nirfranking #nirf2024 NIRF Ranking #1 IITMADRAS✨️ ||For last Consecutive 9 Year's ❣️#nirfranking #nirf2024 #IITMadras #NIRFRanking .
OBTSiU1rlsk,BML Munjal University,rankings,NIRF,BML Munjal University NIRF,Finding Her Voice at BML Munjal University | Nayonika Bhagi- A Law Student’s Journey,"When students step into any University, they arrive with big dreams and sometimes doubts. A new campus, new faces, and the ...",BML Munjal University,2026-02-18T07:30:20Z,2026,718,44,0,PT2M2S,unknown,https://www.youtube.com/watch?v=OBTSiU1rlsk,17,Relevant,Finding Her Voice at BML Munjal University | Nayonika Bhagi- A Law Student’s Journey,"When students step into any University, they arrive with big dreams and sometimes doubts. A new campus, new faces, and the .","Finding Her Voice at BML Munjal University | Nayonika Bhagi- A Law Student’s Journey When students step into any University, they arrive with big dreams and sometimes doubts. A new campus, new faces, and the ."
2Evuv-kEuNw,Jadavpur University,rankings,NIRF,Jadavpur University NIRF,Top 10 Institute of india.nirf ranking. #shorts #iit guwhati #iitroorkee #iitdelhi,shorts #iitguwhati #iitroorkee #iitkanpur #iitdelhi #adda247 @goinfinitymotivationword Top 10 Institute of india.nirf ranking.,Go infinity motivation,2023-05-23T11:00:11Z,2023,690,0,2,PT42S,unknown,https://www.youtube.com/watch?v=2Evuv-kEuNw,17,Relevant,Top 10 Institute of india.nirf ranking. #shorts #iit guwhati #iitroorkee #iitdelhi,shorts #iitguwhati #iitroorkee #iitkanpur #iitdelhi #adda247 @goinfinitymotivationword Top 10 Institute of india.nirf ranking.,Top 10 Institute of india.nirf ranking. #shorts #iit guwhati #iitroorkee #iitdelhi shorts #iitguwhati #iitroorkee #iitkanpur #iitdelhi #adda247 @goinfinitymotivationword Top 10 Institute of india.nirf ranking.
fqQsC88GHvU,Jadavpur University,rankings,NIRF,Jadavpur University NIRF,JEE Advanced 2023 Live: Top 10 engineering colleges as per NIRF ranking 2023. #short,"JEE Advanced 2023 Live: Top 10 engineering colleges as per NIRF ranking 2023 NIRF ranking 2023 has been released today, ...",Arihant Career Classes Kota,2023-06-06T04:27:36Z,2023,26,3,0,PT44S,unknown,https://www.youtube.com/watch?v=fqQsC88GHvU,17,Relevant,JEE Advanced 2023 Live: Top 10 engineering colleges as per NIRF ranking 2023. #short,"JEE Advanced 2023 Live: Top 10 engineering colleges as per NIRF ranking 2023 NIRF ranking 2023 has been released today, .","JEE Advanced 2023 Live: Top 10 engineering colleges as per NIRF ranking 2023. #short JEE Advanced 2023 Live: Top 10 engineering colleges as per NIRF ranking 2023 NIRF ranking 2023 has been released today, ."
m0QAxW4OkBo,University of Madras,rankings,NIRF,University of Madras NIRF,"IIT Madras: Courses, Fees &amp; NIRF Rank | Best Specializations &amp; USP Explained! | CollegeDekho","IIT Madras: Courses, Fees & NIRF Rank | Best Specializations & USP Explained! | CollegeDekho - bit.ly/4eiDtse Subscribe to ...",CollegeDekho,2025-03-27T05:54:52Z,2025,619,8,0,PT1M6S,unknown,https://www.youtube.com/watch?v=m0QAxW4OkBo,17,Relevant,"IIT Madras: Courses, Fees & NIRF Rank | Best Specializations & USP Explained! | CollegeDekho","IIT Madras: Courses, Fees & NIRF Rank | Best Specializations & USP Explained! | CollegeDekho - bit.ly/4eiDtse Subscribe to .","IIT Madras: Courses, Fees & NIRF Rank | Best Specializations & USP Explained! | CollegeDekho IIT Madras: Courses, Fees & NIRF Rank | Best Specializations & USP Explained! | CollegeDekho - bit.ly/4eiDtse Subscribe to ."
geDrpIu_3q4,Jamia Millia Islamia,rankings,NIRF,Jamia Millia Islamia NIRF,Top 10 Universities and Colleges in India as per NIRF ranking 2023,"Top 10 universities in India as per NIRF ranking 2023. Number 1, Indian Institute of Science, Bangalore. Number 2, Jawaharlal ...",Guide Me Career,2023-06-28T12:22:21Z,2023,108,109,0,PT1M38S,unknown,https://www.youtube.com/watch?v=geDrpIu_3q4,17,Relevant,Top 10 Universities and Colleges in India as per NIRF ranking 2023,"Top 10 universities in India as per NIRF ranking 2023. Number 1, Indian Institute of Science, Bangalore. Number 2, Jawaharlal .","Top 10 Universities and Colleges in India as per NIRF ranking 2023 Top 10 universities in India as per NIRF ranking 2023. Number 1, Indian Institute of Science, Bangalore. Number 2, Jawaharlal ."
jPzIAXqses8,University of Mumbai,rankings,NIRF,University of Mumbai NIRF,Here are the top 10  Medical colleges in India as per NIRF ranking 2023,"Here are the top 10 Medical colleges in India as per NIRF ranking 2023. In number 1, All India Institute of Medical Sciences - Delhi ...",Guide Me Career,2023-06-21T11:36:05Z,2023,631,85,3,PT1M1S,unknown,https://www.youtube.com/watch?v=jPzIAXqses8,17,Relevant,Here are the top 10 Medical colleges in India as per NIRF ranking 2023,"Here are the top 10 Medical colleges in India as per NIRF ranking 2023. In number 1, All India Institute of Medical Sciences - Delhi .","Here are the top 10 Medical colleges in India as per NIRF ranking 2023 Here are the top 10 Medical colleges in India as per NIRF ranking 2023. In number 1, All India Institute of Medical Sciences - Delhi ."
asQB9BkdvhM,Jadavpur University,rankings,NIRF,Jadavpur University NIRF,IIT नहीं मिला तो क्या? ये हैं देश के Top 10 Engineering Colleges (Non-IIT) : NIRF Ranking 2026!,IIT नहीं मिला तो क्या? ये हैं देश के Top 10 Engineering Colleges (Non-IIT) : NIRF Ranking 2026 ...,Jagran Josh,2026-06-02T09:30:03Z,2026,38461,318,9,PT3M20S,unknown,https://www.youtube.com/watch?v=asQB9BkdvhM,17,Relevant,IIT नहीं मिला तो क्या? ये हैं देश के Top 10 Engineering Colleges (Non-IIT) : NIRF Ranking 2026!,IIT नहीं मिला तो क्या? ये हैं देश के Top 10 Engineering Colleges (Non-IIT) : NIRF Ranking 2026 .,IIT नहीं मिला तो क्या? ये हैं देश के Top 10 Engineering Colleges (Non-IIT) : NIRF Ranking 2026! IIT नहीं मिला तो क्या? ये हैं देश के Top 10 Engineering Colleges (Non-IIT) : NIRF Ranking 2026 .
8f1pcHV_E0k,Aligarh Muslim University,rankings,NIRF,Aligarh Muslim University NIRF,NIRF ने जारी किया देश का Top IIT College | NIRF Ranking 2023,nirfranking #education #colleges #iitcolleges #topuniversities NIRF Ranking 2023 Live: Top Universities :- 1. Indian Institute of ...,Khabron Ka Adda,2023-06-06T14:29:41Z,2023,15,3,0,PT3M1S,unknown,https://www.youtube.com/watch?v=8f1pcHV_E0k,17,Relevant,NIRF ने जारी किया देश का Top IIT College | NIRF Ranking 2023,nirfranking #education #colleges #iitcolleges #topuniversities NIRF Ranking 2023 Live: Top Universities :- 1. Indian Institute of .,NIRF ने जारी किया देश का Top IIT College | NIRF Ranking 2023 nirfranking #education #colleges #iitcolleges #topuniversities NIRF Ranking 2023 Live: Top Universities :- 1. Indian Institute of .
JFPPFwLiIys,Aligarh Muslim University,rankings,NIRF,Aligarh Muslim University NIRF,Indian Universities | NIRF Ranking 2023 | Top Universities in India,"National Institutional Ranking Framework is a ranking methodology adopted by the Ministry of Education, Government of India, ...",INFIIEDU,2023-06-27T11:30:08Z,2023,78,2,0,PT38S,unknown,https://www.youtube.com/watch?v=JFPPFwLiIys,17,Relevant,Indian Universities | NIRF Ranking 2023 | Top Universities in India,"National Institutional Ranking Framework is a ranking methodology adopted by the Ministry of Education, Government of India, .","Indian Universities | NIRF Ranking 2023 | Top Universities in India National Institutional Ranking Framework is a ranking methodology adopted by the Ministry of Education, Government of India, ."
9WdT_RDIMd0,University of Calcutta,rankings,NIRF,University of Calcutta NIRF,🎓 Top 10 MBA Colleges in India 2025 | NIRF Ranking 2025 OUT! 💥 #MBA2025 #nirfranking2025,"NIRF Ranking 2025 for MBA Colleges is OUT! In this video, we bring you the Top 10 MBA Colleges in India 2025 as per the ...",Careers360,2025-09-04T08:37:00Z,2025,2906,16,0,PT43S,unknown,https://www.youtube.com/watch?v=9WdT_RDIMd0,17,Relevant,🎓 Top 10 MBA Colleges in India 2025 | NIRF Ranking 2025 OUT! 💥 #MBA2025 #nirfranking2025,"NIRF Ranking 2025 for MBA Colleges is OUT! In this video, we bring you the Top 10 MBA Colleges in India 2025 as per the .","🎓 Top 10 MBA Colleges in India 2025 | NIRF Ranking 2025 OUT! 💥 #MBA2025 #nirfranking2025 NIRF Ranking 2025 for MBA Colleges is OUT! In this video, we bring you the Top 10 MBA Colleges in India 2025 as per the ."
u6GPu_JnW5w,Jamia Millia Islamia,rankings,NIRF,Jamia Millia Islamia NIRF,Jamia Millia Islamia University ranking 2023#jmi #jamia,,MISSION JAMIAN,2023-06-26T12:28:00Z,2023,99,0,1,PT1M57S,unknown,https://www.youtube.com/watch?v=u6GPu_JnW5w,17,Relevant,Jamia Millia Islamia University ranking 2023#jmi #jamia,,Jamia Millia Islamia University ranking 2023#jmi #jamia
Ry9L5i3AyF0,University of Rajasthan,rankings,NIRF,University of Rajasthan NIRF,"GLA University, Mathura NAAC &amp; NIRF के बारे में जानिए कहाँ Stand करती है University",Subscribe this channel and press the bell icon*** Follow us on Instagram & Facebook Whatsapp no. 9911999560 ...,UNIVERSITY INDIA,2023-05-22T03:08:34Z,2023,1070,24,10,PT4M,unknown,https://www.youtube.com/watch?v=Ry9L5i3AyF0,17,Relevant,"GLA University, Mathura NAAC & NIRF के बारे में जानिए कहाँ Stand करती है University",Subscribe this channel and press the bell icon*** Follow us on Instagram & Facebook Whatsapp no. 9911999560 .,"GLA University, Mathura NAAC & NIRF के बारे में जानिए कहाँ Stand करती है University Subscribe this channel and press the bell icon*** Follow us on Instagram & Facebook Whatsapp no. 9911999560 ."
XOqCAI7pi_A,Jamia Millia Islamia,rankings,NIRF,Jamia Millia Islamia NIRF,Jamia Millia Islamia University #jamia #trending #university #nirf #delhi #centraluniversities,,Roshan Jha,2023-06-24T19:38:36Z,2023,36,3,0,PT36S,unknown,https://www.youtube.com/watch?v=XOqCAI7pi_A,17,Relevant,Jamia Millia Islamia University #jamia #trending #university #nirf #delhi #centraluniversities,,Jamia Millia Islamia University #jamia #trending #university #nirf #delhi #centraluniversities
oGVEQbkFu8Y,Indian Institute of Management,rankings,NIRF,Indian Institute of Management NIRF,💥Top IIMs Based Upon NIRF Ranking 2024🤑Best MBA Colleges! #shorts #mba #iims #iimcat #mbacourse,Top IIMs Based Upon NIRF Ranking 2024   Best MBA Colleges! #shorts #mba #iims #education #nirfranking #topcolleges ...,CollegeSearch,2024-10-25T05:30:17Z,2024,1294,47,1,PT1M,unknown,https://www.youtube.com/watch?v=oGVEQbkFu8Y,17,Relevant,💥Top IIMs Based Upon NIRF Ranking 2024🤑Best MBA Colleges! #shorts #mba #iims #iimcat #mbacourse,Top IIMs Based Upon NIRF Ranking 2024 Best MBA Colleges! #shorts #mba #iims #education #nirfranking #topcolleges .,💥Top IIMs Based Upon NIRF Ranking 2024🤑Best MBA Colleges! #shorts #mba #iims #iimcat #mbacourse Top IIMs Based Upon NIRF Ranking 2024 Best MBA Colleges! #shorts #mba #iims #education #nirfranking #topcolleges .
kmRHM5URy_c,Jamia Millia Islamia,rankings,NIRF,Jamia Millia Islamia NIRF,Top 10 Architecture and Planning colleges in India as per NIRF ranking 2023,"Here are the top 10 Architecture and Planning colleges in India as per NIRF ranking 2023. In number 1, Indian Institute of ...",Guide Me Career,2023-06-20T11:38:32Z,2023,393,60,0,PT1M1S,unknown,https://www.youtube.com/watch?v=kmRHM5URy_c,17,Relevant,Top 10 Architecture and Planning colleges in India as per NIRF ranking 2023,"Here are the top 10 Architecture and Planning colleges in India as per NIRF ranking 2023. In number 1, Indian Institute of .","Top 10 Architecture and Planning colleges in India as per NIRF ranking 2023 Here are the top 10 Architecture and Planning colleges in India as per NIRF ranking 2023. In number 1, Indian Institute of ."
WMOldzCuD5E,Jamia Millia Islamia,rankings,NIRF,Jamia Millia Islamia NIRF,Top 10 Dental Colleges in India | NIRF Ranking 2023 | Guide Me Career,"Here are the top 10 Dental Medical colleges in India as per NIRF ranking 2023. In number 1, Saveetha Institute of Medical and ...",Guide Me Career,2023-07-05T10:51:24Z,2023,553,35,0,PT1M30S,unknown,https://www.youtube.com/watch?v=WMOldzCuD5E,17,Relevant,Top 10 Dental Colleges in India | NIRF Ranking 2023 | Guide Me Career,"Here are the top 10 Dental Medical colleges in India as per NIRF ranking 2023. In number 1, Saveetha Institute of Medical and .","Top 10 Dental Colleges in India | NIRF Ranking 2023 | Guide Me Career Here are the top 10 Dental Medical colleges in India as per NIRF ranking 2023. In number 1, Saveetha Institute of Medical and ."
jXFu-Du24HE,Banaras Hindu University,rankings,NIRF,Banaras Hindu University NIRF,ऐसा है NIRF में Top आने वाली BHU | Banaras Hindu University #Shorts,इस वीडियो में बीएचयू की छात्रा बीएचयू के प्रोफेशनल कोर्स (Batchelor of ...,The Student Life,2023-07-11T20:01:58Z,2023,12201,508,13,PT34S,unknown,https://www.youtube.com/watch?v=jXFu-Du24HE,17,Relevant,ऐसा है NIRF में Top आने वाली BHU | Banaras Hindu University #Shorts,इस वीडियो में बीएचयू की छात्रा बीएचयू के प्रोफेशनल कोर्स (Batchelor of .,ऐसा है NIRF में Top आने वाली BHU | Banaras Hindu University #Shorts इस वीडियो में बीएचयू की छात्रा बीएचयू के प्रोफेशनल कोर्स (Batchelor of .
MDw_XQEVQVA,Aligarh Muslim University,rankings,NIRF,Aligarh Muslim University NIRF,Top 20 NIRF Ranking Medical Colleges in India 2025 | Best MBBS Colleges for NEET Aspirants,Top 20 NIRF Ranking Medical Colleges in India 2025 | Best MBBS Colleges for NEET Aspirants #nirfranking ...,MediPedia Overseas,2025-05-18T12:30:22Z,2025,3072,21,0,PT17S,unknown,https://www.youtube.com/watch?v=MDw_XQEVQVA,17,Relevant,Top 20 NIRF Ranking Medical Colleges in India 2025 | Best MBBS Colleges for NEET Aspirants,Top 20 NIRF Ranking Medical Colleges in India 2025 | Best MBBS Colleges for NEET Aspirants #nirfranking .,Top 20 NIRF Ranking Medical Colleges in India 2025 | Best MBBS Colleges for NEET Aspirants Top 20 NIRF Ranking Medical Colleges in India 2025 | Best MBBS Colleges for NEET Aspirants #nirfranking .
FOXRWaTifOE,Banaras Hindu University,rankings,NIRF,Banaras Hindu University NIRF,IMS BHU Secures Impressive Spot in NIRF Ranking🔥 #imsbhu #neetcounselling #neet #rankplus #shorts,IMS BHU has secured an impressive spot in the NIRF ranking! Watch this video to learn more about their success and ...,NEET Rankplus,2024-09-12T07:45:14Z,2024,1308,42,1,PT31S,unknown,https://www.youtube.com/watch?v=FOXRWaTifOE,17,Relevant,IMS BHU Secures Impressive Spot in NIRF Ranking🔥 #imsbhu #neetcounselling #neet #rankplus #shorts,IMS BHU has secured an impressive spot in the NIRF ranking! Watch this video to learn more about their success and .,IMS BHU Secures Impressive Spot in NIRF Ranking🔥 #imsbhu #neetcounselling #neet #rankplus #shorts IMS BHU has secured an impressive spot in the NIRF ranking! Watch this video to learn more about their success and .
JvEMD6_SP58,Jadavpur University,rankings,NIRF,Jadavpur University NIRF,Jadavpur University || Arts Faculty students&#39; Union || Student Performance || Kolkata || India,"Jadavpur University is a public state autonomous research university located in Jadavpur, Kolkata, West Bengal, India.",Mr DoP,2023-02-04T07:27:22Z,2023,141,4,0,PT3M8S,unknown,https://www.youtube.com/watch?v=JvEMD6_SP58,16,Relevant,Jadavpur University || Arts Faculty students' Union || Student Performance || Kolkata || India,"Jadavpur University is a public state autonomous research university located in Jadavpur, Kolkata, West Bengal, India.","Jadavpur University || Arts Faculty students' Union || Student Performance || Kolkata || India Jadavpur University is a public state autonomous research university located in Jadavpur, Kolkata, West Bengal, India."
rUJP5U6lwYw,Tripura University,rankings,NIRF,Tripura University NIRF,"Tripura University Admission Notification 2023 ।। BA,B.Sc,B.Com admission । Integrated Master Degree","Tripura University Admission Notification 2023 ।। BA,B.Sc,B.Com admission । Integrated Master Degree.",Study Job Tripura,2023-07-26T01:07:14Z,2023,668,14,5,PT4M55S,unknown,https://www.youtube.com/watch?v=rUJP5U6lwYw,16,Relevant,"Tripura University Admission Notification 2023 ।। BA,B.Sc,B.Com admission । Integrated Master Degree","Tripura University Admission Notification 2023 ।। BA,B.Sc,B.Com admission । Integrated Master Degree.","Tripura University Admission Notification 2023 ।। BA,B.Sc,B.Com admission । Integrated Master Degree Tripura University Admission Notification 2023 ।। BA,B.Sc,B.Com admission । Integrated Master Degree."
RrwgT7c6wVE,Patna University,rankings,NIRF,Patna University NIRF,"Patna University Exposed | Classroom, Toilet, Library, Canteen, Sports सब बर्बाद? | Bihar News Pinch","Patna University, once called the “Oxford of the East,” is today struggling with broken infrastructure, poor facilities, lack of quality ...",News Pinch,2025-09-27T14:17:10Z,2025,165432,9383,1773,PT1H20M35S,unknown,https://www.youtube.com/watch?v=RrwgT7c6wVE,16,Relevant,"Patna University Exposed | Classroom, Toilet, Library, Canteen, Sports सब बर्बाद? | Bihar News Pinch","Patna University, once called the “Oxford of the East,” is today struggling with broken infrastructure, poor facilities, lack of quality .","Patna University Exposed | Classroom, Toilet, Library, Canteen, Sports सब बर्बाद? | Bihar News Pinch Patna University, once called the “Oxford of the East,” is today struggling with broken infrastructure, poor facilities, lack of quality ."
jJaxp3Y3Hhg,Osmania University,rankings,NIRF,Osmania University NIRF,Osmania University Set To Be A Closed Campus | #OsmaniaUniversity | #Hyderabad | #Telangana,The 105-year-old Osmania University is moving towards becoming a closed campus. The university is implementing measures to ...,Telangana Today,2023-08-25T10:30:11Z,2023,3038,78,0,PT56S,unknown,https://www.youtube.com/watch?v=jJaxp3Y3Hhg,16,Relevant,Osmania University Set To Be A Closed Campus | #OsmaniaUniversity | #Hyderabad | #Telangana,The 105-year-old Osmania University is moving towards becoming a closed campus. The university is implementing measures to .,Osmania University Set To Be A Closed Campus | #OsmaniaUniversity | #Hyderabad | #Telangana The 105-year-old Osmania University is moving towards becoming a closed campus. The university is implementing measures to .
z-RXHNFyi04,Patna University,rankings,NIRF,Patna University NIRF,"IAS, नेता के बच्चे इस Classroom में पढ़ते? Patna University को देख जवाब दे पाएगी Nitish Kumar सरकार?","News Pinch Ground Report: Patna University, once called the IAS-IPS Factory, is today struggling with broken infrastructure, poor ...",News Pinch,2025-09-29T05:30:35Z,2025,16434,669,88,PT17M25S,unknown,https://www.youtube.com/watch?v=z-RXHNFyi04,16,Relevant,"IAS, नेता के बच्चे इस Classroom में पढ़ते? Patna University को देख जवाब दे पाएगी Nitish Kumar सरकार?","News Pinch Ground Report: Patna University, once called the IAS-IPS Factory, is today struggling with broken infrastructure, poor .","IAS, नेता के बच्चे इस Classroom में पढ़ते? Patna University को देख जवाब दे पाएगी Nitish Kumar सरकार? News Pinch Ground Report: Patna University, once called the IAS-IPS Factory, is today struggling with broken infrastructure, poor ."
KUyIV2jFUrM,Patna University,rankings,NIRF,Patna University NIRF,पटना यूनिवर्सिटी कैंपस में गोलीबारी का मामला | Patna University | Patna News | Bihar News,पटना यूनिवर्सिटी कैंपस में गोलीबारी का मामला | Patna University | Patna News | Bihar ...,News State Bihar Jharkhand,2023-07-17T13:26:07Z,2023,472,6,1,PT2M30S,unknown,https://www.youtube.com/watch?v=KUyIV2jFUrM,16,Relevant,पटना यूनिवर्सिटी कैंपस में गोलीबारी का मामला | Patna University | Patna News | Bihar News,पटना यूनिवर्सिटी कैंपस में गोलीबारी का मामला | Patna University | Patna News | Bihar .,पटना यूनिवर्सिटी कैंपस में गोलीबारी का मामला | Patna University | Patna News | Bihar News पटना यूनिवर्सिटी कैंपस में गोलीबारी का मामला | Patna University | Patna News | Bihar .
KXzUtDl0vEM,Sikkim University,rankings,NIRF,Sikkim University NIRF,About sikkim university hostel facilities ,About Sikkim University Established: 2007 � Wikipedia Type: Central (Government) University � Wikipedia Location: Gangtok ...,Khambreemoo Vlog,2026-04-12T04:36:01Z,2026,1073,24,56,PT2M48S,unknown,https://www.youtube.com/watch?v=KXzUtDl0vEM,16,Relevant,About sikkim university hostel facilities,About Sikkim University Established: 2007 � Wikipedia Type: Central (Government) University � Wikipedia Location: Gangtok .,About sikkim university hostel facilities About Sikkim University Established: 2007 � Wikipedia Type: Central (Government) University � Wikipedia Location: Gangtok .
NjV-TC9OyY8,Mysore University,rankings,NIRF,Mysore University NIRF,ಮೈಸೂರು ವಿವಿ ಘಟಿಕೋತ್ಸವ: ಭೂಮಿಕಾಗೆ 18 ಚಿನ್ನದ ಪದಕ | Mysore University Convocation | Suvarna News,ಮೈಸೂರು ವಿವಿ ಘಟಿಕೋತ್ಸವ: ವಿದ್ಯಾರ್ಥಿನಿಯರೇ ಟಾಪರ್ಸ್‌ | Mysore University Convocation ...,Asianet Suvarna News,2025-01-18T15:17:53Z,2025,3052,52,3,PT2M55S,unknown,https://www.youtube.com/watch?v=NjV-TC9OyY8,16,Relevant,ಮೈಸೂರು ವಿವಿ ಘಟಿಕೋತ್ಸವ: ಭೂಮಿಕಾಗೆ 18 ಚಿನ್ನದ ಪದಕ | Mysore University Convocation | Suvarna News,ಮೈಸೂರು ವಿವಿ ಘಟಿಕೋತ್ಸವ: ವಿದ್ಯಾರ್ಥಿನಿಯರೇ ಟಾಪರ್ಸ್‌ | Mysore University Convocation .,ಮೈಸೂರು ವಿವಿ ಘಟಿಕೋತ್ಸವ: ಭೂಮಿಕಾಗೆ 18 ಚಿನ್ನದ ಪದಕ | Mysore University Convocation | Suvarna News ಮೈಸೂರು ವಿವಿ ಘಟಿಕೋತ್ಸವ: ವಿದ್ಯಾರ್ಥಿನಿಯರೇ ಟಾಪರ್ಸ್‌ | Mysore University Convocation .
9Thd9pgqJF4,Mysore University,rankings,NIRF,Mysore University NIRF,Mysore University Online Degree Program |Online Exam Details  | Online Education | Udupi bro,Mysore University Online Degree Program |Online Exam Details | Online Education | Udupi bro #udupi #uom #mysoreuniversity ...,Udupi Bro,2024-08-02T05:34:48Z,2024,4623,51,125,PT3M58S,unknown,https://www.youtube.com/watch?v=9Thd9pgqJF4,16,Relevant,Mysore University Online Degree Program |Online Exam Details | Online Education | Udupi bro,Mysore University Online Degree Program |Online Exam Details | Online Education | Udupi bro #udupi #uom #mysoreuniversity .,Mysore University Online Degree Program |Online Exam Details | Online Education | Udupi bro Mysore University Online Degree Program |Online Exam Details | Online Education | Udupi bro #udupi #uom #mysoreuniversity .
DlgX9GJO4bo,Jadavpur University,rankings,NIRF,Jadavpur University NIRF,Jadavpur University मामले पर बोले सौरव गांगुली | #shorts #shortsvideo #viralvideo #aajtakdigital,Jadavpur University मामले पर बोले सौरव गांगुली | #shorts #shortsvideo #viralvideo #aajtakdigital आजतक ...,Aaj Tak,2023-08-18T15:08:56Z,2023,13117,236,0,PT39S,unknown,https://www.youtube.com/watch?v=DlgX9GJO4bo,16,Relevant,Jadavpur University मामले पर बोले सौरव गांगुली | #shorts #shortsvideo #viralvideo #aajtakdigital,Jadavpur University मामले पर बोले सौरव गांगुली | #shorts #shortsvideo #viralvideo #aajtakdigital आजतक .,Jadavpur University मामले पर बोले सौरव गांगुली | #shorts #shortsvideo #viralvideo #aajtakdigital Jadavpur University मामले पर बोले सौरव गांगुली | #shorts #shortsvideo #viralvideo #aajtakdigital आजतक .
kluEnywiat8,Mysore University,rankings,NIRF,Mysore University NIRF,Top 10 MBA colleges in India | NIRF Ranking 2023,mba #cat #nirf #nirfranking #nirfranking2023 #iim #iit #cet #mahcet #mms #pune #thane #online #results Top 10 MBA colleges in ...,ASK MBA,2023-06-06T11:09:49Z,2023,318,6,5,PT3M20S,unknown,https://www.youtube.com/watch?v=kluEnywiat8,16,Relevant,Top 10 MBA colleges in India | NIRF Ranking 2023,mba #cat #nirf #nirfranking #nirfranking2023 #iim #iit #cet #mahcet #mms #pune #thane #online #results Top 10 MBA colleges in .,Top 10 MBA colleges in India | NIRF Ranking 2023 mba #cat #nirf #nirfranking #nirfranking2023 #iim #iit #cet #mahcet #mms #pune #thane #online #results Top 10 MBA colleges in .
panHhvRhnXQ,Jadavpur University,rankings,NIRF,Jadavpur University NIRF,ISRO: Jadavpur University researchers speak on space mission | Sangbad Pratidin,ISRO: Jadavpur University researchers speak on space mission. #jadavpuruniversity #jadavpuruniversitynews #isro ...,Sangbad Pratidin,2023-08-27T03:53:24Z,2023,3762,104,10,PT14M28S,unknown,https://www.youtube.com/watch?v=panHhvRhnXQ,16,Relevant,ISRO: Jadavpur University researchers speak on space mission | Sangbad Pratidin,ISRO: Jadavpur University researchers speak on space mission. #jadavpuruniversity #jadavpuruniversitynews #isro .,ISRO: Jadavpur University researchers speak on space mission | Sangbad Pratidin ISRO: Jadavpur University researchers speak on space mission. #jadavpuruniversity #jadavpuruniversitynews #isro .
XeVAGgcLa80,Jadavpur University,rankings,NIRF,Jadavpur University NIRF,Weather difference at Jadavpur University Ground #jadavpuruniversity #footballground#kolkata #short,Weather difference at Jadavpur University Ground #jadavpuruniversity #footballground#kolkata #short.,Handelsbankken,2023-07-17T18:25:00Z,2023,234,0,0,PT16S,unknown,https://www.youtube.com/watch?v=XeVAGgcLa80,16,Relevant,Weather difference at Jadavpur University Ground #jadavpuruniversity #footballground#kolkata #short,Weather difference at Jadavpur University Ground #jadavpuruniversity #footballground#kolkata #short.,Weather difference at Jadavpur University Ground #jadavpuruniversity #footballground#kolkata #short Weather difference at Jadavpur University Ground #jadavpuruniversity #footballground#kolkata #short.
Da-Dxw3YHXs,Sikkim University,rankings,NIRF,Sikkim University NIRF,Sikkim university campus vlog #sikkim #university #trending ,Sikkim university campus vlog #sikkim #university #trendingM.A life #study #master #sikkimuniversity Sikkim University (SU) is ...,Khambreemoo Vlog,2026-03-31T13:00:16Z,2026,830,20,41,PT11M35S,unknown,https://www.youtube.com/watch?v=Da-Dxw3YHXs,16,Relevant,Sikkim university campus vlog #sikkim #university #trending,Sikkim university campus vlog #sikkim #university #trendingM.A life #study #master #sikkimuniversity Sikkim University (SU) is .,Sikkim university campus vlog #sikkim #university #trending Sikkim university campus vlog #sikkim #university #trendingM.A life #study #master #sikkimuniversity Sikkim University (SU) is .
tQ6IqDsmN68,Lucknow University,rankings,NIRF,Lucknow University NIRF,"Lucknow University Detailed Review (BTech, MBA, MCA, Law) | Real Placements?","Looking for an honest Lucknow University Review? In this video, we deep dive into the reality of Lucknow University (LU), ...",Jee Breaker,2026-07-05T13:00:50Z,2026,15,1,3,PT12M7S,unknown,https://www.youtube.com/watch?v=tQ6IqDsmN68,16,Relevant,"Lucknow University Detailed Review (BTech, MBA, MCA, Law) | Real Placements?","Looking for an honest Lucknow University Review? In this video, we deep dive into the reality of Lucknow University (LU), .","Lucknow University Detailed Review (BTech, MBA, MCA, Law) | Real Placements? Looking for an honest Lucknow University Review? In this video, we deep dive into the reality of Lucknow University (LU), ."
UvfSAlsDHU4,Mysore University,rankings,NIRF,Mysore University NIRF,16 Gold Medal Winner.. ಹೇಗಿತ್ತು ಎಕ್ಸಾಂ ತಯಾರಿ ? | Mysore University | @newsfirstkannada,16 Gold Medal Winner.. ಹೇಗಿತ್ತು ಎಕ್ಸಾಂ ತಯಾರಿ ? | Mysore University | @newsfirstkannada ...,NewsFirst Kannada,2025-01-18T09:11:40Z,2025,10607,123,4,PT3M41S,unknown,https://www.youtube.com/watch?v=UvfSAlsDHU4,16,Relevant,16 Gold Medal Winner. ಹೇಗಿತ್ತು ಎಕ್ಸಾಂ ತಯಾರಿ ? | Mysore University | @newsfirstkannada,16 Gold Medal Winner. ಹೇಗಿತ್ತು ಎಕ್ಸಾಂ ತಯಾರಿ ? | Mysore University | @newsfirstkannada .,16 Gold Medal Winner. ಹೇಗಿತ್ತು ಎಕ್ಸಾಂ ತಯಾರಿ ? | Mysore University | @newsfirstkannada 16 Gold Medal Winner. ಹೇಗಿತ್ತು ಎಕ್ಸಾಂ ತಯಾರಿ ? | Mysore University | @newsfirstkannada .
NWCvuRflSog,Andhra University,rankings,NIRF,Andhra University NIRF,India&#39;s 1st Residential University in AP! | 100 Years of Excellence  Andhra University Vizag #shorts,"Andhra University Vizag , One of India's Oldest Universities is in AP! Did you know Andhra University is one of India's oldest and ...",Student Hub Telugu,2026-06-29T22:30:03Z,2026,1211,9,0,PT16S,unknown,https://www.youtube.com/watch?v=NWCvuRflSog,16,Relevant,India's 1st Residential University in AP! | 100 Years of Excellence Andhra University Vizag #shorts,"Andhra University Vizag , One of India's Oldest Universities is in AP! Did you know Andhra University is one of India's oldest and .","India's 1st Residential University in AP! | 100 Years of Excellence Andhra University Vizag #shorts Andhra University Vizag , One of India's Oldest Universities is in AP! Did you know Andhra University is one of India's oldest and ."
xIshtkIeyOY,Savitribai Phule Pune University,rankings,NIRF,Savitribai Phule Pune University NIRF,#nirfranking NIRF Ranking 2023 ! India Ranking 2023 ! #nirfranking2023,nirfranking #NIRF #Ranking_2023 !India_Ranking_2023 ! #nirfranking2023 #NirfRanking #MsdsuAzamgarh #UttarPradesh ...,VJ Gurukul,2023-06-05T14:16:12Z,2023,299,14,0,PT12M4S,unknown,https://www.youtube.com/watch?v=xIshtkIeyOY,16,Relevant,#nirfranking NIRF Ranking 2023 ! India Ranking 2023 ! #nirfranking2023,nirfranking #NIRF #Ranking_2023 !India_Ranking_2023 ! #nirfranking2023 #NirfRanking #MsdsuAzamgarh #UttarPradesh .,#nirfranking NIRF Ranking 2023 ! India Ranking 2023 ! #nirfranking2023 nirfranking #NIRF #Ranking_2023 !India_Ranking_2023 ! #nirfranking2023 #NirfRanking #MsdsuAzamgarh #UttarPradesh .
SaXw1PRBzew,Jadavpur University,rankings,NIRF,Jadavpur University NIRF,Jadavpur University News Today | Jadavpur University Death Case: Bengal Govt Forms Fact Finding Team,Breaking News: Bengal govt forms fact finding team to identify lapses by university authority in Jadavpur university death case ...,CNN-News18,2023-08-18T02:50:45Z,2023,312,1,0,PT6M46S,unknown,https://www.youtube.com/watch?v=SaXw1PRBzew,16,Relevant,Jadavpur University News Today | Jadavpur University Death Case: Bengal Govt Forms Fact Finding Team,Breaking News: Bengal govt forms fact finding team to identify lapses by university authority in Jadavpur university death case .,Jadavpur University News Today | Jadavpur University Death Case: Bengal Govt Forms Fact Finding Team Breaking News: Bengal govt forms fact finding team to identify lapses by university authority in Jadavpur university death case .
ntLxm8zhiz4,Savitribai Phule Pune University,rankings,NIRF,Savitribai Phule Pune University NIRF,Savitribai Phule Pune University || Pune University #shorts #university,Savitribai Phule Pune University || Pune University About this video........ Going to savitribai phule pune university..... exploring ...,The Sumit Vision,2024-05-20T06:56:28Z,2024,39655,792,18,PT46S,unknown,https://www.youtube.com/watch?v=ntLxm8zhiz4,16,Relevant,Savitribai Phule Pune University || Pune University #shorts #university,Savitribai Phule Pune University || Pune University About this video. Going to savitribai phule pune university. exploring .,Savitribai Phule Pune University || Pune University #shorts #university Savitribai Phule Pune University || Pune University About this video. Going to savitribai phule pune university. exploring .
nUB6cbsDy-8,Tezpur University,rankings,NIRF,Tezpur University NIRF,Admission in BEd programme. Tezpur University opens application window for BEd admission 2026.,"Tezpur University is accepting applications for its 2-year B.Ed programme for the 2026–27 session, and if you've been thinking ...",Bohi Kitap,2026-03-28T11:33:40Z,2026,72,4,0,PT29S,unknown,https://www.youtube.com/watch?v=nUB6cbsDy-8,16,Relevant,Admission in BEd programme. Tezpur University opens application window for BEd admission 2026.,"Tezpur University is accepting applications for its 2-year B.Ed programme for the 2026–27 session, and if you've been thinking .","Admission in BEd programme. Tezpur University opens application window for BEd admission 2026. Tezpur University is accepting applications for its 2-year B.Ed programme for the 2026–27 session, and if you've been thinking ."
TGxFGklnroA,Savitribai Phule Pune University,rankings,NIRF,Savitribai Phule Pune University NIRF,Savitribai Phule Pune University (SPPU) - A  Profile,"Welcome to Savitribai Phule Pune University (SPPU) Discover the rich legacy, vibrant campus life, and world-class academic ...",SPPU EDUTECH FOUNDATION,2025-01-07T03:21:53Z,2025,7008,54,0,PT4M6S,unknown,https://www.youtube.com/watch?v=TGxFGklnroA,16,Relevant,Savitribai Phule Pune University (SPPU) - A Profile,"Welcome to Savitribai Phule Pune University (SPPU) Discover the rich legacy, vibrant campus life, and world-class academic .","Savitribai Phule Pune University (SPPU) - A Profile Welcome to Savitribai Phule Pune University (SPPU) Discover the rich legacy, vibrant campus life, and world-class academic ."
dQCmfJL0vI8,Jiwaji University Gwalior,rankings,NIRF,Jiwaji University Gwalior NIRF,jiwaji university gwalior #vlogs #viral #ytshorts #gwalior #jiwajiuniversity,jiwaji university gwalior #vlogs #viral #ytshorts #gwalior #jiwajiuniversity.,Ro No Ji Vlogs,2023-05-16T05:02:49Z,2023,62231,688,18,PT15S,unknown,https://www.youtube.com/watch?v=dQCmfJL0vI8,16,Relevant,jiwaji university gwalior #vlogs #viral #ytshorts #gwalior #jiwajiuniversity,jiwaji university gwalior #vlogs #viral #ytshorts #gwalior #jiwajiuniversity.,jiwaji university gwalior #vlogs #viral #ytshorts #gwalior #jiwajiuniversity jiwaji university gwalior #vlogs #viral #ytshorts #gwalior #jiwajiuniversity.
BOyPIv6VqNw,Lucknow University,rankings,NIRF,Lucknow University NIRF,Integral University Lucknow ||Best Pharmacy College In UP Admission 2023 || Nirf Rank 49th,pharmacycollege #pharma #pharmacycollege #integralUniversity #pharmacycllege Integral University Lucknow ||Admission 2023 ...,Pharma View,2023-03-26T04:32:32Z,2023,560,13,11,PT6M50S,unknown,https://www.youtube.com/watch?v=BOyPIv6VqNw,16,Relevant,Integral University Lucknow ||Best Pharmacy College In UP Admission 2023 || Nirf Rank 49th,pharmacycollege #pharma #pharmacycollege #integralUniversity #pharmacycllege Integral University Lucknow ||Admission 2023 .,Integral University Lucknow ||Best Pharmacy College In UP Admission 2023 || Nirf Rank 49th pharmacycollege #pharma #pharmacycollege #integralUniversity #pharmacycllege Integral University Lucknow ||Admission 2023 .
CLz_gvQ-jGs,Gujarat University,rankings,NIRF,Gujarat University NIRF,Gujarat University Review in 1 minute #shorts,"WhatsApp ""Guide"" to 8585951111 and jumpstart your career today! Gujarat University Review in 1 minute #shorts Gujarat ...",shiksha.com,2023-03-11T12:30:08Z,2023,31558,871,17,PT1M,unknown,https://www.youtube.com/watch?v=CLz_gvQ-jGs,16,Relevant,Gujarat University Review in 1 minute #shorts,"WhatsApp ""Guide"" to 8585951111 and jumpstart your career today! Gujarat University Review in 1 minute #shorts Gujarat .","Gujarat University Review in 1 minute #shorts WhatsApp ""Guide"" to 8585951111 and jumpstart your career today! Gujarat University Review in 1 minute #shorts Gujarat ."
kfkdKZ1r0DU,Patna University,rankings,NIRF,Patna University NIRF,"Patna University में आए फंड्स का हिसाब नहीं देना चाहिए जिम्मेदारों को, VC को?","Patna University, once called the “Oxford of the East,” is today struggling with broken infrastructure, poor facilities, lack of quality ...",News Pinch,2025-09-28T09:30:23Z,2025,401689,21453,505,PT46S,unknown,https://www.youtube.com/watch?v=kfkdKZ1r0DU,16,Relevant,"Patna University में आए फंड्स का हिसाब नहीं देना चाहिए जिम्मेदारों को, VC को?","Patna University, once called the “Oxford of the East,” is today struggling with broken infrastructure, poor facilities, lack of quality .","Patna University में आए फंड्स का हिसाब नहीं देना चाहिए जिम्मेदारों को, VC को? Patna University, once called the “Oxford of the East,” is today struggling with broken infrastructure, poor facilities, lack of quality ."
vsWAbevjZX8,Jadavpur University,rankings,NIRF,Jadavpur University NIRF,JADAVPUR UNIVERSITY TOUR 😍😍 #youtube #shorts #trending #viral #youtubeshorts #india #reels #kolkata,JADAVPUR UNIVERSITY TOUR #youtube #shorts #trending #viral #youtubeshorts #india #reels #kolkata @KOLKATACANVAS ...,Hashtag Videos,2023-01-05T16:19:00Z,2023,383,15,0,PT8S,unknown,https://www.youtube.com/watch?v=vsWAbevjZX8,16,Relevant,JADAVPUR UNIVERSITY TOUR 😍😍 #youtube #shorts #trending #viral #youtubeshorts #india #reels #kolkata,JADAVPUR UNIVERSITY TOUR #youtube #shorts #trending #viral #youtubeshorts #india #reels #kolkata @KOLKATACANVAS .,JADAVPUR UNIVERSITY TOUR 😍😍 #youtube #shorts #trending #viral #youtubeshorts #india #reels #kolkata JADAVPUR UNIVERSITY TOUR #youtube #shorts #trending #viral #youtubeshorts #india #reels #kolkata @KOLKATACANVAS .
rntEjSikq0U,Mizoram University,rankings,NIRF,Mizoram University NIRF,Mizoram University Review ❤️‍🔥| Most Beautiful University Campus 😍 | Should You Take Admission..?,"Mizoram University is one of the top Central University in Aizawl, Mizoram. Here are the details about Mizoram University ...",The Rankers Vision,2023-07-20T05:30:15Z,2023,38103,989,72,PT1M,unknown,https://www.youtube.com/watch?v=rntEjSikq0U,16,Relevant,Mizoram University Review ❤️‍🔥| Most Beautiful University Campus 😍 | Should You Take Admission.?,"Mizoram University is one of the top Central University in Aizawl, Mizoram. Here are the details about Mizoram University .","Mizoram University Review ❤️‍🔥| Most Beautiful University Campus 😍 | Should You Take Admission.? Mizoram University is one of the top Central University in Aizawl, Mizoram. Here are the details about Mizoram University ."
trwRg6yWGeI,Andhra University,rankings,NIRF,Andhra University NIRF,Top Indian Medical Colleges in 2023 | NIRF 2023 Ranking✅,"Welcome to our YouTube channel, where we bring you the latest updates on the top medical colleges in India based on the NIRF ...",MediPedia Overseas,2023-06-15T13:32:12Z,2023,747,13,7,PT4M3S,unknown,https://www.youtube.com/watch?v=trwRg6yWGeI,16,Relevant,Top Indian Medical Colleges in 2023 | NIRF 2023 Ranking✅,"Welcome to our YouTube channel, where we bring you the latest updates on the top medical colleges in India based on the NIRF .","Top Indian Medical Colleges in 2023 | NIRF 2023 Ranking✅ Welcome to our YouTube channel, where we bring you the latest updates on the top medical colleges in India based on the NIRF ."
BsnfgVvi75A,Jadavpur University,rankings,NIRF,Jadavpur University NIRF,M Pharm From Jadavpur University - Only 1 Lakh?! Full Honest Review|| Full Detail In Hindi || ,"Jadavpur University M.Pharm Admission – Full Details (2026 Guide) About Jadavpur University Jadavpur University (JU), ...",Pharma Track,2026-04-15T12:30:26Z,2026,453,14,11,PT6M57S,unknown,https://www.youtube.com/watch?v=BsnfgVvi75A,16,Relevant,M Pharm From Jadavpur University - Only 1 Lakh?! Full Honest Review|| Full Detail In Hindi ||,"Jadavpur University M.Pharm Admission – Full Details (2026 Guide) About Jadavpur University Jadavpur University (JU), .","M Pharm From Jadavpur University - Only 1 Lakh?! Full Honest Review|| Full Detail In Hindi || Jadavpur University M.Pharm Admission – Full Details (2026 Guide) About Jadavpur University Jadavpur University (JU), ."
bTf7_77pWfo,Andhra University,rankings,NIRF,Andhra University NIRF,Andhra University Incubation Council,The Andhra University Incubation Council (ā hub) is a leading incubation and innovation ecosystem that nurtures ...,a-hub,2025-09-08T14:49:04Z,2025,114,3,0,PT4M43S,unknown,https://www.youtube.com/watch?v=bTf7_77pWfo,16,Relevant,Andhra University Incubation Council,The Andhra University Incubation Council (ā hub) is a leading incubation and innovation ecosystem that nurtures .,Andhra University Incubation Council The Andhra University Incubation Council (ā hub) is a leading incubation and innovation ecosystem that nurtures .
55UBYqpvisU,Jadavpur University,rankings,NIRF,Jadavpur University NIRF,kolkata Jadavpur University  🔥💥👇 Jadavpur University news today 🔥,Jadavpur University breaking news today | Jadavpur University latest news today | Jadavpur news jadavpur university news ...,Bangla News 452,2023-08-22T05:57:32Z,2023,448,0,0,PT21S,unknown,https://www.youtube.com/watch?v=55UBYqpvisU,16,Relevant,kolkata Jadavpur University 🔥💥👇 Jadavpur University news today 🔥,Jadavpur University breaking news today | Jadavpur University latest news today | Jadavpur news jadavpur university news .,kolkata Jadavpur University 🔥💥👇 Jadavpur University news today 🔥 Jadavpur University breaking news today | Jadavpur University latest news today | Jadavpur news jadavpur university news .
Iu8eBi-gjTI,Lucknow University,rankings,NIRF,Lucknow University NIRF,Chandigarh University Ranked Among India’s Top Universities in the NIRF rankings.,CU Ranked Among India's Top Universities in the NIRF rankings Chandigarh University has secured 19th position in the NIRF ...,Chandigarh University UP,2025-09-04T09:15:35Z,2025,38542,22,0,PT43S,unknown,https://www.youtube.com/watch?v=Iu8eBi-gjTI,16,Relevant,Chandigarh University Ranked Among India’s Top Universities in the NIRF rankings.,CU Ranked Among India's Top Universities in the NIRF rankings Chandigarh University has secured 19th position in the NIRF .,Chandigarh University Ranked Among India’s Top Universities in the NIRF rankings. CU Ranked Among India's Top Universities in the NIRF rankings Chandigarh University has secured 19th position in the NIRF .
eKErfzj_QIk,Osmania University,rankings,NIRF,Osmania University NIRF,Osmania University College of Engineering Hyderabad | OUCE |,"OUCE - Osmania University College of Engineering, Hyderabad Whatsapp your queries on https://wa.me/916262224028 Call us ...",Campus Wala,2026-05-30T10:30:06Z,2026,143,1,0,PT2M32S,unknown,https://www.youtube.com/watch?v=eKErfzj_QIk,16,Relevant,Osmania University College of Engineering Hyderabad | OUCE |,"OUCE - Osmania University College of Engineering, Hyderabad Whatsapp your queries on Call us .","Osmania University College of Engineering Hyderabad | OUCE | OUCE - Osmania University College of Engineering, Hyderabad Whatsapp your queries on Call us ."
TLlHSLTkTMk,Manipur University,rankings,NIRF,Manipur University NIRF,"Manipur University Honest Review 2026 | Cutoff, Placement, Fees &amp; Campus Reality | Video -58/365","In this video, I have shared an honest and detailed review of Manipur University (Imphal). If you are planning to take admission ...",College Drisya,2026-02-28T15:46:47Z,2026,853,10,3,PT7M28S,unknown,https://www.youtube.com/watch?v=TLlHSLTkTMk,16,Relevant,"Manipur University Honest Review 2026 | Cutoff, Placement, Fees & Campus Reality | Video -58/365","In this video, I have shared an honest and detailed review of Manipur University (Imphal). If you are planning to take admission .","Manipur University Honest Review 2026 | Cutoff, Placement, Fees & Campus Reality | Video -58/365 In this video, I have shared an honest and detailed review of Manipur University (Imphal). If you are planning to take admission ."
fhIBJ0yUT88,University of Calcutta,rankings,NIRF,University of Calcutta NIRF,Ranking of Calcutta University as per NIRF #calcuttauniversity #NIRF #CU #students #ranking,,SOURAV SIR'S CLASSES,2024-07-22T14:30:30Z,2024,7558,136,5,PT56S,unknown,https://www.youtube.com/watch?v=fhIBJ0yUT88,16,Relevant,Ranking of Calcutta University as per NIRF #calcuttauniversity #NIRF #CU #students #ranking,,Ranking of Calcutta University as per NIRF #calcuttauniversity #NIRF #CU #students #ranking
bHCcGJli7vY,University of Rajasthan,rankings,NIRF,University of Rajasthan NIRF,"📢Central University of Rajasthan Group A, B &amp; C Recruitment 2025 | 10th/12th/Graduate Freshers ","Central University of Rajasthan Group A, B & C Recruitment 2025 | 10th/12th/Graduate Freshers Notification & Apply Link- ...",Vacancy Waala,2025-12-20T13:03:27Z,2025,2150,32,12,PT3M31S,unknown,https://www.youtube.com/watch?v=bHCcGJli7vY,16,Relevant,"📢Central University of Rajasthan Group A, B & C Recruitment 2025 | 10th/12th/Graduate Freshers","Central University of Rajasthan Group A, B & C Recruitment 2025 | 10th/12th/Graduate Freshers Notification & Apply Link- .","📢Central University of Rajasthan Group A, B & C Recruitment 2025 | 10th/12th/Graduate Freshers Central University of Rajasthan Group A, B & C Recruitment 2025 | 10th/12th/Graduate Freshers Notification & Apply Link- ."
2zCRsKDFdo4,Jiwaji University Gwalior,rankings,NIRF,Jiwaji University Gwalior NIRF,JIWAJI UNIVERSITY GWALIOR #jiwajiuniversity #shortvideo #viralshort #gwalior #viral #jaishreeram,JIWAJI UNIVERSITY GWALIOR NEWS STUDENTS #jiwajiuniversity #jiwajiuniversityexamnews #bsc #jiwajiresult bsc result #viral ...,Chandrakant Jadon,2023-07-08T14:16:00Z,2023,10214,204,37,PT9S,unknown,https://www.youtube.com/watch?v=2zCRsKDFdo4,16,Relevant,JIWAJI UNIVERSITY GWALIOR #jiwajiuniversity #shortvideo #viralshort #gwalior #viral #jaishreeram,JIWAJI UNIVERSITY GWALIOR NEWS STUDENTS #jiwajiuniversity #jiwajiuniversityexamnews #bsc #jiwajiresult bsc result #viral .,JIWAJI UNIVERSITY GWALIOR #jiwajiuniversity #shortvideo #viralshort #gwalior #viral #jaishreeram JIWAJI UNIVERSITY GWALIOR NEWS STUDENTS #jiwajiuniversity #jiwajiuniversityexamnews #bsc #jiwajiresult bsc result #viral .
C1vO1hGw_PQ,University of Madras,rankings,NIRF,University of Madras NIRF,"Top 6 best IIT colleges for Engineering after JEE, based on nirf ranking",iitjee #iit #iitbombay #iitdelhi #iitmadras #iitkanpur #iitroorkee #iitkharagpur #india #Jeemains #jeeadvanced #nirf #2023 #shorts ...,UnlimitEDUco,2023-08-06T13:12:42Z,2023,170,10,0,PT34S,unknown,https://www.youtube.com/watch?v=C1vO1hGw_PQ,16,Relevant,"Top 6 best IIT colleges for Engineering after JEE, based on nirf ranking",iitjee #iit #iitbombay #iitdelhi #iitmadras #iitkanpur #iitroorkee #iitkharagpur #india #Jeemains #jeeadvanced #nirf #2023 #shorts .,"Top 6 best IIT colleges for Engineering after JEE, based on nirf ranking iitjee #iit #iitbombay #iitdelhi #iitmadras #iitkanpur #iitroorkee #iitkharagpur #india #Jeemains #jeeadvanced #nirf #2023 #shorts ."
QatgRB_qDVQ,Sikkim University,rankings,NIRF,Sikkim University NIRF,About today sikkim university #sikkim #trending #vlog,About today sikkim university #sikkim #trending #vlog About today sikkim university #sikkim #trending #vlog About Sikkim ...,Khambreemoo Vlog,2026-05-17T12:54:41Z,2026,647,14,58,PT2M3S,unknown,https://www.youtube.com/watch?v=QatgRB_qDVQ,16,Relevant,About today sikkim university #sikkim #trending #vlog,About today sikkim university #sikkim #trending #vlog About today sikkim university #sikkim #trending #vlog About Sikkim .,About today sikkim university #sikkim #trending #vlog About today sikkim university #sikkim #trending #vlog About today sikkim university #sikkim #trending #vlog About Sikkim .
a5rR3yhftFs,Sikkim University,rankings,NIRF,Sikkim University NIRF,Sikkim University students stage pen-down agitation,"Sikkim University Students' Association (SUSA) has declared a pen-down protest on May 10, 2023, due to the failure of the ...",IndiaTodayNE,2023-05-10T07:19:51Z,2023,73,0,0,PT3M22S,unknown,https://www.youtube.com/watch?v=a5rR3yhftFs,16,Relevant,Sikkim University students stage pen-down agitation,"Sikkim University Students' Association (SUSA) has declared a pen-down protest on May 10, 2023, due to the failure of the .","Sikkim University students stage pen-down agitation Sikkim University Students' Association (SUSA) has declared a pen-down protest on May 10, 2023, due to the failure of the ."
9SN2wsbf3lk,SRM Institute of Science and Technology,rankings,NIRF,SRM Institute of Science and Technology NIRF,SRM ENGINEERING COLLEGE CHENNAI TOP NIRF RANKING BEST UNIVERSITY IN TAMILNADU,SRMISTChennai #SRMInstitute #SRMUniversity #EngineeringCollegesChennai #SRMJEEE2026 #BTechAdmissions ...,skyeducation1,2026-04-04T10:30:06Z,2026,9,0,0,PT4M10S,unknown,https://www.youtube.com/watch?v=9SN2wsbf3lk,16,Relevant,SRM ENGINEERING COLLEGE CHENNAI TOP NIRF RANKING BEST UNIVERSITY IN TAMILNADU,SRMISTChennai #SRMInstitute #SRMUniversity #EngineeringCollegesChennai #SRMJEEE2026 #BTechAdmissions .,SRM ENGINEERING COLLEGE CHENNAI TOP NIRF RANKING BEST UNIVERSITY IN TAMILNADU SRMISTChennai #SRMInstitute #SRMUniversity #EngineeringCollegesChennai #SRMJEEE2026 #BTechAdmissions .
ONC0rdcHqZM,Central University of South Bihar,rankings,NIRF,Central University of South Bihar NIRF,🎓 PhD Admission Notification 2025 Central University of South Bihar (CUSB) 📢#PhDAdmission2025 #CUSB,PhD Admission Notification 2025 Central University of South Bihar (CUSB) #PhDAdmission2025 #CUSB Great news for ...,JOBSQUAD Bharat,2025-09-16T05:52:02Z,2025,2415,12,0,PT17S,unknown,https://www.youtube.com/watch?v=ONC0rdcHqZM,16,Relevant,🎓 PhD Admission Notification 2025 Central University of South Bihar (CUSB) 📢#PhDAdmission2025 #CUSB,PhD Admission Notification 2025 Central University of South Bihar (CUSB) #PhDAdmission2025 #CUSB Great news for .,🎓 PhD Admission Notification 2025 Central University of South Bihar (CUSB) 📢#PhDAdmission2025 #CUSB PhD Admission Notification 2025 Central University of South Bihar (CUSB) #PhDAdmission2025 #CUSB Great news for .
0hadUFUkrfY,Central University of South Bihar,rankings,NIRF,Central University of South Bihar NIRF,💥CENTRAL UNIVERSITY OF SOUTH BIHAR ASSISTANT PROFESSOR NEW PERMANENT POST VACANCY OUT 2026| NO FEES|,CENTRAL UNIVERSITY OF SOUTH BIHAR ASSISTANT PROFESSOR NEW PERMANENT POST VACANCY OUT 2026| NO ...,NET JRF Adda,2026-03-03T06:19:01Z,2026,5321,100,11,PT12M59S,unknown,https://www.youtube.com/watch?v=0hadUFUkrfY,16,Relevant,💥CENTRAL UNIVERSITY OF SOUTH BIHAR ASSISTANT PROFESSOR NEW PERMANENT POST VACANCY OUT 2026| NO FEES|,CENTRAL UNIVERSITY OF SOUTH BIHAR ASSISTANT PROFESSOR NEW PERMANENT POST VACANCY OUT 2026| NO .,💥CENTRAL UNIVERSITY OF SOUTH BIHAR ASSISTANT PROFESSOR NEW PERMANENT POST VACANCY OUT 2026| NO FEES| CENTRAL UNIVERSITY OF SOUTH BIHAR ASSISTANT PROFESSOR NEW PERMANENT POST VACANCY OUT 2026| NO .
bCJm8vQGCkE,SRM Institute of Science and Technology,rankings,NIRF,SRM Institute of Science and Technology NIRF,#SRM MEDICAL COLLEGE OF PHYSIOTHERAPY TOP NIRF RANKING COLLEGES FOR BPT COURSE TAMILNADU,SRMCollegeOfPhysiotherapy #SRMPhysioChennai #SRMISTPhysiotherapy #BPTChennai #MPTOrthopaedics ...,skyeducation3,2026-04-07T12:30:06Z,2026,6,0,0,PT1M47S,unknown,https://www.youtube.com/watch?v=bCJm8vQGCkE,16,Relevant,#SRM MEDICAL COLLEGE OF PHYSIOTHERAPY TOP NIRF RANKING COLLEGES FOR BPT COURSE TAMILNADU,SRMCollegeOfPhysiotherapy #SRMPhysioChennai #SRMISTPhysiotherapy #BPTChennai #MPTOrthopaedics .,#SRM MEDICAL COLLEGE OF PHYSIOTHERAPY TOP NIRF RANKING COLLEGES FOR BPT COURSE TAMILNADU SRMCollegeOfPhysiotherapy #SRMPhysioChennai #SRMISTPhysiotherapy #BPTChennai #MPTOrthopaedics .
v77YFxsUKiA,Osmania University,rankings,NIRF,Osmania University NIRF,"JNTUH vs Osmania University 2026 | Which is Better for CSE? Placements, Cutoffs &amp; Rankings Compared","One side is JNTUH, and the other side is Osmania University. If you're confused about which university is better, this comparison ...",Gully College,2026-06-08T05:45:38Z,2026,1437,17,18,PT27S,unknown,https://www.youtube.com/watch?v=v77YFxsUKiA,16,Relevant,"JNTUH vs Osmania University 2026 | Which is Better for CSE? Placements, Cutoffs & Rankings Compared","One side is JNTUH, and the other side is Osmania University. If you're confused about which university is better, this comparison .","JNTUH vs Osmania University 2026 | Which is Better for CSE? Placements, Cutoffs & Rankings Compared One side is JNTUH, and the other side is Osmania University. If you're confused about which university is better, this comparison ."
DmIz6GT9r_8,Central University of South Bihar,rankings,NIRF,Central University of South Bihar NIRF,"Central University of South Bihar 2025: Course, Seats, Fees, Hostel, Facilities, Placement, Cutoff","Central University of South Bihar 2025: Course, Seats, Fee, Hostel, Facilities, Placement, Admission CUET UG 2026 की ...",Basic Siksha -CUET Exam,2025-06-17T04:30:07Z,2025,29380,693,451,PT8M38S,unknown,https://www.youtube.com/watch?v=DmIz6GT9r_8,16,Relevant,"Central University of South Bihar 2025: Course, Seats, Fees, Hostel, Facilities, Placement, Cutoff","Central University of South Bihar 2025: Course, Seats, Fee, Hostel, Facilities, Placement, Admission CUET UG 2026 की .","Central University of South Bihar 2025: Course, Seats, Fees, Hostel, Facilities, Placement, Cutoff Central University of South Bihar 2025: Course, Seats, Fee, Hostel, Facilities, Placement, Admission CUET UG 2026 की ."
wGCx_GNaj6w,Patna University,rankings,NIRF,Patna University NIRF,Patna University की मरम्मत क़ब होती है? लड़के ने ऐसी बात बोली जो वायरल हो जाए!,"Patna University, once called the “Oxford of the East,” is today struggling with broken infrastructure, poor facilities, lack of quality ...",News Pinch,2025-09-29T03:30:48Z,2025,37168,2456,27,PT1M20S,unknown,https://www.youtube.com/watch?v=wGCx_GNaj6w,16,Relevant,Patna University की मरम्मत क़ब होती है? लड़के ने ऐसी बात बोली जो वायरल हो जाए!,"Patna University, once called the “Oxford of the East,” is today struggling with broken infrastructure, poor facilities, lack of quality .","Patna University की मरम्मत क़ब होती है? लड़के ने ऐसी बात बोली जो वायरल हो जाए! Patna University, once called the “Oxford of the East,” is today struggling with broken infrastructure, poor facilities, lack of quality ."
VwQtfDsD3Qw,SRM Institute of Science and Technology,rankings,NIRF,SRM Institute of Science and Technology NIRF,SRM UNIVERSITY KATTANKULATHUR CHENNAI TOP NIRF RANKING ENGINEERING COLLEGES IN CHENGALPET,SRMISTChennai #SRMInstitute #SRMUniversity #EngineeringCollegesChennai #SRMJEEE2026 #BTechAdmissions ...,SKY Education Career Guidance,2026-04-15T10:30:06Z,2026,17,0,0,PT4M10S,unknown,https://www.youtube.com/watch?v=VwQtfDsD3Qw,16,Relevant,SRM UNIVERSITY KATTANKULATHUR CHENNAI TOP NIRF RANKING ENGINEERING COLLEGES IN CHENGALPET,SRMISTChennai #SRMInstitute #SRMUniversity #EngineeringCollegesChennai #SRMJEEE2026 #BTechAdmissions .,SRM UNIVERSITY KATTANKULATHUR CHENNAI TOP NIRF RANKING ENGINEERING COLLEGES IN CHENGALPET SRMISTChennai #SRMInstitute #SRMUniversity #EngineeringCollegesChennai #SRMJEEE2026 #BTechAdmissions .
_pA1M2YY5aI,Central University of South Bihar,rankings,NIRF,Central University of South Bihar NIRF,Central University of South Bihar CUSB CUET  2026 Cutoff for All Courses | Best Low Marks University,Central University of South Bihar (CUSB) CUET 2026 Cutoff for All Courses | Best Low Marks University Avail Our Ebook Offer ...,The Social Class,2026-01-22T03:30:33Z,2026,3858,0,91,PT11M11S,unknown,https://www.youtube.com/watch?v=_pA1M2YY5aI,16,Relevant,Central University of South Bihar CUSB CUET 2026 Cutoff for All Courses | Best Low Marks University,Central University of South Bihar (CUSB) CUET 2026 Cutoff for All Courses | Best Low Marks University Avail Our Ebook Offer .,Central University of South Bihar CUSB CUET 2026 Cutoff for All Courses | Best Low Marks University Central University of South Bihar (CUSB) CUET 2026 Cutoff for All Courses | Best Low Marks University Avail Our Ebook Offer .
EM0srgfcLIE,Jiwaji University Gwalior,rankings,NIRF,Jiwaji University Gwalior NIRF,"Jiwaji University Gwalior Review 2025🔥 | Admission, Courses, Fees, Placement, Hostel, Facilities","Jiwaji University Gwalior Review 2025   | Admission, Courses, Fees, Placement, Hostel, Facilities Google Form:-               ...",Career Margdharshan ,2024-11-19T04:30:09Z,2024,10069,126,33,PT8M2S,unknown,https://www.youtube.com/watch?v=EM0srgfcLIE,16,Relevant,"Jiwaji University Gwalior Review 2025🔥 | Admission, Courses, Fees, Placement, Hostel, Facilities","Jiwaji University Gwalior Review 2025 | Admission, Courses, Fees, Placement, Hostel, Facilities Google Form:- .","Jiwaji University Gwalior Review 2025🔥 | Admission, Courses, Fees, Placement, Hostel, Facilities Jiwaji University Gwalior Review 2025 | Admission, Courses, Fees, Placement, Hostel, Facilities Google Form:- ."
Af0uRSO63Lw,Patna University,rankings,NIRF,Patna University NIRF,"NIRF की रैंकिंग मे Bihar के University की Ranking मे सुधार, IIT, IIM, Law सबमे सुधार, जानिए","बिहार के विश्वविद्यालयों की राष्ट्रीय रैंकिंग में हुई सुधार, पटना ...",Janta Junction,2024-08-14T06:30:03Z,2024,3024,44,3,PT5M38S,unknown,https://www.youtube.com/watch?v=Af0uRSO63Lw,16,Relevant,"NIRF की रैंकिंग मे Bihar के University की Ranking मे सुधार, IIT, IIM, Law सबमे सुधार, जानिए","बिहार के विश्वविद्यालयों की राष्ट्रीय रैंकिंग में हुई सुधार, पटना .","NIRF की रैंकिंग मे Bihar के University की Ranking मे सुधार, IIT, IIM, Law सबमे सुधार, जानिए बिहार के विश्वविद्यालयों की राष्ट्रीय रैंकिंग में हुई सुधार, पटना ."
HE8au1CFWIs,SRM Institute of Science and Technology,rankings,NIRF,SRM Institute of Science and Technology NIRF,SRM Medical College Hospital &amp; Research Centre | Unmatched Clinical Exposure | 2023,Welcome to SRM Medical College Hospital and Research Centre! SRM Medical College Hospital and Research Centre is proud ...,SRM Institute of Science and Technology,2023-06-19T09:12:24Z,2023,5740,77,0,PT14S,unknown,https://www.youtube.com/watch?v=HE8au1CFWIs,16,Relevant,SRM Medical College Hospital & Research Centre | Unmatched Clinical Exposure | 2023,Welcome to SRM Medical College Hospital and Research Centre! SRM Medical College Hospital and Research Centre is proud .,SRM Medical College Hospital & Research Centre | Unmatched Clinical Exposure | 2023 Welcome to SRM Medical College Hospital and Research Centre! SRM Medical College Hospital and Research Centre is proud .
RfLJ3ZW1Zy8,Central University of South Bihar,rankings,NIRF,Central University of South Bihar NIRF,Central University of South Bihar 1st Merit List 2026 Released,Central University of South Bihar GROUP LINK CUET UG https://chat.whatsapp.com/HRIaOuFaL0dIR08YoRFFnL GROUP LINK ...,CSM classes ,2026-06-11T16:10:29Z,2026,1438,10,18,PT5M15S,unknown,https://www.youtube.com/watch?v=RfLJ3ZW1Zy8,16,Relevant,Central University of South Bihar 1st Merit List 2026 Released,Central University of South Bihar GROUP LINK CUET UG GROUP LINK .,Central University of South Bihar 1st Merit List 2026 Released Central University of South Bihar GROUP LINK CUET UG GROUP LINK .
eni-KNGQvZU,Osmania University,rankings,NIRF,Osmania University NIRF,Osmania University In A Minuite |👉 All Details #osmaniauniversity #shorts #eamcet2024,https://drive.google.com/file/d/1kckP9rszU-U1bSz96we0KoNno-YH6vJ8/view?usp=drivesdk All About Osmania University ...,Vedantu Telugu,2023-06-12T11:02:22Z,2023,76525,1968,75,PT46S,unknown,https://www.youtube.com/watch?v=eni-KNGQvZU,16,Relevant,Osmania University In A Minuite |👉 All Details #osmaniauniversity #shorts #eamcet2024,All About Osmania University .,Osmania University In A Minuite |👉 All Details #osmaniauniversity #shorts #eamcet2024 All About Osmania University .
2dfW3PYf43Q,Sikkim University,rankings,NIRF,Sikkim University NIRF,Sikkim University admission Q&amp;A,Sikkim University admission Q&A #sikkimuniversity #admission Sikkim University admission process Sikkim University Gangtok ...,The kunj vlogs,2023-07-29T02:25:12Z,2023,2441,70,91,PT9M18S,unknown,https://www.youtube.com/watch?v=2dfW3PYf43Q,16,Relevant,Sikkim University admission Q&A,Sikkim University admission Q&A #sikkimuniversity #admission Sikkim University admission process Sikkim University Gangtok .,Sikkim University admission Q&A Sikkim University admission Q&A #sikkimuniversity #admission Sikkim University admission process Sikkim University Gangtok .
Qe-Cy7ge21g,Patna University,rankings,NIRF,Patna University NIRF,&#39;दो बार फीस ले रहे&#39; New Education Policy पर भड़क बोला Patna University का लड़का ! | News Pinch,"Patna University, once called the “Oxford of the East,” is today struggling with broken infrastructure, poor facilities, lack of quality ...",News Pinch,2025-09-28T13:19:35Z,2025,434237,21203,532,PT1M4S,unknown,https://www.youtube.com/watch?v=Qe-Cy7ge21g,16,Relevant,'दो बार फीस ले रहे' New Education Policy पर भड़क बोला Patna University का लड़का ! | News Pinch,"Patna University, once called the “Oxford of the East,” is today struggling with broken infrastructure, poor facilities, lack of quality .","'दो बार फीस ले रहे' New Education Policy पर भड़क बोला Patna University का लड़का ! | News Pinch Patna University, once called the “Oxford of the East,” is today struggling with broken infrastructure, poor facilities, lack of quality ."
q8VNhUxGMNg,Lucknow University,rankings,NIRF,Lucknow University NIRF,evening vibes @bbau #central university nirf ranking 55,,Aaruvlogs,2023-02-27T14:21:53Z,2023,56,2,0,PT34S,unknown,https://www.youtube.com/watch?v=q8VNhUxGMNg,16,Relevant,evening vibes @bbau #central university nirf ranking 55,,evening vibes @bbau #central university nirf ranking 55
mvJNr17twZw,VIT Vellore,rankings,NIRF,VIT Vellore NIRF,VIT Vellore vs VIT Chennai – Biggest Difference Explained! 🔥| Which Campus Gives Better Placements?,VIT Vellore vs VIT Chennai – Biggest Difference Explained! | Which Campus Gives Better Placements? Enquiry Form: ...,Student Adda,2026-03-08T14:15:07Z,2026,2395,15,2,PT6M7S,unknown,https://www.youtube.com/watch?v=mvJNr17twZw,16,Relevant,VIT Vellore vs VIT Chennai – Biggest Difference Explained! 🔥| Which Campus Gives Better Placements?,VIT Vellore vs VIT Chennai – Biggest Difference Explained! | Which Campus Gives Better Placements? Enquiry Form: .,VIT Vellore vs VIT Chennai – Biggest Difference Explained! 🔥| Which Campus Gives Better Placements? VIT Vellore vs VIT Chennai – Biggest Difference Explained! | Which Campus Gives Better Placements? Enquiry Form: .
UsqP4985Evw,Patna University,rankings,NIRF,Patna University NIRF,’मेरी आवाज में गुस्सा है’ Patna University की हिस्ट्री लाइब्रेरी में लड़का Library का सच बता गया!,"Patna University, once called the “Oxford of the East,” is today struggling with broken infrastructure, poor facilities, lack of quality ...",News Pinch,2025-09-28T06:48:01Z,2025,141568,5955,74,PT57S,unknown,https://www.youtube.com/watch?v=UsqP4985Evw,16,Relevant,’मेरी आवाज में गुस्सा है’ Patna University की हिस्ट्री लाइब्रेरी में लड़का Library का सच बता गया!,"Patna University, once called the “Oxford of the East,” is today struggling with broken infrastructure, poor facilities, lack of quality .","’मेरी आवाज में गुस्सा है’ Patna University की हिस्ट्री लाइब्रेरी में लड़का Library का सच बता गया! Patna University, once called the “Oxford of the East,” is today struggling with broken infrastructure, poor facilities, lack of quality ."
LpyQYQOuMDQ,SRM Institute of Science and Technology,rankings,NIRF,SRM Institute of Science and Technology NIRF,SRM Rules In NIRF 2025 Ranking 🤐|NIRF ranking Exposed #nirfranking #nirf2025#srm,,Mritunjay [MJK Sir],2025-09-05T11:41:47Z,2025,2192,51,15,PT1M24S,unknown,https://www.youtube.com/watch?v=LpyQYQOuMDQ,16,Relevant,SRM Rules In NIRF 2025 Ranking 🤐|NIRF ranking Exposed #nirfranking #nirf2025#srm,,SRM Rules In NIRF 2025 Ranking 🤐|NIRF ranking Exposed #nirfranking #nirf2025#srm
iGdGLrjPFwE,University of Rajasthan,rankings,NIRF,University of Rajasthan NIRF,Top 10 University of India # top 10 # University # India # NIRF Ranking # short #viralvideo,,every thing is here,2023-03-20T08:09:07Z,2023,68,26,1,PT24S,unknown,https://www.youtube.com/watch?v=iGdGLrjPFwE,16,Relevant,Top 10 University of India # top 10 # University # India # NIRF Ranking # short #viralvideo,,Top 10 University of India # top 10 # University # India # NIRF Ranking # short #viralvideo
GF2EroK2w7s,Patna University,rankings,NIRF,Patna University NIRF,"Patna University में बैक बेंचर ने बुलाकर ऐसी बात बोली, पूरी क्लास हंस पड़ी! | News Pinch","Patna University, once called the “Oxford of the East,” is today struggling with broken infrastructure, poor facilities, lack of quality ...",News Pinch,2025-09-29T06:30:10Z,2025,246702,7411,48,PT49S,unknown,https://www.youtube.com/watch?v=GF2EroK2w7s,16,Relevant,"Patna University में बैक बेंचर ने बुलाकर ऐसी बात बोली, पूरी क्लास हंस पड़ी! | News Pinch","Patna University, once called the “Oxford of the East,” is today struggling with broken infrastructure, poor facilities, lack of quality .","Patna University में बैक बेंचर ने बुलाकर ऐसी बात बोली, पूरी क्लास हंस पड़ी! | News Pinch Patna University, once called the “Oxford of the East,” is today struggling with broken infrastructure, poor facilities, lack of quality ."
43iu6ncq8oY,Patna University,rankings,NIRF,Patna University NIRF,"Patna University में पढ़ा रहीं प्रफेसर जो बोलीं, वो CM Nitish Kumar सरकार को पिंच करना चाहिए!","Patna University, once called the “Oxford of the East,” is today struggling with broken infrastructure, poor facilities, lack of quality ...",News Pinch,2025-09-28T07:00:03Z,2025,1862947,46769,595,PT1M7S,unknown,https://www.youtube.com/watch?v=43iu6ncq8oY,16,Relevant,"Patna University में पढ़ा रहीं प्रफेसर जो बोलीं, वो CM Nitish Kumar सरकार को पिंच करना चाहिए!","Patna University, once called the “Oxford of the East,” is today struggling with broken infrastructure, poor facilities, lack of quality .","Patna University में पढ़ा रहीं प्रफेसर जो बोलीं, वो CM Nitish Kumar सरकार को पिंच करना चाहिए! Patna University, once called the “Oxford of the East,” is today struggling with broken infrastructure, poor facilities, lack of quality ."
p5Qf83h0TZI,VIT Vellore,rankings,NIRF,VIT Vellore NIRF,VIT Vellore Vs SRM KTR Vs Manipal Vs Bits Pilani Comparison 2025 | Which Is Better? #shorts #jee,VIT Vellore Vs SRM KTR Vs Manipal Vs Bits Pilani Comparison 2025 | Which Is Better? #shorts #jee ...,CAREERKICK JEE,2025-03-05T07:30:17Z,2025,17102,151,10,PT1M2S,unknown,https://www.youtube.com/watch?v=p5Qf83h0TZI,16,Relevant,VIT Vellore Vs SRM KTR Vs Manipal Vs Bits Pilani Comparison 2025 | Which Is Better? #shorts #jee,VIT Vellore Vs SRM KTR Vs Manipal Vs Bits Pilani Comparison 2025 | Which Is Better? #shorts #jee .,VIT Vellore Vs SRM KTR Vs Manipal Vs Bits Pilani Comparison 2025 | Which Is Better? #shorts #jee VIT Vellore Vs SRM KTR Vs Manipal Vs Bits Pilani Comparison 2025 | Which Is Better? #shorts #jee .
klS5kJChFME,Patna University,rankings,NIRF,Patna University NIRF,"Patna University के हिस्ट्री डिपार्टमेंट में मात्र 2 टीचर पर्मानेंट, खुद शिक्षक ने खोल दी पोल!","Patna University, once called the “Oxford of the East,” is today struggling with broken infrastructure, poor facilities, lack of quality ...",News Pinch,2025-09-29T02:30:38Z,2025,340497,14053,255,PT2M30S,unknown,https://www.youtube.com/watch?v=klS5kJChFME,16,Relevant,"Patna University के हिस्ट्री डिपार्टमेंट में मात्र 2 टीचर पर्मानेंट, खुद शिक्षक ने खोल दी पोल!","Patna University, once called the “Oxford of the East,” is today struggling with broken infrastructure, poor facilities, lack of quality .","Patna University के हिस्ट्री डिपार्टमेंट में मात्र 2 टीचर पर्मानेंट, खुद शिक्षक ने खोल दी पोल! Patna University, once called the “Oxford of the East,” is today struggling with broken infrastructure, poor facilities, lack of quality ."
SBkjBr9wGlk,VIT Vellore,rankings,NIRF,VIT Vellore NIRF,Latest NIRF Ranking of MBA Colleges #nirfranking #mbacolleges,"In this video, we cover the latest NIRF 2025 rankings of MBA colleges in India, including IIMs and top non-IIM B-Schools.",Unacademy CAT,2025-09-05T09:30:32Z,2025,6196,205,11,PT53S,unknown,https://www.youtube.com/watch?v=SBkjBr9wGlk,16,Relevant,Latest NIRF Ranking of MBA Colleges #nirfranking #mbacolleges,"In this video, we cover the latest NIRF 2025 rankings of MBA colleges in India, including IIMs and top non-IIM B-Schools.","Latest NIRF Ranking of MBA Colleges #nirfranking #mbacolleges In this video, we cover the latest NIRF 2025 rankings of MBA colleges in India, including IIMs and top non-IIM B-Schools."
SJXJPm3XKSY,VIT Vellore,rankings,NIRF,VIT Vellore NIRF,How VIT University Vellore Beat IITs &amp; NIT’s in NIRF Ranking? The Algorithm Nobody Explains.,"Need Direct Admission Support? For personalized Admission Guidance & Support, including details on Management Quota ...",Admission Junction,2026-01-20T06:21:36Z,2026,111,5,1,PT1M,unknown,https://www.youtube.com/watch?v=SJXJPm3XKSY,16,Relevant,How VIT University Vellore Beat IITs & NIT’s in NIRF Ranking? The Algorithm Nobody Explains.,"Need Direct Admission Support? For personalized Admission Guidance & Support, including details on Management Quota .","How VIT University Vellore Beat IITs & NIT’s in NIRF Ranking? The Algorithm Nobody Explains. Need Direct Admission Support? For personalized Admission Guidance & Support, including details on Management Quota ."
X47Au7wk6WQ,Osmania University,rankings,NIRF,Osmania University NIRF,osmania University Hyderabad @3timebiriyani #osmaniauniversity #hyderabad #viral,osmania University Hyderabad @3timebiriyani #osmaniauniversity #hyderabad #viral #hyderabadtourism #hyderabadi ...,3 TIME BIRIYANI ,2023-10-16T15:13:03Z,2023,198,5,0,PT25S,unknown,https://www.youtube.com/watch?v=X47Au7wk6WQ,16,Relevant,osmania University Hyderabad @3timebiriyani #osmaniauniversity #hyderabad #viral,osmania University Hyderabad @3timebiriyani #osmaniauniversity #hyderabad #viral #hyderabadtourism #hyderabadi .,osmania University Hyderabad @3timebiriyani #osmaniauniversity #hyderabad #viral osmania University Hyderabad @3timebiriyani #osmaniauniversity #hyderabad #viral #hyderabadtourism #hyderabadi .
rqTMABvUvTE,Patna University,rankings,NIRF,Patna University NIRF,Patna University की UPSC में रैंकिंग जीरो क्यों? छात्रसंध अध्यक्ष ने सोचने वाली बात बोल दी!,"Patna University, once called the “Oxford of the East,” is today struggling with broken infrastructure, poor facilities, lack of quality ...",News Pinch,2025-09-28T09:01:07Z,2025,90441,3794,70,PT41S,unknown,https://www.youtube.com/watch?v=rqTMABvUvTE,16,Relevant,Patna University की UPSC में रैंकिंग जीरो क्यों? छात्रसंध अध्यक्ष ने सोचने वाली बात बोल दी!,"Patna University, once called the “Oxford of the East,” is today struggling with broken infrastructure, poor facilities, lack of quality .","Patna University की UPSC में रैंकिंग जीरो क्यों? छात्रसंध अध्यक्ष ने सोचने वाली बात बोल दी! Patna University, once called the “Oxford of the East,” is today struggling with broken infrastructure, poor facilities, lack of quality ."
rZ1XASgVibY,Central University of South Bihar,rankings,NIRF,Central University of South Bihar NIRF,Central university of south biharlaw faculty#cusb#cuet#short#shortfeeds#ytshort#trending#viralshorts,"central university of south bihar,central university of south bihar admission,central university of south bihar hostel,central university ...",Dream college cuet,2024-11-29T23:31:50Z,2024,5454,0,4,PT18S,unknown,https://www.youtube.com/watch?v=rZ1XASgVibY,16,Relevant,Central university of south biharlaw faculty#cusb#cuet#short#shortfeeds#ytshort#trending#viralshorts,"central university of south bihar,central university of south bihar admission,central university of south bihar hostel,central university .","Central university of south biharlaw faculty#cusb#cuet#short#shortfeeds#ytshort#trending#viralshorts central university of south bihar,central university of south bihar admission,central university of south bihar hostel,central university ."
l8IirP_FKqc,SRM Institute of Science and Technology,rankings,NIRF,SRM Institute of Science and Technology NIRF,SRM is better than IIT? NIRF 2025 Ranking Roast Video 🤡🤣|Live Reaction,"Join India's most demanding JEE ""UDAAN 2.0 ""Mentorship Program https://www.crackiit.site/mentorship Google Form Link ...",Mritunjay [MJK Sir],2025-09-06T12:43:21Z,2025,555,21,1,PT8M8S,unknown,https://www.youtube.com/watch?v=l8IirP_FKqc,16,Relevant,SRM is better than IIT? NIRF 2025 Ranking Roast Video 🤡🤣|Live Reaction,"Join India's most demanding JEE ""UDAAN 2.0 ""Mentorship Program Google Form Link .","SRM is better than IIT? NIRF 2025 Ranking Roast Video 🤡🤣|Live Reaction Join India's most demanding JEE ""UDAAN 2.0 ""Mentorship Program Google Form Link ."
1at8TZ_CTvs,Jadavpur University,rankings,NIRF,Jadavpur University NIRF,"Jadavpur University: NIRF র‍্যাঙ্কিংয়ে নাম উপরের দিকে থাকলেও &#39;নষ্ট&#39; ভাবমূর্তি, কী হয়েছে যাদবপুরের?",যাদবপুর সম্পর্কে ধারণা নিয়ে প্রশ্ন। আর এ প্রশ্ন তুলতে বাধ্য করছে ...,TV9 Bangla,2023-08-20T08:00:07Z,2023,570,8,2,PT4M43S,unknown,https://www.youtube.com/watch?v=1at8TZ_CTvs,16,Relevant,"Jadavpur University: NIRF র‍্যাঙ্কিংয়ে নাম উপরের দিকে থাকলেও 'নষ্ট' ভাবমূর্তি, কী হয়েছে যাদবপুরের?",যাদবপুর সম্পর্কে ধারণা নিয়ে প্রশ্ন। আর এ প্রশ্ন তুলতে বাধ্য করছে .,"Jadavpur University: NIRF র‍্যাঙ্কিংয়ে নাম উপরের দিকে থাকলেও 'নষ্ট' ভাবমূর্তি, কী হয়েছে যাদবপুরের? যাদবপুর সম্পর্কে ধারণা নিয়ে প্রশ্ন। আর এ প্রশ্ন তুলতে বাধ্য করছে ."
MIE8_fhwvg8,Sikkim University,rankings,NIRF,Sikkim University NIRF,Sikkim university fest Start day was #trending #sikkim university #fest #khel ground ,Sikkim university fest Start day was #trending #sikkim university #fest #khel ground About Sikkim University Sikkim University is a ...,Khambreemoo Vlog,2026-05-07T13:37:17Z,2026,135,8,11,PT6M49S,unknown,https://www.youtube.com/watch?v=MIE8_fhwvg8,16,Relevant,Sikkim university fest Start day was #trending #sikkim university #fest #khel ground,Sikkim university fest Start day was #trending #sikkim university #fest #khel ground About Sikkim University Sikkim University is a .,Sikkim university fest Start day was #trending #sikkim university #fest #khel ground Sikkim university fest Start day was #trending #sikkim university #fest #khel ground About Sikkim University Sikkim University is a .
rAlRbsvFees,Patna University,rankings,NIRF,Patna University NIRF,Patna University #viralvideo #trendingshorts #reels #examtour #like #jobs,Patna University #viralvideo #trendingshorts #reels #examtour #like #jobs #patnauniversityhostel #patnauniversityexam ...,Exam Tour,2025-09-29T10:03:44Z,2025,16451,300,16,PT26S,unknown,https://www.youtube.com/watch?v=rAlRbsvFees,16,Relevant,Patna University #viralvideo #trendingshorts #reels #examtour #like #jobs,Patna University #viralvideo #trendingshorts #reels #examtour #like #jobs #patnauniversityhostel #patnauniversityexam .,Patna University #viralvideo #trendingshorts #reels #examtour #like #jobs Patna University #viralvideo #trendingshorts #reels #examtour #like #jobs #patnauniversityhostel #patnauniversityexam .
btEiCljbZU8,Sikkim University,rankings,NIRF,Sikkim University NIRF,Sikkim university women  volleyball Final political science vs Sociology #vlog #sikkim #university ,Sikkim university women volleyball Final political science vs Sociology #vlog #sikkim #university About Sikkim University Sikkim ...,Khambreemoo Vlog,2026-05-10T16:16:08Z,2026,132,0,16,PT7M39S,unknown,https://www.youtube.com/watch?v=btEiCljbZU8,16,Relevant,Sikkim university women volleyball Final political science vs Sociology #vlog #sikkim #university,Sikkim university women volleyball Final political science vs Sociology #vlog #sikkim #university About Sikkim University Sikkim .,Sikkim university women volleyball Final political science vs Sociology #vlog #sikkim #university Sikkim university women volleyball Final political science vs Sociology #vlog #sikkim #university About Sikkim University Sikkim .
XLJYQ-z750s,VIT Vellore,rankings,NIRF,VIT Vellore NIRF,NIRF Ranking 2025: Tamil Nadu Performance Analysis,"Welcome to our comprehensive breakdown of NIRF Rankings 2025, focusing on Tamil Nadu's performance across various ...",Career Guidance Jayaprakash Gandhi,2025-09-04T11:36:41Z,2025,13022,191,24,PT5M20S,unknown,https://www.youtube.com/watch?v=XLJYQ-z750s,16,Relevant,NIRF Ranking 2025: Tamil Nadu Performance Analysis,"Welcome to our comprehensive breakdown of NIRF Rankings 2025, focusing on Tamil Nadu's performance across various .","NIRF Ranking 2025: Tamil Nadu Performance Analysis Welcome to our comprehensive breakdown of NIRF Rankings 2025, focusing on Tamil Nadu's performance across various ."
8DaBpk6iBrg,Sikkim University,rankings,NIRF,Sikkim University NIRF,Facilities for Sikkim University Students✨| Central university🎓😌  #sikkim #sikkimuniversity #gangtok,Sikkim University is a central university established under an Act of Parliament of India. It is in Gangtok. The campus is expected to ...,Mixed Fruit Diary,2023-06-11T07:11:43Z,2023,9824,0,116,PT10M4S,unknown,https://www.youtube.com/watch?v=8DaBpk6iBrg,16,Relevant,Facilities for Sikkim University Students✨| Central university🎓😌 #sikkim #sikkimuniversity #gangtok,Sikkim University is a central university established under an Act of Parliament of India. It is in Gangtok. The campus is expected to .,Facilities for Sikkim University Students✨| Central university🎓😌 #sikkim #sikkimuniversity #gangtok Sikkim University is a central university established under an Act of Parliament of India. It is in Gangtok. The campus is expected to .
yNzvSqnWRu4,Jiwaji University Gwalior,rankings,NIRF,Jiwaji University Gwalior NIRF,Jiwaji University Gwalior PhD Entrance Exam 2024 | PhD Admission without Net JRF Update | RK Dubey,Exploring Jiwaji University Gwalior PhD Entrance Exam 2024 | PhD Admission Without NET JRF Join us as we delve into the ...,Eduncle - UGC NET Ki Taiyari,2024-02-29T11:13:09Z,2024,5382,113,23,PT6M,unknown,https://www.youtube.com/watch?v=yNzvSqnWRu4,16,Relevant,Jiwaji University Gwalior PhD Entrance Exam 2024 | PhD Admission without Net JRF Update | RK Dubey,Exploring Jiwaji University Gwalior PhD Entrance Exam 2024 | PhD Admission Without NET JRF Join us as we delve into the .,Jiwaji University Gwalior PhD Entrance Exam 2024 | PhD Admission without Net JRF Update | RK Dubey Exploring Jiwaji University Gwalior PhD Entrance Exam 2024 | PhD Admission Without NET JRF Join us as we delve into the .
ySOlIXLJpZY,Patna University,rankings,NIRF,Patna University NIRF,Dandiya night at patna University 😊💖 l Deepsi Gupta ✨ #trending#short#shorts #dancevideo,Dandiya night at patna University l Deepsi Gupta✨#trending#short#shorts #dancevideo.,The Deepsi Gupta,2023-10-14T15:15:06Z,2023,931,24,0,PT42S,unknown,https://www.youtube.com/watch?v=ySOlIXLJpZY,16,Relevant,Dandiya night at patna University 😊💖 l Deepsi Gupta ✨ #trending#short#shorts #dancevideo,Dandiya night at patna University l Deepsi Gupta✨#trending#short#shorts #dancevideo.,Dandiya night at patna University 😊💖 l Deepsi Gupta ✨ #trending#short#shorts #dancevideo Dandiya night at patna University l Deepsi Gupta✨#trending#short#shorts #dancevideo.
wTDNa5y5mPA,University of Madras,rankings,NIRF,University of Madras NIRF,NIRF rankings 2023: IIT Madras tops the charts again,nirf #iitmadras #iit The Ministry of Education has announced the National Institutional Ranking Framework (NIRF) ranking for 2023 ...,The Federal,2023-06-05T15:54:19Z,2023,108,2,0,PT3M4S,unknown,https://www.youtube.com/watch?v=wTDNa5y5mPA,16,Relevant,NIRF rankings 2023: IIT Madras tops the charts again,nirf #iitmadras #iit The Ministry of Education has announced the National Institutional Ranking Framework (NIRF) ranking for 2023 .,NIRF rankings 2023: IIT Madras tops the charts again nirf #iitmadras #iit The Ministry of Education has announced the National Institutional Ranking Framework (NIRF) ranking for 2023 .
nBRzYPTVhho,Andhra University,rankings,NIRF,Andhra University NIRF,ADMISSION OPEN 2025-26 II B.Tech Biotechnology II NAAC A+/ NIRF 72/ NBA II VIGNAN UNIVERSITY,admission #vignan #vignanuniversity #B.Tech #biotechnology #biotech #guntur #andhrapradesh Vignan's Foundation for ...,ADMISSION EXPERTS,2023-03-14T13:26:12Z,2023,2527,7,1,PT2M36S,unknown,https://www.youtube.com/watch?v=nBRzYPTVhho,16,Relevant,ADMISSION OPEN 2025-26 II B.Tech Biotechnology II NAAC A+/ NIRF 72/ NBA II VIGNAN UNIVERSITY,admission #vignan #vignanuniversity #B.Tech #biotechnology #biotech #guntur #andhrapradesh Vignan's Foundation for .,ADMISSION OPEN 2025-26 II B.Tech Biotechnology II NAAC A+/ NIRF 72/ NBA II VIGNAN UNIVERSITY admission #vignan #vignanuniversity #B.Tech #biotechnology #biotech #guntur #andhrapradesh Vignan's Foundation for .
DvXi2VbZtsI,University of Madras,rankings,NIRF,University of Madras NIRF,"IIT Madras tops NIRF rankings for 7th straight year, IISc Bengaluru second",The National Institutional Ranking Framework (NIRF) 2025 is out — and the leaders remain unchanged at the top. IIT Madras has ...,Orissapost Live,2025-09-04T13:49:32Z,2025,29,0,0,PT1M37S,unknown,https://www.youtube.com/watch?v=DvXi2VbZtsI,16,Relevant,"IIT Madras tops NIRF rankings for 7th straight year, IISc Bengaluru second",The National Institutional Ranking Framework (NIRF) 2025 is out — and the leaders remain unchanged at the top. IIT Madras has .,"IIT Madras tops NIRF rankings for 7th straight year, IISc Bengaluru second The National Institutional Ranking Framework (NIRF) 2025 is out — and the leaders remain unchanged at the top. IIT Madras has ."
9Tkjx86K2NE,Sikkim University,rankings,NIRF,Sikkim University NIRF,The Roast Part 02 &amp; Palzor Stadium Sport&#39;s Vlog | Sikkim University |,The Roast Part 02 & Palzor Stadium Sport's Vlog | Sikkim University | Palzor Stadium Event Date : 29/06/23 #mscphysics ...,msc physics,2023-07-01T04:30:44Z,2023,152,6,0,PT30M19S,unknown,https://www.youtube.com/watch?v=9Tkjx86K2NE,16,Relevant,The Roast Part 02 & Palzor Stadium Sport's Vlog | Sikkim University |,The Roast Part 02 & Palzor Stadium Sport's Vlog | Sikkim University | Palzor Stadium Event Date : 29/06/23 #mscphysics .,The Roast Part 02 & Palzor Stadium Sport's Vlog | Sikkim University | The Roast Part 02 & Palzor Stadium Sport's Vlog | Sikkim University | Palzor Stadium Event Date : 29/06/23 #mscphysics .
UjfoAmgZTSQ,Sikkim University,rankings,NIRF,Sikkim University NIRF,Sikkim University Admission 2023 CUET Application(Started)- How to Fill Application Form Online Mode,Sikkim University 2023 Admission has been done through NTA CUET 2023. Sikkim University is a core university founding of ...,Indian Advance Studies,2023-03-03T10:09:22Z,2023,609,5,1,PT3M34S,unknown,https://www.youtube.com/watch?v=UjfoAmgZTSQ,16,Relevant,Sikkim University Admission 2023 CUET Application(Started)- How to Fill Application Form Online Mode,Sikkim University 2023 Admission has been done through NTA CUET 2023. Sikkim University is a core university founding of .,Sikkim University Admission 2023 CUET Application(Started)- How to Fill Application Form Online Mode Sikkim University 2023 Admission has been done through NTA CUET 2023. Sikkim University is a core university founding of .
TXRs8Dtrd0g,Sikkim University,rankings,NIRF,Sikkim University NIRF,Sikkim University Fest volleyball Final match Nepali vs. Merger department #sikkim #university #fest,Sikkim university Fest volleyball Final match Nepali vs Merger department #sikkim #university #fest “Sikkim University's new ...,Khambreemoo Vlog,2026-05-10T02:10:43Z,2026,143,9,3,PT7M19S,unknown,https://www.youtube.com/watch?v=TXRs8Dtrd0g,16,Relevant,Sikkim University Fest volleyball Final match Nepali vs. Merger department #sikkim #university #fest,Sikkim university Fest volleyball Final match Nepali vs Merger department #sikkim #university #fest “Sikkim University's new .,Sikkim University Fest volleyball Final match Nepali vs. Merger department #sikkim #university #fest Sikkim university Fest volleyball Final match Nepali vs Merger department #sikkim #university #fest “Sikkim University's new .
XWL6tS3KZpQ,Jadavpur University,rankings,NIRF,Jadavpur University NIRF,Best B.Tech colleges in West Bengal Part 2| Jadavpur University #shorts #btech #jadavpuruniversity,"About This Video In this episode of our West Bengal Engineering College Series, we take a closer look at Jadavpur University.",Career Counsellor Sudip 🎯,2023-11-04T13:57:18Z,2023,384,37,31,PT58S,unknown,https://www.youtube.com/watch?v=XWL6tS3KZpQ,16,Relevant,Best B.Tech colleges in West Bengal Part 2| Jadavpur University #shorts #btech #jadavpuruniversity,"About This Video In this episode of our West Bengal Engineering College Series, we take a closer look at Jadavpur University.","Best B.Tech colleges in West Bengal Part 2| Jadavpur University #shorts #btech #jadavpuruniversity About This Video In this episode of our West Bengal Engineering College Series, we take a closer look at Jadavpur University."
-tzqjr7xK5I,Sikkim University,rankings,NIRF,Sikkim University NIRF,sikkim university volleyball Final #sikkim #trending #viral #fest #sports #Sikkim University,sikkim university volleyball Final #sikkim #trending #viral #fest #sports #sikkim #trending #sikkimuniversity #volleyball #fest About ...,Khambreemoo Vlog,2026-05-11T01:07:52Z,2026,153,6,0,PT1M7S,unknown,https://www.youtube.com/watch?v=-tzqjr7xK5I,16,Relevant,sikkim university volleyball Final #sikkim #trending #viral #fest #sports #Sikkim University,sikkim university volleyball Final #sikkim #trending #viral #fest #sports #sikkim #trending #sikkimuniversity #volleyball #fest About .,sikkim university volleyball Final #sikkim #trending #viral #fest #sports #Sikkim University sikkim university volleyball Final #sikkim #trending #viral #fest #sports #sikkim #trending #sikkimuniversity #volleyball #fest About .
ANcpxgiFKEY,Sikkim University,rankings,NIRF,Sikkim University NIRF,Construction Of Sikkim University In Yangang On Full Swing and Speed For Early Completion,Construction Of Sikkim University In Yangang On Full Swing and Speed For Early Completion #sikkimuniversity #Yangang ...,The Voice Of Sikkim,2023-06-06T14:02:08Z,2023,5413,93,0,PT3M36S,unknown,https://www.youtube.com/watch?v=ANcpxgiFKEY,16,Relevant,Construction Of Sikkim University In Yangang On Full Swing and Speed For Early Completion,Construction Of Sikkim University In Yangang On Full Swing and Speed For Early Completion #sikkimuniversity #Yangang .,Construction Of Sikkim University In Yangang On Full Swing and Speed For Early Completion Construction Of Sikkim University In Yangang On Full Swing and Speed For Early Completion #sikkimuniversity #Yangang .
B_2f9o3vwEM,Patna University,rankings,NIRF,Patna University NIRF,Patna University में टूटे RO पर भड़का लड़का गवर्नर Arif Mohammad Khan को कैंपस क्यों बुला रहा?,"Patna University, once called the “Oxford of the East,” is today struggling with broken infrastructure, poor facilities, lack of quality ...",News Pinch,2025-09-29T07:30:05Z,2025,142834,7259,86,PT1M4S,unknown,https://www.youtube.com/watch?v=B_2f9o3vwEM,16,Relevant,Patna University में टूटे RO पर भड़का लड़का गवर्नर Arif Mohammad Khan को कैंपस क्यों बुला रहा?,"Patna University, once called the “Oxford of the East,” is today struggling with broken infrastructure, poor facilities, lack of quality .","Patna University में टूटे RO पर भड़का लड़का गवर्नर Arif Mohammad Khan को कैंपस क्यों बुला रहा? Patna University, once called the “Oxford of the East,” is today struggling with broken infrastructure, poor facilities, lack of quality ."
296lZIsyAek,Central University of South Bihar,rankings,NIRF,Central University of South Bihar NIRF,Central University of South Bihar CUET 2026 Expected Cutoff &amp; Safe Score | CUSB CUET Cutoff,Central University of South Bihar CUET 2026 Expected Cutoff & Safe Score | CUSB CUET Cutoff Join our paid counselling batch ...,The Social Class,2026-06-29T04:30:17Z,2026,3708,0,108,PT11M30S,unknown,https://www.youtube.com/watch?v=296lZIsyAek,16,Relevant,Central University of South Bihar CUET 2026 Expected Cutoff & Safe Score | CUSB CUET Cutoff,Central University of South Bihar CUET 2026 Expected Cutoff & Safe Score | CUSB CUET Cutoff Join our paid counselling batch .,Central University of South Bihar CUET 2026 Expected Cutoff & Safe Score | CUSB CUET Cutoff Central University of South Bihar CUET 2026 Expected Cutoff & Safe Score | CUSB CUET Cutoff Join our paid counselling batch .
w0DtJPpxvKU,SRM Institute of Science and Technology,rankings,NIRF,SRM Institute of Science and Technology NIRF,SRM Medical College Hospital and Research Centre | SRMIST,"Join one of the best private medical colleges in the country, ranked 18th by NIRF! ~ Highly ranked and globally recognized ...",SRM Institute of Science and Technology,2024-11-16T09:45:52Z,2024,1240,8,0,PT1M54S,unknown,https://www.youtube.com/watch?v=w0DtJPpxvKU,16,Relevant,SRM Medical College Hospital and Research Centre | SRMIST,"Join one of the best private medical colleges in the country, ranked 18th by NIRF! ~ Highly ranked and globally recognized .","SRM Medical College Hospital and Research Centre | SRMIST Join one of the best private medical colleges in the country, ranked 18th by NIRF! ~ Highly ranked and globally recognized ."
3nO9Xruk7ME,Osmania University,rankings,NIRF,Osmania University NIRF,osmania university College of engineering #collegelife #osmaniauniversity,osmania university College of engineering collegelife osmaniauniversity.,Life of Narender,2023-04-30T11:34:18Z,2023,10208,138,13,PT11S,unknown,https://www.youtube.com/watch?v=3nO9Xruk7ME,16,Relevant,osmania university College of engineering #collegelife #osmaniauniversity,osmania university College of engineering collegelife osmaniauniversity.,osmania university College of engineering #collegelife #osmaniauniversity osmania university College of engineering collegelife osmaniauniversity.
sa1nz2PJ7C4,Central University of South Bihar,rankings,NIRF,Central University of South Bihar NIRF,All About Central University of South Bihar | Courses | Cutoff | Fee | Hostel | Facilities,All About Central University of South Bihar | Courses | Cutoff | Fee | Hostel | Facilities CUET UG 2026 की तैयारी के ...,Basic Siksha -CUET Exam,2026-06-12T11:30:07Z,2026,9035,220,195,PT10M24S,unknown,https://www.youtube.com/watch?v=sa1nz2PJ7C4,16,Relevant,All About Central University of South Bihar | Courses | Cutoff | Fee | Hostel | Facilities,All About Central University of South Bihar | Courses | Cutoff | Fee | Hostel | Facilities CUET UG 2026 की तैयारी के .,All About Central University of South Bihar | Courses | Cutoff | Fee | Hostel | Facilities All About Central University of South Bihar | Courses | Cutoff | Fee | Hostel | Facilities CUET UG 2026 की तैयारी के .
zv2ppXmNCV0,Patna University,rankings,NIRF,Patna University NIRF,Patna University की कैंटीन में ऐसा क्या पकता दिखा जिसकी उम्मीद नहीं थी? Darbhanga House,"Patna University, once called the “Oxford of the East,” is today struggling with broken infrastructure, poor facilities, lack of quality ...",News Pinch,2025-09-29T12:31:14Z,2025,1156719,34591,386,PT1M16S,unknown,https://www.youtube.com/watch?v=zv2ppXmNCV0,16,Relevant,Patna University की कैंटीन में ऐसा क्या पकता दिखा जिसकी उम्मीद नहीं थी? Darbhanga House,"Patna University, once called the “Oxford of the East,” is today struggling with broken infrastructure, poor facilities, lack of quality .","Patna University की कैंटीन में ऐसा क्या पकता दिखा जिसकी उम्मीद नहीं थी? Darbhanga House Patna University, once called the “Oxford of the East,” is today struggling with broken infrastructure, poor facilities, lack of quality ."
RE8DY_RhYXI,Central University of South Bihar,rankings,NIRF,Central University of South Bihar NIRF,Central university of south bihar#cuet#shortfeed#ytshort#trending#viralshorts#shorts#cusb#cuet#Neet#,Central university of south bihar#cuet#shortfeed#ytshort#trending#viralshorts#shorts#youtubevideo#new central university of ...,Dream college cuet,2024-11-29T10:38:40Z,2024,7295,0,1,PT10S,unknown,https://www.youtube.com/watch?v=RE8DY_RhYXI,16,Relevant,Central university of south bihar#cuet#shortfeed#ytshort#trending#viralshorts#shorts#cusb#cuet#Neet#,Central university of south bihar#cuet#shortfeed#ytshort#trending#viralshorts#shorts#youtubevideo#new central university of .,Central university of south bihar#cuet#shortfeed#ytshort#trending#viralshorts#shorts#cusb#cuet#Neet# Central university of south bihar#cuet#shortfeed#ytshort#trending#viralshorts#shorts#youtubevideo#new central university of .
lcVbd5a-rIM,SRM Institute of Science and Technology,rankings,NIRF,SRM Institute of Science and Technology NIRF,Goals AND Growth of a Biochemistry Student | SRM FSH | SRMIST,"Dive into Mr. Ernie First Lyngdoh's experiences at SRM Faculty of Science and Humanities, where his MSc Biochemistry journey ...",SRM Institute of Science and Technology,2024-09-08T12:30:36Z,2024,151253,224,0,PT1M14S,unknown,https://www.youtube.com/watch?v=lcVbd5a-rIM,16,Relevant,Goals AND Growth of a Biochemistry Student | SRM FSH | SRMIST,"Dive into Mr. Ernie First Lyngdoh's experiences at SRM Faculty of Science and Humanities, where his MSc Biochemistry journey .","Goals AND Growth of a Biochemistry Student | SRM FSH | SRMIST Dive into Mr. Ernie First Lyngdoh's experiences at SRM Faculty of Science and Humanities, where his MSc Biochemistry journey ."
RX_r5TLCaMs,Central University of South Bihar,rankings,NIRF,Central University of South Bihar NIRF,"Central University of South Bihar Admission 2026 | B.A.-B.Ed &amp; B.Sc.-B.Ed | Eligibility, Fees &amp; S...","Central University of South Bihar Admission 2026 | B.A.-B.Ed & B.Sc.-B.Ed | Eligibility, Fees & Seat Are you planning to take ...",The information world,2026-06-06T01:41:04Z,2026,1692,55,147,PT5M22S,unknown,https://www.youtube.com/watch?v=RX_r5TLCaMs,16,Relevant,"Central University of South Bihar Admission 2026 | B.A.-B.Ed & B.Sc.-B.Ed | Eligibility, Fees & S.","Central University of South Bihar Admission 2026 | B.A.-B.Ed & B.Sc.-B.Ed | Eligibility, Fees & Seat Are you planning to take .","Central University of South Bihar Admission 2026 | B.A.-B.Ed & B.Sc.-B.Ed | Eligibility, Fees & S. Central University of South Bihar Admission 2026 | B.A.-B.Ed & B.Sc.-B.Ed | Eligibility, Fees & Seat Are you planning to take ."
X-8C6Xl-yRk,Central University of South Bihar,rankings,NIRF,Central University of South Bihar NIRF,CUET PG 2026🚨| Central University of South Bihar Counselling Start✅| All University Update Last Date,CUET PG 2026  | Central University of South Bihar Counselling Start✓| All University Update Last Date Whatsapp Link   Follow ...,CUET Universities Update,2026-05-26T12:08:31Z,2026,961,16,27,PT8M27S,unknown,https://www.youtube.com/watch?v=X-8C6Xl-yRk,16,Relevant,CUET PG 2026🚨| Central University of South Bihar Counselling Start✅| All University Update Last Date,CUET PG 2026 | Central University of South Bihar Counselling Start✓| All University Update Last Date Whatsapp Link Follow .,CUET PG 2026🚨| Central University of South Bihar Counselling Start✅| All University Update Last Date CUET PG 2026 | Central University of South Bihar Counselling Start✓| All University Update Last Date Whatsapp Link Follow .
k1j77Z0X5Ds,Aligarh Muslim University,rankings,NIRF,Aligarh Muslim University NIRF,Aligarh muslim university BTech Colleges low fees engineering college #amu,Aligarh muslim university BTech Colleges low fees engineering college #amu.,Counselling update,2023-06-24T06:54:32Z,2023,6922,119,10,PT15S,unknown,https://www.youtube.com/watch?v=k1j77Z0X5Ds,16,Relevant,Aligarh muslim university BTech Colleges low fees engineering college #amu,Aligarh muslim university BTech Colleges low fees engineering college #amu.,Aligarh muslim university BTech Colleges low fees engineering college #amu Aligarh muslim university BTech Colleges low fees engineering college #amu.
pqszEvwRvic,BML Munjal University,rankings,NIRF,BML Munjal University NIRF,"BML Munjal University MBA Complete Guide 2026 | Admission Process, Eligibility, Fees, Scholarships",BML Munjal MBA FAQs 2026 & Full Info | Shiksha Nerd Agar aap MBA 2026 ke liye BML Munjal University (BMU) ko consider kar ...,Shiksha Nerd,2026-01-06T10:30:38Z,2026,2646,0,4,PT6M31S,unknown,https://www.youtube.com/watch?v=pqszEvwRvic,16,Relevant,"BML Munjal University MBA Complete Guide 2026 | Admission Process, Eligibility, Fees, Scholarships",BML Munjal MBA FAQs 2026 & Full Info | Shiksha Nerd Agar aap MBA 2026 ke liye BML Munjal University (BMU) ko consider kar .,"BML Munjal University MBA Complete Guide 2026 | Admission Process, Eligibility, Fees, Scholarships BML Munjal MBA FAQs 2026 & Full Info | Shiksha Nerd Agar aap MBA 2026 ke liye BML Munjal University (BMU) ko consider kar ."
HFQdytUO_2Y,College of Engineering Pune,rankings,NIRF,College of Engineering Pune NIRF,College of Engineering Pune (COEP) Review 2026 🎯 | Fees vs Placements vs Cutoff | Btech360,"College of Engineering Pune (COEP) Full Review 2026 | Fees, Placements, Cutoff, Admission Process & Reality Check ...",Btech360,2026-03-28T10:01:09Z,2026,4145,93,22,PT22M50S,unknown,https://www.youtube.com/watch?v=HFQdytUO_2Y,16,Relevant,College of Engineering Pune (COEP) Review 2026 🎯 | Fees vs Placements vs Cutoff | Btech360,"College of Engineering Pune (COEP) Full Review 2026 | Fees, Placements, Cutoff, Admission Process & Reality Check .","College of Engineering Pune (COEP) Review 2026 🎯 | Fees vs Placements vs Cutoff | Btech360 College of Engineering Pune (COEP) Full Review 2026 | Fees, Placements, Cutoff, Admission Process & Reality Check ."
wutx6pY-Bx0,BML Munjal University,rankings,NIRF,BML Munjal University NIRF,"BML Munjal University MBA Review 2026 | Fees, Placements, ROI, Scholarships, | Honest Analysis 🔥","BML Munjal University (Hero Group Initiative) was established in 2014 in Kapriwas, Haryana . In this video, we discuss ...",Sanjay Chaudhary (Dreamz India Education),2026-02-22T04:30:42Z,2026,1422,5,0,PT8M1S,unknown,https://www.youtube.com/watch?v=wutx6pY-Bx0,16,Relevant,"BML Munjal University MBA Review 2026 | Fees, Placements, ROI, Scholarships, | Honest Analysis 🔥","BML Munjal University (Hero Group Initiative) was established in 2014 in Kapriwas, Haryana . In this video, we discuss .","BML Munjal University MBA Review 2026 | Fees, Placements, ROI, Scholarships, | Honest Analysis 🔥 BML Munjal University (Hero Group Initiative) was established in 2014 in Kapriwas, Haryana . In this video, we discuss ."
3w-08PEttog,BML Munjal University,rankings,NIRF,BML Munjal University NIRF,"BML Munjal University BBA: Fees, Placements &amp; Reality Check!","BML Munjal University mein BBA karna worth it hai ya nahi? Agar aap Class 12 ke student ho aur BBA after 12th plan kar rahe ho, ...",Everything For BBA,2025-11-20T15:00:08Z,2025,342,5,1,PT6M52S,unknown,https://www.youtube.com/watch?v=3w-08PEttog,16,Relevant,"BML Munjal University BBA: Fees, Placements & Reality Check!","BML Munjal University mein BBA karna worth it hai ya nahi? Agar aap Class 12 ke student ho aur BBA after 12th plan kar rahe ho, .","BML Munjal University BBA: Fees, Placements & Reality Check! BML Munjal University mein BBA karna worth it hai ya nahi? Agar aap Class 12 ke student ho aur BBA after 12th plan kar rahe ho, ."
oudTkpMRggw,Delhi University,rankings,NIRF,Delhi University NIRF,#Vikas divyakirtti sir #Miranda house #DU #Nirf rank 1 ✨✨,,Simran Kamboj,2023-09-17T04:44:11Z,2023,5088,0,0,PT17S,unknown,https://www.youtube.com/watch?v=oudTkpMRggw,16,Relevant,#Vikas divyakirtti sir #Miranda house #DU #Nirf rank 1 ✨✨,,#Vikas divyakirtti sir #Miranda house #DU #Nirf rank 1 ✨✨
uWkI2d5aEfY,Jamia Millia Islamia,rankings,NIRF,Jamia Millia Islamia NIRF,"Jamia Millia Islamia Central University Admission Details Out | Form ,Pattern ,Exam Date ,Fees","Jamia Millia Islamia Central University Admission Details Out | Form ,Pattern ,Exam Date ,Fees | amia Millia Islamia Central ...",CUET PG Wallah,2026-02-23T06:45:06Z,2026,25808,587,74,PT10M53S,unknown,https://www.youtube.com/watch?v=uWkI2d5aEfY,16,Relevant,"Jamia Millia Islamia Central University Admission Details Out | Form ,Pattern ,Exam Date ,Fees","Jamia Millia Islamia Central University Admission Details Out | Form ,Pattern ,Exam Date ,Fees | amia Millia Islamia Central .","Jamia Millia Islamia Central University Admission Details Out | Form ,Pattern ,Exam Date ,Fees Jamia Millia Islamia Central University Admission Details Out | Form ,Pattern ,Exam Date ,Fees | amia Millia Islamia Central ."
H-Sf0c7qXF8,BML Munjal University,rankings,NIRF,BML Munjal University NIRF,"All ABout BML Munjal University 2026 | AI &amp; Data Science, CSE, Robotics | BMU #shorts #jee2026","All ABout BML Munjal University 2026 | AI & Data Science, CSE, Robotics | BMU #shorts #jee2026.",Vedantu College Connect,2026-04-23T15:24:43Z,2026,24344,750,39,PT1M37S,unknown,https://www.youtube.com/watch?v=H-Sf0c7qXF8,16,Relevant,"All ABout BML Munjal University 2026 | AI & Data Science, CSE, Robotics | BMU #shorts #jee2026","All ABout BML Munjal University 2026 | AI & Data Science, CSE, Robotics | BMU #shorts #jee2026.","All ABout BML Munjal University 2026 | AI & Data Science, CSE, Robotics | BMU #shorts #jee2026 All ABout BML Munjal University 2026 | AI & Data Science, CSE, Robotics | BMU #shorts #jee2026."
JObhofjjGeo,Jamia Millia Islamia,rankings,NIRF,Jamia Millia Islamia NIRF,"Jamia Millia Islamia Admission 2026🔥Minimum Cutoff, Placements, ROI &amp;Campus Honest Review","This video gives a complete, data-driven review of Jamia Millia Islamia (JMI) for JEE Main aspirants — covering placements, cutoff ...",Btech360,2026-03-01T06:37:50Z,2026,1477,30,23,PT12M10S,unknown,https://www.youtube.com/watch?v=JObhofjjGeo,16,Relevant,"Jamia Millia Islamia Admission 2026🔥Minimum Cutoff, Placements, ROI &Campus Honest Review","This video gives a complete, data-driven review of Jamia Millia Islamia (JMI) for JEE Main aspirants — covering placements, cutoff .","Jamia Millia Islamia Admission 2026🔥Minimum Cutoff, Placements, ROI &Campus Honest Review This video gives a complete, data-driven review of Jamia Millia Islamia (JMI) for JEE Main aspirants — covering placements, cutoff ."
71NC71C9jw4,Jawaharlal Nehru University,rankings,NIRF,Jawaharlal Nehru University NIRF,Top 10 Universities in India as per NIRF 2025 #top10  #universitiesinindia #education #university,Best Universities in India as per nifr ranking 2025. #nirfranking #nirf #2025 #top10universities #topuniversities #top10 #iisc #jnu ...,PDO Jasim,2025-10-11T04:14:33Z,2025,995,6,0,PT28S,unknown,https://www.youtube.com/watch?v=71NC71C9jw4,16,Relevant,Top 10 Universities in India as per NIRF 2025 #top10 #universitiesinindia #education #university,Best Universities in India as per nifr ranking 2025. #nirfranking #nirf #2025 #top10universities #topuniversities #top10 #iisc #jnu .,Top 10 Universities in India as per NIRF 2025 #top10 #universitiesinindia #education #university Best Universities in India as per nifr ranking 2025. #nirfranking #nirf #2025 #top10universities #topuniversities #top10 #iisc #jnu .
kMr9uEIf5mM,Harcourt Butler Technical University,rankings,NIRF,Harcourt Butler Technical University NIRF,"HBTU Ranking Breakdown | Collegedunia, NIRF &amp; India Today! (Check This) #HBTU #BTech #Engineering",For more details: https://shorturl.at/YSY8U How high does HBTU KANPUR rank in INDIA right now? Let's break it down.,Collegedunia,2025-10-04T13:01:28Z,2025,289,2,0,PT46S,unknown,https://www.youtube.com/watch?v=kMr9uEIf5mM,16,Relevant,"HBTU Ranking Breakdown | Collegedunia, NIRF & India Today! (Check This) #HBTU #BTech #Engineering",For more details: How high does HBTU KANPUR rank in INDIA right now? Let's break it down.,"HBTU Ranking Breakdown | Collegedunia, NIRF & India Today! (Check This) #HBTU #BTech #Engineering For more details: How high does HBTU KANPUR rank in INDIA right now? Let's break it down."
icflvgPOBqQ,Aligarh Muslim University,rankings,NIRF,Aligarh Muslim University NIRF,Aligarh Muslim University-AMU | Miracle of Journey,Aligarh Muslim University-AMU | Miracle of Journey #ytshorts #ytvideo #youtuber #alightmotion #amu #travelvlog #travel #vlog ...,Miracle of Journey,2023-08-10T03:41:00Z,2023,230,0,2,PT6M40S,unknown,https://www.youtube.com/watch?v=icflvgPOBqQ,16,Relevant,Aligarh Muslim University-AMU | Miracle of Journey,Aligarh Muslim University-AMU | Miracle of Journey #ytshorts #ytvideo #youtuber #alightmotion #amu #travelvlog #travel #vlog .,Aligarh Muslim University-AMU | Miracle of Journey Aligarh Muslim University-AMU | Miracle of Journey #ytshorts #ytvideo #youtuber #alightmotion #amu #travelvlog #travel #vlog .
LmrdnIlRhqM,BML Munjal University,rankings,NIRF,BML Munjal University NIRF,Model United Nations 2024 | BML Munjal University | Therain visuals #bmlmunjaluniversity #mun #bmu,Model United Nations at BML Munjal University.,Therain visuals,2024-10-31T18:04:24Z,2024,678,19,1,PT39S,unknown,https://www.youtube.com/watch?v=LmrdnIlRhqM,16,Relevant,Model United Nations 2024 | BML Munjal University | Therain visuals #bmlmunjaluniversity #mun #bmu,Model United Nations at BML Munjal University.,Model United Nations 2024 | BML Munjal University | Therain visuals #bmlmunjaluniversity #mun #bmu Model United Nations at BML Munjal University.
OPjwBytR-3s,BML Munjal University,rankings,NIRF,BML Munjal University NIRF,"BML Munjal University Review 2026 | Fees, Placement, Admission Criteria, ROI, Campus",BML Munjal University (Hero Group Initiative) is one of the well-known private universities in Haryana offering an industry-oriented ...,Sanjay Chaudhary (Dreamz India Education),2025-12-02T10:40:25Z,2025,3659,14,1,PT8M1S,unknown,https://www.youtube.com/watch?v=OPjwBytR-3s,16,Relevant,"BML Munjal University Review 2026 | Fees, Placement, Admission Criteria, ROI, Campus",BML Munjal University (Hero Group Initiative) is one of the well-known private universities in Haryana offering an industry-oriented .,"BML Munjal University Review 2026 | Fees, Placement, Admission Criteria, ROI, Campus BML Munjal University (Hero Group Initiative) is one of the well-known private universities in Haryana offering an industry-oriented ."
UfrFMZRieis,Banaras Hindu University,rankings,NIRF,Banaras Hindu University NIRF,IIT BHU Non Faculty Recruitment 2023 | BANARAS HINDU UNIVERSITY | #iitbhu #banarashinduuniversity,IIT BHU Non Faculty Recruitment 2023 | BANARAS HINDU UNIVERSITY | #iitbhu #iit #iitbanaras #bhu #banarashinduuniversity ...,Study with RaviGautam,2023-02-25T12:00:29Z,2023,7876,0,0,PT7S,unknown,https://www.youtube.com/watch?v=UfrFMZRieis,16,Relevant,IIT BHU Non Faculty Recruitment 2023 | BANARAS HINDU UNIVERSITY | #iitbhu #banarashinduuniversity,IIT BHU Non Faculty Recruitment 2023 | BANARAS HINDU UNIVERSITY | #iitbhu #iit #iitbanaras #bhu #banarashinduuniversity .,IIT BHU Non Faculty Recruitment 2023 | BANARAS HINDU UNIVERSITY | #iitbhu #banarashinduuniversity IIT BHU Non Faculty Recruitment 2023 | BANARAS HINDU UNIVERSITY | #iitbhu #iit #iitbanaras #bhu #banarashinduuniversity .
W6JWAvmdMDg,Dibrugarh University,rankings,NIRF,Dibrugarh University NIRF,"Gauhati University Complete Guide 2025: Review, Ranking, Fees &amp; Admission Explained","Here's everything you need to know about Gauhati University, Establishment year: 1948, NIRF Ranking 2024: 40 ...",shiksha.com,2025-07-21T10:30:22Z,2025,11745,170,6,PT1M36S,unknown,https://www.youtube.com/watch?v=W6JWAvmdMDg,16,Relevant,"Gauhati University Complete Guide 2025: Review, Ranking, Fees & Admission Explained","Here's everything you need to know about Gauhati University, Establishment year: 1948, NIRF Ranking 2024: 40 .","Gauhati University Complete Guide 2025: Review, Ranking, Fees & Admission Explained Here's everything you need to know about Gauhati University, Establishment year: 1948, NIRF Ranking 2024: 40 ."
6HhFjgAzCwQ,BML Munjal University,rankings,NIRF,BML Munjal University NIRF,"BML Munjal University MBA Review  | Fees, Placements, Admission, ROI, Campus Life &amp; Full Details","BML Munjal University MBA Review 2025 | Complete Guide for MBA Aspirants (Gurugram Campus) In this video, I review BML ...",Praful Agarwal (Vidhyapeeth Education),2025-12-09T06:30:07Z,2025,696,5,1,PT6M42S,unknown,https://www.youtube.com/watch?v=6HhFjgAzCwQ,16,Relevant,"BML Munjal University MBA Review | Fees, Placements, Admission, ROI, Campus Life & Full Details","BML Munjal University MBA Review 2025 | Complete Guide for MBA Aspirants (Gurugram Campus) In this video, I review BML .","BML Munjal University MBA Review | Fees, Placements, Admission, ROI, Campus Life & Full Details BML Munjal University MBA Review 2025 | Complete Guide for MBA Aspirants (Gurugram Campus) In this video, I review BML ."
gh2V0-qZ5BI,Shri Shankaracharya Technical Campus Bhilai,rankings,NIRF,Shri Shankaracharya Technical Campus Bhilai NIRF,"Rungta college Bhilai (Nirf ranking 101-150 ,maximum package 48 lPA )🖱️🖥️",Rungta college of engineering and technology bhilai is one of the renowned institution in bhilai Chattisgarh. Ranking 101-150 in ...,Mingeniare ,2023-06-10T12:33:26Z,2023,414,22,23,PT5M28S,unknown,https://www.youtube.com/watch?v=gh2V0-qZ5BI,16,Relevant,"Rungta college Bhilai (Nirf ranking 101-150 ,maximum package 48 lPA )🖱️🖥️",Rungta college of engineering and technology bhilai is one of the renowned institution in bhilai Chattisgarh. Ranking 101-150 in .,"Rungta college Bhilai (Nirf ranking 101-150 ,maximum package 48 lPA )🖱️🖥️ Rungta college of engineering and technology bhilai is one of the renowned institution in bhilai Chattisgarh. Ranking 101-150 in ."
N3Bsr_dXWyU,Veermata Jijabai Technological Institute,rankings,NIRF,Veermata Jijabai Technological Institute NIRF,Veermata Jijabai Technological Institute (VJTI) Mumbai Review in 1 minute #shorts,"WhatsApp ""Guide"" to 8585951111 and jumpstart your career today! Veermata Jijabai Technological Institute (VJTI) Mumbai ...",shiksha.com,2023-03-27T13:30:14Z,2023,10979,357,8,PT56S,unknown,https://www.youtube.com/watch?v=N3Bsr_dXWyU,16,Relevant,Veermata Jijabai Technological Institute (VJTI) Mumbai Review in 1 minute #shorts,"WhatsApp ""Guide"" to 8585951111 and jumpstart your career today! Veermata Jijabai Technological Institute (VJTI) Mumbai .","Veermata Jijabai Technological Institute (VJTI) Mumbai Review in 1 minute #shorts WhatsApp ""Guide"" to 8585951111 and jumpstart your career today! Veermata Jijabai Technological Institute (VJTI) Mumbai ."
xceiHHUCWu0,North Eastern Hill University,rankings,NIRF,North Eastern Hill University NIRF,"North Eastern Hill University (NEHU) CUET 2026 Cutoff, Eligibility, Courses Available, Admission","North Eastern Hill University (NEHU) CUET 2026 Admission, Courses, Eligibility & Cutoff | Complete Details If you're planning to ...",The Social Class,2025-10-12T11:30:06Z,2025,8347,0,131,PT5M18S,unknown,https://www.youtube.com/watch?v=xceiHHUCWu0,16,Relevant,"North Eastern Hill University (NEHU) CUET 2026 Cutoff, Eligibility, Courses Available, Admission","North Eastern Hill University (NEHU) CUET 2026 Admission, Courses, Eligibility & Cutoff | Complete Details If you're planning to .","North Eastern Hill University (NEHU) CUET 2026 Cutoff, Eligibility, Courses Available, Admission North Eastern Hill University (NEHU) CUET 2026 Admission, Courses, Eligibility & Cutoff | Complete Details If you're planning to ."
3jsCLjAMW2g,North Eastern Hill University,rankings,NIRF,North Eastern Hill University NIRF,"North Eastern Hill University | NEHU Campus, Hostel, Food, Placement &amp; Student Life Reality #nehu","North Eastern Hill University | NEHU Campus, Hostel, Food, Placement & Student Life Reality | Anup #nehu #cuetpg #anupkumar ...",CUET PG : ContinueGroup,2026-04-16T07:59:10Z,2026,3401,86,46,PT31M5S,unknown,https://www.youtube.com/watch?v=3jsCLjAMW2g,16,Relevant,"North Eastern Hill University | NEHU Campus, Hostel, Food, Placement & Student Life Reality #nehu","North Eastern Hill University | NEHU Campus, Hostel, Food, Placement & Student Life Reality | Anup #nehu #cuetpg #anupkumar .","North Eastern Hill University | NEHU Campus, Hostel, Food, Placement & Student Life Reality #nehu North Eastern Hill University | NEHU Campus, Hostel, Food, Placement & Student Life Reality | Anup #nehu #cuetpg #anupkumar ."
j521OeNk4iw,BML Munjal University,rankings,NIRF,BML Munjal University NIRF,"BML Munjal University MBA Review | Admissions, Fees, Placements, ROI","Planning the BML Munjal University (BMU) MBA? In this Shiksha Nerd review, we break down admissions & eligibility, program ...",Shiksha Nerd,2025-12-05T12:31:24Z,2025,6118,0,0,PT5M13S,unknown,https://www.youtube.com/watch?v=j521OeNk4iw,16,Relevant,"BML Munjal University MBA Review | Admissions, Fees, Placements, ROI","Planning the BML Munjal University (BMU) MBA? In this Shiksha Nerd review, we break down admissions & eligibility, program .","BML Munjal University MBA Review | Admissions, Fees, Placements, ROI Planning the BML Munjal University (BMU) MBA? In this Shiksha Nerd review, we break down admissions & eligibility, program ."
6FGC5_t4Olo,Jamia Millia Islamia,rankings,NIRF,Jamia Millia Islamia NIRF,"Jamia Millia Islamia B.Ed. ODL Entrance Exam 2026 | Form Date, Exam Pattern, Syllabus &amp; Exam Date",Jamia Millia Islamia (JMI) B.Ed ODL Entrance Exam 2026 की Complete Information इस वीडियो में दी गई है।,A2 Classess App,2026-01-25T14:25:07Z,2026,227,6,2,PT7M24S,unknown,https://www.youtube.com/watch?v=6FGC5_t4Olo,16,Relevant,"Jamia Millia Islamia B.Ed. ODL Entrance Exam 2026 | Form Date, Exam Pattern, Syllabus & Exam Date",Jamia Millia Islamia (JMI) B.Ed ODL Entrance Exam 2026 की Complete Information इस वीडियो में दी गई है।,"Jamia Millia Islamia B.Ed. ODL Entrance Exam 2026 | Form Date, Exam Pattern, Syllabus & Exam Date Jamia Millia Islamia (JMI) B.Ed ODL Entrance Exam 2026 की Complete Information इस वीडियो में दी गई है।"
o2I45yUFaYs,BML Munjal University,rankings,NIRF,BML Munjal University NIRF,"BML Munjal University - Review | Fees, Admission Process &amp; Courses | Harsh Sir",BML Munjal University - https://vdnt.in/short?q=Hd7Wh ---------------------------------------------------------------------------------------- Enroll ...,Vedantu JEE Made Ejee,2025-06-17T14:38:16Z,2025,26661,489,177,PT26M21S,unknown,https://www.youtube.com/watch?v=o2I45yUFaYs,16,Relevant,"BML Munjal University - Review | Fees, Admission Process & Courses | Harsh Sir",BML Munjal University - ---------------------------------------------------------------------------------------- Enroll .,"BML Munjal University - Review | Fees, Admission Process & Courses | Harsh Sir BML Munjal University - ---------------------------------------------------------------------------------------- Enroll ."
T18Q5cl7cTk,BML Munjal University,rankings,NIRF,BML Munjal University NIRF,"Is BML Munjal University MBA Worth It? 🤔 | Fees, Placements, Admission Process | MBA Admission 2026","Is BML Munjal University MBA Worth It? | Fees, Placements, Admission Process | MBA Admission 2026 FAJLE JEE-CAT ...",FAJLE JEE-CAT,2026-03-05T15:03:46Z,2026,418,9,3,PT5M25S,unknown,https://www.youtube.com/watch?v=T18Q5cl7cTk,16,Relevant,"Is BML Munjal University MBA Worth It? 🤔 | Fees, Placements, Admission Process | MBA Admission 2026","Is BML Munjal University MBA Worth It? | Fees, Placements, Admission Process | MBA Admission 2026 FAJLE JEE-CAT .","Is BML Munjal University MBA Worth It? 🤔 | Fees, Placements, Admission Process | MBA Admission 2026 Is BML Munjal University MBA Worth It? | Fees, Placements, Admission Process | MBA Admission 2026 FAJLE JEE-CAT ."
ACSs4s0jSQk,Jawaharlal Nehru University,rankings,NIRF,Jawaharlal Nehru University NIRF,Top 10 best universities in India by NIRF ranking. #top #university #jnu #youtube #shorts,,BestXList,2023-10-13T16:35:36Z,2023,111,1,0,PT40S,unknown,https://www.youtube.com/watch?v=ACSs4s0jSQk,16,Relevant,Top 10 best universities in India by NIRF ranking. #top #university #jnu #youtube #shorts,,Top 10 best universities in India by NIRF ranking. #top #university #jnu #youtube #shorts
Q5d5FVUMtZA,BML Munjal University,rankings,NIRF,BML Munjal University NIRF,BML Munjal University Gurgaon B.Tech Course के लिए कैसी हैं? #shortsvideo #bmlmunjaluniversitybtech,BML Munjal University Gurgaon B.Tech Course के लिए कैसी हैं? #shortsvideo #bmlmunjaluniversitybtech ...,vidhyaa.in,2024-11-20T09:00:22Z,2024,1263,16,0,PT57S,unknown,https://www.youtube.com/watch?v=Q5d5FVUMtZA,16,Relevant,BML Munjal University Gurgaon B.Tech Course के लिए कैसी हैं? #shortsvideo #bmlmunjaluniversitybtech,BML Munjal University Gurgaon B.Tech Course के लिए कैसी हैं? #shortsvideo #bmlmunjaluniversitybtech .,BML Munjal University Gurgaon B.Tech Course के लिए कैसी हैं? #shortsvideo #bmlmunjaluniversitybtech BML Munjal University Gurgaon B.Tech Course के लिए कैसी हैं? #shortsvideo #bmlmunjaluniversitybtech .
e3VgzGbbHh0,Jamia Millia Islamia,rankings,NIRF,Jamia Millia Islamia NIRF,BBC Documentary Row: JNU के बाद अब Jamia Millia Islamia में भी जमकर बवाल। New Delhi। PM Modi,BBC documentary row: JNU के बाद अब Jamia Millia Islamia में भी जमकर बवाल। New Delhi। PM Modi ...,News18 UP Uttarakhand,2023-01-25T13:46:52Z,2023,361,5,0,PT3M13S,unknown,https://www.youtube.com/watch?v=e3VgzGbbHh0,16,Relevant,BBC Documentary Row: JNU के बाद अब Jamia Millia Islamia में भी जमकर बवाल। New Delhi। PM Modi,BBC documentary row: JNU के बाद अब Jamia Millia Islamia में भी जमकर बवाल। New Delhi। PM Modi .,BBC Documentary Row: JNU के बाद अब Jamia Millia Islamia में भी जमकर बवाल। New Delhi। PM Modi BBC documentary row: JNU के बाद अब Jamia Millia Islamia में भी जमकर बवाल। New Delhi। PM Modi .
2bYgubFx2LM,Pondicherry University,rankings,NIRF,Pondicherry University NIRF,NIRF ranking top 34 tamilnadu engineering colleges list,NIRF #tamilnadu#engineering_college.,Future Academy Sivakarthi,2023-04-11T07:25:53Z,2023,745,7,4,PT7M4S,unknown,https://www.youtube.com/watch?v=2bYgubFx2LM,16,Relevant,NIRF ranking top 34 tamilnadu engineering colleges list,NIRF #tamilnadu#engineering_college.,NIRF ranking top 34 tamilnadu engineering colleges list NIRF #tamilnadu#engineering_college.
xRdc2ZFc_OQ,College of Engineering Pune,rankings,NIRF,College of Engineering Pune NIRF,NIRF Ranking 2023 | National Institutional Ranking Framework | UPSC | NEXT IAS,UPSC CSE Current Affairs NEWS in 60 Seconds! The Ministry of Education released the National Institutional Ranking ...,NEXT IAS,2023-06-05T12:00:49Z,2023,2276,161,0,PT59S,unknown,https://www.youtube.com/watch?v=xRdc2ZFc_OQ,16,Relevant,NIRF Ranking 2023 | National Institutional Ranking Framework | UPSC | NEXT IAS,UPSC CSE Current Affairs NEWS in 60 Seconds! The Ministry of Education released the National Institutional Ranking .,NIRF Ranking 2023 | National Institutional Ranking Framework | UPSC | NEXT IAS UPSC CSE Current Affairs NEWS in 60 Seconds! The Ministry of Education released the National Institutional Ranking .
2NsAMO_ebgU,BML Munjal University,rankings,NIRF,BML Munjal University NIRF,Is BML Munjal University Worth It? Honest MBA Review,"Thinking about pursuing an MBA from BML Munjal University? In this detailed review, we cover everything you need to know ...",Sanjay Chaudhary (Dreamz India Education),2026-06-29T04:30:25Z,2026,421,0,0,PT8M1S,unknown,https://www.youtube.com/watch?v=2NsAMO_ebgU,16,Relevant,Is BML Munjal University Worth It? Honest MBA Review,"Thinking about pursuing an MBA from BML Munjal University? In this detailed review, we cover everything you need to know .","Is BML Munjal University Worth It? Honest MBA Review Thinking about pursuing an MBA from BML Munjal University? In this detailed review, we cover everything you need to know ."
R7tdLu1CvUk,Jamia Millia Islamia,rankings,NIRF,Jamia Millia Islamia NIRF,"Jamia Millia Islamia BTech Review||JMI BTech Admission|Placement, Eligibility #jamiamilliaislamia ","Video title:- Jamia Millia Islamia BTech Review||JMI BTech Admission|Placement, Eligibility #jamiamilliaislamia Related :- Jamia ...",Study Point Faiz,2026-02-01T11:30:25Z,2026,590,19,19,PT3M32S,unknown,https://www.youtube.com/watch?v=R7tdLu1CvUk,16,Relevant,"Jamia Millia Islamia BTech Review||JMI BTech Admission|Placement, Eligibility #jamiamilliaislamia","Video title:- Jamia Millia Islamia BTech Review||JMI BTech Admission|Placement, Eligibility #jamiamilliaislamia Related :- Jamia .","Jamia Millia Islamia BTech Review||JMI BTech Admission|Placement, Eligibility #jamiamilliaislamia Video title:- Jamia Millia Islamia BTech Review||JMI BTech Admission|Placement, Eligibility #jamiamilliaislamia Related :- Jamia ."
BXjEtsLEjHM,Dr APJ Abdul Kalam Technical University,rankings,NIRF,Dr APJ Abdul Kalam Technical University NIRF,AKTU से सम्बद्ध संस्थानों को NAAC/NIRF से Accreditation कराये जाने के सम्बंध में।,,Medician's EduVerse,2025-02-28T17:41:29Z,2025,13,3,0,PT42S,unknown,https://www.youtube.com/watch?v=BXjEtsLEjHM,16,Relevant,AKTU से सम्बद्ध संस्थानों को NAAC/NIRF से Accreditation कराये जाने के सम्बंध में।,,AKTU से सम्बद्ध संस्थानों को NAAC/NIRF से Accreditation कराये जाने के सम्बंध में।
rQ2fgZ3F8-o,BML Munjal University,rankings,NIRF,BML Munjal University NIRF,"BML Munjal University MBA Review 2026 | Placements, Fees, ROI &amp; Reality Check","Is BML Munjal University MBA 2026 really worth it? In this video, I break down the real placements, fees, ROI, campus life, and the ...",Management Guy,2026-01-31T16:34:26Z,2026,2086,27,10,PT7M59S,unknown,https://www.youtube.com/watch?v=rQ2fgZ3F8-o,16,Relevant,"BML Munjal University MBA Review 2026 | Placements, Fees, ROI & Reality Check","Is BML Munjal University MBA 2026 really worth it? In this video, I break down the real placements, fees, ROI, campus life, and the .","BML Munjal University MBA Review 2026 | Placements, Fees, ROI & Reality Check Is BML Munjal University MBA 2026 really worth it? In this video, I break down the real placements, fees, ROI, campus life, and the ."
JS09kvw8vRM,Jawaharlal Nehru University,rankings,NIRF,Jawaharlal Nehru University NIRF,Top 3 NIRF Ranked Universities in India | Best Indian Universities #JNU #BHU #JMI,Top 3 NIRF Ranked Universities in India | Best Indian Universities #JNU #BHU #JMI Top 3 Best Universities in India | Best Indian ...,LearnEveryone,2023-11-24T07:26:49Z,2023,40,0,0,PT6M37S,unknown,https://www.youtube.com/watch?v=JS09kvw8vRM,16,Relevant,Top 3 NIRF Ranked Universities in India | Best Indian Universities #JNU #BHU #JMI,Top 3 NIRF Ranked Universities in India | Best Indian Universities #JNU #BHU #JMI Top 3 Best Universities in India | Best Indian .,Top 3 NIRF Ranked Universities in India | Best Indian Universities #JNU #BHU #JMI Top 3 NIRF Ranked Universities in India | Best Indian Universities #JNU #BHU #JMI Top 3 Best Universities in India | Best Indian .
UwtU-OIfotE,Delhi University,rankings,NIRF,Delhi University NIRF,FilmMindNexus. NIRF Rank 3. JMI University New delhi,"Jamia Millia Islamia (JMI) University is a renowned educational institution located in New Delhi, India. Established in 1920, it has ...",Film Mind Nexus,2023-10-27T07:52:16Z,2023,1093,0,0,PT14S,unknown,https://www.youtube.com/watch?v=UwtU-OIfotE,16,Relevant,FilmMindNexus. NIRF Rank 3. JMI University New delhi,"Jamia Millia Islamia (JMI) University is a renowned educational institution located in New Delhi, India. Established in 1920, it has .","FilmMindNexus. NIRF Rank 3. JMI University New delhi Jamia Millia Islamia (JMI) University is a renowned educational institution located in New Delhi, India. Established in 1920, it has ."
nEywgNPu690,Kerala University,rankings,NIRF,Kerala University NIRF,kerala university | kerala university news today | kerala university latest news in malayalam,kerala university | kerala university news today | kerala university latest news in malayalam University of Kerala was ranked 1001+ ...,Alight Media,2023-06-08T04:00:03Z,2023,65,1,0,PT2M37S,unknown,https://www.youtube.com/watch?v=nEywgNPu690,16,Relevant,kerala university | kerala university news today | kerala university latest news in malayalam,kerala university | kerala university news today | kerala university latest news in malayalam University of Kerala was ranked 1001+ .,kerala university | kerala university news today | kerala university latest news in malayalam kerala university | kerala university news today | kerala university latest news in malayalam University of Kerala was ranked 1001+ .
haUMfhECRFg,North Eastern Hill University,rankings,NIRF,North Eastern Hill University NIRF,NEHU Full Campus Drone View| North Eastern Hill University,Aerial View of NEHU Campus Shillong| North Eastern Hill University #nehushillong #nehucampusshillong ...,Dewan Sumon,2023-05-27T18:23:30Z,2023,41037,695,124,PT16M25S,unknown,https://www.youtube.com/watch?v=haUMfhECRFg,16,Relevant,NEHU Full Campus Drone View| North Eastern Hill University,Aerial View of NEHU Campus Shillong| North Eastern Hill University #nehushillong #nehucampusshillong .,NEHU Full Campus Drone View| North Eastern Hill University Aerial View of NEHU Campus Shillong| North Eastern Hill University #nehushillong #nehucampusshillong .
5Cn3aTn9Hhc,Dibrugarh University,rankings,NIRF,Dibrugarh University NIRF,BPHARM ADMISSION PROCEDURE || DIBRUGARH UNIVERSITY,"In this Video, The admission procedure into BPharm under Dibrugarh University is been discussed with all the eligibility criteria ...",Bodrul's Education Hub,2023-04-02T10:24:12Z,2023,5169,171,65,PT2M37S,unknown,https://www.youtube.com/watch?v=5Cn3aTn9Hhc,16,Relevant,BPHARM ADMISSION PROCEDURE || DIBRUGARH UNIVERSITY,"In this Video, The admission procedure into BPharm under Dibrugarh University is been discussed with all the eligibility criteria .","BPHARM ADMISSION PROCEDURE || DIBRUGARH UNIVERSITY In this Video, The admission procedure into BPharm under Dibrugarh University is been discussed with all the eligibility criteria ."
10Xt7sMQU0s,BML Munjal University,rankings,NIRF,BML Munjal University NIRF,Is BML Munjal University Worth ₹25 Lakhs?🤔 Honest BTech Review | Packages &amp; Placement | Coupon Code,Is BML Munjal University Worth ₹25 Lakhs?   Honest BTech Review | Packages & Placement | Coupon Code Is spending ₹25 ...,College Compare,2026-05-23T08:34:57Z,2026,1168,16,12,PT8M1S,unknown,https://www.youtube.com/watch?v=10Xt7sMQU0s,16,Relevant,Is BML Munjal University Worth ₹25 Lakhs?🤔 Honest BTech Review | Packages & Placement | Coupon Code,Is BML Munjal University Worth ₹25 Lakhs? Honest BTech Review | Packages & Placement | Coupon Code Is spending ₹25 .,Is BML Munjal University Worth ₹25 Lakhs?🤔 Honest BTech Review | Packages & Placement | Coupon Code Is BML Munjal University Worth ₹25 Lakhs? Honest BTech Review | Packages & Placement | Coupon Code Is spending ₹25 .
511HrOM1gcc,Dibrugarh University,rankings,NIRF,Dibrugarh University NIRF,Dibrugarh University B Pharm Admission 2023 Shortlisted candidates &amp; Counselling Process,Dibrugarh University B Pharm Admission 2023 Shortlisted candidates & Counselling Process #bpharmfulldetails ...,Helping Agro Assam,2023-07-11T14:56:01Z,2023,1020,26,42,PT9M50S,unknown,https://www.youtube.com/watch?v=511HrOM1gcc,16,Relevant,Dibrugarh University B Pharm Admission 2023 Shortlisted candidates & Counselling Process,Dibrugarh University B Pharm Admission 2023 Shortlisted candidates & Counselling Process #bpharmfulldetails .,Dibrugarh University B Pharm Admission 2023 Shortlisted candidates & Counselling Process Dibrugarh University B Pharm Admission 2023 Shortlisted candidates & Counselling Process #bpharmfulldetails .
y1LaNuSd1IY,Jawaharlal Nehru University,rankings,NIRF,Jawaharlal Nehru University NIRF,"NIRF Ranking:एक बार फिर से IIT Madras ने NIRF Ranking में मारी बाजी ,जानें कैसे दी जाती है रैंकिंग?","एक बार फिर से IIT Madras ने NIRF Ranking में मारी बाजी ,जानें कैसे दी जाती है ...",News State MP Chhattisgarh,2024-08-14T08:13:31Z,2024,335,0,0,PT6M43S,unknown,https://www.youtube.com/watch?v=y1LaNuSd1IY,16,Relevant,"NIRF Ranking:एक बार फिर से IIT Madras ने NIRF Ranking में मारी बाजी ,जानें कैसे दी जाती है रैंकिंग?","एक बार फिर से IIT Madras ने NIRF Ranking में मारी बाजी ,जानें कैसे दी जाती है .","NIRF Ranking:एक बार फिर से IIT Madras ने NIRF Ranking में मारी बाजी ,जानें कैसे दी जाती है रैंकिंग? एक बार फिर से IIT Madras ने NIRF Ranking में मारी बाजी ,जानें कैसे दी जाती है ."
VZkqpm0aCCs,Indian Institute of Management,rankings,NIRF,Indian Institute of Management NIRF,Top 5 Management Institute in India | NIRF Ranking 2023 | By Sunil Adhikari #shorts #shortsvideo,,Sunil Adhikari - Career Counselor,2023-06-13T14:30:08Z,2023,708,42,1,PT41S,unknown,https://www.youtube.com/watch?v=VZkqpm0aCCs,16,Relevant,Top 5 Management Institute in India | NIRF Ranking 2023 | By Sunil Adhikari #shorts #shortsvideo,,Top 5 Management Institute in India | NIRF Ranking 2023 | By Sunil Adhikari #shorts #shortsvideo
vWIq80vXJxE,Dibrugarh University,rankings,NIRF,Dibrugarh University NIRF,Dibrugarh University program 🥀 Dipanwita deka|| #short #viral #shortvideo,Dibrugarh University program Dipanwita deka|| #short #viral #shortvideo Assamese short video New Assamese status ...,RK_BOYS-07,2023-06-09T17:09:37Z,2023,521,16,0,PT16S,unknown,https://www.youtube.com/watch?v=vWIq80vXJxE,16,Relevant,Dibrugarh University program 🥀 Dipanwita deka|| #short #viral #shortvideo,Dibrugarh University program Dipanwita deka|| #short #viral #shortvideo Assamese short video New Assamese status .,Dibrugarh University program 🥀 Dipanwita deka|| #short #viral #shortvideo Dibrugarh University program Dipanwita deka|| #short #viral #shortvideo Assamese short video New Assamese status .
h_d_griPQto,BML Munjal University,rankings,NIRF,BML Munjal University NIRF,BML Munjal University Haryana | Direct Admission on 12th Marks | Placements &amp; Fees,"BML Munjal University, Haryana mein 12th marks ke basis par admission milta hai, minimum 60% marks chahiye. Fees ₹2 lakh ...",College Dost Hindi,2025-05-25T06:30:19Z,2025,21487,152,5,PT17S,unknown,https://www.youtube.com/watch?v=h_d_griPQto,16,Relevant,BML Munjal University Haryana | Direct Admission on 12th Marks | Placements & Fees,"BML Munjal University, Haryana mein 12th marks ke basis par admission milta hai, minimum 60% marks chahiye. Fees ₹2 lakh .","BML Munjal University Haryana | Direct Admission on 12th Marks | Placements & Fees BML Munjal University, Haryana mein 12th marks ke basis par admission milta hai, minimum 60% marks chahiye. Fees ₹2 lakh ."
D1nqKjsyVng,BML Munjal University,rankings,NIRF,BML Munjal University NIRF,"B.Tech from BML Munjal University 2026 | AI &amp; Data Science, CSE, Robotics |BMU| JEE 2026 | Harsh Sir",Register Now For BMU: https://vdnt.in/short?q=HexuE -------------------------------------- All About BML Munjal University B.Tech | AI ...,Vedantu College Connect,2026-03-20T14:50:40Z,2026,26049,619,106,PT25M36S,unknown,https://www.youtube.com/watch?v=D1nqKjsyVng,16,Relevant,"B.Tech from BML Munjal University 2026 | AI & Data Science, CSE, Robotics |BMU| JEE 2026 | Harsh Sir",Register Now For BMU: -------------------------------------- All About BML Munjal University B.Tech | AI .,"B.Tech from BML Munjal University 2026 | AI & Data Science, CSE, Robotics |BMU| JEE 2026 | Harsh Sir Register Now For BMU: -------------------------------------- All About BML Munjal University B.Tech | AI ."
KQnY73ktkyc,Jawaharlal Nehru University,rankings,NIRF,Jawaharlal Nehru University NIRF,"🎓 *Jawaharlal Nehru University (JNU), New Delhi*","One of India's most respected universities Internationally recognised | Progressive & inclusive Strengths: Social Sciences, ...",The Wesley Group,2025-05-10T07:10:41Z,2025,15,0,0,PT14S,unknown,https://www.youtube.com/watch?v=KQnY73ktkyc,16,Relevant,"🎓 *Jawaharlal Nehru University (JNU), New Delhi*","One of India's most respected universities Internationally recognised | Progressive & inclusive Strengths: Social Sciences, .","🎓 *Jawaharlal Nehru University (JNU), New Delhi* One of India's most respected universities Internationally recognised | Progressive & inclusive Strengths: Social Sciences, ."
yvc1KWVIyWw,Indian Institute of Management,rankings,NIRF,Indian Institute of Management NIRF,Top 10 Management Colleges in 2024 By NIRF #mba #management #iimb,top management college in india best management college by nirf ranking nirf ranking 2024 best management college top hotel ...,Know Your College,2024-08-16T06:30:19Z,2024,344,11,0,PT34S,unknown,https://www.youtube.com/watch?v=yvc1KWVIyWw,16,Relevant,Top 10 Management Colleges in 2024 By NIRF #mba #management #iimb,top management college in india best management college by nirf ranking nirf ranking 2024 best management college top hotel .,Top 10 Management Colleges in 2024 By NIRF #mba #management #iimb top management college in india best management college by nirf ranking nirf ranking 2024 best management college top hotel .
jMT8n7aoa3s,University of Hyderabad,rankings,NIRF,University of Hyderabad NIRF,What is NIRF RANKING for MBBS COLLEGE 🎯 #neet2023 #biologydreamers,MEDICAL COLLEGE RANKING SYSTEM.,BIOLOGY DREAMERS,2023-07-23T06:30:13Z,2023,75,0,0,PT17S,unknown,https://www.youtube.com/watch?v=jMT8n7aoa3s,16,Relevant,What is NIRF RANKING for MBBS COLLEGE 🎯 #neet2023 #biologydreamers,MEDICAL COLLEGE RANKING SYSTEM.,What is NIRF RANKING for MBBS COLLEGE 🎯 #neet2023 #biologydreamers MEDICAL COLLEGE RANKING SYSTEM.
tRJJv_LqGFg,Delhi University,rankings,NIRF,Delhi University NIRF,check which DU college topped the 2025 NIRF Ranking 😲#delhiuniversity,,Akanksha Art Life,2025-09-10T08:56:56Z,2025,407,5,0,PT5S,unknown,https://www.youtube.com/watch?v=tRJJv_LqGFg,16,Relevant,check which DU college topped the 2025 NIRF Ranking 😲#delhiuniversity,,check which DU college topped the 2025 NIRF Ranking 😲#delhiuniversity
Qa163jmKNtQ,Aligarh Muslim University,rankings,NIRF,Aligarh Muslim University NIRF,ALIGARH MUSLIM UNIVERSITY from my POV #amu #pov #viral #aligarh #aligarhmuslimuniversity #college,ALIGARH MUSLIM UNIVERSITY from my POV #amu #pov #viral #aligarh #aligarhmuslimuniversity #college.,SAMYA ALI,2023-08-07T15:07:20Z,2023,392,0,8,PT7M38S,unknown,https://www.youtube.com/watch?v=Qa163jmKNtQ,16,Relevant,ALIGARH MUSLIM UNIVERSITY from my POV #amu #pov #viral #aligarh #aligarhmuslimuniversity #college,ALIGARH MUSLIM UNIVERSITY from my POV #amu #pov #viral #aligarh #aligarhmuslimuniversity #college.,ALIGARH MUSLIM UNIVERSITY from my POV #amu #pov #viral #aligarh #aligarhmuslimuniversity #college ALIGARH MUSLIM UNIVERSITY from my POV #amu #pov #viral #aligarh #aligarhmuslimuniversity #college.
hBwYyUSNgRM,Aligarh Muslim University,rankings,NIRF,Aligarh Muslim University NIRF,Best Architecture in Aligarh Muslim University || #delhi #agra #lahore #amu #aligarhmuslimuniversity,Best Architecture in Aligarh Muslim University || #delhi #agra #lahore #amu #aligarhmuslimuniversity video by Faisal khan ...,NASIR UNUS ,2024-02-25T07:15:07Z,2024,2376,198,9,PT36S,unknown,https://www.youtube.com/watch?v=hBwYyUSNgRM,16,Relevant,Best Architecture in Aligarh Muslim University || #delhi #agra #lahore #amu #aligarhmuslimuniversity,Best Architecture in Aligarh Muslim University || #delhi #agra #lahore #amu #aligarhmuslimuniversity video by Faisal khan .,Best Architecture in Aligarh Muslim University || #delhi #agra #lahore #amu #aligarhmuslimuniversity Best Architecture in Aligarh Muslim University || #delhi #agra #lahore #amu #aligarhmuslimuniversity video by Faisal khan .
Or25eTNoFO8,Delhi University,rankings,NIRF,Delhi University NIRF,Delhi University North Campus Minimum Marks 🔥💯,Delhi University North Campus Minimum Marks.,Adda247 CUET,2024-04-08T08:45:04Z,2024,237914,8927,129,PT59S,unknown,https://www.youtube.com/watch?v=Or25eTNoFO8,16,Relevant,Delhi University North Campus Minimum Marks 🔥💯,Delhi University North Campus Minimum Marks.,Delhi University North Campus Minimum Marks 🔥💯 Delhi University North Campus Minimum Marks.
oO5DeucH6Mc,Jamia Millia Islamia,rankings,NIRF,Jamia Millia Islamia NIRF,TOP 10 University में JMI और AMU शामिल | Jamia Millia Islamia | Aligarh Muslim University | Rankings,भारत की टॉप 10 यूनिवर्सिटी में JMI और AMU शामिल! जानिए Jamia Millia Islamia और Aligarh ...,Salaam TV,2025-09-06T07:15:56Z,2025,3004,112,5,PT2M24S,unknown,https://www.youtube.com/watch?v=oO5DeucH6Mc,16,Relevant,TOP 10 University में JMI और AMU शामिल | Jamia Millia Islamia | Aligarh Muslim University | Rankings,भारत की टॉप 10 यूनिवर्सिटी में JMI और AMU शामिल! जानिए Jamia Millia Islamia और Aligarh .,TOP 10 University में JMI और AMU शामिल | Jamia Millia Islamia | Aligarh Muslim University | Rankings भारत की टॉप 10 यूनिवर्सिटी में JMI और AMU शामिल! जानिए Jamia Millia Islamia और Aligarh .
GutVa_lFPdQ,Jamia Millia Islamia,rankings,NIRF,Jamia Millia Islamia NIRF,International Conference on Analysis and its Application | Jamia Millia Islamia New Delhi #shorts,International Conference on Analysis and its Application is going to happen in Department of Mathematics Jamia Millia Islamia ...,Sahil Khan Education ,2024-01-05T04:37:15Z,2024,97,1,0,PT13S,unknown,https://www.youtube.com/watch?v=GutVa_lFPdQ,16,Relevant,International Conference on Analysis and its Application | Jamia Millia Islamia New Delhi #shorts,International Conference on Analysis and its Application is going to happen in Department of Mathematics Jamia Millia Islamia .,International Conference on Analysis and its Application | Jamia Millia Islamia New Delhi #shorts International Conference on Analysis and its Application is going to happen in Department of Mathematics Jamia Millia Islamia .
ZjuK_FuuZRc,Madan Mohan Malaviya University of Technology,rankings,NIRF,Madan Mohan Malaviya University of Technology NIRF,Madan Mohan Malaviya University of Technology M. Pharma Admission Procedure #pharmapath #viralvideo,"University Details Name: Madan Mohan Malaviya University of Technology (MMMUT) Location: Gorakhpur, Uttar Pradesh Former ...",Pharma Path,2026-05-04T03:19:40Z,2026,132,3,5,PT5M20S,unknown,https://www.youtube.com/watch?v=ZjuK_FuuZRc,16,Relevant,Madan Mohan Malaviya University of Technology M. Pharma Admission Procedure #pharmapath #viralvideo,"University Details Name: Madan Mohan Malaviya University of Technology (MMMUT) Location: Gorakhpur, Uttar Pradesh Former .","Madan Mohan Malaviya University of Technology M. Pharma Admission Procedure #pharmapath #viralvideo University Details Name: Madan Mohan Malaviya University of Technology (MMMUT) Location: Gorakhpur, Uttar Pradesh Former ."
vR3jl0XE50Q,Veermata Jijabai Technological Institute,rankings,NIRF,Veermata Jijabai Technological Institute NIRF,Veermata Jijabai Technological Institute (VJTI) Mumbai Review,Hit this link to jumpstart your career: https://wa.me/918585951111?text=Guide Veermata Jijabai Technological Institute (VJTI) ...,shiksha.com,2023-03-24T08:30:15Z,2023,6492,53,6,PT3M14S,unknown,https://www.youtube.com/watch?v=vR3jl0XE50Q,16,Relevant,Veermata Jijabai Technological Institute (VJTI) Mumbai Review,Hit this link to jumpstart your career: Veermata Jijabai Technological Institute (VJTI) .,Veermata Jijabai Technological Institute (VJTI) Mumbai Review Hit this link to jumpstart your career: Veermata Jijabai Technological Institute (VJTI) .
yDtuglwEXNk,Veermata Jijabai Technological Institute,rankings,NIRF,Veermata Jijabai Technological Institute NIRF,Veermata Jijabai Technological Institute VJTI Matunga Mumbai,Veermata Jijabai Technological Institute (VJTI) is a prestigious government-aided autonomous engineering institute located in ...,TSPH Digital Guru,2025-07-25T11:59:37Z,2025,298,3,1,PT2M46S,unknown,https://www.youtube.com/watch?v=yDtuglwEXNk,16,Relevant,Veermata Jijabai Technological Institute VJTI Matunga Mumbai,Veermata Jijabai Technological Institute (VJTI) is a prestigious government-aided autonomous engineering institute located in .,Veermata Jijabai Technological Institute VJTI Matunga Mumbai Veermata Jijabai Technological Institute (VJTI) is a prestigious government-aided autonomous engineering institute located in .
JU4kXAUEkPU,Banaras Hindu University,rankings,NIRF,Banaras Hindu University NIRF,Banaras Hindu University | Student&#39;s Review | কেন বাংলাদেশী  স্টুডেন্টদের কাছে এটি  প্রথম Choice !!!,Banaras Hindu University | Student's Review | কেন বাংলাদেশী স্টুডেন্টদের কাছে এটি প্রথম ...,Aspiring Life,2023-10-13T04:53:23Z,2023,8245,162,51,PT7M46S,unknown,https://www.youtube.com/watch?v=JU4kXAUEkPU,16,Relevant,Banaras Hindu University | Student's Review | কেন বাংলাদেশী স্টুডেন্টদের কাছে এটি প্রথম Choice !,Banaras Hindu University | Student's Review | কেন বাংলাদেশী স্টুডেন্টদের কাছে এটি প্রথম .,Banaras Hindu University | Student's Review | কেন বাংলাদেশী স্টুডেন্টদের কাছে এটি প্রথম Choice ! Banaras Hindu University | Student's Review | কেন বাংলাদেশী স্টুডেন্টদের কাছে এটি প্রথম .
AQbObiBuXgM,Guru Ghasidas Vishwavidyalaya,rankings,NIRF,Guru Ghasidas Vishwavidyalaya NIRF,Guru Ghasidas Vishwavidyalaya  GGU Bilaspur B.pharma Merit list ll Cuet Merit list llmerit list 2023,Guru Ghasidas Vishwavidyalaya Bilaspur B.pharma Merit list ll Cuet Merit list ll GGU merit list 2023 @MrGorakh360 ...,Mr Gorakh360,2023-08-25T04:39:50Z,2023,4454,59,71,PT5M44S,unknown,https://www.youtube.com/watch?v=AQbObiBuXgM,16,Relevant,Guru Ghasidas Vishwavidyalaya GGU Bilaspur B.pharma Merit list ll Cuet Merit list llmerit list 2023,Guru Ghasidas Vishwavidyalaya Bilaspur B.pharma Merit list ll Cuet Merit list ll GGU merit list 2023 @MrGorakh360 .,Guru Ghasidas Vishwavidyalaya GGU Bilaspur B.pharma Merit list ll Cuet Merit list llmerit list 2023 Guru Ghasidas Vishwavidyalaya Bilaspur B.pharma Merit list ll Cuet Merit list ll GGU merit list 2023 @MrGorakh360 .
NUZKfpL7ZCc,BML Munjal University,rankings,NIRF,BML Munjal University NIRF,BML Munjal University Students&#39; Review | Honest Review #shorts #careerkaptain,BML Munjal University Students' Review | Honest Review #shorts #careerkaptain BML Munjal University – Real Talk from Real ...,Career kaptain by PW,2025-06-11T06:47:15Z,2025,7594,55,9,PT57S,unknown,https://www.youtube.com/watch?v=NUZKfpL7ZCc,16,Relevant,BML Munjal University Students' Review | Honest Review #shorts #careerkaptain,BML Munjal University Students' Review | Honest Review #shorts #careerkaptain BML Munjal University – Real Talk from Real .,BML Munjal University Students' Review | Honest Review #shorts #careerkaptain BML Munjal University Students' Review | Honest Review #shorts #careerkaptain BML Munjal University – Real Talk from Real .
JRYMtmDK2wQ,Kerala University,rankings,NIRF,Kerala University NIRF,4 year Degree news Malayalam | 4 year Degree in Kerala University,"4 year Degree news Malayalam | 4 year Degree in Kerala University ABOUT Known by the titles Career Expert, Life Coach, and ...",Sreevidhya Santhosh,2023-07-30T08:00:10Z,2023,43166,857,145,PT3M58S,unknown,https://www.youtube.com/watch?v=JRYMtmDK2wQ,16,Relevant,4 year Degree news Malayalam | 4 year Degree in Kerala University,"4 year Degree news Malayalam | 4 year Degree in Kerala University ABOUT Known by the titles Career Expert, Life Coach, and .","4 year Degree news Malayalam | 4 year Degree in Kerala University 4 year Degree news Malayalam | 4 year Degree in Kerala University ABOUT Known by the titles Career Expert, Life Coach, and ."
4oeb4ZDeyYM,BML Munjal University,rankings,NIRF,BML Munjal University NIRF,BML Munjal University Placement 2025 Highest &amp; Average Package Revealed! #viral #ashortaday #shorts,"BML Munjal University Placement 2025 | Highest & Average Package Revealed!** In this video, we break down the placement ...",Study bites,2025-06-18T06:39:18Z,2025,20370,0,2,PT24S,unknown,https://www.youtube.com/watch?v=4oeb4ZDeyYM,16,Relevant,BML Munjal University Placement 2025 Highest & Average Package Revealed! #viral #ashortaday #shorts,"BML Munjal University Placement 2025 | Highest & Average Package Revealed!** In this video, we break down the placement .","BML Munjal University Placement 2025 Highest & Average Package Revealed! #viral #ashortaday #shorts BML Munjal University Placement 2025 | Highest & Average Package Revealed!** In this video, we break down the placement ."
O7yCq2fjano,Central University of Karnataka,rankings,NIRF,Central University of Karnataka NIRF,🛑Top 10 Engineering Colleges in India-2026|Placements &amp; NIRF Based List|Deemed University &amp; Colleges,For Career Guidance & Joining in Entrance Coaching : 6383279480/6369652321 *Note: Jamia Milia Islamia -NIRF RANK : 24th ...,DINESH PRABHU,2025-12-28T06:00:07Z,2025,11328,232,47,PT25M,unknown,https://www.youtube.com/watch?v=O7yCq2fjano,16,Relevant,🛑Top 10 Engineering Colleges in India-2026|Placements & NIRF Based List|Deemed University & Colleges,For Career Guidance & Joining in Entrance Coaching : 6383279480/6369652321 *Note: Jamia Milia Islamia -NIRF RANK : 24th .,🛑Top 10 Engineering Colleges in India-2026|Placements & NIRF Based List|Deemed University & Colleges For Career Guidance & Joining in Entrance Coaching : 6383279480/6369652321 *Note: Jamia Milia Islamia -NIRF RANK : 24th .
a3036lPmjXI,BML Munjal University,rankings,NIRF,BML Munjal University NIRF,🎓 BML Munjal University – Real Talk with Real Students!,"BML Munjal University – Real Talk from Real Students! Get the inside scoop from students about campus life, placements, ...",Career kaptain by PW,2025-06-12T05:30:00Z,2025,2379,16,0,PT32S,unknown,https://www.youtube.com/watch?v=a3036lPmjXI,16,Relevant,🎓 BML Munjal University – Real Talk with Real Students!,"BML Munjal University – Real Talk from Real Students! Get the inside scoop from students about campus life, placements, .","🎓 BML Munjal University – Real Talk with Real Students! BML Munjal University – Real Talk from Real Students! Get the inside scoop from students about campus life, placements, ."
OVbqCnkVyL4,University of Allahabad,rankings,NIRF,University of Allahabad NIRF,NIRF Ranking 2025: NIRF की रैंकिंग में इस कॉलेज ने मारी बाजी बना No.1 | Breaking News | IIT Madaras,NIRF Ranking 2025: NIRF की रैंकिंग में इस कॉलेज ने मारी बाजी बना No.1 | Breaking News | IIT ...,TV9 Bharatvarsh,2025-09-04T14:55:00Z,2025,19038,139,13,PT56S,unknown,https://www.youtube.com/watch?v=OVbqCnkVyL4,16,Relevant,NIRF Ranking 2025: NIRF की रैंकिंग में इस कॉलेज ने मारी बाजी बना No.1 | Breaking News | IIT Madaras,NIRF Ranking 2025: NIRF की रैंकिंग में इस कॉलेज ने मारी बाजी बना No.1 | Breaking News | IIT .,NIRF Ranking 2025: NIRF की रैंकिंग में इस कॉलेज ने मारी बाजी बना No.1 | Breaking News | IIT Madaras NIRF Ranking 2025: NIRF की रैंकिंग में इस कॉलेज ने मारी बाजी बना No.1 | Breaking News | IIT .
i1HfBKOPK4k,BML Munjal University,rankings,NIRF,BML Munjal University NIRF,BML MUNJAL UNIVERSITY - 10th Founder&#39;s Day | Therain visuals #bmlmunjaluniversity #bmu   #munjals,Here Are the glimpses of 10th founders day of bml munjal university.,Therain visuals,2024-12-18T05:04:13Z,2024,2877,23,0,PT14S,unknown,https://www.youtube.com/watch?v=i1HfBKOPK4k,16,Relevant,BML MUNJAL UNIVERSITY - 10th Founder's Day | Therain visuals #bmlmunjaluniversity #bmu #munjals,Here Are the glimpses of 10th founders day of bml munjal university.,BML MUNJAL UNIVERSITY - 10th Founder's Day | Therain visuals #bmlmunjaluniversity #bmu #munjals Here Are the glimpses of 10th founders day of bml munjal university.
E0WnSeURwb0,BML Munjal University,rankings,NIRF,BML Munjal University NIRF,BML Munjal University BTech Review | Is BML Munjal Worth 20 Lakhs? 😳 | Scholarship &amp; Admission,BML Munjal University BTech Review | Is BML Munjal Worth 20 Lakhs? | Scholarship & Admission If you're planning to take ...,College Circle,2026-04-24T13:30:00Z,2026,810,12,3,PT9M3S,unknown,https://www.youtube.com/watch?v=E0WnSeURwb0,16,Relevant,BML Munjal University BTech Review | Is BML Munjal Worth 20 Lakhs? 😳 | Scholarship & Admission,BML Munjal University BTech Review | Is BML Munjal Worth 20 Lakhs? | Scholarship & Admission If you're planning to take .,BML Munjal University BTech Review | Is BML Munjal Worth 20 Lakhs? 😳 | Scholarship & Admission BML Munjal University BTech Review | Is BML Munjal Worth 20 Lakhs? | Scholarship & Admission If you're planning to take .
Gr1A8E9KaUw,BML Munjal University,rankings,NIRF,BML Munjal University NIRF,"BML Munjal University MBA Review | Placements, Fees &amp; Reality",bml munjal university bml munjal university mba bml munjal mba review bml munjal mba placement bml munjal university ...,Azad Tarun,2026-01-29T04:30:06Z,2026,81,3,0,PT7M8S,unknown,https://www.youtube.com/watch?v=Gr1A8E9KaUw,16,Relevant,"BML Munjal University MBA Review | Placements, Fees & Reality",bml munjal university bml munjal university mba bml munjal mba review bml munjal mba placement bml munjal university .,"BML Munjal University MBA Review | Placements, Fees & Reality bml munjal university bml munjal university mba bml munjal mba review bml munjal mba placement bml munjal university ."
yHaZ1W_1TEQ,University of Hyderabad,rankings,NIRF,University of Hyderabad NIRF,"Top 10 Central Universities in India 2025 🔥 | NIRF Ranking with Courses, Fees &amp; Admission Details","Top 10 Central Universities in India 2025 | Updated NIRF Rankings | Full Details on Courses, Fees & Admission Process! Are you ...",govupdatewala,2025-08-07T05:02:44Z,2025,6,0,0,PT51S,unknown,https://www.youtube.com/watch?v=yHaZ1W_1TEQ,16,Relevant,"Top 10 Central Universities in India 2025 🔥 | NIRF Ranking with Courses, Fees & Admission Details","Top 10 Central Universities in India 2025 | Updated NIRF Rankings | Full Details on Courses, Fees & Admission Process! Are you .","Top 10 Central Universities in India 2025 🔥 | NIRF Ranking with Courses, Fees & Admission Details Top 10 Central Universities in India 2025 | Updated NIRF Rankings | Full Details on Courses, Fees & Admission Process! Are you ."
peTfTamMbnc,BML Munjal University,rankings,NIRF,BML Munjal University NIRF,"BML Munjal University Gurgaon Review 2026 😱 | Placements, Fees &amp; Reality Check","BML Munjal University Gurgaon Review 2026 | Placements, Fees & Reality Check #BMLMunjalUniversity ...",vidhyaa.in,2026-02-05T13:31:03Z,2026,1770,14,0,PT10M18S,unknown,https://www.youtube.com/watch?v=peTfTamMbnc,16,Relevant,"BML Munjal University Gurgaon Review 2026 😱 | Placements, Fees & Reality Check","BML Munjal University Gurgaon Review 2026 | Placements, Fees & Reality Check #BMLMunjalUniversity .","BML Munjal University Gurgaon Review 2026 😱 | Placements, Fees & Reality Check BML Munjal University Gurgaon Review 2026 | Placements, Fees & Reality Check #BMLMunjalUniversity ."
78rBCNxQwj8,BML Munjal University,rankings,NIRF,BML Munjal University NIRF,B.Tech Fee Structure at BML Munjal University Haryana | Worth It? 🤔,"Planning to take admission in BML Munjal University (BMU), Haryana for B.Tech in 2025? In this detailed review, we break ...",Sanjay Chaudhary (Dreamz India Education),2025-08-26T07:30:03Z,2025,1447,10,0,PT51S,unknown,https://www.youtube.com/watch?v=78rBCNxQwj8,16,Relevant,B.Tech Fee Structure at BML Munjal University Haryana | Worth It? 🤔,"Planning to take admission in BML Munjal University (BMU), Haryana for B.Tech in 2025? In this detailed review, we break .","B.Tech Fee Structure at BML Munjal University Haryana | Worth It? 🤔 Planning to take admission in BML Munjal University (BMU), Haryana for B.Tech in 2025? In this detailed review, we break ."
O-2Z0ZFLc5Q,Central University of Karnataka,rankings,NIRF,Central University of Karnataka NIRF,Top 10 University in India || Top 10 Colleges in India NIRF 2023,Top 10 University in India || Top 10 Colleges in India || NIRF ranking 2023 #shorts #shortsfeed #india #youtubeshorts #gk top 10 ...,Finance360 Hindi,2023-06-06T12:36:30Z,2023,276,3,0,PT31S,unknown,https://www.youtube.com/watch?v=O-2Z0ZFLc5Q,16,Relevant,Top 10 University in India || Top 10 Colleges in India NIRF 2023,Top 10 University in India || Top 10 Colleges in India || NIRF ranking 2023 #shorts #shortsfeed #india #youtubeshorts #gk top 10 .,Top 10 University in India || Top 10 Colleges in India NIRF 2023 Top 10 University in India || Top 10 Colleges in India || NIRF ranking 2023 #shorts #shortsfeed #india #youtubeshorts #gk top 10 .
2Cp8b308ASk,University of Hyderabad,rankings,NIRF,University of Hyderabad NIRF,Hyderabad University Ko NIRF Ranking Me 18wa Maqam#NIRFRanking,,Safa Tv News Channel,2025-09-05T14:32:28Z,2025,241,0,0,PT39S,unknown,https://www.youtube.com/watch?v=2Cp8b308ASk,16,Relevant,Hyderabad University Ko NIRF Ranking Me 18wa Maqam#NIRFRanking,,Hyderabad University Ko NIRF Ranking Me 18wa Maqam#NIRFRanking
CBAAdGtUZKo,Guru Ghasidas Vishwavidyalaya,rankings,NIRF,Guru Ghasidas Vishwavidyalaya NIRF,Guru Ghasidas Vishwavidyalaya | Campus Admission Process Placement Cutoff Courses | GGU Bilaspur,In this video we are going to discuss about guru Ghasidas vishwavidyalaya bilaspur full process of admission GGU Bilaspur ...,Sharmajee Vlogs ,2023-07-06T05:44:30Z,2023,5472,0,69,PT4M1S,unknown,https://www.youtube.com/watch?v=CBAAdGtUZKo,16,Relevant,Guru Ghasidas Vishwavidyalaya | Campus Admission Process Placement Cutoff Courses | GGU Bilaspur,In this video we are going to discuss about guru Ghasidas vishwavidyalaya bilaspur full process of admission GGU Bilaspur .,Guru Ghasidas Vishwavidyalaya | Campus Admission Process Placement Cutoff Courses | GGU Bilaspur In this video we are going to discuss about guru Ghasidas vishwavidyalaya bilaspur full process of admission GGU Bilaspur .
j_Jc5zm3GMw,Aligarh Muslim University,rankings,NIRF,Aligarh Muslim University NIRF,Aligarh Muslim University Ek Idara Ek Tehreek علی گڈھ مسلم یونیورسٹی ایک ادارہ ایک تحریک,Aligarh Muslim University Ek Idara Ek Tehreek علی گڈھ مسلم یونیورسٹی ایک ادارہ ایک تحریک علی گڈھ ایک ادارہ ایک تحریک 1920 ...,Nadeem Mahir,2025-10-24T10:32:01Z,2025,231,6,0,PT6M19S,unknown,https://www.youtube.com/watch?v=j_Jc5zm3GMw,16,Relevant,Aligarh Muslim University Ek Idara Ek Tehreek علی گڈھ مسلم یونیورسٹی ایک ادارہ ایک تحریک,Aligarh Muslim University Ek Idara Ek Tehreek علی گڈھ مسلم یونیورسٹی ایک ادارہ ایک تحریک علی گڈھ ایک ادارہ ایک تحریک 1920 .,Aligarh Muslim University Ek Idara Ek Tehreek علی گڈھ مسلم یونیورسٹی ایک ادارہ ایک تحریک Aligarh Muslim University Ek Idara Ek Tehreek علی گڈھ مسلم یونیورسٹی ایک ادارہ ایک تحریک علی گڈھ ایک ادارہ ایک تحریک 1920 .
e1c6Cj4YkbU,BML Munjal University,rankings,NIRF,BML Munjal University NIRF,"BML Munjal University EXPOSED 🤬 | Real Placements, Fees &amp; Honest Review 2026","Thinking about BML Munjal University in 2026? In this honest review, we break down real placements, fees, campus life, pros ...",Management Guy,2026-05-05T05:46:30Z,2026,1474,12,4,PT7M,unknown,https://www.youtube.com/watch?v=e1c6Cj4YkbU,16,Relevant,"BML Munjal University EXPOSED 🤬 | Real Placements, Fees & Honest Review 2026","Thinking about BML Munjal University in 2026? In this honest review, we break down real placements, fees, campus life, pros .","BML Munjal University EXPOSED 🤬 | Real Placements, Fees & Honest Review 2026 Thinking about BML Munjal University in 2026? In this honest review, we break down real placements, fees, campus life, pros ."
kmSZA4FfR9U,Jamia Millia Islamia,rankings,NIRF,Jamia Millia Islamia NIRF,"JMI BTech Admission 2025 🔥 | Complete Counselling Process, Cutoff &amp; Placement | Jamia Millia Islamia",Jamia Millia Islamia (JMI) BTech Admission 2025 - Complete Guide! Are you planning to take admission in Jamia Millia Islamia ...,Set time - Bound goal,2025-03-09T15:42:44Z,2025,68436,1372,539,PT23M16S,unknown,https://www.youtube.com/watch?v=kmSZA4FfR9U,16,Relevant,"JMI BTech Admission 2025 🔥 | Complete Counselling Process, Cutoff & Placement | Jamia Millia Islamia",Jamia Millia Islamia (JMI) BTech Admission 2025 - Complete Guide! Are you planning to take admission in Jamia Millia Islamia .,"JMI BTech Admission 2025 🔥 | Complete Counselling Process, Cutoff & Placement | Jamia Millia Islamia Jamia Millia Islamia (JMI) BTech Admission 2025 - Complete Guide! Are you planning to take admission in Jamia Millia Islamia ."
DNlzmRv6rEY,Indian Institute of Management,rankings,NIRF,Indian Institute of Management NIRF,Top 10 MBA Colleges in India 2025 🔥 | NIRF Ranking | Best B-Schools Revealed!,Discover the Top 10 MBA Colleges in India for 2025 based on the latest NIRF rankings! From IIM Ahmedabad to XLRI ...,ImSambhaji Choudhary,2025-09-10T18:24:50Z,2025,205,1,0,PT1M15S,unknown,https://www.youtube.com/watch?v=DNlzmRv6rEY,16,Relevant,Top 10 MBA Colleges in India 2025 🔥 | NIRF Ranking | Best B-Schools Revealed!,Discover the Top 10 MBA Colleges in India for 2025 based on the latest NIRF rankings! From IIM Ahmedabad to XLRI .,Top 10 MBA Colleges in India 2025 🔥 | NIRF Ranking | Best B-Schools Revealed! Discover the Top 10 MBA Colleges in India for 2025 based on the latest NIRF rankings! From IIM Ahmedabad to XLRI .
gQ2k_KCQ83g,University of Allahabad,rankings,NIRF,University of Allahabad NIRF,University of Allahabad Republic Day celebration #universityofallhabad🇮🇳🇮🇳🇮🇳🇮🇳🇮🇳🇮🇳,University of Allahabad Republic Day celebration #universityofallhabad                         Allahabad prayagaraj exam ...,Pradum patel ,2023-01-27T12:40:33Z,2023,166,5,0,PT42S,unknown,https://www.youtube.com/watch?v=gQ2k_KCQ83g,16,Relevant,University of Allahabad Republic Day celebration #universityofallhabad🇮🇳🇮🇳🇮🇳🇮🇳🇮🇳🇮🇳,University of Allahabad Republic Day celebration #universityofallhabad Allahabad prayagaraj exam .,University of Allahabad Republic Day celebration #universityofallhabad🇮🇳🇮🇳🇮🇳🇮🇳🇮🇳🇮🇳 University of Allahabad Republic Day celebration #universityofallhabad Allahabad prayagaraj exam .
Fhr6ykXfoU4,University of Hyderabad,rankings,NIRF,University of Hyderabad NIRF,SR University Ranked 91st in NIRF 2025 | Message from Chancellor Sri A. Varada Reddy,A landmark achievement for SR University! We are proud to be ranked 91st in the NIRF 2025 Engineering Category (All India) ...,SR University,2025-09-08T11:18:27Z,2025,3516,107,0,PT1M16S,unknown,https://www.youtube.com/watch?v=Fhr6ykXfoU4,15,Relevant,SR University Ranked 91st in NIRF 2025 | Message from Chancellor Sri A. Varada Reddy,A landmark achievement for SR University! We are proud to be ranked 91st in the NIRF 2025 Engineering Category (All India) .,SR University Ranked 91st in NIRF 2025 | Message from Chancellor Sri A. Varada Reddy A landmark achievement for SR University! We are proud to be ranked 91st in the NIRF 2025 Engineering Category (All India) .
_G1btb_hU3I,Kerala University,rankings,NIRF,Kerala University NIRF,Kerala Top Engineering Colleges NIRF Ranking 2024,,Sheena360,2025-07-30T07:05:54Z,2025,276,1,0,PT16S,unknown,https://www.youtube.com/watch?v=_G1btb_hU3I,15,Relevant,Kerala Top Engineering Colleges NIRF Ranking 2024,,Kerala Top Engineering Colleges NIRF Ranking 2024
fZ53y1Jt87g,University of Madras,rankings,NIRF,University of Madras NIRF,Top 5 Universities of India as per National Institutional Ranking Framework Report |#nirf #india #yt,Recently the National Institutional Ranking Framework report has come. Which ranks the top universities of India. According to this ...,The Jantacracy,2024-08-15T13:35:28Z,2024,326,28,1,PT26S,unknown,https://www.youtube.com/watch?v=fZ53y1Jt87g,15,Relevant,Top 5 Universities of India as per National Institutional Ranking Framework Report |#nirf #india #yt,Recently the National Institutional Ranking Framework report has come. Which ranks the top universities of India. According to this .,Top 5 Universities of India as per National Institutional Ranking Framework Report |#nirf #india #yt Recently the National Institutional Ranking Framework report has come. Which ranks the top universities of India. According to this .
nRUkxfeuTyc,Lucknow University,rankings,NIRF,Lucknow University NIRF,Top 10 Government Veterinary Universities in India-2023 as per NIRF ranking!!             Vets Diary,This video presents latest ranking of Veterinary Universities in accordance with NRIF rankings!!only Veterinary Universities are ...,Vets Diary,2023-06-25T02:44:55Z,2023,860,16,5,PT2M7S,unknown,https://www.youtube.com/watch?v=nRUkxfeuTyc,15,Relevant,Top 10 Government Veterinary Universities in India-2023 as per NIRF ranking! Vets Diary,This video presents latest ranking of Veterinary Universities in accordance with NRIF rankings!only Veterinary Universities are .,Top 10 Government Veterinary Universities in India-2023 as per NIRF ranking! Vets Diary This video presents latest ranking of Veterinary Universities in accordance with NRIF rankings!only Veterinary Universities are .
FPXaY8zt3J4,Kerala University,rankings,NIRF,Kerala University NIRF,NIRF College Ranking 7 times ranked colleges in Kerala,,Dr. Surendran Cherukodan,2024-07-29T10:14:41Z,2024,865,12,1,PT31S,unknown,https://www.youtube.com/watch?v=FPXaY8zt3J4,15,Relevant,NIRF College Ranking 7 times ranked colleges in Kerala,,NIRF College Ranking 7 times ranked colleges in Kerala
z1FDDpOl9yk,Jadavpur University,rankings,NIRF,Jadavpur University NIRF,Jadavpur University Ph.D Admission 2023-24 #phd #phd2023 #jadavpuruniversity #wb #research #jadavpur,,Unofficial Physics,2023-06-04T05:26:59Z,2023,374,2,0,PT16S,unknown,https://www.youtube.com/watch?v=z1FDDpOl9yk,15,Relevant,Jadavpur University Ph.D Admission 2023-24 #phd #phd2023 #jadavpuruniversity #wb #research #jadavpur,,Jadavpur University Ph.D Admission 2023-24 #phd #phd2023 #jadavpuruniversity #wb #research #jadavpur
VfucKVilCvk,Savitribai Phule Pune University,rankings,NIRF,Savitribai Phule Pune University NIRF,नॅशनल इन्स्टिटय़ूशनल रँकिंग फ्रेमवर्क NIRF Ranking 2023 Mumbai University Pune University ICT,nirfranking #ict #sppu #mumbaiuniversity #symbiosispune #dypatil #education #bagemedia1.,Bagemedia1,2023-06-06T16:25:08Z,2023,41,1,0,PT1M22S,unknown,https://www.youtube.com/watch?v=VfucKVilCvk,15,Relevant,नॅशनल इन्स्टिटय़ूशनल रँकिंग फ्रेमवर्क NIRF Ranking 2023 Mumbai University Pune University ICT,nirfranking #ict #sppu #mumbaiuniversity #symbiosispune #dypatil #education #bagemedia1.,नॅशनल इन्स्टिटय़ूशनल रँकिंग फ्रेमवर्क NIRF Ranking 2023 Mumbai University Pune University ICT nirfranking #ict #sppu #mumbaiuniversity #symbiosispune #dypatil #education #bagemedia1.
ksXQTGbKHVM,Aligarh Muslim University,rankings,NIRF,Aligarh Muslim University NIRF,"🎓 Top 20 Best Colleges in India 2025 | NIRF Ranking | CUET, NEET, JEE, CAT | Placements, Courses.","Top 20 Best Colleges in India 2025 | NIRF Rankings | CUET, NEET, JEE, CAT | Placements, Courses, Admission Process ...",College Career,2025-10-22T18:22:32Z,2025,37,5,0,PT1M39S,unknown,https://www.youtube.com/watch?v=ksXQTGbKHVM,15,Relevant,"🎓 Top 20 Best Colleges in India 2025 | NIRF Ranking | CUET, NEET, JEE, CAT | Placements, Courses.","Top 20 Best Colleges in India 2025 | NIRF Rankings | CUET, NEET, JEE, CAT | Placements, Courses, Admission Process .","🎓 Top 20 Best Colleges in India 2025 | NIRF Ranking | CUET, NEET, JEE, CAT | Placements, Courses. Top 20 Best Colleges in India 2025 | NIRF Rankings | CUET, NEET, JEE, CAT | Placements, Courses, Admission Process ."
vAPQz71YRhU,Rajasthan Technical University,rankings,NIRF,Rajasthan Technical University NIRF,Exploring the Power of the National Assessment and Accreditation Council (NAAC),"""Delve into the realm of academic quality assurance with our latest video on the National Assessment and Accreditation Council ...",vpmantra,2024-05-13T07:30:13Z,2024,40534,1007,10,PT49S,unknown,https://www.youtube.com/watch?v=vAPQz71YRhU,15,Relevant,Exploring the Power of the National Assessment and Accreditation Council (NAAC),"""Delve into the realm of academic quality assurance with our latest video on the National Assessment and Accreditation Council .","Exploring the Power of the National Assessment and Accreditation Council (NAAC) ""Delve into the realm of academic quality assurance with our latest video on the National Assessment and Accreditation Council ."
v1zX4RiZU74,Aligarh Muslim University,rankings,NIRF,Aligarh Muslim University NIRF,AMU||AMU vlog||Aligarh muslim university,Hello friend he blog mene aligarh Muslim University me banaya hai aur is university ke kuchh hisso ko dikhane ki kosish ki hai ...,Fk fix Vlog,2023-05-28T13:15:03Z,2023,84,16,4,PT6M12S,unknown,https://www.youtube.com/watch?v=v1zX4RiZU74,15,Relevant,AMU||AMU vlog||Aligarh muslim university,Hello friend he blog mene aligarh Muslim University me banaya hai aur is university ke kuchh hisso ko dikhane ki kosish ki hai .,AMU||AMU vlog||Aligarh muslim university Hello friend he blog mene aligarh Muslim University me banaya hai aur is university ke kuchh hisso ko dikhane ki kosish ki hai .
82IGHMtqTLg,Madan Mohan Malaviya University of Technology,rankings,NIRF,Madan Mohan Malaviya University of Technology NIRF,MMMUT Gorakhpur: IIT se kam nahi! 😱 | NIRF 84 Rank #Shorts,"MMMUT Gorakhpur - The Hub of Engineering Excellence! Kya aap ek aise college ki talaash mein hain jahan ranking, ...","LIFE CRAFT JEE COUNSELLING
",2026-03-20T15:16:29Z,2026,115,1,0,PT39S,unknown,https://www.youtube.com/watch?v=82IGHMtqTLg,15,Relevant,MMMUT Gorakhpur: IIT se kam nahi! 😱 | NIRF 84 Rank #Shorts,"MMMUT Gorakhpur - The Hub of Engineering Excellence! Kya aap ek aise college ki talaash mein hain jahan ranking, .","MMMUT Gorakhpur: IIT se kam nahi! 😱 | NIRF 84 Rank #Shorts MMMUT Gorakhpur - The Hub of Engineering Excellence! Kya aap ek aise college ki talaash mein hain jahan ranking, ."
vQ-JNfrQLe8,University of Calcutta,rankings,NIRF,University of Calcutta NIRF,Top 10 IIM Colleges in India 2024 🏆 | NIRF Ranking | Placement &amp; Fees,Top 10 IIM Colleges in India - NIRF 2024 Rankings Planning to do an MBA from an IIM? This video gives you a detailed ...,CMI Times,2025-08-11T14:30:55Z,2025,28,1,0,PT57S,unknown,https://www.youtube.com/watch?v=vQ-JNfrQLe8,15,Relevant,Top 10 IIM Colleges in India 2024 🏆 | NIRF Ranking | Placement & Fees,Top 10 IIM Colleges in India - NIRF 2024 Rankings Planning to do an MBA from an IIM? This video gives you a detailed .,Top 10 IIM Colleges in India 2024 🏆 | NIRF Ranking | Placement & Fees Top 10 IIM Colleges in India - NIRF 2024 Rankings Planning to do an MBA from an IIM? This video gives you a detailed .
jsl_lQWdDvM,University of Calcutta,rankings,NIRF,University of Calcutta NIRF,Top 10 Colleges in India for 2023 - NIRF Rankings 2023- #education #iit #shorts,The National Institutional Ranking Framework (NIRF) rankings are a government-sponsored initiative to rank educational ...,Alma Mater,2023-06-07T12:31:35Z,2023,97,0,0,PT37S,unknown,https://www.youtube.com/watch?v=jsl_lQWdDvM,15,Relevant,Top 10 Colleges in India for 2023 - NIRF Rankings 2023- #education #iit #shorts,The National Institutional Ranking Framework (NIRF) rankings are a government-sponsored initiative to rank educational .,Top 10 Colleges in India for 2023 - NIRF Rankings 2023- #education #iit #shorts The National Institutional Ranking Framework (NIRF) rankings are a government-sponsored initiative to rank educational .
xW3H7jWI5zs,Aligarh Muslim University,rankings,NIRF,Aligarh Muslim University NIRF,Detail Information - AMU | Aligarh Muslim University,Instagram: https://www.instagram.com/amandhattarwal/?hl=en Telegram: https://t.me/apnikakshaofficial.,Apni Kaksha Official,2024-05-30T11:30:33Z,2024,2996,65,17,PT15M38S,unknown,https://www.youtube.com/watch?v=xW3H7jWI5zs,15,Relevant,Detail Information - AMU | Aligarh Muslim University,Instagram: Telegram:,Detail Information - AMU | Aligarh Muslim University Instagram: Telegram:
BDgL14_rFw8,University of Mumbai,rankings,NIRF,University of Mumbai NIRF,Top MBA Colleges in India 2025 | NIRF Ranking | #youtubeshorts #viral,Looking for the best MBA colleges in India for 2025? This video shows the NIRF Rankings 2024 for top MBA universities based on ...,CMI Times,2025-08-26T10:27:00Z,2025,44,1,0,PT57S,unknown,https://www.youtube.com/watch?v=BDgL14_rFw8,15,Relevant,Top MBA Colleges in India 2025 | NIRF Ranking | #youtubeshorts #viral,Looking for the best MBA colleges in India for 2025? This video shows the NIRF Rankings 2024 for top MBA universities based on .,Top MBA Colleges in India 2025 | NIRF Ranking | #youtubeshorts #viral Looking for the best MBA colleges in India for 2025? This video shows the NIRF Rankings 2024 for top MBA universities based on .
bTMPiPlwhZ8,Aligarh Muslim University,rankings,NIRF,Aligarh Muslim University NIRF,&quot;Aligarh Muslim University | AMU की कहानी जिसने लाखों जिंदगियाँ बदली&quot; #amu #facts #library #reels,Aligarh Muslim University AMU Aligarh History AMU Facts in Hindi Sir Syed Ahmed Khan AMU Aligarh Muslim University Details ...,Moonlight Study,2025-09-02T12:09:23Z,2025,466,6,0,PT1M3S,unknown,https://www.youtube.com/watch?v=bTMPiPlwhZ8,15,Relevant,"""Aligarh Muslim University | AMU की कहानी जिसने लाखों जिंदगियाँ बदली"" #amu #facts #library #reels",Aligarh Muslim University AMU Aligarh History AMU Facts in Hindi Sir Syed Ahmed Khan AMU Aligarh Muslim University Details .,"""Aligarh Muslim University | AMU की कहानी जिसने लाखों जिंदगियाँ बदली"" #amu #facts #library #reels Aligarh Muslim University AMU Aligarh History AMU Facts in Hindi Sir Syed Ahmed Khan AMU Aligarh Muslim University Details ."
s_oOChEkttY,SRM Institute of Science and Technology,rankings,NIRF,SRM Institute of Science and Technology NIRF,NIRF RANK 2023 FOR DEEMED UNIVERSITY IN TAMILNADU|இதுல படித்தால் உலக தரமான Education|Dineshprabhu,nirf2023 #nirf #dineshprabhu #careerguidance #engineering #colleges #topmost #tnea #tnea2023 Dineshprabhu J Career ...,DINESH PRABHU,2023-06-07T07:42:08Z,2023,7821,247,95,PT6M43S,unknown,https://www.youtube.com/watch?v=s_oOChEkttY,15,Relevant,NIRF RANK 2023 FOR DEEMED UNIVERSITY IN TAMILNADU|இதுல படித்தால் உலக தரமான Education|Dineshprabhu,nirf2023 #nirf #dineshprabhu #careerguidance #engineering #colleges #topmost #tnea #tnea2023 Dineshprabhu J Career .,NIRF RANK 2023 FOR DEEMED UNIVERSITY IN TAMILNADU|இதுல படித்தால் உலக தரமான Education|Dineshprabhu nirf2023 #nirf #dineshprabhu #careerguidance #engineering #colleges #topmost #tnea #tnea2023 Dineshprabhu J Career .
B6R447NJwjs,University of Mumbai,rankings,NIRF,University of Mumbai NIRF,7 sep2025 currentaffairs |NIRF rankings|#trending #shorts #nirfranking #ranking ,Which institution topped the NIRF India Rankings 2025 in the Overall Category? A) IIT Bombay B) IIT Madras C) IISc Bengaluru D) ...,Telangana Champions Academy ,2025-09-07T16:19:58Z,2025,96,6,6,PT1M4S,unknown,https://www.youtube.com/watch?v=B6R447NJwjs,15,Relevant,7 sep2025 currentaffairs |NIRF rankings|#trending #shorts #nirfranking #ranking,Which institution topped the NIRF India Rankings 2025 in the Overall Category? A) IIT Bombay B) IIT Madras C) IISc Bengaluru D) .,7 sep2025 currentaffairs |NIRF rankings|#trending #shorts #nirfranking #ranking Which institution topped the NIRF India Rankings 2025 in the Overall Category? A) IIT Bombay B) IIT Madras C) IISc Bengaluru D) .
KX9ddEE73sk,SRM Institute of Science and Technology,rankings,NIRF,SRM Institute of Science and Technology NIRF,NIRF Top 10 Engineering Colleges 2025 Ranking #nirfranking #nirf #engineeringcollegesindia #IIT #NIT,You should know about Top Engineering Colleges in India 2025 Here are the top engineering colleges in India as per NIRF ...,Nayak's Tutorials,2025-08-05T09:17:28Z,2025,1221,10,1,PT55S,unknown,https://www.youtube.com/watch?v=KX9ddEE73sk,15,Relevant,NIRF Top 10 Engineering Colleges 2025 Ranking #nirfranking #nirf #engineeringcollegesindia #IIT #NIT,You should know about Top Engineering Colleges in India 2025 Here are the top engineering colleges in India as per NIRF .,NIRF Top 10 Engineering Colleges 2025 Ranking #nirfranking #nirf #engineeringcollegesindia #IIT #NIT You should know about Top Engineering Colleges in India 2025 Here are the top engineering colleges in India as per NIRF .
pvJ0R7gCvD8,SRM Institute of Science and Technology,rankings,NIRF,SRM Institute of Science and Technology NIRF,❌NIRF Ranking Gone Wrong😂💀SRM vs NIT #nirf2025 #srm #jee2026,,Mritunjay [MJK Sir],2025-09-05T14:39:50Z,2025,6551,38,4,PT14S,unknown,https://www.youtube.com/watch?v=pvJ0R7gCvD8,15,Relevant,❌NIRF Ranking Gone Wrong😂💀SRM vs NIT #nirf2025 #srm #jee2026,,❌NIRF Ranking Gone Wrong😂💀SRM vs NIT #nirf2025 #srm #jee2026
dDZqEdi1Nw4,Osmania University,rankings,NIRF,Osmania University NIRF,Top NIRF Ranking college&#39;s in Chennai #nirfranking #nirf #engineeringcolleges #topengineeringcollege,nirf #nirfranking #nirfranking2022 #topengineeringcollege #topengineeringcollegesintamilnadu #topengineering #engineering ...,TN Education 360,2024-11-29T12:16:26Z,2024,15,1,0,PT2M,unknown,https://www.youtube.com/watch?v=dDZqEdi1Nw4,15,Relevant,Top NIRF Ranking college's in Chennai #nirfranking #nirf #engineeringcolleges #topengineeringcollege,nirf #nirfranking #nirfranking2022 #topengineeringcollege #topengineeringcollegesintamilnadu #topengineering #engineering .,Top NIRF Ranking college's in Chennai #nirfranking #nirf #engineeringcolleges #topengineeringcollege nirf #nirfranking #nirfranking2022 #topengineeringcollege #topengineeringcollegesintamilnadu #topengineering #engineering .
CkgFM6h9mXA,Rajasthan Technical University,rankings,NIRF,Rajasthan Technical University NIRF,"RTU Kota College Review 2026 | Campus Tour, Placements, Reality Check","College Admission Guidance & Help (By Me, Prabhat Ranjan): https://divastra.github.io/counselling My YouTube Gear: ...",Prabhat Ranjan,2026-04-03T06:30:00Z,2026,5410,83,42,PT11M58S,unknown,https://www.youtube.com/watch?v=CkgFM6h9mXA,15,Relevant,"RTU Kota College Review 2026 | Campus Tour, Placements, Reality Check","College Admission Guidance & Help (By Me, Prabhat Ranjan): My YouTube Gear: .","RTU Kota College Review 2026 | Campus Tour, Placements, Reality Check College Admission Guidance & Help (By Me, Prabhat Ranjan): My YouTube Gear: ."
y1WYMIvUxcw,SRM Institute of Science and Technology,rankings,NIRF,SRM Institute of Science and Technology NIRF,"SRM University KTR BTech Review  | Courses, Fees, Admission 2025, Placements, Ranking #srmjeee #srm","SRM University AP BTech Review | Courses, Fees, Admission 2025, Placements, Ranking #srmjeee #srm. Confused ...",Career Initiative,2024-11-21T07:30:16Z,2024,392964,1844,10,PT16S,unknown,https://www.youtube.com/watch?v=y1WYMIvUxcw,15,Relevant,"SRM University KTR BTech Review | Courses, Fees, Admission 2025, Placements, Ranking #srmjeee #srm","SRM University AP BTech Review | Courses, Fees, Admission 2025, Placements, Ranking #srmjeee #srm. Confused .","SRM University KTR BTech Review | Courses, Fees, Admission 2025, Placements, Ranking #srmjeee #srm SRM University AP BTech Review | Courses, Fees, Admission 2025, Placements, Ranking #srmjeee #srm. Confused ."
Uv3lJjF2CEg,Jiwaji University Gwalior,rankings,NIRF,Jiwaji University Gwalior NIRF,Jiwaji University Gwalior: जीवाजी यूनिवर्सिटी की खुली फर्जीवाड़े की पोल! MP News,Jiwaji University Gwalior: जीवाजी यूनिवर्सिटी की खुली फर्जीवाड़े की पोल! MP News ...,Vistaar News,2025-01-20T17:41:07Z,2025,7043,75,6,PT4M19S,unknown,https://www.youtube.com/watch?v=Uv3lJjF2CEg,15,Relevant,Jiwaji University Gwalior: जीवाजी यूनिवर्सिटी की खुली फर्जीवाड़े की पोल! MP News,Jiwaji University Gwalior: जीवाजी यूनिवर्सिटी की खुली फर्जीवाड़े की पोल! MP News .,Jiwaji University Gwalior: जीवाजी यूनिवर्सिटी की खुली फर्जीवाड़े की पोल! MP News Jiwaji University Gwalior: जीवाजी यूनिवर्सिटी की खुली फर्जीवाड़े की पोल! MP News .
GJ6tp4ez8vw,VIT Bhopal University,rankings,NIRF,VIT Bhopal University NIRF,"💥VIT 2025 All Campus Review | Fees, Placements, Ranking &amp; ₹1 Cr+ Package! | 🚀VITEEE 2025","VIT 2025 All Campus Review | Fees, Placements, Ranking & ₹1 Cr+ Package! | VITEEE 2025 Planning to take admission at ...",Careers360,2025-05-09T11:05:00Z,2025,4201,32,3,PT14M7S,unknown,https://www.youtube.com/watch?v=GJ6tp4ez8vw,15,Relevant,"💥VIT 2025 All Campus Review | Fees, Placements, Ranking & ₹1 Cr+ Package! | 🚀VITEEE 2025","VIT 2025 All Campus Review | Fees, Placements, Ranking & ₹1 Cr+ Package! | VITEEE 2025 Planning to take admission at .","💥VIT 2025 All Campus Review | Fees, Placements, Ranking & ₹1 Cr+ Package! | 🚀VITEEE 2025 VIT 2025 All Campus Review | Fees, Placements, Ranking & ₹1 Cr+ Package! | VITEEE 2025 Planning to take admission at ."
nFqMgnNjD8o,Jamia Millia Islamia,rankings,NIRF,Jamia Millia Islamia NIRF,Top 10 Universities In India As per NIRF Ranking 2023 | Take admission &amp; ensure Job | By Divyang Sir,"Here is a list of the top 10 medical colleges in India based on various factors, including the overall NIRF (National Institutional ...",JPT BIOLOGY ACADEMY - Yaha Selection ka System Hai,2023-06-08T08:00:19Z,2023,29,2,0,PT3M55S,unknown,https://www.youtube.com/watch?v=nFqMgnNjD8o,15,Relevant,Top 10 Universities In India As per NIRF Ranking 2023 | Take admission & ensure Job | By Divyang Sir,"Here is a list of the top 10 medical colleges in India based on various factors, including the overall NIRF (National Institutional .","Top 10 Universities In India As per NIRF Ranking 2023 | Take admission & ensure Job | By Divyang Sir Here is a list of the top 10 medical colleges in India based on various factors, including the overall NIRF (National Institutional ."
5cjuZ_5YZjY,Dr APJ Abdul Kalam Technical University,rankings,NIRF,Dr APJ Abdul Kalam Technical University NIRF,Ranking India’s Top 100 Engineering Colleges🔥| 1 Lakh-8 Lakh Rank!!,India's Top 100 Engineering Colleges  | Upto 10 Lakh Rank Link to RSAT Scholarship Test: https://shorturl.at/e4nuY. These are ...,Yash Garg,2025-06-19T13:37:37Z,2025,26458,887,415,PT16M58S,unknown,https://www.youtube.com/watch?v=5cjuZ_5YZjY,15,Relevant,Ranking India’s Top 100 Engineering Colleges🔥| 1 Lakh-8 Lakh Rank!,India's Top 100 Engineering Colleges | Upto 10 Lakh Rank Link to RSAT Scholarship Test: These are .,Ranking India’s Top 100 Engineering Colleges🔥| 1 Lakh-8 Lakh Rank! India's Top 100 Engineering Colleges | Upto 10 Lakh Rank Link to RSAT Scholarship Test: These are .
XU_yor56as4,Osmania University,rankings,NIRF,Osmania University NIRF,Top Engineering Colleges Based On Nirf Ranking in Tamilnadu #nirf #tnea2024 #bestcolleges,nirf #tnea2024 #bestcolleges #tnea2024 #tnea2024counselling #engineering #engineeringadmission ...,Admission Update,2025-03-31T12:30:24Z,2025,546,9,1,PT2M48S,unknown,https://www.youtube.com/watch?v=XU_yor56as4,15,Relevant,Top Engineering Colleges Based On Nirf Ranking in Tamilnadu #nirf #tnea2024 #bestcolleges,nirf #tnea2024 #bestcolleges #tnea2024 #tnea2024counselling #engineering #engineeringadmission .,Top Engineering Colleges Based On Nirf Ranking in Tamilnadu #nirf #tnea2024 #bestcolleges nirf #tnea2024 #bestcolleges #tnea2024 #tnea2024counselling #engineering #engineeringadmission .
RcPiLWMkoPE,Savitribai Phule Pune University,rankings,NIRF,Savitribai Phule Pune University NIRF,Savitribai Phule Pune University मध्ये Hostel मिळण्यासाठी काय गरजेचं ?,join us on telegram kurukshetra by RD sir.,Kurukshetra Coaching Institute,2023-05-13T10:34:41Z,2023,15580,344,70,PT3M39S,unknown,https://www.youtube.com/watch?v=RcPiLWMkoPE,15,Relevant,Savitribai Phule Pune University मध्ये Hostel मिळण्यासाठी काय गरजेचं ?,join us on telegram kurukshetra by RD sir.,Savitribai Phule Pune University मध्ये Hostel मिळण्यासाठी काय गरजेचं ? join us on telegram kurukshetra by RD sir.
bUB_WAoGYpI,Jawaharlal Nehru University,rankings,NIRF,Jawaharlal Nehru University NIRF,NIRF ranking of top institution of India 2023... #jnu#bhu#iitmadras#iitdelhi#jmi#iimahmedabad...,,snapshot,2023-06-06T08:19:12Z,2023,35,1,0,PT14S,unknown,https://www.youtube.com/watch?v=bUB_WAoGYpI,15,Relevant,NIRF ranking of top institution of India 2023. #jnu#bhu#iitmadras#iitdelhi#jmi#iimahmedabad.,,NIRF ranking of top institution of India 2023. #jnu#bhu#iitmadras#iitdelhi#jmi#iimahmedabad.
kjguuk-hNm8,Andhra University,rankings,NIRF,Andhra University NIRF,Top Colleges in Andhra Pradesh based on NIRF Ranking 2023,"Join telegram for updates :https://t.me/sailand28 ap polycet 2023, polycet 2023, ts polycet 2023, ap polycet 2023 exam, ts polycet ...",Sailand,2023-06-11T04:35:42Z,2023,1824,17,23,PT3M8S,unknown,https://www.youtube.com/watch?v=kjguuk-hNm8,15,Relevant,Top Colleges in Andhra Pradesh based on NIRF Ranking 2023,"Join telegram for updates : ap polycet 2023, polycet 2023, ts polycet 2023, ap polycet 2023 exam, ts polycet .","Top Colleges in Andhra Pradesh based on NIRF Ranking 2023 Join telegram for updates : ap polycet 2023, polycet 2023, ts polycet 2023, ap polycet 2023 exam, ts polycet ."
fWTNBzUWjaY,Jawaharlal Nehru University,rankings,NIRF,Jawaharlal Nehru University NIRF,University ranking and ranking process in India,University ranking and ranking process in India ✌️   Indian Institute of Science is number 1 in the country. In the same NIRF ...,ThinkinGo,2025-06-18T12:45:05Z,2025,52,0,2,PT33S,unknown,https://www.youtube.com/watch?v=fWTNBzUWjaY,15,Relevant,University ranking and ranking process in India,University ranking and ranking process in India ✌️ Indian Institute of Science is number 1 in the country. In the same NIRF .,University ranking and ranking process in India University ranking and ranking process in India ✌️ Indian Institute of Science is number 1 in the country. In the same NIRF .
cVJAizXOet4,Delhi University,rankings,NIRF,Delhi University NIRF,Top 10 MBA Colleges in India | NIRF Ranking 2025 Revealed | 📢 Top Colleges as per NIRF 2025,"Top 10 MBA Colleges – NIRF 2025 Rankings Released! The latest rankings are out, and the competition is tougher than ever!",Search My College,2025-09-26T11:14:34Z,2025,98,3,0,PT39S,unknown,https://www.youtube.com/watch?v=cVJAizXOet4,15,Relevant,Top 10 MBA Colleges in India | NIRF Ranking 2025 Revealed | 📢 Top Colleges as per NIRF 2025,"Top 10 MBA Colleges – NIRF 2025 Rankings Released! The latest rankings are out, and the competition is tougher than ever!","Top 10 MBA Colleges in India | NIRF Ranking 2025 Revealed | 📢 Top Colleges as per NIRF 2025 Top 10 MBA Colleges – NIRF 2025 Rankings Released! The latest rankings are out, and the competition is tougher than ever!"
XzIYIQnZx78,Kerala University,rankings,NIRF,Kerala University NIRF,TOP 20 ENGINEERING COLLEGES IN KERALA BASED ON LATEST NIRF &amp; KIRF RANKING #KEAM2026 #education#jee,TOP 20 ENGINEERING COLLEGES IN KERALA The images in this video belong to its respective owners   #keam2026 #jee ...,Munaver Hussain A.R,2026-03-14T05:29:03Z,2026,2780,0,0,PT1M1S,unknown,https://www.youtube.com/watch?v=XzIYIQnZx78,15,Relevant,TOP 20 ENGINEERING COLLEGES IN KERALA BASED ON LATEST NIRF & KIRF RANKING #KEAM2026 #education#jee,TOP 20 ENGINEERING COLLEGES IN KERALA The images in this video belong to its respective owners #keam2026 #jee .,TOP 20 ENGINEERING COLLEGES IN KERALA BASED ON LATEST NIRF & KIRF RANKING #KEAM2026 #education#jee TOP 20 ENGINEERING COLLEGES IN KERALA The images in this video belong to its respective owners #keam2026 #jee .
f_b2OIzHoDs,Delhi University,rankings,NIRF,Delhi University NIRF,Top 10 NITs in India | 2024 NIRF Ranking! #ahorts #nit #nitian,"Discover the Top 10 NITs in India based on the 2024 NIRF Rankings! From cutting-edge research to unbeatable campus life, ...",College Suggest,2024-08-23T13:30:20Z,2024,3747,63,1,PT56S,unknown,https://www.youtube.com/watch?v=f_b2OIzHoDs,15,Relevant,Top 10 NITs in India | 2024 NIRF Ranking! #ahorts #nit #nitian,"Discover the Top 10 NITs in India based on the 2024 NIRF Rankings! From cutting-edge research to unbeatable campus life, .","Top 10 NITs in India | 2024 NIRF Ranking! #ahorts #nit #nitian Discover the Top 10 NITs in India based on the 2024 NIRF Rankings! From cutting-edge research to unbeatable campus life, ."
2MWAidr0D3s,Pondicherry University,rankings,NIRF,Pondicherry University NIRF,NIT Trichy Fees &amp; Rank 2025 REVEALED | INSIDE Campus Tour | Top Engineering College India #nittrichy,"Explore the latest NIT Trichy fee's structure 2025, rank cutoffs, and an exclusive campus tour of one of India's premier engineering ...",College Dost Tamil,2025-05-16T15:22:53Z,2025,149082,1316,5,PT21S,unknown,https://www.youtube.com/watch?v=2MWAidr0D3s,15,Relevant,NIT Trichy Fees & Rank 2025 REVEALED | INSIDE Campus Tour | Top Engineering College India #nittrichy,"Explore the latest NIT Trichy fee's structure 2025, rank cutoffs, and an exclusive campus tour of one of India's premier engineering .","NIT Trichy Fees & Rank 2025 REVEALED | INSIDE Campus Tour | Top Engineering College India #nittrichy Explore the latest NIT Trichy fee's structure 2025, rank cutoffs, and an exclusive campus tour of one of India's premier engineering ."
B2zibSI6kUU,Pondicherry University,rankings,NIRF,Pondicherry University NIRF,Top 10 Central University in India BASED ON NIRF RANKING 2025 #upsc #ugcnet2026 #bpsc #AvyanIAS,कर्मवीर श्रृंखला 3.0 भारत की एक मात्र daily mcq series है जिसमें प्रतिदिन अलग ...,Avyan IAS,2026-06-06T14:41:32Z,2026,66,8,0,PT19M16S,unknown,https://www.youtube.com/watch?v=B2zibSI6kUU,15,Relevant,Top 10 Central University in India BASED ON NIRF RANKING 2025 #upsc #ugcnet2026 #bpsc #AvyanIAS,कर्मवीर श्रृंखला 3.0 भारत की एक मात्र daily mcq series है जिसमें प्रतिदिन अलग .,Top 10 Central University in India BASED ON NIRF RANKING 2025 #upsc #ugcnet2026 #bpsc #AvyanIAS कर्मवीर श्रृंखला 3.0 भारत की एक मात्र daily mcq series है जिसमें प्रतिदिन अलग .
HYCgRU7djXs,Mysore University,rankings,NIRF,Mysore University NIRF,TOP 50 MEDICAL COLLEGES NIRF TOP RANKING 2024 || BEST MEDICAL COLLEGES IN INDIA BY NIRF RANKING II,Welcome to our latest update on the NIRF 2024 rankings for medical colleges in India! This year's rankings have just been ...,EDUNOM - Guiding Career Since 2007.,2024-08-17T10:47:00Z,2024,598,15,1,PT4M42S,unknown,https://www.youtube.com/watch?v=HYCgRU7djXs,15,Relevant,TOP 50 MEDICAL COLLEGES NIRF TOP RANKING 2024 || BEST MEDICAL COLLEGES IN INDIA BY NIRF RANKING II,Welcome to our latest update on the NIRF 2024 rankings for medical colleges in India! This year's rankings have just been .,TOP 50 MEDICAL COLLEGES NIRF TOP RANKING 2024 || BEST MEDICAL COLLEGES IN INDIA BY NIRF RANKING II Welcome to our latest update on the NIRF 2024 rankings for medical colleges in India! This year's rankings have just been .
SpTEzhnUq64,Delhi University,rankings,NIRF,Delhi University NIRF,NIRF Ranking 2025 🔥 – Top 100 Engineering Colleges in India - Top 100 NIRF Rankings #nirf2025,आप सभी का Bodmas Engineering चैनल पर स्वागत है इस चैनल पर आपको Engineering NRIF Ranking ...,Bodmas Engineering Careers,2025-09-05T10:42:05Z,2025,14794,183,15,PT22M37S,unknown,https://www.youtube.com/watch?v=SpTEzhnUq64,15,Relevant,NIRF Ranking 2025 🔥 – Top 100 Engineering Colleges in India - Top 100 NIRF Rankings #nirf2025,आप सभी का Bodmas Engineering चैनल पर स्वागत है इस चैनल पर आपको Engineering NRIF Ranking .,NIRF Ranking 2025 🔥 – Top 100 Engineering Colleges in India - Top 100 NIRF Rankings #nirf2025 आप सभी का Bodmas Engineering चैनल पर स्वागत है इस चैनल पर आपको Engineering NRIF Ranking .
DFnGM6UMzj4,Delhi University,rankings,NIRF,Delhi University NIRF,"How IIT Madras,IISc Bengaluru,Delhi University,BITS Pilani performed: Details of NIRF rankings 2025",IIT Madras tops the NIRF Rankings 2025 for the 7th year in a row! This year's list includes 17 categories and over 14000 ...,ThePrint,2025-09-04T11:37:46Z,2025,14220,162,15,PT3M58S,unknown,https://www.youtube.com/watch?v=DFnGM6UMzj4,15,Relevant,"How IIT Madras,IISc Bengaluru,Delhi University,BITS Pilani performed: Details of NIRF rankings 2025",IIT Madras tops the NIRF Rankings 2025 for the 7th year in a row! This year's list includes 17 categories and over 14000 .,"How IIT Madras,IISc Bengaluru,Delhi University,BITS Pilani performed: Details of NIRF rankings 2025 IIT Madras tops the NIRF Rankings 2025 for the 7th year in a row! This year's list includes 17 categories and over 14000 ."
wfOvqrjPhcM,Kerala University,rankings,NIRF,Kerala University NIRF,Must-Watch ✅: New #NIRF Ranking List of #2023 is Announced! 🎯#university  &amp; #college #Rankings! 📊🏆,ഏതൊക്കെയാണ് പുതിയ NIRF ലിസ്റ്റിയിലുള്ള കേരളത്തിലെ മികച്ച ...,Pumpkin Talks,2023-06-10T11:20:44Z,2023,821,29,25,PT5M33S,unknown,https://www.youtube.com/watch?v=wfOvqrjPhcM,15,Relevant,Must-Watch ✅: New #NIRF Ranking List of #2023 is Announced! 🎯#university & #college #Rankings! 📊🏆,ഏതൊക്കെയാണ് പുതിയ NIRF ലിസ്റ്റിയിലുള്ള കേരളത്തിലെ മികച്ച .,Must-Watch ✅: New #NIRF Ranking List of #2023 is Announced! 🎯#university & #college #Rankings! 📊🏆 ഏതൊക്കെയാണ് പുതിയ NIRF ലിസ്റ്റിയിലുള്ള കേരളത്തിലെ മികച്ച .
R1G13Z-QAIU,Jawaharlal Nehru University,rankings,NIRF,Jawaharlal Nehru University NIRF,"NIRF Rankings 2023: IISc, Jamia, JNU बनीं देश की Top यूनिवर्सिटीज़, देखें पूरी Ranking List","''Khabar Prabha'' motto of ""react fast"" is reflected in its YouTube Channel as well, as it's bring to you the most authentic and ...",khabar Prabha,2023-06-06T07:49:27Z,2023,230,4,0,PT4M31S,unknown,https://www.youtube.com/watch?v=R1G13Z-QAIU,15,Relevant,"NIRF Rankings 2023: IISc, Jamia, JNU बनीं देश की Top यूनिवर्सिटीज़, देखें पूरी Ranking List","''Khabar Prabha'' motto of ""react fast"" is reflected in its YouTube Channel as well, as it's bring to you the most authentic and .","NIRF Rankings 2023: IISc, Jamia, JNU बनीं देश की Top यूनिवर्सिटीज़, देखें पूरी Ranking List ''Khabar Prabha'' motto of ""react fast"" is reflected in its YouTube Channel as well, as it's bring to you the most authentic and ."
VDj3s0e5Ydk,University of Rajasthan,rankings,NIRF,University of Rajasthan NIRF,भारतातील सर्वोत्तम 10 कृषि विद्यापीठे | Top 10 Agriculture University in India | NIRF Ranking 2023,भारतातील सर्वोत्तम 10 कृषि विद्यापीठे | भारतातील सर्वोत्कृष्ट कृषि ...,Marathi Krushidoot,2023-06-13T00:30:08Z,2023,420,19,0,PT6M21S,unknown,https://www.youtube.com/watch?v=VDj3s0e5Ydk,15,Relevant,भारतातील सर्वोत्तम 10 कृषि विद्यापीठे | Top 10 Agriculture University in India | NIRF Ranking 2023,भारतातील सर्वोत्तम 10 कृषि विद्यापीठे | भारतातील सर्वोत्कृष्ट कृषि .,भारतातील सर्वोत्तम 10 कृषि विद्यापीठे | Top 10 Agriculture University in India | NIRF Ranking 2023 भारतातील सर्वोत्तम 10 कृषि विद्यापीठे | भारतातील सर्वोत्कृष्ट कृषि .
Y8ILN0f0Fjs,Delhi University,rankings,NIRF,Delhi University NIRF,Delhi University Preference Filling: CSAS 1 &amp; 2 || Step by Step Guide || How to make preference list,"Your CUET score is important—but your DU CSAS preference list can be just as important. Every year, thousands of students lose ...",Jhoom Baba,2026-07-03T05:58:46Z,2026,17613,789,250,PT10M7S,unknown,https://www.youtube.com/watch?v=Y8ILN0f0Fjs,15,Relevant,Delhi University Preference Filling: CSAS 1 & 2 || Step by Step Guide || How to make preference list,"Your CUET score is important—but your DU CSAS preference list can be just as important. Every year, thousands of students lose .","Delhi University Preference Filling: CSAS 1 & 2 || Step by Step Guide || How to make preference list Your CUET score is important—but your DU CSAS preference list can be just as important. Every year, thousands of students lose ."
pgp0XrGAr2A,Kerala University,rankings,NIRF,Kerala University NIRF,ഇത് കേരള സ്‌റ്റോറി; രാജ്യത്തെ മികച്ച കോളേജുകളുടെ പട്ടികയില്‍ കേരളത്തിന് നേട്ടം | NIRF Ranking |,കേരളത്തില്‍ നിന്ന് പട്ടികയില്‍ ഇടംപിടിച്ചത് 14 കോളേജുകള്‍ #nirfrankings #nirf ...,Mathrubhumi News,2023-06-05T16:12:48Z,2023,300911,2816,625,PT2M19S,unknown,https://www.youtube.com/watch?v=pgp0XrGAr2A,15,Relevant,ഇത് കേരള സ്‌റ്റോറി; രാജ്യത്തെ മികച്ച കോളേജുകളുടെ പട്ടികയില്‍ കേരളത്തിന് നേട്ടം | NIRF Ranking |,കേരളത്തില്‍ നിന്ന് പട്ടികയില്‍ ഇടംപിടിച്ചത് 14 കോളേജുകള്‍ #nirfrankings #nirf .,ഇത് കേരള സ്‌റ്റോറി; രാജ്യത്തെ മികച്ച കോളേജുകളുടെ പട്ടികയില്‍ കേരളത്തിന് നേട്ടം | NIRF Ranking | കേരളത്തില്‍ നിന്ന് പട്ടികയില്‍ ഇടംപിടിച്ചത് 14 കോളേജുകള്‍ #nirfrankings #nirf .
K9dZYv0BTbI,Mysore University,rankings,NIRF,Mysore University NIRF,Top 20 Private Medical Colleges for MBBS in India - Latest NIRF Medical Colleges Ranking 2024,Source of Information (for Ranking): https://www.nirfindia.org/Rankings/2024/MedicalRanking.html To read more such blogs and ...,Youth Career Insights,2024-08-20T04:57:04Z,2024,371,0,2,PT3M17S,unknown,https://www.youtube.com/watch?v=K9dZYv0BTbI,15,Relevant,Top 20 Private Medical Colleges for MBBS in India - Latest NIRF Medical Colleges Ranking 2024,Source of Information (for Ranking): To read more such blogs and .,Top 20 Private Medical Colleges for MBBS in India - Latest NIRF Medical Colleges Ranking 2024 Source of Information (for Ranking): To read more such blogs and .
CAMoF8NqK7I,University of Hyderabad,rankings,NIRF,University of Hyderabad NIRF,NIRF Ranking Rost | Om Panday Sir | Physics Wallah| Chandigarh University | PW | CU | NIRF,,CollegeXplore,2023-07-21T03:55:18Z,2023,24957,464,7,PT38S,unknown,https://www.youtube.com/watch?v=CAMoF8NqK7I,15,Relevant,NIRF Ranking Rost | Om Panday Sir | Physics Wallah| Chandigarh University | PW | CU | NIRF,,NIRF Ranking Rost | Om Panday Sir | Physics Wallah| Chandigarh University | PW | CU | NIRF
6DnOzNzi32E,Gujarat University,rankings,NIRF,Gujarat University NIRF,Nirf rank of Top 10 Engineering colleges in Gujarat #iit #nit #iiit #jee #cbse #engineering #btech,,Career Notes,2026-06-19T20:04:20Z,2026,956,4,0,PT6S,unknown,https://www.youtube.com/watch?v=6DnOzNzi32E,15,Relevant,Nirf rank of Top 10 Engineering colleges in Gujarat #iit #nit #iiit #jee #cbse #engineering #btech,,Nirf rank of Top 10 Engineering colleges in Gujarat #iit #nit #iiit #jee #cbse #engineering #btech
4VHbw_jkCKk,University of Hyderabad,rankings,NIRF,University of Hyderabad NIRF,What are NIRF rankings?,Ever wondered how the top universities and colleges in India are ranked? Meet NIRF – National Institutional Ranking Framework ...,La Excellence IAS ,2025-04-29T03:30:03Z,2025,3007,0,0,PT1M6S,unknown,https://www.youtube.com/watch?v=4VHbw_jkCKk,15,Relevant,What are NIRF rankings?,Ever wondered how the top universities and colleges in India are ranked? Meet NIRF – National Institutional Ranking Framework .,What are NIRF rankings? Ever wondered how the top universities and colleges in India are ranked? Meet NIRF – National Institutional Ranking Framework .
5shUar5HeKw,Kerala University,rankings,NIRF,Kerala University NIRF,NIRF Ranking of Engineering Colleges in Kerala #nirf2025 #nirfranking,,Sheena360,2025-09-07T17:47:01Z,2025,1129,3,0,PT16S,unknown,https://www.youtube.com/watch?v=5shUar5HeKw,15,Relevant,NIRF Ranking of Engineering Colleges in Kerala #nirf2025 #nirfranking,,NIRF Ranking of Engineering Colleges in Kerala #nirf2025 #nirfranking
DIfKAQkKw2A,Indian Institute of Management,rankings,NIRF,Indian Institute of Management NIRF,NIRF Ranking 2025 | A.K.A Saste Nashe,Here's the list of the Top 20 Management Institutes: 1. Indian Institute of Management Ahmedabad 2. Indian Institute of ...,CRACK XAT - Priyasha Das,2025-09-05T14:30:57Z,2025,1881,22,2,PT11S,unknown,https://www.youtube.com/watch?v=DIfKAQkKw2A,15,Relevant,NIRF Ranking 2025 | A.K.A Saste Nashe,Here's the list of the Top 20 Management Institutes: 1. Indian Institute of Management Ahmedabad 2. Indian Institute of .,NIRF Ranking 2025 | A.K.A Saste Nashe Here's the list of the Top 20 Management Institutes: 1. Indian Institute of Management Ahmedabad 2. Indian Institute of .
iSj6b1Csqyk,Patna University,rankings,NIRF,Patna University NIRF,Top Law Colleges in India | NIRF 2025 Ranking Released | Best NLUs &amp; Law Institutes,"The NIRF 2025 Rankings for Law Institutes are out! In this video, we bring you the list of Top Law Colleges in India including NLUs ...",LAW Studentkhabri,2025-09-10T15:30:24Z,2025,437,12,1,PT11M12S,unknown,https://www.youtube.com/watch?v=iSj6b1Csqyk,15,Relevant,Top Law Colleges in India | NIRF 2025 Ranking Released | Best NLUs & Law Institutes,"The NIRF 2025 Rankings for Law Institutes are out! In this video, we bring you the list of Top Law Colleges in India including NLUs .","Top Law Colleges in India | NIRF 2025 Ranking Released | Best NLUs & Law Institutes The NIRF 2025 Rankings for Law Institutes are out! In this video, we bring you the list of Top Law Colleges in India including NLUs ."
_PbZp46GSPc,Delhi University,rankings,NIRF,Delhi University NIRF,NIRF Ranking DU 2025 for CUET 2026 #Shorts,Get 1-on-1 CUET 2026 Counselling Here: https://bit.ly/42KYrvl Join telegram Group : https://t.me/cuet_samarth_Exam_Prep ...,SuperGrads CUET by Toprankers,2025-09-08T04:30:32Z,2025,446,5,4,PT29S,unknown,https://www.youtube.com/watch?v=_PbZp46GSPc,15,Relevant,NIRF Ranking DU 2025 for CUET 2026 #Shorts,Get 1-on-1 CUET 2026 Counselling Here: Join telegram Group : .,NIRF Ranking DU 2025 for CUET 2026 #Shorts Get 1-on-1 CUET 2026 Counselling Here: Join telegram Group : .
jV2parrlWDM,Delhi University,rankings,NIRF,Delhi University NIRF,Alakh Pandey sir in Miranda house 🫶🏼Delhi university #Nirf 1 Motivational short #viral #Shorts #pw,,Simran Kamboj,2024-04-24T14:01:38Z,2024,1049,0,1,PT25S,unknown,https://www.youtube.com/watch?v=jV2parrlWDM,15,Relevant,Alakh Pandey sir in Miranda house 🫶🏼Delhi university #Nirf 1 Motivational short #viral #Shorts #pw,,Alakh Pandey sir in Miranda house 🫶🏼Delhi university #Nirf 1 Motivational short #viral #Shorts #pw
KAiXDDctzvw,Patna University,rankings,NIRF,Patna University NIRF,NIRF Ranking 2024 (Engineering): Top 20 BTech Colleges | Best BTech Colleges |,nirf #nirfranking #nirfranking2024 #iit #nit #iiit #gfti #vitvellore #iitmadras #iitdelhi #iitbombay #iitkanpur #iitkharagpur #iitroorkee ...,Every Detail Education,2025-01-10T07:37:43Z,2025,6288,14,3,PT1M58S,unknown,https://www.youtube.com/watch?v=KAiXDDctzvw,15,Relevant,NIRF Ranking 2024 (Engineering): Top 20 BTech Colleges | Best BTech Colleges |,nirf #nirfranking #nirfranking2024 #iit #nit #iiit #gfti #vitvellore #iitmadras #iitdelhi #iitbombay #iitkanpur #iitkharagpur #iitroorkee .,NIRF Ranking 2024 (Engineering): Top 20 BTech Colleges | Best BTech Colleges | nirf #nirfranking #nirfranking2024 #iit #nit #iiit #gfti #vitvellore #iitmadras #iitdelhi #iitbombay #iitkanpur #iitkharagpur #iitroorkee .
O8Is4A9fhaU,Delhi University,rankings,NIRF,Delhi University NIRF,TOP 3 Colleges in Delhi University 🎓 #shorts,"shorts Let's Talk NIRF Rankings! NIRF, by the Ministry of Education, rates colleges nationwide. Miranda House grabs the top ...",CUET by Gokul Chhabra,2024-05-27T16:30:05Z,2024,7464,428,29,PT27S,unknown,https://www.youtube.com/watch?v=O8Is4A9fhaU,15,Relevant,TOP 3 Colleges in Delhi University 🎓 #shorts,"shorts Let's Talk NIRF Rankings! NIRF, by the Ministry of Education, rates colleges nationwide. Miranda House grabs the top .","TOP 3 Colleges in Delhi University 🎓 #shorts shorts Let's Talk NIRF Rankings! NIRF, by the Ministry of Education, rates colleges nationwide. Miranda House grabs the top ."
7Edx6kKav2w,University of Allahabad,rankings,NIRF,University of Allahabad NIRF,"Govt Medical College &amp; Hospital,Chandigarh Rank &amp; Fee: NIRF Top30💼🏥#shorts #neet #neet2024 #cbse2024",shorts #neet #neet2024 #cbse2024 #gmch #governmentmedicalcollege #nirf #nirfranking.,VEDANTU NEET MADE EJEE,2023-11-18T11:30:01Z,2023,15248,213,4,PT33S,unknown,https://www.youtube.com/watch?v=7Edx6kKav2w,15,Relevant,"Govt Medical College & Hospital,Chandigarh Rank & Fee: NIRF Top30💼🏥#shorts #neet #neet2024 #cbse2024",shorts #neet #neet2024 #cbse2024 #gmch #governmentmedicalcollege #nirf #nirfranking.,"Govt Medical College & Hospital,Chandigarh Rank & Fee: NIRF Top30💼🏥#shorts #neet #neet2024 #cbse2024 shorts #neet #neet2024 #cbse2024 #gmch #governmentmedicalcollege #nirf #nirfranking."
LBkj712qoxc,University of Rajasthan,rankings,NIRF,University of Rajasthan NIRF,NIRF Ranking 2023 | RAS 2023 I Rajasthan Current Affairs #shorts #shortsfeed #visionjrf#ugcnetexam,,UGC NET GURUKUL,2023-09-07T13:49:09Z,2023,1279,90,0,PT46S,unknown,https://www.youtube.com/watch?v=LBkj712qoxc,15,Relevant,NIRF Ranking 2023 | RAS 2023 I Rajasthan Current Affairs #shorts #shortsfeed #visionjrf#ugcnetexam,,NIRF Ranking 2023 | RAS 2023 I Rajasthan Current Affairs #shorts #shortsfeed #visionjrf#ugcnetexam
xrN6gjkXidE,Central University of South Bihar,rankings,NIRF,Central University of South Bihar NIRF,Gold Medalists of 04th Convocation Ceremony of Central University of South Bihar #CUSB ✨️ ✨️,,CUSBofficialchannel,2025-03-20T23:18:32Z,2025,16630,0,6,PT40S,unknown,https://www.youtube.com/watch?v=xrN6gjkXidE,15,Relevant,Gold Medalists of 04th Convocation Ceremony of Central University of South Bihar #CUSB ✨️ ✨️,,Gold Medalists of 04th Convocation Ceremony of Central University of South Bihar #CUSB ✨️ ✨️
0Dsmo2BqRNE,Andhra University,rankings,NIRF,Andhra University NIRF,Top 10 engineering colleges in Andhra Pradesh 2026 | NIRF Ranking Reality,"For free career Counselling Call us at : +91 6301501066 In this video, we break down the Top 10 Engineering Colleges in Andhra ...",Student Hub Telugu,2026-01-07T12:48:18Z,2026,22234,128,14,PT6M55S,unknown,https://www.youtube.com/watch?v=0Dsmo2BqRNE,15,Relevant,Top 10 engineering colleges in Andhra Pradesh 2026 | NIRF Ranking Reality,"For free career Counselling Call us at : +91 6301501066 In this video, we break down the Top 10 Engineering Colleges in Andhra .","Top 10 engineering colleges in Andhra Pradesh 2026 | NIRF Ranking Reality For free career Counselling Call us at : +91 6301501066 In this video, we break down the Top 10 Engineering Colleges in Andhra ."
_H28m_ZUUbs,Jawaharlal Nehru University,rankings,NIRF,Jawaharlal Nehru University NIRF,Top 10 Universities in India as per NIRF 2023,"Top 10 Universities in India as per NIRF 2023, ranked by the latest report of National Institutional Ranking Framework. The report ...",Guide Me Career,2023-06-15T12:23:57Z,2023,140,18,0,PT55S,unknown,https://www.youtube.com/watch?v=_H28m_ZUUbs,15,Relevant,Top 10 Universities in India as per NIRF 2023,"Top 10 Universities in India as per NIRF 2023, ranked by the latest report of National Institutional Ranking Framework. The report .","Top 10 Universities in India as per NIRF 2023 Top 10 Universities in India as per NIRF 2023, ranked by the latest report of National Institutional Ranking Framework. The report ."
QqxQd2V3ePY,Central University of South Bihar,rankings,NIRF,Central University of South Bihar NIRF,Central University of South Bihar|CUSB|DRONE VIEW,,Visva-Bharati University ,2025-08-08T11:17:49Z,2025,3877,53,0,PT12S,unknown,https://www.youtube.com/watch?v=QqxQd2V3ePY,15,Relevant,Central University of South Bihar|CUSB|DRONE VIEW,,Central University of South Bihar|CUSB|DRONE VIEW
LvUgAkBRV4E,Jawaharlal Nehru University,rankings,NIRF,Jawaharlal Nehru University NIRF,nirf Ranking top 10 colleges - Of India #delhiuniversity #du #jnu #cuet #bts,bangtan #kimnamjoon #taehyung #btsv #bangtansonyeondan #rm #jungkook #jimin #jhope #btsarmy Copy #minsuga ...,vidhi malia,2023-06-08T15:39:12Z,2023,594,0,0,PT38S,unknown,https://www.youtube.com/watch?v=LvUgAkBRV4E,15,Relevant,nirf Ranking top 10 colleges - Of India #delhiuniversity #du #jnu #cuet #bts,bangtan #kimnamjoon #taehyung #btsv #bangtansonyeondan #rm #jungkook #jimin #jhope #btsarmy Copy #minsuga .,nirf Ranking top 10 colleges - Of India #delhiuniversity #du #jnu #cuet #bts bangtan #kimnamjoon #taehyung #btsv #bangtansonyeondan #rm #jungkook #jimin #jhope #btsarmy Copy #minsuga .
9iYouzo_JGI,Central University of South Bihar,rankings,NIRF,Central University of South Bihar NIRF,NIRF Ranking of  Bihar  college and Universities,Top college of Bihar Top University of Bihar Best College of Bihar Top college of Patna Patna women's college central university ...,The Sarkari College ,2025-09-11T07:15:06Z,2025,14,0,2,PT11M53S,unknown,https://www.youtube.com/watch?v=9iYouzo_JGI,15,Relevant,NIRF Ranking of Bihar college and Universities,Top college of Bihar Top University of Bihar Best College of Bihar Top college of Patna Patna women's college central university .,NIRF Ranking of Bihar college and Universities Top college of Bihar Top University of Bihar Best College of Bihar Top college of Patna Patna women's college central university .
3haSDD16YiU,Delhi University,rankings,NIRF,Delhi University NIRF,"TN, Maharastra, UP &amp; Delhi institutes dominate NIRF ranking","Description:- This structure ensures all the provided information is included accurately in a clear, concise, and easy-to-read format ...",XYZ BIZ,2025-09-06T10:50:02Z,2025,9,0,0,PT59S,unknown,https://www.youtube.com/watch?v=3haSDD16YiU,14,Relevant,"TN, Maharastra, UP & Delhi institutes dominate NIRF ranking","Description:- This structure ensures all the provided information is included accurately in a clear, concise, and easy-to-read format .","TN, Maharastra, UP & Delhi institutes dominate NIRF ranking Description:- This structure ensures all the provided information is included accurately in a clear, concise, and easy-to-read format ."
v4N7V8eSCLc,University of Mumbai,rankings,NIRF,University of Mumbai NIRF,Education | Universities and Colleges in Mumbai | NIRF and NAAC basis,"Hi Parents, It is often seen parents struggling to decide on the engineering college for their children. Hence, an attempt is made to ...",Abstract,2023-06-10T02:30:19Z,2023,581,11,0,PT26S,unknown,https://www.youtube.com/watch?v=v4N7V8eSCLc,14,Relevant,Education | Universities and Colleges in Mumbai | NIRF and NAAC basis,"Hi Parents, It is often seen parents struggling to decide on the engineering college for their children. Hence, an attempt is made to .","Education | Universities and Colleges in Mumbai | NIRF and NAAC basis Hi Parents, It is often seen parents struggling to decide on the engineering college for their children. Hence, an attempt is made to ."
sc3jJEE20JE,Aligarh Muslim University,rankings,NIRF,Aligarh Muslim University NIRF,"AMU LLB 2026 Notification OUT! | Courses, NIRF Ranking, Fees, Career Opportunities &amp; Why Choose AMU?","AMU LLB 2026 Notification is OUT! If you are planning to pursue LLB from Aligarh Muslim University (AMU), this video gives you a ...",Adda247 Law Entrance Exams,2026-02-01T05:30:36Z,2026,944,33,2,PT13M53S,unknown,https://www.youtube.com/watch?v=sc3jJEE20JE,14,Relevant,"AMU LLB 2026 Notification OUT! | Courses, NIRF Ranking, Fees, Career Opportunities & Why Choose AMU?","AMU LLB 2026 Notification is OUT! If you are planning to pursue LLB from Aligarh Muslim University (AMU), this video gives you a .","AMU LLB 2026 Notification OUT! | Courses, NIRF Ranking, Fees, Career Opportunities & Why Choose AMU? AMU LLB 2026 Notification is OUT! If you are planning to pursue LLB from Aligarh Muslim University (AMU), this video gives you a ."
3kAOwFBGW9Y,Central University of Karnataka,rankings,NIRF,Central University of Karnataka NIRF,Top Deemed Dental Colleges in Karnataka | Fees &amp; NIRF Ranking,"Discover the best deemed dental colleges in Karnataka with Dr. Pratiksha Gupta! In this comprehensive video, she takes you ...",Careermudhra,2024-05-18T06:49:43Z,2024,7746,111,18,PT6M11S,unknown,https://www.youtube.com/watch?v=3kAOwFBGW9Y,14,Relevant,Top Deemed Dental Colleges in Karnataka | Fees & NIRF Ranking,"Discover the best deemed dental colleges in Karnataka with Dr. Pratiksha Gupta! In this comprehensive video, she takes you .","Top Deemed Dental Colleges in Karnataka | Fees & NIRF Ranking Discover the best deemed dental colleges in Karnataka with Dr. Pratiksha Gupta! In this comprehensive video, she takes you ."
M2CKCsSybIA,Tripura University,rankings,NIRF,Tripura University NIRF,Amrita University Overview coimbator | NIRF 2025 Update | check this out #university #coimbatore,"When you think of Top Colleges in India, usually IITs, NITs & IIMs come to mind. But in the NIRF 2025 Rankings, a Tamil ...",College Mentor,2025-10-03T11:51:49Z,2025,3098,19,0,PT1M9S,unknown,https://www.youtube.com/watch?v=M2CKCsSybIA,14,Relevant,Amrita University Overview coimbator | NIRF 2025 Update | check this out #university #coimbatore,"When you think of Top Colleges in India, usually IITs, NITs & IIMs come to mind. But in the NIRF 2025 Rankings, a Tamil .","Amrita University Overview coimbator | NIRF 2025 Update | check this out #university #coimbatore When you think of Top Colleges in India, usually IITs, NITs & IIMs come to mind. But in the NIRF 2025 Rankings, a Tamil ."
Fza89AsrS3w,University of Hyderabad,rankings,NIRF,University of Hyderabad NIRF,NIRF 2023: Top Colleges Of India | IITs | IIMs | Best Colleges | Top Universities | Jagran English,"NIRF 2023: Top Colleges Of India. The National Institutional Ranking Framework's Rankings 2023 have been released, ...",The Daily Jagran,2023-06-06T11:37:28Z,2023,153,1,1,PT2M31S,unknown,https://www.youtube.com/watch?v=Fza89AsrS3w,14,Relevant,NIRF 2023: Top Colleges Of India | IITs | IIMs | Best Colleges | Top Universities | Jagran English,"NIRF 2023: Top Colleges Of India. The National Institutional Ranking Framework's Rankings 2023 have been released, .","NIRF 2023: Top Colleges Of India | IITs | IIMs | Best Colleges | Top Universities | Jagran English NIRF 2023: Top Colleges Of India. The National Institutional Ranking Framework's Rankings 2023 have been released, ."
PL54aWUjfBo,University of Madras,rankings,NIRF,University of Madras NIRF,Top 10 Architecture Colleges in India — NIRF 2025,"Top 10 Architecture Colleges in India according to NIRF 2025 Rankings. Includes: ✓ NIRF Ranking ✓ B.Arch Seat Matrix ✓ IITs, ...",Indian Architecture Update,2026-05-10T11:06:36Z,2026,272,4,0,PT56S,unknown,https://www.youtube.com/watch?v=PL54aWUjfBo,14,Relevant,Top 10 Architecture Colleges in India — NIRF 2025,"Top 10 Architecture Colleges in India according to NIRF 2025 Rankings. Includes: ✓ NIRF Ranking ✓ B.Arch Seat Matrix ✓ IITs, .","Top 10 Architecture Colleges in India — NIRF 2025 Top 10 Architecture Colleges in India according to NIRF 2025 Rankings. Includes: ✓ NIRF Ranking ✓ B.Arch Seat Matrix ✓ IITs, ."
9PcBz-pWigU,Jamia Millia Islamia,rankings,NIRF,Jamia Millia Islamia NIRF,Jamia NIRF &amp; International Ranking #jamia,jamia.,MISSION JAMIAN,2024-04-02T04:07:35Z,2024,57,0,0,PT1M1S,unknown,https://www.youtube.com/watch?v=9PcBz-pWigU,14,Relevant,Jamia NIRF & International Ranking #jamia,jamia.,Jamia NIRF & International Ranking #jamia jamia.
6T3AwNth5mY,Jadavpur University,rankings,NIRF,Jadavpur University NIRF,Jadavpur University🔥 | Courses🤔 | Placement 1.8 Crore🤑 | 🔝Ranking✅ #engineering #shortfeed #shorts,Counselling Course link-: https://courses.studentkhabri.com/ इंजीनियरिंग के डिफरेंट काउंसलिंग ...,Student Khabri,2023-03-11T10:30:01Z,2023,2028,74,6,PT44S,unknown,https://www.youtube.com/watch?v=6T3AwNth5mY,14,Relevant,Jadavpur University🔥 | Courses🤔 | Placement 1.8 Crore🤑 | 🔝Ranking✅ #engineering #shortfeed #shorts,Counselling Course link-: इंजीनियरिंग के डिफरेंट काउंसलिंग .,Jadavpur University🔥 | Courses🤔 | Placement 1.8 Crore🤑 | 🔝Ranking✅ #engineering #shortfeed #shorts Counselling Course link-: इंजीनियरिंग के डिफरेंट काउंसलिंग .
hn2173SbhVA,Jiwaji University Gwalior,rankings,NIRF,Jiwaji University Gwalior NIRF,"Jiwaji University Campus Tour | Courses, Facilities &amp; Student Life | Gwalior University Vlog #jiwaji","Campus Tour – Jiwaji University, Gwalior Welcome to the beautiful campus of Jiwaji University, one of the top public universities ...",The Rider Monk ,2026-03-08T04:30:34Z,2026,1442,24,66,PT19M42S,unknown,https://www.youtube.com/watch?v=hn2173SbhVA,14,Relevant,"Jiwaji University Campus Tour | Courses, Facilities & Student Life | Gwalior University Vlog #jiwaji","Campus Tour – Jiwaji University, Gwalior Welcome to the beautiful campus of Jiwaji University, one of the top public universities .","Jiwaji University Campus Tour | Courses, Facilities & Student Life | Gwalior University Vlog #jiwaji Campus Tour – Jiwaji University, Gwalior Welcome to the beautiful campus of Jiwaji University, one of the top public universities ."
psg1W821hS0,Manipur University,rankings,NIRF,Manipur University NIRF,&quot;MANIPUR UNIVERSITY TRIBAL WEEK 2026&quot;,"""MANIPUR UNIVERSITY TRIBAL WEEK 2026""",ISTV NETWORK IMPHAL,2026-05-11T10:32:18Z,2026,2268,81,1,PT4H12M11S,unknown,https://www.youtube.com/watch?v=psg1W821hS0,14,Relevant,"""MANIPUR UNIVERSITY TRIBAL WEEK 2026""","""MANIPUR UNIVERSITY TRIBAL WEEK 2026""","""MANIPUR UNIVERSITY TRIBAL WEEK 2026"" ""MANIPUR UNIVERSITY TRIBAL WEEK 2026"""
fKI_vpVW-jk,Jiwaji University Gwalior,rankings,NIRF,Jiwaji University Gwalior NIRF,Jiwaji University Campus Tour | Atal Bihari Vajpayee Auditorium Gwalior,"In this video i visited Jiwaji University Campus, Gwalior established in 23 may 1964 through ordienance by M.P. government.",Indian Heritage Yatra,2025-09-13T05:33:27Z,2025,898,27,8,PT8M48S,unknown,https://www.youtube.com/watch?v=fKI_vpVW-jk,14,Relevant,Jiwaji University Campus Tour | Atal Bihari Vajpayee Auditorium Gwalior,"In this video i visited Jiwaji University Campus, Gwalior established in 23 may 1964 through ordienance by M.P. government.","Jiwaji University Campus Tour | Atal Bihari Vajpayee Auditorium Gwalior In this video i visited Jiwaji University Campus, Gwalior established in 23 may 1964 through ordienance by M.P. government."
3nUY0f7iT44,SRM Institute of Science and Technology,rankings,NIRF,SRM Institute of Science and Technology NIRF,SRM University Admission Open|SRMJEEE Application open for 2023-24|Best College|Nirf Ranked College,SRM University Admission Open for the academic year 2023-24 CLICK HERE TO JOIN OUR SOCIAL MEDIA LINKS WHATSAPP ...,UKV TAMILA,2023-11-13T04:04:47Z,2023,689,28,0,PT7M17S,unknown,https://www.youtube.com/watch?v=3nUY0f7iT44,14,Relevant,SRM University Admission Open|SRMJEEE Application open for 2023-24|Best College|Nirf Ranked College,SRM University Admission Open for the academic year 2023-24 CLICK HERE TO JOIN OUR SOCIAL MEDIA LINKS WHATSAPP .,SRM University Admission Open|SRMJEEE Application open for 2023-24|Best College|Nirf Ranked College SRM University Admission Open for the academic year 2023-24 CLICK HERE TO JOIN OUR SOCIAL MEDIA LINKS WHATSAPP .
Hr1Jnpc7dKA,University of Mumbai,rankings,NIRF,University of Mumbai NIRF,Education | Universities and Colleges in Mumbai | NIRF and NAAC basis,"Hi Parents, It is often seen parents struggling to decide on the engineering college for their children. Hence, an attempt is made to ...",Abstract,2023-06-08T06:38:10Z,2023,112,6,0,PT1M29S,unknown,https://www.youtube.com/watch?v=Hr1Jnpc7dKA,14,Relevant,Education | Universities and Colleges in Mumbai | NIRF and NAAC basis,"Hi Parents, It is often seen parents struggling to decide on the engineering college for their children. Hence, an attempt is made to .","Education | Universities and Colleges in Mumbai | NIRF and NAAC basis Hi Parents, It is often seen parents struggling to decide on the engineering college for their children. Hence, an attempt is made to ."
iUR4hxt_vkI,Jadavpur University,rankings,NIRF,Jadavpur University NIRF,🥳Jadavpur University PhD Admission 2023 #shorts #jadavpuruniversity #phd #phdadmission,Jadavpur University PhD Admission 2023 #shorts #jadavpuruniversity #phd #phdadmission ...,PhD Pulse,2023-06-04T04:33:43Z,2023,374,6,3,PT13S,unknown,https://www.youtube.com/watch?v=iUR4hxt_vkI,14,Relevant,🥳Jadavpur University PhD Admission 2023 #shorts #jadavpuruniversity #phd #phdadmission,Jadavpur University PhD Admission 2023 #shorts #jadavpuruniversity #phd #phdadmission .,🥳Jadavpur University PhD Admission 2023 #shorts #jadavpuruniversity #phd #phdadmission Jadavpur University PhD Admission 2023 #shorts #jadavpuruniversity #phd #phdadmission .
vQg6z2xIfME,University of Rajasthan,rankings,NIRF,University of Rajasthan NIRF,NIRF - The National Institutional Ranking Framework Agricultural Universities Ranking 2025,NIRFAgri2025 #AgriRank2025 #NIRFAgriUniversities #TopAgriInstitutes इस सफलता से यह साफ है कि ...,ROYAL INSTITUTE OF COMPETITION UDAIPUR,2025-09-13T14:46:52Z,2025,7459,326,51,PT9M50S,unknown,https://www.youtube.com/watch?v=vQg6z2xIfME,14,Relevant,NIRF - The National Institutional Ranking Framework Agricultural Universities Ranking 2025,NIRFAgri2025 #AgriRank2025 #NIRFAgriUniversities #TopAgriInstitutes इस सफलता से यह साफ है कि .,NIRF - The National Institutional Ranking Framework Agricultural Universities Ranking 2025 NIRFAgri2025 #AgriRank2025 #NIRFAgriUniversities #TopAgriInstitutes इस सफलता से यह साफ है कि .
DupXDY5jj54,Manipur University,rankings,NIRF,Manipur University NIRF,"Explosion Rocks Manipur University, Gate Damaged","Explosion Rocks Manipur University, Gate Damaged A major security lapse has been reported from Manipur University in Imphal, ...",Northeast Live,2026-04-04T17:11:02Z,2026,1774,18,2,PT5M47S,unknown,https://www.youtube.com/watch?v=DupXDY5jj54,14,Relevant,"Explosion Rocks Manipur University, Gate Damaged","Explosion Rocks Manipur University, Gate Damaged A major security lapse has been reported from Manipur University in Imphal, .","Explosion Rocks Manipur University, Gate Damaged Explosion Rocks Manipur University, Gate Damaged A major security lapse has been reported from Manipur University in Imphal, ."
bTvoQMfYyng,Aligarh Muslim University,rankings,NIRF,Aligarh Muslim University NIRF,"Day 2 Morning | ICECI 2023, Aligarh Muslim University, India","International Conference on Emerging Computational Intelligence-2023, Aligarh Muslim University, India. 1. Plenary Session ...","Department of Computer Science, AMU",2023-02-12T19:04:57Z,2023,656,17,0,PT2H19M56S,unknown,https://www.youtube.com/watch?v=bTvoQMfYyng,14,Relevant,"Day 2 Morning | ICECI 2023, Aligarh Muslim University, India","International Conference on Emerging Computational Intelligence-2023, Aligarh Muslim University, India. 1. Plenary Session .","Day 2 Morning | ICECI 2023, Aligarh Muslim University, India International Conference on Emerging Computational Intelligence-2023, Aligarh Muslim University, India. 1. Plenary Session ."
LerrBcgimCU,Banaras Hindu University,rankings,NIRF,Banaras Hindu University NIRF,NIRF 2024 में ये रहा Top University|JNU|BHU|DU|,NIRF Ranking 2024 #nirfranking #nirf #jnu #delhiuniversity #iiscbangalore.,ExamDecode,2024-08-12T12:07:25Z,2024,25,0,0,PT2M23S,unknown,https://www.youtube.com/watch?v=LerrBcgimCU,14,Relevant,NIRF 2024 में ये रहा Top University|JNU|BHU|DU|,NIRF Ranking 2024 #nirfranking #nirf #jnu #delhiuniversity #iiscbangalore.,NIRF 2024 में ये रहा Top University|JNU|BHU|DU| NIRF Ranking 2024 #nirfranking #nirf #jnu #delhiuniversity #iiscbangalore.
OCPvuo2E3DI,Jamia Millia Islamia,rankings,NIRF,Jamia Millia Islamia NIRF,"Preparation strategy for Jamia Law (BA LLB)  Entrance Test 2025, Top Law University NIRF Rank - 6","Getting ready for the JMI BA LLB Entrance Exam 2025? In this video, we cover everything you need to know about Jamia Millia ...",Pahuja Law Academy,2025-04-01T10:28:42Z,2025,741,31,2,PT27M28S,unknown,https://www.youtube.com/watch?v=OCPvuo2E3DI,14,Relevant,"Preparation strategy for Jamia Law (BA LLB) Entrance Test 2025, Top Law University NIRF Rank - 6","Getting ready for the JMI BA LLB Entrance Exam 2025? In this video, we cover everything you need to know about Jamia Millia .","Preparation strategy for Jamia Law (BA LLB) Entrance Test 2025, Top Law University NIRF Rank - 6 Getting ready for the JMI BA LLB Entrance Exam 2025? In this video, we cover everything you need to know about Jamia Millia ."
NHzQ3-Uriaw,Lucknow University,rankings,NIRF,Lucknow University NIRF,NIRF: ranking of University #capf #upsc ##upsc ##current ##prelims ##viralshorts,,capf_with_priya,2023-06-10T10:40:40Z,2023,88,6,0,PT1M,unknown,https://www.youtube.com/watch?v=NHzQ3-Uriaw,14,Relevant,NIRF: ranking of University #capf #upsc ##upsc ##current ##prelims ##viralshorts,,NIRF: ranking of University #capf #upsc ##upsc ##current ##prelims ##viralshorts
Ado7giBLH8s,Pondicherry University,rankings,NIRF,Pondicherry University NIRF,📍 How is Pondicherry University? #pondicherryuniversity #love #viral #tamil#lifestyle #studentlife,How is Pondicherry University? #pondicherryuniversity #love #viral #tamil#lifestyle #studentlife.,Sai Banoth ,2024-02-03T06:03:11Z,2024,193764,3678,160,PT15S,unknown,https://www.youtube.com/watch?v=Ado7giBLH8s,14,Relevant,📍 How is Pondicherry University? #pondicherryuniversity #love #viral #tamil#lifestyle #studentlife,How is Pondicherry University? #pondicherryuniversity #love #viral #tamil#lifestyle #studentlife.,📍 How is Pondicherry University? #pondicherryuniversity #love #viral #tamil#lifestyle #studentlife How is Pondicherry University? #pondicherryuniversity #love #viral #tamil#lifestyle #studentlife.
Zd8Of_Y0I8I,Savitribai Phule Pune University,rankings,NIRF,Savitribai Phule Pune University NIRF,Admission Process for Savitribai phule pune university/2026-2027/प्रवेश प्रक्रिया सुरु/Notification ,Join Us On Telegram Kurukshetra coaching Institute https://t.me/kurukshetracoachinginstitute.,Kurukshetra Coaching Institute,2026-04-13T16:07:45Z,2026,3266,86,26,PT11M52S,unknown,https://www.youtube.com/watch?v=Zd8Of_Y0I8I,14,Relevant,Admission Process for Savitribai phule pune university/2026-2027/प्रवेश प्रक्रिया सुरु/Notification,Join Us On Telegram Kurukshetra coaching Institute,Admission Process for Savitribai phule pune university/2026-2027/प्रवेश प्रक्रिया सुरु/Notification Join Us On Telegram Kurukshetra coaching Institute
F6kVSRWpxyk,Dr Babasaheb Ambedkar Technological University,rankings,NIRF,Dr Babasaheb Ambedkar Technological University NIRF,Behind the numbers: Can NIRF deliver trust?,"Every year, the National Institutional Ranking Framework (NIRF) becomes a moment of reckoning for Indian universities. NIRF ...",The Hindu,2025-09-14T01:01:26Z,2025,1800,37,3,PT1H22M29S,unknown,https://www.youtube.com/watch?v=F6kVSRWpxyk,14,Relevant,Behind the numbers: Can NIRF deliver trust?,"Every year, the National Institutional Ranking Framework (NIRF) becomes a moment of reckoning for Indian universities. NIRF .","Behind the numbers: Can NIRF deliver trust? Every year, the National Institutional Ranking Framework (NIRF) becomes a moment of reckoning for Indian universities. NIRF ."
eggffVGL20k,Dr APJ Abdul Kalam Technical University,rankings,NIRF,Dr APJ Abdul Kalam Technical University NIRF,Kashmir University Ranks 33rd In All-India Ranking Of Universities | Top 10 Universities In India,Kashmir University Ranks 33rd In All-India Ranking Of Universities Under NIRF 2023 | Top 10 Universities In India 2023 Follow us ...,Kashmir Student Updates,2023-06-05T10:26:25Z,2023,1210,32,27,PT1M56S,unknown,https://www.youtube.com/watch?v=eggffVGL20k,14,Relevant,Kashmir University Ranks 33rd In All-India Ranking Of Universities | Top 10 Universities In India,Kashmir University Ranks 33rd In All-India Ranking Of Universities Under NIRF 2023 | Top 10 Universities In India 2023 Follow us .,Kashmir University Ranks 33rd In All-India Ranking Of Universities | Top 10 Universities In India Kashmir University Ranks 33rd In All-India Ranking Of Universities Under NIRF 2023 | Top 10 Universities In India 2023 Follow us .
Rxa5umHQFKE,University of Madras,rankings,NIRF,University of Madras NIRF,NIRF Ranking 2024 | News about NIRF Ranking | NIRF Ranking 2024 | IIT Madras top Engineering college,,Regulatory Bodies & SO Exams by Testbook,2024-08-13T10:51:26Z,2024,448,22,0,PT49S,unknown,https://www.youtube.com/watch?v=Rxa5umHQFKE,14,Relevant,NIRF Ranking 2024 | News about NIRF Ranking | NIRF Ranking 2024 | IIT Madras top Engineering college,,NIRF Ranking 2024 | News about NIRF Ranking | NIRF Ranking 2024 | IIT Madras top Engineering college
qAoBSphlsD0,BML Munjal University,rankings,NIRF,BML Munjal University NIRF,"MBA From BML Munjal University, Gurgaon | BMU | Placements | Admission |","BMU - BML Munjal University, Gurgaon Whatsapp your queries on https://wa.me/919111505222 Call us at +91 9111505222 Hello ...",MBA with CampusWala,2025-02-17T04:30:21Z,2025,118,4,0,PT2M50S,unknown,https://www.youtube.com/watch?v=qAoBSphlsD0,14,Relevant,"MBA From BML Munjal University, Gurgaon | BMU | Placements | Admission |","BMU - BML Munjal University, Gurgaon Whatsapp your queries on Call us at +91 9111505222 Hello .","MBA From BML Munjal University, Gurgaon | BMU | Placements | Admission | BMU - BML Munjal University, Gurgaon Whatsapp your queries on Call us at +91 9111505222 Hello ."
pMrT_vOBdfc,BML Munjal University,rankings,NIRF,BML Munjal University NIRF,"BML Munjal University, Gurgaon. MBA, Fees, Placement, Strengths, Weakness #mbacolleges","BML Munjal University, Gurgaon. MBA, Fees, Placement, Strengths, Weakness #mbacolleges.",Sanjay Chaudhary (Dreamz India Education),2024-02-13T17:41:52Z,2024,3146,53,0,PT29S,unknown,https://www.youtube.com/watch?v=pMrT_vOBdfc,14,Relevant,"BML Munjal University, Gurgaon. MBA, Fees, Placement, Strengths, Weakness #mbacolleges","BML Munjal University, Gurgaon. MBA, Fees, Placement, Strengths, Weakness #mbacolleges.","BML Munjal University, Gurgaon. MBA, Fees, Placement, Strengths, Weakness #mbacolleges BML Munjal University, Gurgaon. MBA, Fees, Placement, Strengths, Weakness #mbacolleges."
kKKyaLPGrkw,University of Calcutta,rankings,NIRF,University of Calcutta NIRF,"NIRF Rankings 2023: Directors of IIT Madras, IIM Kozhikode react; IRAI student shares testimonial",The National Institutional Ranking Framework (NIRF) was released and IIT Madras has topped it all the way. IIT Madras' Director ...,EdexLive,2023-06-05T17:33:53Z,2023,199,0,0,PT3M33S,unknown,https://www.youtube.com/watch?v=kKKyaLPGrkw,14,Relevant,"NIRF Rankings 2023: Directors of IIT Madras, IIM Kozhikode react; IRAI student shares testimonial",The National Institutional Ranking Framework (NIRF) was released and IIT Madras has topped it all the way. IIT Madras' Director .,"NIRF Rankings 2023: Directors of IIT Madras, IIM Kozhikode react; IRAI student shares testimonial The National Institutional Ranking Framework (NIRF) was released and IIT Madras has topped it all the way. IIT Madras' Director ."
0xL_pd0wAcY,Jawaharlal Nehru University,rankings,NIRF,Jawaharlal Nehru University NIRF,"NIRF 2025 university rankings IISc Bengaluru tops, JNU second",NewsNowNN #NewsNow #newsnowflash #tripuranews #viralnews #viralvideo #tripuravideo #kokboroknews #banglanews ...,News Now Tripura,2025-09-04T14:01:40Z,2025,12,1,0,PT53S,unknown,https://www.youtube.com/watch?v=0xL_pd0wAcY,14,Relevant,"NIRF 2025 university rankings IISc Bengaluru tops, JNU second",NewsNowNN #NewsNow #newsnowflash #tripuranews #viralnews #viralvideo #tripuravideo #kokboroknews #banglanews .,"NIRF 2025 university rankings IISc Bengaluru tops, JNU second NewsNowNN #NewsNow #newsnowflash #tripuranews #viralnews #viralvideo #tripuravideo #kokboroknews #banglanews ."
L3rp39drGEY,Delhi University,rankings,NIRF,Delhi University NIRF,Top-Rank DU College at Low Cutoffs🔥 Isko Preference Sheet Mey Zarur Daalna✅️ #shorts,Top-Rank DU College at Low Cutoffs - Shivaji College - Off-Campus Fact #1 UG Programmes Offered 1. B.Com (Hons.) 2. B.Com ...,CUET by Gokul Chhabra,2023-08-04T12:00:14Z,2023,21897,806,88,PT38S,unknown,https://www.youtube.com/watch?v=L3rp39drGEY,14,Relevant,Top-Rank DU College at Low Cutoffs🔥 Isko Preference Sheet Mey Zarur Daalna✅️ #shorts,Top-Rank DU College at Low Cutoffs - Shivaji College - Off-Campus Fact #1 UG Programmes Offered 1. B.Com (Hons.) 2. B.Com .,Top-Rank DU College at Low Cutoffs🔥 Isko Preference Sheet Mey Zarur Daalna✅️ #shorts Top-Rank DU College at Low Cutoffs - Shivaji College - Off-Campus Fact #1 UG Programmes Offered 1. B.Com (Hons.) 2. B.Com .
aqDR1utyLM8,BML Munjal University,rankings,NIRF,BML Munjal University NIRF,All About BML Munjal University🔥#jee #bmlmunjal #university #bml #shorts #iit #jee2026,All About BML Munjal University  #jee #bmlmunjal #university #bml #shorts #iit #jee2026.,Vedantu JEE Made Ejee,2026-06-27T14:30:36Z,2026,21278,1183,7,PT1M32S,unknown,https://www.youtube.com/watch?v=aqDR1utyLM8,14,Relevant,All About BML Munjal University🔥#jee #bmlmunjal #university #bml #shorts #iit #jee2026,All About BML Munjal University #jee #bmlmunjal #university #bml #shorts #iit #jee2026.,All About BML Munjal University🔥#jee #bmlmunjal #university #bml #shorts #iit #jee2026 All About BML Munjal University #jee #bmlmunjal #university #bml #shorts #iit #jee2026.
MWcAjDFmA0k,University of Madras,rankings,NIRF,University of Madras NIRF,NIRF 2025 Engineering Ranking: IIT Madras Retains No 1 #NIRF2025 #IITMadras #Engineering #Ranking,,SOURAV SIR'S CLASSES,2025-09-05T09:15:03Z,2025,313,4,0,PT1M22S,unknown,https://www.youtube.com/watch?v=MWcAjDFmA0k,14,Relevant,NIRF 2025 Engineering Ranking: IIT Madras Retains No 1 #NIRF2025 #IITMadras #Engineering #Ranking,,NIRF 2025 Engineering Ranking: IIT Madras Retains No 1 #NIRF2025 #IITMadras #Engineering #Ranking
lHsC2XHQyMs,University of Madras,rankings,NIRF,University of Madras NIRF,NIRF India Rankings 2025 : Top research institutes in India,NIRF India Rankings 2025 : Top research institutes in India Hindu college has secured the first rank in colleges category.,Pooja Jain,2025-09-06T05:47:26Z,2025,2086,87,5,PT1M22S,unknown,https://www.youtube.com/watch?v=lHsC2XHQyMs,14,Relevant,NIRF India Rankings 2025 : Top research institutes in India,NIRF India Rankings 2025 : Top research institutes in India Hindu college has secured the first rank in colleges category.,NIRF India Rankings 2025 : Top research institutes in India NIRF India Rankings 2025 : Top research institutes in India Hindu college has secured the first rank in colleges category.
5qlfyEvLjEQ,Indian Institute of Management,rankings,NIRF,Indian Institute of Management NIRF,NIRF Ranking 2024 - Top 10 Management Colleges in India,Looking to pursue an MBA or a management degree from one of India's top-ranked colleges? We've compiled the top 10 ...,Career Counsellor Sudip 🎯,2024-09-14T12:47:39Z,2024,459,15,18,PT50S,unknown,https://www.youtube.com/watch?v=5qlfyEvLjEQ,14,Relevant,NIRF Ranking 2024 - Top 10 Management Colleges in India,Looking to pursue an MBA or a management degree from one of India's top-ranked colleges? We've compiled the top 10 .,NIRF Ranking 2024 - Top 10 Management Colleges in India Looking to pursue an MBA or a management degree from one of India's top-ranked colleges? We've compiled the top 10 .
cNI6eWm4PuE,Jawaharlal Nehru University,rankings,NIRF,Jawaharlal Nehru University NIRF,India के टॉप-5 Universities || Top 5 Universities Of India || NIRF || 2024,Top 5 Universities Of India According National Institutional Ranking Framework ( NIRF) Ministry Of Education Government Of India ...,Around Us ,2024-08-13T04:38:06Z,2024,11,1,1,PT1M43S,unknown,https://www.youtube.com/watch?v=cNI6eWm4PuE,14,Relevant,India के टॉप-5 Universities || Top 5 Universities Of India || NIRF || 2024,Top 5 Universities Of India According National Institutional Ranking Framework ( NIRF) Ministry Of Education Government Of India .,India के टॉप-5 Universities || Top 5 Universities Of India || NIRF || 2024 Top 5 Universities Of India According National Institutional Ranking Framework ( NIRF) Ministry Of Education Government Of India .
mU2-bE049RU,Indian Institute of Management,rankings,NIRF,Indian Institute of Management NIRF,Top 10 Management Colleges in India 2024 | NIRF Ranking Revealed! 🎓 #iimahmedabad  #iimbangalore,Confused Regarding Colleges ?? Connect with us for Unbiased ...,College Review Unfiltered,2024-08-12T16:39:18Z,2024,375,9,0,PT1M58S,unknown,https://www.youtube.com/watch?v=mU2-bE049RU,14,Relevant,Top 10 Management Colleges in India 2024 | NIRF Ranking Revealed! 🎓 #iimahmedabad #iimbangalore,Confused Regarding Colleges ? Connect with us for Unbiased .,Top 10 Management Colleges in India 2024 | NIRF Ranking Revealed! 🎓 #iimahmedabad #iimbangalore Confused Regarding Colleges ? Connect with us for Unbiased .
jKn9o92Ngqo,Sikkim University,rankings,NIRF,Sikkim University NIRF,🤩Sikkim University PhD Admission Special Drive #shorts #phdadmission2023 #latestphdform#specialdrive,Sikkim University PhD Admission Special Drive #shorts #phdadmission2023 #latestphdform#specialdrive Subscribe & Share ...,PhD Pulse,2023-07-12T15:13:05Z,2023,1165,12,0,PT12S,unknown,https://www.youtube.com/watch?v=jKn9o92Ngqo,14,Relevant,🤩Sikkim University PhD Admission Special Drive #shorts #phdadmission2023 #latestphdform#specialdrive,Sikkim University PhD Admission Special Drive #shorts #phdadmission2023 #latestphdform#specialdrive Subscribe & Share .,🤩Sikkim University PhD Admission Special Drive #shorts #phdadmission2023 #latestphdform#specialdrive Sikkim University PhD Admission Special Drive #shorts #phdadmission2023 #latestphdform#specialdrive Subscribe & Share .
I_BNdpVCboA,Osmania University,rankings,NIRF,Osmania University NIRF,Thinking about studying at Osmania University? #IsThisTheCollege? – Episode 2 #studenttribe,"Is This The College? – Episode 2 Thinking about studying at Osmania University ? Before you decide, let's break it all down!",Student Tribe,2025-03-29T10:40:12Z,2025,15064,443,38,PT1M14S,unknown,https://www.youtube.com/watch?v=I_BNdpVCboA,13,Relevant,Thinking about studying at Osmania University? #IsThisTheCollege? – Episode 2 #studenttribe,"Is This The College? – Episode 2 Thinking about studying at Osmania University ? Before you decide, let's break it all down!","Thinking about studying at Osmania University? #IsThisTheCollege? – Episode 2 #studenttribe Is This The College? – Episode 2 Thinking about studying at Osmania University ? Before you decide, let's break it all down!"
GcZz9mlJqKU,Gujarat University,rankings,NIRF,Gujarat University NIRF,"IRMA Anand MBA Rankings 2025 Explained: National &amp; Gujarat Rank, NIRF, Collegedunia, Outlook, IIRF","Learn more: https://bit.ly/3K9PohN In 2025, IRMA Anand ranks 50th in India (Collegedunia), 19th (IIRF), and 19th (Outlook).",Collegedunia MBA,2025-09-29T07:51:09Z,2025,300,1,0,PT59S,unknown,https://www.youtube.com/watch?v=GcZz9mlJqKU,13,Relevant,"IRMA Anand MBA Rankings 2025 Explained: National & Gujarat Rank, NIRF, Collegedunia, Outlook, IIRF","Learn more: In 2025, IRMA Anand ranks 50th in India (Collegedunia), 19th (IIRF), and 19th (Outlook).","IRMA Anand MBA Rankings 2025 Explained: National & Gujarat Rank, NIRF, Collegedunia, Outlook, IIRF Learn more: In 2025, IRMA Anand ranks 50th in India (Collegedunia), 19th (IIRF), and 19th (Outlook)."
537GQswaLio,Jiwaji University Gwalior,rankings,NIRF,Jiwaji University Gwalior NIRF,#jiwajiuniversity  ganesh chaturthi Jiwaji University gwalior,,LODHIAVDHESHRAJPOOT BOYS JANGHAR,2024-09-07T10:15:17Z,2024,490,15,1,PT33S,unknown,https://www.youtube.com/watch?v=537GQswaLio,13,Relevant,#jiwajiuniversity ganesh chaturthi Jiwaji University gwalior,,#jiwajiuniversity ganesh chaturthi Jiwaji University gwalior
ooIpI52vQHA,Osmania University,rankings,NIRF,Osmania University NIRF,Jigarthanda at Osmania University #shorts #ytshorts,"jigarthanda #food #hyderabad Adress: Osamaina Unversity, Hyderabad.",Eat House,2023-09-14T05:01:58Z,2023,1062,19,0,PT18S,unknown,https://www.youtube.com/watch?v=ooIpI52vQHA,13,Relevant,Jigarthanda at Osmania University #shorts #ytshorts,"jigarthanda #food #hyderabad Adress: Osamaina Unversity, Hyderabad.","Jigarthanda at Osmania University #shorts #ytshorts jigarthanda #food #hyderabad Adress: Osamaina Unversity, Hyderabad."
RswcSsAtVPU,Delhi University,rankings,NIRF,Delhi University NIRF,top 10 universities of India 🇮🇳 | NIRF ranking 2023,,Iam Nawaz,2023-06-09T09:41:39Z,2023,717,8,0,PT28S,unknown,https://www.youtube.com/watch?v=RswcSsAtVPU,13,Relevant,top 10 universities of India 🇮🇳 | NIRF ranking 2023,,top 10 universities of India 🇮🇳 | NIRF ranking 2023
3F5JN0BY_rU,Jamia Millia Islamia,rankings,NIRF,Jamia Millia Islamia NIRF,UGC NIRF Ranking: जानें कौनसे कॉलेज और यूनिवर्सिटीज़ भारत में टॉप पर. #nirfranking #ugc #jnu #jamia,,University Circle,2025-09-04T11:42:54Z,2025,130,2,0,PT44S,unknown,https://www.youtube.com/watch?v=3F5JN0BY_rU,13,Relevant,UGC NIRF Ranking: जानें कौनसे कॉलेज और यूनिवर्सिटीज़ भारत में टॉप पर. #nirfranking #ugc #jnu #jamia,,UGC NIRF Ranking: जानें कौनसे कॉलेज और यूनिवर्सिटीज़ भारत में टॉप पर. #nirfranking #ugc #jnu #jamia
QPgT8H5NuTg,University of Calcutta,rankings,NIRF,University of Calcutta NIRF,University of Calcutta 🥰🥰❤️❤️,,Puja Pramanik's Vlog,2023-05-04T18:00:45Z,2023,1773,28,0,PT7S,unknown,https://www.youtube.com/watch?v=QPgT8H5NuTg,13,Relevant,University of Calcutta 🥰🥰❤️❤️,,University of Calcutta 🥰🥰❤️❤️
PutBXnZ-YX0,Ranchi University,rankings,NIRF,Ranchi University NIRF,Top 5 Law Colleges in India 2024 | NIRF Rankings Revealed! 📚 #nirfranking,NIRF 2024 Law Colleges Ranking: https://www.nirfindia.org/Rankings/2024/LawRanking.html Discover the top 5 law colleges in ...,LegalEdge CLAT Coaching by Toprankers,2024-08-13T13:51:52Z,2024,9110,605,31,PT1M,unknown,https://www.youtube.com/watch?v=PutBXnZ-YX0,13,Relevant,Top 5 Law Colleges in India 2024 | NIRF Rankings Revealed! 📚 #nirfranking,NIRF 2024 Law Colleges Ranking: Discover the top 5 law colleges in .,Top 5 Law Colleges in India 2024 | NIRF Rankings Revealed! 📚 #nirfranking NIRF 2024 Law Colleges Ranking: Discover the top 5 law colleges in .
FmoUHQcnJlc,Jawaharlal Nehru University,rankings,NIRF,Jawaharlal Nehru University NIRF,"Jawaharlal Nehru University Admission form 2023-24 Eligibility Criteria, fees, form CUET UG 2023",,DAKIYA INFO,2023-01-28T17:27:54Z,2023,438,6,1,PT32S,unknown,https://www.youtube.com/watch?v=FmoUHQcnJlc,13,Relevant,"Jawaharlal Nehru University Admission form 2023-24 Eligibility Criteria, fees, form CUET UG 2023",,"Jawaharlal Nehru University Admission form 2023-24 Eligibility Criteria, fees, form CUET UG 2023"
woGIqvFkNVs,Jiwaji University Gwalior,rankings,NIRF,Jiwaji University Gwalior NIRF,Jiwaji University Gwalior how to check BA BSC B Com MA MSC Result 2023 #result #baresult कैसे देखें,education #shaileshsir In this video: I provide best education and information video. It's help you to learn everything. Copyright ...,CSC APNA,2023-03-28T05:07:31Z,2023,144999,653,6,PT11S,unknown,https://www.youtube.com/watch?v=woGIqvFkNVs,13,Relevant,Jiwaji University Gwalior how to check BA BSC B Com MA MSC Result 2023 #result #baresult कैसे देखें,education #shaileshsir In this video: I provide best education and information video. It's help you to learn everything. Copyright .,Jiwaji University Gwalior how to check BA BSC B Com MA MSC Result 2023 #result #baresult कैसे देखें education #shaileshsir In this video: I provide best education and information video. It's help you to learn everything. Copyright .
N4PrNrwEHcc,Aligarh Muslim University,rankings,NIRF,Aligarh Muslim University NIRF,Aligarh Muslim University chungi gate #amu #jamshedvlog #aligarh #shorts,,Jamshed Vlog,2023-02-10T12:17:27Z,2023,214,26,0,PT30S,unknown,https://www.youtube.com/watch?v=N4PrNrwEHcc,13,Relevant,Aligarh Muslim University chungi gate #amu #jamshedvlog #aligarh #shorts,,Aligarh Muslim University chungi gate #amu #jamshedvlog #aligarh #shorts
MMA5AGPZlm4,Jiwaji University Gwalior,rankings,NIRF,Jiwaji University Gwalior NIRF,Jiwaji University Gwalior champion🏅⚽🌍💫,,Ashish jaat,2024-11-21T09:25:26Z,2024,1548,24,0,PT9S,unknown,https://www.youtube.com/watch?v=MMA5AGPZlm4,13,Relevant,Jiwaji University Gwalior champion🏅⚽🌍💫,,Jiwaji University Gwalior champion🏅⚽🌍💫
znu12zZBIV8,Jiwaji University Gwalior,rankings,NIRF,Jiwaji University Gwalior NIRF,jiwaji university program | jiwaji university | jiwaji university gwalior | Jiwaji university,,AIMERS ACADEMY ,2025-10-09T18:45:34Z,2025,1403,13,0,PT17S,unknown,https://www.youtube.com/watch?v=znu12zZBIV8,13,Relevant,jiwaji university program | jiwaji university | jiwaji university gwalior | Jiwaji university,,jiwaji university program | jiwaji university | jiwaji university gwalior | Jiwaji university
K1tekysEHrk,Banaras Hindu University,rankings,NIRF,Banaras Hindu University NIRF,Freshers of BHU campus | B.Tech Dairy Technology | Banaras Hindu University #shorts,,The Student Life,2023-03-27T13:29:44Z,2023,11582,573,7,PT1M,unknown,https://www.youtube.com/watch?v=K1tekysEHrk,13,Relevant,Freshers of BHU campus | B.Tech Dairy Technology | Banaras Hindu University #shorts,,Freshers of BHU campus | B.Tech Dairy Technology | Banaras Hindu University #shorts
DUdSFxKVGnU,Savitribai Phule Pune University,rankings,NIRF,Savitribai Phule Pune University NIRF,Savitribai Phule Pune University #puneuniversity #sppu #campuslife #campustour #sppuexam,,Akshay Kale,2024-09-13T17:29:53Z,2024,4325,115,2,PT11S,unknown,https://www.youtube.com/watch?v=DUdSFxKVGnU,13,Relevant,Savitribai Phule Pune University #puneuniversity #sppu #campuslife #campustour #sppuexam,,Savitribai Phule Pune University #puneuniversity #sppu #campuslife #campustour #sppuexam
Z1w92M20z9E,Jiwaji University Gwalior,rankings,NIRF,Jiwaji University Gwalior NIRF,Jiwaji university gwalior Ba 3rdyear  foundation paper 1 #syllabus  #2025 #jiwajiuniversityexamnews,,Your mentor or your friend ,2025-02-23T12:22:41Z,2025,5333,36,6,PT14S,unknown,https://www.youtube.com/watch?v=Z1w92M20z9E,13,Relevant,Jiwaji university gwalior Ba 3rdyear foundation paper 1 #syllabus #2025 #jiwajiuniversityexamnews,,Jiwaji university gwalior Ba 3rdyear foundation paper 1 #syllabus #2025 #jiwajiuniversityexamnews
iJQ05aFRNqk,Jiwaji University Gwalior,rankings,NIRF,Jiwaji University Gwalior NIRF,Going to jiwaji university Gwalior 1 st vlog,,Shasanktomar,2025-01-14T13:08:00Z,2025,3866,28,0,PT10S,unknown,https://www.youtube.com/watch?v=iJQ05aFRNqk,13,Relevant,Going to jiwaji university Gwalior 1 st vlog,,Going to jiwaji university Gwalior 1 st vlog
ubtfzVhtRFg,Osmania University,rankings,NIRF,Osmania University NIRF,"How reliable are NIRF rankings of Engineering Colleges - #iits, #nits #bits VIT, IIITs ? || NANO","National Institutional Ranking Framework (NIRF) rankings of Engineering Colleges released by Ministry of Education, 2024.",NANO JUNIOR COLLEGE & ACADEMY,2024-08-16T10:41:11Z,2024,9978,178,45,PT26M46S,unknown,https://www.youtube.com/watch?v=ubtfzVhtRFg,13,Relevant,"How reliable are NIRF rankings of Engineering Colleges - #iits, #nits #bits VIT, IIITs ? || NANO","National Institutional Ranking Framework (NIRF) rankings of Engineering Colleges released by Ministry of Education, 2024.","How reliable are NIRF rankings of Engineering Colleges - #iits, #nits #bits VIT, IIITs ? || NANO National Institutional Ranking Framework (NIRF) rankings of Engineering Colleges released by Ministry of Education, 2024."
jZiN8RqRqnk,Savitribai Phule Pune University,rankings,NIRF,Savitribai Phule Pune University NIRF,Savitribai Phule Pune University Vlog #sppu,,Chaitanya Pimputkar,2023-09-19T06:15:44Z,2023,61633,986,55,PT59S,unknown,https://www.youtube.com/watch?v=jZiN8RqRqnk,13,Relevant,Savitribai Phule Pune University Vlog #sppu,,Savitribai Phule Pune University Vlog #sppu
Q1wPvp5W2Hk,Savitribai Phule Pune University,rankings,NIRF,Savitribai Phule Pune University NIRF,Savitribai Phule Pune University #pune #sppu #puneuniversity #college #collegelife #life #friends,,AJXNKYA,2023-05-28T12:34:13Z,2023,71491,1667,28,PT38S,unknown,https://www.youtube.com/watch?v=Q1wPvp5W2Hk,13,Relevant,Savitribai Phule Pune University #pune #sppu #puneuniversity #college #collegelife #life #friends,,Savitribai Phule Pune University #pune #sppu #puneuniversity #college #collegelife #life #friends
9S5pQEv5H8k,Savitribai Phule Pune University,rankings,NIRF,Savitribai Phule Pune University NIRF,TOUR OF SAVITRIBAI PHULE PUNE UNIVERSITY : EPISODE 04,Follow me on instagram : @_.rimrizz._.,Rimit FitLife,2025-03-14T08:31:04Z,2025,14093,395,111,PT19M49S,unknown,https://www.youtube.com/watch?v=9S5pQEv5H8k,13,Relevant,TOUR OF SAVITRIBAI PHULE PUNE UNIVERSITY : EPISODE 04,Follow me on instagram : @_.rimrizz._.,TOUR OF SAVITRIBAI PHULE PUNE UNIVERSITY : EPISODE 04 Follow me on instagram : @_.rimrizz._.
koX3LkuIR58,Savitribai Phule Pune University,rankings,NIRF,Savitribai Phule Pune University NIRF,Savitribai Phule Pune University Worth It Or Not ? | Placements | Faculty | Facilities &amp; More,"Prepare for MCA Entrance : NIMCET , MCACET , Others Exam - Start Now or Never - Batches Launched | Target Top MCA ...",Manoeuvre MCA - CET TO NIMCET Preparation,2023-09-08T12:30:24Z,2023,1682,34,17,PT13M20S,unknown,https://www.youtube.com/watch?v=koX3LkuIR58,13,Relevant,Savitribai Phule Pune University Worth It Or Not ? | Placements | Faculty | Facilities & More,"Prepare for MCA Entrance : NIMCET , MCACET , Others Exam - Start Now or Never - Batches Launched | Target Top MCA .","Savitribai Phule Pune University Worth It Or Not ? | Placements | Faculty | Facilities & More Prepare for MCA Entrance : NIMCET , MCACET , Others Exam - Start Now or Never - Batches Launched | Target Top MCA ."
XPw9viViH0E,Savitribai Phule Pune University,rankings,NIRF,Savitribai Phule Pune University NIRF,"Honest Review on Savitribai Phule Pune University | Campus, Courses &amp; Facilities | #SPPU",,SOURAV SIR'S CLASSES,2025-04-10T06:08:41Z,2025,26068,224,5,PT29S,unknown,https://www.youtube.com/watch?v=XPw9viViH0E,13,Relevant,"Honest Review on Savitribai Phule Pune University | Campus, Courses & Facilities | #SPPU",,"Honest Review on Savitribai Phule Pune University | Campus, Courses & Facilities | #SPPU"
AOujY6PFxIo,Jiwaji University Gwalior,rankings,NIRF,Jiwaji University Gwalior NIRF,FINALLY My Graduation Degree is Here! 🎓😍 | Jiwaji University Gwalior | Shopping Vlog,Hello Dosto! Welcome back to another brand new vlog! ✨ ​Aaj ka Sunday mere liye bohot special raha kyunki aaj subah ki ...,Neeraj Pal Vlogs,2025-12-22T02:29:52Z,2025,325,14,9,PT6M21S,unknown,https://www.youtube.com/watch?v=AOujY6PFxIo,13,Relevant,FINALLY My Graduation Degree is Here! 🎓😍 | Jiwaji University Gwalior | Shopping Vlog,Hello Dosto! Welcome back to another brand new vlog! ✨ ​Aaj ka Sunday mere liye bohot special raha kyunki aaj subah ki .,FINALLY My Graduation Degree is Here! 🎓😍 | Jiwaji University Gwalior | Shopping Vlog Hello Dosto! Welcome back to another brand new vlog! ✨ ​Aaj ka Sunday mere liye bohot special raha kyunki aaj subah ki .
4Rf8v2zZhkk,Indian Institute of Management,rankings,NIRF,Indian Institute of Management NIRF,NIRF RANKING OF TOP IIMs #shorts #mbawallah,Batch/Course Links - MBA Ignite 2024 Batch : https://physicswallah.onelink.me/ZAZB/scvqqmb1 MBA Propeller Batch ...,MBA Wallah,2024-08-27T11:30:03Z,2024,4966,237,3,PT9S,unknown,https://www.youtube.com/watch?v=4Rf8v2zZhkk,13,Relevant,NIRF RANKING OF TOP IIMs #shorts #mbawallah,Batch/Course Links - MBA Ignite 2024 Batch : MBA Propeller Batch .,NIRF RANKING OF TOP IIMs #shorts #mbawallah Batch/Course Links - MBA Ignite 2024 Batch : MBA Propeller Batch .
2RzkOoLL-4c,Banaras Hindu University,rankings,NIRF,Banaras Hindu University NIRF,Banaras Hindu University - Full History #bhu #history #university #education #banaras #freedom,StudyIQ PCS is a StudyIQ's initiative for State PSC Preparation. We are committed to provide quality content in this section. We will ...,OPSC StudyIQ,2023-03-23T14:15:00Z,2023,40776,1719,4,PT59S,unknown,https://www.youtube.com/watch?v=2RzkOoLL-4c,13,Relevant,Banaras Hindu University - Full History #bhu #history #university #education #banaras #freedom,StudyIQ PCS is a StudyIQ's initiative for State PSC Preparation. We are committed to provide quality content in this section. We will .,Banaras Hindu University - Full History #bhu #history #university #education #banaras #freedom StudyIQ PCS is a StudyIQ's initiative for State PSC Preparation. We are committed to provide quality content in this section. We will .
Nqp6svpZ5bA,Savitribai Phule Pune University,rankings,NIRF,Savitribai Phule Pune University NIRF,Savitribai phule Pune University G20 program,,G. P ENTERTAINMENT ,2023-01-16T04:29:43Z,2023,146,3,0,PT27S,unknown,https://www.youtube.com/watch?v=Nqp6svpZ5bA,13,Relevant,Savitribai phule Pune University G20 program,,Savitribai phule Pune University G20 program
y8RdArJ9-JI,Delhi University,rankings,NIRF,Delhi University NIRF,NIRF 2025 Rankings: Top DU Colleges According to NIRF 2025 Rankings and Scores,"Every year, students eagerly wait to see which colleges make the cut. This year's NIRF 2025 rankings are out, and they show ...",Jagran Josh,2025-09-09T07:01:01Z,2025,539,1,0,PT1M46S,unknown,https://www.youtube.com/watch?v=y8RdArJ9-JI,13,Relevant,NIRF 2025 Rankings: Top DU Colleges According to NIRF 2025 Rankings and Scores,"Every year, students eagerly wait to see which colleges make the cut. This year's NIRF 2025 rankings are out, and they show .","NIRF 2025 Rankings: Top DU Colleges According to NIRF 2025 Rankings and Scores Every year, students eagerly wait to see which colleges make the cut. This year's NIRF 2025 rankings are out, and they show ."
q-fp_xMIb7M,University of Calcutta,rankings,NIRF,University of Calcutta NIRF,University of Calcutta #motivation #poem,,Motivational poem,2023-08-06T00:30:31Z,2023,33,3,0,PT31S,unknown,https://www.youtube.com/watch?v=q-fp_xMIb7M,13,Relevant,University of Calcutta #motivation #poem,,University of Calcutta #motivation #poem
OQw43XClGN4,Banaras Hindu University,rankings,NIRF,Banaras Hindu University NIRF,Admission 2026 कौन से यूनिवर्सिटी No.1 है BHU AMU JNU ? | Banaras Hindu University Admission 2026 27,About this video :- Admission 2026 or AMU Entrance Exam 2026 or Jamia Entrance Exam 2026 or BHU Entrance Exam 2026 etc.,TBIT,2023-10-15T05:46:55Z,2023,734940,7833,950,PT3M31S,unknown,https://www.youtube.com/watch?v=OQw43XClGN4,13,Relevant,Admission 2026 कौन से यूनिवर्सिटी No.1 है BHU AMU JNU ? | Banaras Hindu University Admission 2026 27,About this video :- Admission 2026 or AMU Entrance Exam 2026 or Jamia Entrance Exam 2026 or BHU Entrance Exam 2026 etc.,Admission 2026 कौन से यूनिवर्सिटी No.1 है BHU AMU JNU ? | Banaras Hindu University Admission 2026 27 About this video :- Admission 2026 or AMU Entrance Exam 2026 or Jamia Entrance Exam 2026 or BHU Entrance Exam 2026 etc.
xKv1EfKeYWA,Delhi University,rankings,NIRF,Delhi University NIRF,NIRF Rankings 2023 Top college. Top DU college list NIRF .#DU #north campus du #Bhu #jnu #topcollege,College preference list Du #cuet #cuet2023 #cuet2023exam #nta #Du college list #North Campus College list DU #nirfranking ...,Study CSE 4744,2023-06-06T04:34:51Z,2023,2986,61,0,PT13S,unknown,https://www.youtube.com/watch?v=xKv1EfKeYWA,13,Relevant,NIRF Rankings 2023 Top college. Top DU college list NIRF .#DU #north campus du #Bhu #jnu #topcollege,College preference list Du #cuet #cuet2023 #cuet2023exam #nta #Du college list #North Campus College list DU #nirfranking .,NIRF Rankings 2023 Top college. Top DU college list NIRF .#DU #north campus du #Bhu #jnu #topcollege College preference list Du #cuet #cuet2023 #cuet2023exam #nta #Du college list #North Campus College list DU #nirfranking .
kgFIDq02BgY,Patna University,rankings,NIRF,Patna University NIRF,Patna University में सीएम के भाषण के दौरान &#39;देश का PM कैसा हो Nitish Kumar जैसा हो&#39; के लगे नारे,बिहार : पटना यूनिवर्सिटी में शिक्षक दिवस के अवसर पर सीएम नीतीश कुमार ...,Zee Bihar Jharkhand,2023-09-05T08:25:37Z,2023,13152,489,33,PT36S,unknown,https://www.youtube.com/watch?v=kgFIDq02BgY,13,Relevant,Patna University में सीएम के भाषण के दौरान 'देश का PM कैसा हो Nitish Kumar जैसा हो' के लगे नारे,बिहार : पटना यूनिवर्सिटी में शिक्षक दिवस के अवसर पर सीएम नीतीश कुमार .,Patna University में सीएम के भाषण के दौरान 'देश का PM कैसा हो Nitish Kumar जैसा हो' के लगे नारे बिहार : पटना यूनिवर्सिटी में शिक्षक दिवस के अवसर पर सीएम नीतीश कुमार .
x9bvHtXr9Ps,University of Hyderabad,rankings,NIRF,University of Hyderabad NIRF,Top 10 Universities In Indian  || NIRF 2023 || INDIA || #shorts #short #shortvideo #shortsvideo #yt,Top 10 Universities In Indian || NIRF 2023 || INDIA Top 10 University भारत के Top universities University of hyderabad ...,CricSitter07,2023-06-11T03:30:17Z,2023,1496,0,0,PT34S,unknown,https://www.youtube.com/watch?v=x9bvHtXr9Ps,13,Relevant,Top 10 Universities In Indian || NIRF 2023 || INDIA || #shorts #short #shortvideo #shortsvideo #yt,Top 10 Universities In Indian || NIRF 2023 || INDIA Top 10 University भारत के Top universities University of hyderabad .,Top 10 Universities In Indian || NIRF 2023 || INDIA || #shorts #short #shortvideo #shortsvideo #yt Top 10 Universities In Indian || NIRF 2023 || INDIA Top 10 University भारत के Top universities University of hyderabad .
bMtDqVvsNnE,Lucknow University,rankings,NIRF,Lucknow University NIRF,Lucknow University LU Aerial View From Metro #shorts,,Adarsh Railways,2023-07-29T07:36:58Z,2023,455,21,0,PT19S,unknown,https://www.youtube.com/watch?v=bMtDqVvsNnE,13,Relevant,Lucknow University LU Aerial View From Metro #shorts,,Lucknow University LU Aerial View From Metro #shorts
RXdjGu4DSQs,University of Mumbai,rankings,NIRF,University of Mumbai NIRF,Why I Don&#39;t Trust NIRF Rankings (And You Shouldn&#39;t Either),Why I Don't Trust NIRF Rankings (And You Shouldn't Either) You're betting ₹20-50 Lakhs on a rank that might be a lie.,Vivek NISER | SciAstra,2025-11-18T13:01:24Z,2025,3145,164,50,PT7M54S,unknown,https://www.youtube.com/watch?v=RXdjGu4DSQs,13,Relevant,Why I Don't Trust NIRF Rankings (And You Shouldn't Either),Why I Don't Trust NIRF Rankings (And You Shouldn't Either) You're betting ₹20-50 Lakhs on a rank that might be a lie.,Why I Don't Trust NIRF Rankings (And You Shouldn't Either) Why I Don't Trust NIRF Rankings (And You Shouldn't Either) You're betting ₹20-50 Lakhs on a rank that might be a lie.
A3fJuySk2ig,Jamia Millia Islamia,rankings,NIRF,Jamia Millia Islamia NIRF,Jamia Millia Islamia University Admission 2023 benefits | Jamia Admission 2023 | JMI Admission 2023,About this video :- जामिया में क्यों एडमिशन लेना चाहिए और Jamia admission 2023 and Jmi ...,TBIT Classes,2023-01-19T12:16:35Z,2023,248,13,3,PT8M,unknown,https://www.youtube.com/watch?v=A3fJuySk2ig,13,Relevant,Jamia Millia Islamia University Admission 2023 benefits | Jamia Admission 2023 | JMI Admission 2023,About this video :- जामिया में क्यों एडमिशन लेना चाहिए और Jamia admission 2023 and Jmi .,Jamia Millia Islamia University Admission 2023 benefits | Jamia Admission 2023 | JMI Admission 2023 About this video :- जामिया में क्यों एडमिशन लेना चाहिए और Jamia admission 2023 and Jmi .
W0BTNyIeZe4,Lucknow University,rankings,NIRF,Lucknow University NIRF,Lucknow University is love 💗 #trendingshorts #university,Whatsapp Community - https://chat.whatsapp.com/L6hKJ3ozJnt4NOScWavdTP Instagram Page - https://bit.ly/Instagramluwt ...,L.U Walo Ka Talent,2023-07-19T09:47:29Z,2023,6484,532,16,PT17S,unknown,https://www.youtube.com/watch?v=W0BTNyIeZe4,13,Relevant,Lucknow University is love 💗 #trendingshorts #university,Whatsapp Community - Instagram Page - .,Lucknow University is love 💗 #trendingshorts #university Whatsapp Community - Instagram Page - .
pMxRlZmVt50,Jiwaji University Gwalior,rankings,NIRF,Jiwaji University Gwalior NIRF,"jiwaji University,gwalior(M.P) gate no.1 |campus tour jiwaji University| University campus life",campus #campustour #campuslife #jiwaji #jiwajiuniversity #gwaliorvlog #university #universitylife #universityvlogs ...,Priya Vairale,2025-03-29T18:58:47Z,2025,3044,24,0,PT21S,unknown,https://www.youtube.com/watch?v=pMxRlZmVt50,13,Relevant,"jiwaji University,gwalior(M.P) gate no.1 |campus tour jiwaji University| University campus life",campus #campustour #campuslife #jiwaji #jiwajiuniversity #gwaliorvlog #university #universitylife #universityvlogs .,"jiwaji University,gwalior(M.P) gate no.1 |campus tour jiwaji University| University campus life campus #campustour #campuslife #jiwaji #jiwajiuniversity #gwaliorvlog #university #universitylife #universityvlogs ."
fNxPvIqZf28,Aligarh Muslim University,rankings,NIRF,Aligarh Muslim University NIRF,ISRO ने AMU को क्यों चुना ? | Indian Space Research Organization START | Aligarh Muslim University,About this video :- ISRO ने AMU को क्यों चुना ? Indian Space Reaserch Organization START Programme in ...,TBIT,2023-07-28T10:51:18Z,2023,2567,129,16,PT4M31S,unknown,https://www.youtube.com/watch?v=fNxPvIqZf28,13,Relevant,ISRO ने AMU को क्यों चुना ? | Indian Space Research Organization START | Aligarh Muslim University,About this video :- ISRO ने AMU को क्यों चुना ? Indian Space Reaserch Organization START Programme in .,ISRO ने AMU को क्यों चुना ? | Indian Space Research Organization START | Aligarh Muslim University About this video :- ISRO ने AMU को क्यों चुना ? Indian Space Reaserch Organization START Programme in .
qbFFkYp-yYM,Jamia Millia Islamia,rankings,NIRF,Jamia Millia Islamia NIRF,"Jamia Millia Islamia MBA 2026🔥Fees, Cutoff, Placement &amp; Admission Process 😲Worth It?","But before going any further, You Can Contact (MBAshala Team). Only If you have any genuine questions or queries. For Direct ...",Ankit Verma - MBAshala,2026-02-20T07:19:51Z,2026,1969,30,13,PT16M42S,unknown,https://www.youtube.com/watch?v=qbFFkYp-yYM,13,Relevant,"Jamia Millia Islamia MBA 2026🔥Fees, Cutoff, Placement & Admission Process 😲Worth It?","But before going any further, You Can Contact (MBAshala Team). Only If you have any genuine questions or queries. For Direct .","Jamia Millia Islamia MBA 2026🔥Fees, Cutoff, Placement & Admission Process 😲Worth It? But before going any further, You Can Contact (MBAshala Team). Only If you have any genuine questions or queries. For Direct ."
5BfIivhqVhk,Shri Shankaracharya Technical Campus Bhilai,rankings,NIRF,Shri Shankaracharya Technical Campus Bhilai NIRF,Final College Mein Admission La Liya 📚|Shri Shankaracharya Technical Campus bhilai #minivlog #bhilai,,ROMI SAHU,2025-07-03T13:30:05Z,2025,8331,0,26,PT42S,unknown,https://www.youtube.com/watch?v=5BfIivhqVhk,13,Relevant,Final College Mein Admission La Liya 📚|Shri Shankaracharya Technical Campus bhilai #minivlog #bhilai,,Final College Mein Admission La Liya 📚|Shri Shankaracharya Technical Campus bhilai #minivlog #bhilai
_Ss0p2Z96yc,Aligarh Muslim University,rankings,NIRF,Aligarh Muslim University NIRF,Aligarh Muslim University Selection|| #shorts #aligarhmuslimuniversity #entrance #viral #trending,,Victor Classes,2023-09-10T14:04:06Z,2023,1562,125,14,PT16S,unknown,https://www.youtube.com/watch?v=_Ss0p2Z96yc,13,Relevant,Aligarh Muslim University Selection|| #shorts #aligarhmuslimuniversity #entrance #viral #trending,,Aligarh Muslim University Selection|| #shorts #aligarhmuslimuniversity #entrance #viral #trending
UWnIalypQUQ,Jiwaji University Gwalior,rankings,NIRF,Jiwaji University Gwalior NIRF,Degree ⭐ Jiwaji University Gwalior convocation 🎓#degree,,ASHISH YADAV,2023-08-27T12:20:02Z,2023,26595,182,18,PT6S,unknown,https://www.youtube.com/watch?v=UWnIalypQUQ,13,Relevant,Degree ⭐ Jiwaji University Gwalior convocation 🎓#degree,,Degree ⭐ Jiwaji University Gwalior convocation 🎓#degree
yzomj_SzZg4,Lucknow University,rankings,NIRF,Lucknow University NIRF,Lucknow University Entrance Exam 2026 कब होगा? | Admission Form Last Date 🚨| UG &amp; PG | Admit Card ,WhatsApp Group -https://chat.whatsapp.com/IOo5aqUKYc61fpNNHN8o3I?mode=ems_copy_t complete Syllabus ...,Target Gurukul,2026-05-28T12:17:48Z,2026,16050,321,140,PT8M16S,unknown,https://www.youtube.com/watch?v=yzomj_SzZg4,13,Relevant,Lucknow University Entrance Exam 2026 कब होगा? | Admission Form Last Date 🚨| UG & PG | Admit Card,WhatsApp Group - complete Syllabus .,Lucknow University Entrance Exam 2026 कब होगा? | Admission Form Last Date 🚨| UG & PG | Admit Card WhatsApp Group - complete Syllabus .
JAr5HnvbJgY,Jamia Millia Islamia,rankings,NIRF,Jamia Millia Islamia NIRF,Jamia Millia Islamia,,Md Sanaullah,2023-08-17T20:24:45Z,2023,139,0,7,PT11S,unknown,https://www.youtube.com/watch?v=JAr5HnvbJgY,13,Relevant,Jamia Millia Islamia,,Jamia Millia Islamia
pmGdwX1s1CY,Barkatullah University Bhopal,rankings,NIRF,Barkatullah University Bhopal NIRF,"Jagran Lakecity University (JLU) Bhopal Review: Placement, Campus Tour, Admission Process, Courses","Jagran Lakecity University Review: The Harsh Reality In this video, we're going to discuss the harsh reality of Jagran Lakecity ...",Colleges18,2025-04-01T04:00:47Z,2025,4208,46,14,PT6M8S,unknown,https://www.youtube.com/watch?v=pmGdwX1s1CY,13,Relevant,"Jagran Lakecity University (JLU) Bhopal Review: Placement, Campus Tour, Admission Process, Courses","Jagran Lakecity University Review: The Harsh Reality In this video, we're going to discuss the harsh reality of Jagran Lakecity .","Jagran Lakecity University (JLU) Bhopal Review: Placement, Campus Tour, Admission Process, Courses Jagran Lakecity University Review: The Harsh Reality In this video, we're going to discuss the harsh reality of Jagran Lakecity ."
whQmE9TLd5c,Lucknow University,rankings,NIRF,Lucknow University NIRF,"📢 Lucknow University 1-Minute Review 2025 | Fees, Placements &amp; Campus Life! 🎓🔥 #jeemains2025",LucknowUniversity #LUReview2025 #UpdatedReview #UniversityAdmissions #BTechAdmissions #CollegePlacements ...,Udaan Vidyapeeth,2025-03-03T12:30:56Z,2025,79217,814,22,PT33S,unknown,https://www.youtube.com/watch?v=whQmE9TLd5c,13,Relevant,"📢 Lucknow University 1-Minute Review 2025 | Fees, Placements & Campus Life! 🎓🔥 #jeemains2025",LucknowUniversity #LUReview2025 #UpdatedReview #UniversityAdmissions #BTechAdmissions #CollegePlacements .,"📢 Lucknow University 1-Minute Review 2025 | Fees, Placements & Campus Life! 🎓🔥 #jeemains2025 LucknowUniversity #LUReview2025 #UpdatedReview #UniversityAdmissions #BTechAdmissions #CollegePlacements ."
OnEhB6sTF48,Jamia Millia Islamia,rankings,NIRF,Jamia Millia Islamia NIRF,"Jamia Millia Islamia MBA 2026 Form Out🔥| Eligibility, Fees &amp; Last Date",Prospectus ...,Ankit Verma - MBAshala,2026-02-21T10:02:02Z,2026,3233,69,41,PT14M48S,unknown,https://www.youtube.com/watch?v=OnEhB6sTF48,13,Relevant,"Jamia Millia Islamia MBA 2026 Form Out🔥| Eligibility, Fees & Last Date",Prospectus .,"Jamia Millia Islamia MBA 2026 Form Out🔥| Eligibility, Fees & Last Date Prospectus ."
IXwaJyBBovk,Jamia Millia Islamia,rankings,NIRF,Jamia Millia Islamia NIRF,The New Jamia Millia Islamia Centenary Gate🫡❤️ #shorts #jamia #college #architecture,,Subuhi Aziz,2023-07-22T13:55:21Z,2023,1168,45,1,PT7S,unknown,https://www.youtube.com/watch?v=IXwaJyBBovk,13,Relevant,The New Jamia Millia Islamia Centenary Gate🫡❤️ #shorts #jamia #college #architecture,,The New Jamia Millia Islamia Centenary Gate🫡❤️ #shorts #jamia #college #architecture
KNtGpnGMugI,Andhra University,rankings,NIRF,Andhra University NIRF,Is Andhra University MBA Worth Your Investment in 2026?,Best Laptops for MBA Students - For All Task https://amzn.to/43Jxnxn https://amzn.to/3QnDSD5 https://amzn.to/4uFpNyL ...,Swasata Ghosh,2026-04-11T13:59:35Z,2026,228,16,20,PT7M41S,unknown,https://www.youtube.com/watch?v=KNtGpnGMugI,13,Relevant,Is Andhra University MBA Worth Your Investment in 2026?,Best Laptops for MBA Students - For All Task .,Is Andhra University MBA Worth Your Investment in 2026? Best Laptops for MBA Students - For All Task .
44IMCfGAzNc,Jamia Millia Islamia,rankings,NIRF,Jamia Millia Islamia NIRF,jamia millia islamia campus,,Asif ali,2023-08-14T16:15:21Z,2023,33,1,0,PT24S,unknown,https://www.youtube.com/watch?v=44IMCfGAzNc,13,Relevant,jamia millia islamia campus,,jamia millia islamia campus
8k3dU7F3JQ4,College of Engineering Pune,rankings,NIRF,College of Engineering Pune NIRF,NIRF Ranking 2025 🤡 Maharashtra College Ranking 👀😂 #shorts #mhtcet2025 #jeemains2026 #mhtcet #cet,,CONCEPT SIMPLIFIED ,2025-09-05T13:36:32Z,2025,10041,0,75,PT1M36S,unknown,https://www.youtube.com/watch?v=8k3dU7F3JQ4,13,Relevant,NIRF Ranking 2025 🤡 Maharashtra College Ranking 👀😂 #shorts #mhtcet2025 #jeemains2026 #mhtcet #cet,,NIRF Ranking 2025 🤡 Maharashtra College Ranking 👀😂 #shorts #mhtcet2025 #jeemains2026 #mhtcet #cet
DstLT49u9w0,Harcourt Butler Technical University,rankings,NIRF,Harcourt Butler Technical University NIRF,HBTU Kanpur College Review 2025: Truth About Placements &amp; Campus Life,Harcourt Butler Technical University (HBTU) Kanpur is a top-tier UP engineering college known for strong placements in core ...,Prabhat Ranjan,2025-11-18T09:30:05Z,2025,12107,206,53,PT10M57S,unknown,https://www.youtube.com/watch?v=DstLT49u9w0,13,Relevant,HBTU Kanpur College Review 2025: Truth About Placements & Campus Life,Harcourt Butler Technical University (HBTU) Kanpur is a top-tier UP engineering college known for strong placements in core .,HBTU Kanpur College Review 2025: Truth About Placements & Campus Life Harcourt Butler Technical University (HBTU) Kanpur is a top-tier UP engineering college known for strong placements in core .
0BhDLzp9t44,Jawaharlal Nehru University,rankings,NIRF,Jawaharlal Nehru University NIRF,Top 5 Government university 2023 #shorts #nirfranking2023 #nirf #jnu,,काम की बात,2023-06-07T11:10:26Z,2023,11,1,0,PT25S,unknown,https://www.youtube.com/watch?v=0BhDLzp9t44,13,Relevant,Top 5 Government university 2023 #shorts #nirfranking2023 #nirf #jnu,,Top 5 Government university 2023 #shorts #nirfranking2023 #nirf #jnu
b-9SL6xg4pg,Harcourt Butler Technical University,rankings,NIRF,Harcourt Butler Technical University NIRF,"HARCOURT BUTLER TECHNICAL UNIVERSITY,  Counselling Started ✅| 🚨CUET UG 2025  | cutoff #cuet2025","Helpline Number: 7738736346, +918062180079, 8209441638 Whatsapp Number: 7738736346, +918062180079, 8209441638 ...",Cuet By College Jaankaar,2025-07-23T14:15:03Z,2025,1015,14,2,PT44S,unknown,https://www.youtube.com/watch?v=b-9SL6xg4pg,13,Relevant,"HARCOURT BUTLER TECHNICAL UNIVERSITY, Counselling Started ✅| 🚨CUET UG 2025 | cutoff #cuet2025","Helpline Number: 7738736346, +918062180079, 8209441638 Whatsapp Number: 7738736346, +918062180079, 8209441638 .","HARCOURT BUTLER TECHNICAL UNIVERSITY, Counselling Started ✅| 🚨CUET UG 2025 | cutoff #cuet2025 Helpline Number: 7738736346, +918062180079, 8209441638 Whatsapp Number: 7738736346, +918062180079, 8209441638 ."
vgKCR7ZeGdU,Andhra University,rankings,NIRF,Andhra University NIRF,NIRF 2023: Andhra Pradesh institutions put up poor show in NIRF rankings,NIRF 2023: Andhra Pradesh institutions put up poor show in NIRF rankings FAIR-USE COPYRIGHT DISCLAIMER: Copyright ...,Zahra Mam,2023-06-06T16:56:14Z,2023,41,0,0,PT6M24S,unknown,https://www.youtube.com/watch?v=vgKCR7ZeGdU,13,Relevant,NIRF 2023: Andhra Pradesh institutions put up poor show in NIRF rankings,NIRF 2023: Andhra Pradesh institutions put up poor show in NIRF rankings FAIR-USE COPYRIGHT DISCLAIMER: Copyright .,NIRF 2023: Andhra Pradesh institutions put up poor show in NIRF rankings NIRF 2023: Andhra Pradesh institutions put up poor show in NIRF rankings FAIR-USE COPYRIGHT DISCLAIMER: Copyright .
6gWfxZO53RQ,Shri Shankaracharya Technical Campus Bhilai,rankings,NIRF,Shri Shankaracharya Technical Campus Bhilai NIRF,# Shri Shankaracharya technical campus Bhilai # Bhilai view #travel #photography,,D.Devendra,2024-04-23T01:47:23Z,2024,7523,52,0,PT13S,unknown,https://www.youtube.com/watch?v=6gWfxZO53RQ,13,Relevant,# Shri Shankaracharya technical campus Bhilai # Bhilai view #travel #photography,,# Shri Shankaracharya technical campus Bhilai # Bhilai view #travel #photography
aIkoh8sSM5U,Aligarh Muslim University,rankings,NIRF,Aligarh Muslim University NIRF,"Cut-off AMUEEE, AMU B.Tech Entrance 2023, Aligarh Muslim University BTech #aligarhmuslimuniversity",,Aligarh Coaching Centre,2023-05-14T18:53:36Z,2023,14690,0,56,PT8S,unknown,https://www.youtube.com/watch?v=aIkoh8sSM5U,13,Relevant,"Cut-off AMUEEE, AMU B.Tech Entrance 2023, Aligarh Muslim University BTech #aligarhmuslimuniversity",,"Cut-off AMUEEE, AMU B.Tech Entrance 2023, Aligarh Muslim University BTech #aligarhmuslimuniversity"
vRB4ArdgN_w,Jiwaji University Gwalior,rankings,NIRF,Jiwaji University Gwalior NIRF,Jiwaji University gwalior athletics ground #jiwajiuniversity #jiwaji_university_news,,LODHIAVDHESHRAJPOOT BOYS JANGHAR,2024-08-25T07:01:37Z,2024,853,17,0,PT22S,unknown,https://www.youtube.com/watch?v=vRB4ArdgN_w,13,Relevant,Jiwaji University gwalior athletics ground #jiwajiuniversity #jiwaji_university_news,,Jiwaji University gwalior athletics ground #jiwajiuniversity #jiwaji_university_news
f_2n3PA4WlQ,Shri Shankaracharya Technical Campus Bhilai,rankings,NIRF,Shri Shankaracharya Technical Campus Bhilai NIRF,Shri Shankaracharya Technical Campus Bhilai BBA Course Full Details 2026 🎓#minivlog #college #sstc,Shree Shankaracharya Technical Campus Bhilai Chhattisgarh Kya aap 2026 mein Shri Shankaracharya Technical Campus ...,ROMI SAHU,2026-05-25T14:25:01Z,2026,1769,0,12,PT1M,unknown,https://www.youtube.com/watch?v=f_2n3PA4WlQ,13,Relevant,Shri Shankaracharya Technical Campus Bhilai BBA Course Full Details 2026 🎓#minivlog #college #sstc,Shree Shankaracharya Technical Campus Bhilai Chhattisgarh Kya aap 2026 mein Shri Shankaracharya Technical Campus .,Shri Shankaracharya Technical Campus Bhilai BBA Course Full Details 2026 🎓#minivlog #college #sstc Shree Shankaracharya Technical Campus Bhilai Chhattisgarh Kya aap 2026 mein Shri Shankaracharya Technical Campus .
FnP_ciIhmQ8,Jamia Millia Islamia,rankings,NIRF,Jamia Millia Islamia NIRF,Best Top 10 Ug courses of Jamia millia islamia #jamiamilliaislamia #besttop10#viralvideo,,Best Top 10,2024-08-23T07:19:54Z,2024,368,16,0,PT19S,unknown,https://www.youtube.com/watch?v=FnP_ciIhmQ8,13,Relevant,Best Top 10 Ug courses of Jamia millia islamia #jamiamilliaislamia #besttop10#viralvideo,,Best Top 10 Ug courses of Jamia millia islamia #jamiamilliaislamia #besttop10#viralvideo
CRCYaCqCKUg,Gujarat University,rankings,NIRF,Gujarat University NIRF,Top 10 Engineering Colleges in India as per NIRF Rankings 2025,Send 'Hey' on WhatsApp 8585951111 for FREE GUIDANCE or Click here https://wa.link/ewrtt5 NIRF 2025 Ranking for ...,Shiksha Engineering,2025-09-04T08:43:51Z,2025,1663,17,4,PT49S,unknown,https://www.youtube.com/watch?v=CRCYaCqCKUg,13,Relevant,Top 10 Engineering Colleges in India as per NIRF Rankings 2025,Send 'Hey' on WhatsApp 8585951111 for FREE GUIDANCE or Click here NIRF 2025 Ranking for .,Top 10 Engineering Colleges in India as per NIRF Rankings 2025 Send 'Hey' on WhatsApp 8585951111 for FREE GUIDANCE or Click here NIRF 2025 Ranking for .
9PLPD4jVyKU,Aligarh Muslim University,rankings,NIRF,Aligarh Muslim University NIRF,Jamia Millia Islamia University| Jamia Admission 2023| AMU Admission 2023| Aligarh Muslim University,About this video :- जामिया में क्यों एडमिशन लेना चाहिए और Jamia admission 2023 and Jmi ...,TBIT,2023-06-25T07:47:48Z,2023,2822,99,14,PT4M19S,unknown,https://www.youtube.com/watch?v=9PLPD4jVyKU,13,Relevant,Jamia Millia Islamia University| Jamia Admission 2023| AMU Admission 2023| Aligarh Muslim University,About this video :- जामिया में क्यों एडमिशन लेना चाहिए और Jamia admission 2023 and Jmi .,Jamia Millia Islamia University| Jamia Admission 2023| AMU Admission 2023| Aligarh Muslim University About this video :- जामिया में क्यों एडमिशन लेना चाहिए और Jamia admission 2023 and Jmi .
i9HiYC8MdLY,Aligarh Muslim University,rankings,NIRF,Aligarh Muslim University NIRF,"Aligarh Muslim University tradition, #aligarh #aligarhmuslimuniversity #amu #indian",,openaiamu,2023-08-17T08:45:29Z,2023,38,2,0,PT52S,unknown,https://www.youtube.com/watch?v=i9HiYC8MdLY,13,Relevant,"Aligarh Muslim University tradition, #aligarh #aligarhmuslimuniversity #amu #indian",,"Aligarh Muslim University tradition, #aligarh #aligarhmuslimuniversity #amu #indian"
IGfcPwfG6RE,University of Hyderabad,rankings,NIRF,University of Hyderabad NIRF,Nirf Ranking,Best IAS Coaching in Hyderabad Best UPSC Coaching in Hyderabad Top IAS Academy in Hyderabad UPSC Coaching ...,Mana La Excellence,2025-09-10T05:55:33Z,2025,2339,48,2,PT37S,unknown,https://www.youtube.com/watch?v=IGfcPwfG6RE,13,Relevant,Nirf Ranking,Best IAS Coaching in Hyderabad Best UPSC Coaching in Hyderabad Top IAS Academy in Hyderabad UPSC Coaching .,Nirf Ranking Best IAS Coaching in Hyderabad Best UPSC Coaching in Hyderabad Top IAS Academy in Hyderabad UPSC Coaching .
zSQ3SKYl5R0,Jiwaji University Gwalior,rankings,NIRF,Jiwaji University Gwalior NIRF,Jiwaji University gwalior.hostel,jiwajiuniversity #hostellife #rain #hostalvlog #hostelfacility #hostelvibes #rainyday #jiwajihostel #margnainihostel #girlshostel ...,Priya Vairale,2023-09-14T12:45:41Z,2023,12028,116,8,PT11S,unknown,https://www.youtube.com/watch?v=zSQ3SKYl5R0,13,Relevant,Jiwaji University gwalior.hostel,jiwajiuniversity #hostellife #rain #hostalvlog #hostelfacility #hostelvibes #rainyday #jiwajihostel #margnainihostel #girlshostel .,Jiwaji University gwalior.hostel jiwajiuniversity #hostellife #rain #hostalvlog #hostelfacility #hostelvibes #rainyday #jiwajihostel #margnainihostel #girlshostel .
II7rjKcZgFQ,Osmania University,rankings,NIRF,Osmania University NIRF,Osmania University : ర్యాంకింగ్ ను మెరుగు పర్చామన్న వీసీ ప్రొఫెసర్ రవీందర్ - TV9,Watch LIVE: https://goo.gl/w3aQde తాజా వార్తల కోసం : https://tv9telugu.com/ ▻TV9 LIVE : https://bit.ly/2FJGPps ...,TV9 Telugu Live,2023-05-24T19:10:44Z,2023,940,0,0,PT2M45S,unknown,https://www.youtube.com/watch?v=II7rjKcZgFQ,13,Relevant,Osmania University : ర్యాంకింగ్ ను మెరుగు పర్చామన్న వీసీ ప్రొఫెసర్ రవీందర్ - TV9,Watch LIVE: తాజా వార్తల కోసం : ▻TV9 LIVE : .,Osmania University : ర్యాంకింగ్ ను మెరుగు పర్చామన్న వీసీ ప్రొఫెసర్ రవీందర్ - TV9 Watch LIVE: తాజా వార్తల కోసం : ▻TV9 LIVE : .
lm7JCt4Kdhk,Jiwaji University Gwalior,rankings,NIRF,Jiwaji University Gwalior NIRF,B.Ed Syllabus 2025-27 | Jiwaji University Gwalior | B.ed 1st Semester Syllabus | The Perfect Study,Join WhatsApp चैनल : https://whatsapp.com/channel/0029Va8Hj3PKAwEgMvJpWv3x Join Telegram चैनल ...,The Perfect Study,2025-10-21T06:23:09Z,2025,10257,288,58,PT5M40S,unknown,https://www.youtube.com/watch?v=lm7JCt4Kdhk,13,Relevant,B.Ed Syllabus 2025-27 | Jiwaji University Gwalior | B.ed 1st Semester Syllabus | The Perfect Study,Join WhatsApp चैनल : Join Telegram चैनल .,B.Ed Syllabus 2025-27 | Jiwaji University Gwalior | B.ed 1st Semester Syllabus | The Perfect Study Join WhatsApp चैनल : Join Telegram चैनल .
hcgrPTKOb6k,Lucknow University,rankings,NIRF,Lucknow University NIRF,#((Lucknow University)) ❤️❤️#uttar pradesh #status #viral #shorts,shorts #viral #status #university #lucknow #lucknow university #uttarpradesh #the Oceania ❤️❤️ #indian #jnu #jnu admission ...,LIFE BEFORE UPSC,2023-03-25T04:30:19Z,2023,226,4,0,PT11S,unknown,https://www.youtube.com/watch?v=hcgrPTKOb6k,13,Relevant,#((Lucknow University)) ❤️❤️#uttar pradesh #status #viral #shorts,shorts #viral #status #university #lucknow #lucknow university #uttarpradesh #the Oceania ❤️❤️ #indian #jnu #jnu admission .,#((Lucknow University)) ❤️❤️#uttar pradesh #status #viral #shorts shorts #viral #status #university #lucknow #lucknow university #uttarpradesh #the Oceania ❤️❤️ #indian #jnu #jnu admission .
RO6nApNX-wY,Aligarh Muslim University,rankings,NIRF,Aligarh Muslim University NIRF,Aligarh Muslim University (AMU) Class 11 Commerce Stream Syllabus Amu ka class11science ka syllabus,,A2K Classes.,2023-02-16T09:30:09Z,2023,97,3,0,PT1M12S,unknown,https://www.youtube.com/watch?v=RO6nApNX-wY,13,Relevant,Aligarh Muslim University (AMU) Class 11 Commerce Stream Syllabus Amu ka class11science ka syllabus,,Aligarh Muslim University (AMU) Class 11 Commerce Stream Syllabus Amu ka class11science ka syllabus
ZUZ2zuQlQIk,Aligarh Muslim University,rankings,NIRF,Aligarh Muslim University NIRF,AMU Entrance Exam 2025 | Aligarh Muslim University Admission 2025 | Jamia Millia Islamia University,About this video :- AMU Admission 2025 Class 11th 9th 6th or Jamia Admission 2025 Class 11 or AMU Class 11 Admission 2025 ...,TBIT Classes,2023-04-04T16:15:47Z,2023,1284,49,18,PT4M3S,unknown,https://www.youtube.com/watch?v=ZUZ2zuQlQIk,13,Relevant,AMU Entrance Exam 2025 | Aligarh Muslim University Admission 2025 | Jamia Millia Islamia University,About this video :- AMU Admission 2025 Class 11th 9th 6th or Jamia Admission 2025 Class 11 or AMU Class 11 Admission 2025 .,AMU Entrance Exam 2025 | Aligarh Muslim University Admission 2025 | Jamia Millia Islamia University About this video :- AMU Admission 2025 Class 11th 9th 6th or Jamia Admission 2025 Class 11 or AMU Class 11 Admission 2025 .
amxnDpt2u54,Jiwaji University Gwalior,rankings,NIRF,Jiwaji University Gwalior NIRF,"🎓 Jiwaji University Hostel Tour 2025 🏠   Facilities, Rooms, Fees &amp; Amenities #LCC #gwalior #campus","Explore Jiwaji University's hostel life! Get a quick look at room types, mess, amenities, security, and student experiences. Perfect ...",shiksha.com,2025-08-05T12:30:02Z,2025,2183,22,2,PT48S,unknown,https://www.youtube.com/watch?v=amxnDpt2u54,13,Relevant,"🎓 Jiwaji University Hostel Tour 2025 🏠 Facilities, Rooms, Fees & Amenities #LCC #gwalior #campus","Explore Jiwaji University's hostel life! Get a quick look at room types, mess, amenities, security, and student experiences. Perfect .","🎓 Jiwaji University Hostel Tour 2025 🏠 Facilities, Rooms, Fees & Amenities #LCC #gwalior #campus Explore Jiwaji University's hostel life! Get a quick look at room types, mess, amenities, security, and student experiences. Perfect ."
xs1RUcNK2iM,Institute of Chemical Technology Mumbai,rankings,NIRF,Institute of Chemical Technology Mumbai NIRF,"🔥 ICT Mumbai M.Pharm 2026 | Admission, Fees, Ranking &amp; Review 🚀 | @GPATGYANOFFICIAL",Planning for M.Pharm Admission 2026 at Institute of Chemical Technology Mumbai? This video by @GPATGYANOFFICIAL gives ...,GPAT GYAN OFFICIAL,2026-04-20T16:57:36Z,2026,251,0,4,PT13M36S,unknown,https://www.youtube.com/watch?v=xs1RUcNK2iM,13,Relevant,"🔥 ICT Mumbai M.Pharm 2026 | Admission, Fees, Ranking & Review 🚀 | @GPATGYANOFFICIAL",Planning for M.Pharm Admission 2026 at Institute of Chemical Technology Mumbai? This video by @GPATGYANOFFICIAL gives .,"🔥 ICT Mumbai M.Pharm 2026 | Admission, Fees, Ranking & Review 🚀 | @GPATGYANOFFICIAL Planning for M.Pharm Admission 2026 at Institute of Chemical Technology Mumbai? This video by @GPATGYANOFFICIAL gives ."
BnxnqN4bJh8,University of Hyderabad,rankings,NIRF,University of Hyderabad NIRF,"Manage Hyderabad Ranking EXPOSED | National vs Regional Shock | NIRF, Outlook, Collegedunia 😲","Learn more: https://bitly.cx/YP6u0 In TWENTY-TWENTY FIVE, MANAGE Hyderabad achieved notable recognition in national ...",Collegedunia MBA,2025-10-17T14:45:03Z,2025,377,4,0,PT59S,unknown,https://www.youtube.com/watch?v=BnxnqN4bJh8,13,Relevant,"Manage Hyderabad Ranking EXPOSED | National vs Regional Shock | NIRF, Outlook, Collegedunia 😲","Learn more: In TWENTY-TWENTY FIVE, MANAGE Hyderabad achieved notable recognition in national .","Manage Hyderabad Ranking EXPOSED | National vs Regional Shock | NIRF, Outlook, Collegedunia 😲 Learn more: In TWENTY-TWENTY FIVE, MANAGE Hyderabad achieved notable recognition in national ."
41K9jlhEMIo,Osmania University,rankings,NIRF,Osmania University NIRF,osmania university Art&#39;s college #osmaniauniversity #artscollege #hydarabad #youtubeshorts,,Ramatenki Srinu,2023-08-01T17:12:08Z,2023,152,4,0,PT19S,unknown,https://www.youtube.com/watch?v=41K9jlhEMIo,13,Relevant,osmania university Art's college #osmaniauniversity #artscollege #hydarabad #youtubeshorts,,osmania university Art's college #osmaniauniversity #artscollege #hydarabad #youtubeshorts
sO-ZaFaM5UQ,Lucknow University,rankings,NIRF,Lucknow University NIRF,Lucknow University#lucknow#ytviral#reels #ytshorts,lucknow university#lucknow#ytviral#reels #ytshorts.,Shiwanivlogs_980,2023-07-29T07:11:55Z,2023,73,9,0,PT16S,unknown,https://www.youtube.com/watch?v=sO-ZaFaM5UQ,13,Relevant,Lucknow University#lucknow#ytviral#reels #ytshorts,lucknow university#lucknow#ytviral#reels #ytshorts.,Lucknow University#lucknow#ytviral#reels #ytshorts lucknow university#lucknow#ytviral#reels #ytshorts.
yeRmbxQoJ8Q,Delhi University,rankings,NIRF,Delhi University NIRF,Top 10 Universities Through CUET (based on NIRF Ranking),For the ones already thinking about CUET 2027 ✨ Explore CAMPUS & FUSION Batch here✨: https://drishti.xyz/yt-cuet ...,Drishti CUET,2026-03-29T12:30:54Z,2026,794,27,2,PT5M30S,unknown,https://www.youtube.com/watch?v=yeRmbxQoJ8Q,13,Relevant,Top 10 Universities Through CUET (based on NIRF Ranking),For the ones already thinking about CUET 2027 ✨ Explore CAMPUS & FUSION Batch here✨: .,Top 10 Universities Through CUET (based on NIRF Ranking) For the ones already thinking about CUET 2027 ✨ Explore CAMPUS & FUSION Batch here✨: .
nZfEuqArLOc,Shri Shankaracharya Technical Campus Bhilai,rankings,NIRF,Shri Shankaracharya Technical Campus Bhilai NIRF,Main nikla gaddi leke 😍😍 Samvid 2024 Flashmob Shri Shankaracharya Technical Campus Bhilai College,Thanks For Watching:) Please Subscribe My Channel: #pankajsonwani #bhilai #suryamallbhilai #durg ...,PANKAJ SONWANI,2024-03-06T15:56:03Z,2024,1922,53,2,PT31S,unknown,https://www.youtube.com/watch?v=nZfEuqArLOc,13,Relevant,Main nikla gaddi leke 😍😍 Samvid 2024 Flashmob Shri Shankaracharya Technical Campus Bhilai College,Thanks For Watching:) Please Subscribe My Channel: #pankajsonwani #bhilai #suryamallbhilai #durg .,Main nikla gaddi leke 😍😍 Samvid 2024 Flashmob Shri Shankaracharya Technical Campus Bhilai College Thanks For Watching:) Please Subscribe My Channel: #pankajsonwani #bhilai #suryamallbhilai #durg .
WPQMrAz83lM,Jiwaji University Gwalior,rankings,NIRF,Jiwaji University Gwalior NIRF,"🏛️ Jiwaji University Campus Tour 2025   Hostels, Library, Sports Complex &amp; More! 🎓🌳#LCC #gwalior","Explore the beautiful and spacious campus of Jiwaji University, Gwalior! Discover key facilities like the central library, modern ...",shiksha.com,2025-08-05T13:30:30Z,2025,3551,31,2,PT46S,unknown,https://www.youtube.com/watch?v=WPQMrAz83lM,13,Relevant,"🏛️ Jiwaji University Campus Tour 2025 Hostels, Library, Sports Complex & More! 🎓🌳#LCC #gwalior","Explore the beautiful and spacious campus of Jiwaji University, Gwalior! Discover key facilities like the central library, modern .","🏛️ Jiwaji University Campus Tour 2025 Hostels, Library, Sports Complex & More! 🎓🌳#LCC #gwalior Explore the beautiful and spacious campus of Jiwaji University, Gwalior! Discover key facilities like the central library, modern ."
-IgklWkdd4c,Jamia Millia Islamia,rankings,NIRF,Jamia Millia Islamia NIRF,Jamia में Admission होगी एक दम आसान क्यों ? | Jamia Millia Islamia University New Delhi | JMI Delhi,About this video :- jamia me admission kaise le 2024 etc. #tbit #jamia #jmi #jamiamilliaislamiauniversity In this video following ...,TBIT,2024-09-18T14:17:26Z,2024,15685,233,25,PT3M57S,unknown,https://www.youtube.com/watch?v=-IgklWkdd4c,13,Relevant,Jamia में Admission होगी एक दम आसान क्यों ? | Jamia Millia Islamia University New Delhi | JMI Delhi,About this video :- jamia me admission kaise le 2024 etc. #tbit #jamia #jmi #jamiamilliaislamiauniversity In this video following .,Jamia में Admission होगी एक दम आसान क्यों ? | Jamia Millia Islamia University New Delhi | JMI Delhi About this video :- jamia me admission kaise le 2024 etc. #tbit #jamia #jmi #jamiamilliaislamiauniversity In this video following .
k_tQ1k7oIgE,Savitribai Phule Pune University,rankings,NIRF,Savitribai Phule Pune University NIRF,"Savitribai Phule Pune University (SPPU) | Check Courses, Campus, Hostel, Admission &amp; Placements",Send 'Hi' on WhatsApp 9220339251 for FREE COUNSELLING or Click here https://wa.me/919220339251?text=hi Savitribai ...,shiksha.com,2025-07-28T13:02:44Z,2025,11685,133,32,PT2M39S,unknown,https://www.youtube.com/watch?v=k_tQ1k7oIgE,13,Relevant,"Savitribai Phule Pune University (SPPU) | Check Courses, Campus, Hostel, Admission & Placements",Send 'Hi' on WhatsApp 9220339251 for FREE COUNSELLING or Click here Savitribai .,"Savitribai Phule Pune University (SPPU) | Check Courses, Campus, Hostel, Admission & Placements Send 'Hi' on WhatsApp 9220339251 for FREE COUNSELLING or Click here Savitribai ."
GoN0TMkDHFA,Tezpur University,rankings,NIRF,Tezpur University NIRF,Tezpur University Full Review: Fees | Courses | Admission | Eligibility | Specialization #university,Fill out this form below to get a free profile analysis by our expert counselor: https://forms.gle/Nbb8r3LY9fDbJpwt8 For more ...,My College Buddy,2024-12-22T14:30:05Z,2024,376,11,6,PT3M56S,unknown,https://www.youtube.com/watch?v=GoN0TMkDHFA,13,Relevant,Tezpur University Full Review: Fees | Courses | Admission | Eligibility | Specialization #university,Fill out this form below to get a free profile analysis by our expert counselor: For more .,Tezpur University Full Review: Fees | Courses | Admission | Eligibility | Specialization #university Fill out this form below to get a free profile analysis by our expert counselor: For more .
3sglQOgHEqE,BML Munjal University,rankings,NIRF,BML Munjal University NIRF,#BML MUNJAL UNIVERSITY #posturegoals  #posture class #Axis bank Bharat banking program ,,ram kumar yadav,2025-07-31T16:38:41Z,2025,674,1,2,PT1M2S,unknown,https://www.youtube.com/watch?v=3sglQOgHEqE,13,Relevant,#BML MUNJAL UNIVERSITY #posturegoals #posture class #Axis bank Bharat banking program,,#BML MUNJAL UNIVERSITY #posturegoals #posture class #Axis bank Bharat banking program
BbvMw2f43dw,BML Munjal University,rankings,NIRF,BML Munjal University NIRF,Exams after Diwali 😥 | BML Munjal University | #shorts #trending,"After all the Diwali lights, sweets, and celebrations, it's finally time to switch back to student mode! Watch how I get back on ...",Kislay Kumar,2025-10-23T09:10:03Z,2025,1589,25,2,PT16S,unknown,https://www.youtube.com/watch?v=BbvMw2f43dw,13,Relevant,Exams after Diwali 😥 | BML Munjal University | #shorts #trending,"After all the Diwali lights, sweets, and celebrations, it's finally time to switch back to student mode! Watch how I get back on .","Exams after Diwali 😥 | BML Munjal University | #shorts #trending After all the Diwali lights, sweets, and celebrations, it's finally time to switch back to student mode! Watch how I get back on ."
1HtOq_Jpd5A,BML Munjal University,rankings,NIRF,BML Munjal University NIRF,HUM COMPETITION JEET GYE | BML MUNJAL UNIVERSITY VLOG,"If you enjoy this vlog don't forget to like, comment, and subscribe for more amazing vlogs every week! Stay connected: ...",PTR Deep,2026-03-19T14:20:00Z,2026,1633,22,14,PT12M50S,unknown,https://www.youtube.com/watch?v=1HtOq_Jpd5A,13,Relevant,HUM COMPETITION JEET GYE | BML MUNJAL UNIVERSITY VLOG,"If you enjoy this vlog don't forget to like, comment, and subscribe for more amazing vlogs every week! Stay connected: .","HUM COMPETITION JEET GYE | BML MUNJAL UNIVERSITY VLOG If you enjoy this vlog don't forget to like, comment, and subscribe for more amazing vlogs every week! Stay connected: ."
Ul1FsUMe7UQ,BML Munjal University,rankings,NIRF,BML Munjal University NIRF,Maha Shivratri At BML Munjal University,"This video is all about Maha Shivratri, where we are visiting at nearest Shiv Mandir after completing our Presentations and Group ...",Archit Jindal,2026-02-17T13:38:37Z,2026,729,41,14,PT14M15S,unknown,https://www.youtube.com/watch?v=Ul1FsUMe7UQ,13,Relevant,Maha Shivratri At BML Munjal University,"This video is all about Maha Shivratri, where we are visiting at nearest Shiv Mandir after completing our Presentations and Group .","Maha Shivratri At BML Munjal University This video is all about Maha Shivratri, where we are visiting at nearest Shiv Mandir after completing our Presentations and Group ."
efc3Rek4feA,BML Munjal University,rankings,NIRF,BML Munjal University NIRF,BML munjal university rajasthan kicthen dining hall,,Inder Bisht uk 1,2025-05-23T14:38:32Z,2025,90,0,0,PT1M42S,unknown,https://www.youtube.com/watch?v=efc3Rek4feA,13,Relevant,BML munjal university rajasthan kicthen dining hall,,BML munjal university rajasthan kicthen dining hall
Yer_x30Vvgs,Mysore University,rankings,NIRF,Mysore University NIRF,Mysore University PG Admissions 2026-27 | Convocation | PG,mysoreuniversity #universityofmysore #pgadmission2026#pgadmission2025 #convocation.,Vidhyoga | ವಿದ್ಯೋಗ,2026-05-20T03:35:33Z,2026,1572,40,41,PT3M57S,unknown,https://www.youtube.com/watch?v=Yer_x30Vvgs,13,Relevant,Mysore University PG Admissions 2026-27 | Convocation | PG,mysoreuniversity #universityofmysore #pgadmission2026#pgadmission2025 #convocation.,Mysore University PG Admissions 2026-27 | Convocation | PG mysoreuniversity #universityofmysore #pgadmission2026#pgadmission2025 #convocation.
j4O7xI9FZqs,Central University of South Bihar,rankings,NIRF,Central University of South Bihar NIRF,cusb merit list of B.SC.B.eD (ug) #Central University of South Bihar # cusb,,komal,2023-08-14T16:37:29Z,2023,106,2,2,PT1M1S,unknown,https://www.youtube.com/watch?v=j4O7xI9FZqs,13,Relevant,cusb merit list of B.SC.B.eD (ug) #Central University of South Bihar # cusb,,cusb merit list of B.SC.B.eD (ug) #Central University of South Bihar # cusb
0Mye7jbScBQ,Central University of South Bihar,rankings,NIRF,Central University of South Bihar NIRF,Central University of South Bihar |  BSc Agriculture Expected Cutoff,,Agriculture Siksha,2026-06-24T08:04:59Z,2026,2630,70,25,PT45S,unknown,https://www.youtube.com/watch?v=0Mye7jbScBQ,13,Relevant,Central University of South Bihar | BSc Agriculture Expected Cutoff,,Central University of South Bihar | BSc Agriculture Expected Cutoff
4jdx5_3F5Yk,Manipur University,rankings,NIRF,Manipur University NIRF,Manipur University Mini vlog || Library Edition,,Teresa Meinam,2024-03-17T14:30:56Z,2024,17244,345,10,PT16S,unknown,https://www.youtube.com/watch?v=4jdx5_3F5Yk,13,Relevant,Manipur University Mini vlog || Library Edition,,Manipur University Mini vlog || Library Edition
k4Md5SFOjKU,Central University of South Bihar,rankings,NIRF,Central University of South Bihar NIRF,Central University of South Bihar Registration Open | CUSB admission process 2025 | Vaibhav Sir,CUSB Website Link ...,Malviya Academy ,2025-07-14T15:30:49Z,2025,26725,634,266,PT13M41S,unknown,https://www.youtube.com/watch?v=k4Md5SFOjKU,13,Relevant,Central University of South Bihar Registration Open | CUSB admission process 2025 | Vaibhav Sir,CUSB Website Link .,Central University of South Bihar Registration Open | CUSB admission process 2025 | Vaibhav Sir CUSB Website Link .
RRroQvsdeiU,University of Hyderabad,rankings,NIRF,University of Hyderabad NIRF,TOP 10 NIT COLLEGES IN INDIA | BEST NIT IN INDIA | TOP NIT COLLEGE BY NIRF AND PLACEMENT | NIT WALE,TOP 10 NIT COLLEGE IN INDIA | BEST NIT COLLEGE IN INDIA |Top NIT COLLEGE BY NIRF RANKING | NIT NIRF RANKING BY ...,NIT WALE ,2023-04-28T13:50:26Z,2023,136981,598,19,PT2M28S,unknown,https://www.youtube.com/watch?v=RRroQvsdeiU,13,Relevant,TOP 10 NIT COLLEGES IN INDIA | BEST NIT IN INDIA | TOP NIT COLLEGE BY NIRF AND PLACEMENT | NIT WALE,TOP 10 NIT COLLEGE IN INDIA | BEST NIT COLLEGE IN INDIA |Top NIT COLLEGE BY NIRF RANKING | NIT NIRF RANKING BY .,TOP 10 NIT COLLEGES IN INDIA | BEST NIT IN INDIA | TOP NIT COLLEGE BY NIRF AND PLACEMENT | NIT WALE TOP 10 NIT COLLEGE IN INDIA | BEST NIT COLLEGE IN INDIA |Top NIT COLLEGE BY NIRF RANKING | NIT NIRF RANKING BY .
yngV9-faDgo,North Eastern Hill University,rankings,NIRF,North Eastern Hill University NIRF,"A Day in the Life at North Eastern Hill University 2026: Classes, Hostel, Stress &amp; Campus Reality","For More Details - https://tinyurl.com/yuafzpxm In this video, we take you through a full day in the life of a student at NEHU Shillong ...",Collegedunia,2026-03-10T06:34:43Z,2026,1548,34,6,PT2M,unknown,https://www.youtube.com/watch?v=yngV9-faDgo,13,Relevant,"A Day in the Life at North Eastern Hill University 2026: Classes, Hostel, Stress & Campus Reality","For More Details - In this video, we take you through a full day in the life of a student at NEHU Shillong .","A Day in the Life at North Eastern Hill University 2026: Classes, Hostel, Stress & Campus Reality For More Details - In this video, we take you through a full day in the life of a student at NEHU Shillong ."
1feFWw6Hqi4,University of Hyderabad,rankings,NIRF,University of Hyderabad NIRF,#nirfranking2023 #nirfranking #nirf #iit #iisc #trendingshorts #trending #viral #information #shorts,"nirf ranking,nirf ranking 2023,nirf ranking live,nirf ranking 2023 engineering college,nirf ranking 2023 ugc net,iit ranking 2023 ...",Campus Chat,2023-06-09T13:19:19Z,2023,98,8,0,PT35S,unknown,https://www.youtube.com/watch?v=1feFWw6Hqi4,13,Relevant,#nirfranking2023 #nirfranking #nirf #iit #iisc #trendingshorts #trending #viral #information #shorts,"nirf ranking,nirf ranking 2023,nirf ranking live,nirf ranking 2023 engineering college,nirf ranking 2023 ugc net,iit ranking 2023 .","#nirfranking2023 #nirfranking #nirf #iit #iisc #trendingshorts #trending #viral #information #shorts nirf ranking,nirf ranking 2023,nirf ranking live,nirf ranking 2023 engineering college,nirf ranking 2023 ugc net,iit ranking 2023 ."
scLsHkUN4Gg,University of Hyderabad,rankings,NIRF,University of Hyderabad NIRF,NIRF 2024: Our University’s Ranking and Achievements Unveiled!,We're excited to share our latest achievements and how we've climbed the ranks this year Climbing from 28thth last year to an ...,KLH,2024-08-22T09:44:30Z,2024,1216,10,0,PT29S,unknown,https://www.youtube.com/watch?v=scLsHkUN4Gg,13,Relevant,NIRF 2024: Our University’s Ranking and Achievements Unveiled!,We're excited to share our latest achievements and how we've climbed the ranks this year Climbing from 28thth last year to an .,NIRF 2024: Our University’s Ranking and Achievements Unveiled! We're excited to share our latest achievements and how we've climbed the ranks this year Climbing from 28thth last year to an .
uflqq50ZL88,Central University of South Bihar,rankings,NIRF,Central University of South Bihar NIRF,BIG Update - 1st Admission List CUSB PG Programmes | CUET-PG-2026 Central University of South Bihar,Join this channel to get access to perks: https://www.youtube.com/channel/UC6ooh3kDTOtJ8iVbRdpXD6A/join.,Md Mudassir Alam,2026-06-25T12:30:28Z,2026,2764,60,261,PT11M26S,unknown,https://www.youtube.com/watch?v=uflqq50ZL88,13,Relevant,BIG Update - 1st Admission List CUSB PG Programmes | CUET-PG-2026 Central University of South Bihar,Join this channel to get access to perks:,BIG Update - 1st Admission List CUSB PG Programmes | CUET-PG-2026 Central University of South Bihar Join this channel to get access to perks:
KrIYqfp4LrY,North Eastern Hill University,rankings,NIRF,North Eastern Hill University NIRF,North Eastern Hill University | NEHU | Review | Engineering | Law | MA | Campus Life | Cuttoffs,Watch this video and post your opinion in the comment box and please don't give hate to any college or universities. ℹ️ My ...,Reality Factor,2025-05-13T08:01:21Z,2025,4258,50,45,PT12M49S,unknown,https://www.youtube.com/watch?v=KrIYqfp4LrY,13,Relevant,North Eastern Hill University | NEHU | Review | Engineering | Law | MA | Campus Life | Cuttoffs,Watch this video and post your opinion in the comment box and please don't give hate to any college or universities. ℹ️ My .,North Eastern Hill University | NEHU | Review | Engineering | Law | MA | Campus Life | Cuttoffs Watch this video and post your opinion in the comment box and please don't give hate to any college or universities. ℹ️ My .
tzqUa0QspB8,BML Munjal University,rankings,NIRF,BML Munjal University NIRF,Arpit Bala full concert at BML Munjal University,,Tushar Tyagi,2026-04-05T19:41:11Z,2026,131,4,1,PT21M45S,unknown,https://www.youtube.com/watch?v=tzqUa0QspB8,13,Relevant,Arpit Bala full concert at BML Munjal University,,Arpit Bala full concert at BML Munjal University
oo0hzpsrdAw,Guru Ghasidas Vishwavidyalaya,rankings,NIRF,Guru Ghasidas Vishwavidyalaya NIRF,"B.Pharma from GGU Bilaspur | Fees, NIRF, Placement, Lab, Scope &amp; Career Opportunities","GGU Pharmacy Department Review 2025 | Fees, NIRF Rank, Placement & Campus Life B.Pharmacy @ GGU Bilaspur – Honest ...",ANURAG SIR GGU ,2025-08-09T05:19:54Z,2025,3201,95,40,PT14M31S,unknown,https://www.youtube.com/watch?v=oo0hzpsrdAw,13,Relevant,"B.Pharma from GGU Bilaspur | Fees, NIRF, Placement, Lab, Scope & Career Opportunities","GGU Pharmacy Department Review 2025 | Fees, NIRF Rank, Placement & Campus Life B.Pharmacy @ GGU Bilaspur – Honest .","B.Pharma from GGU Bilaspur | Fees, NIRF, Placement, Lab, Scope & Career Opportunities GGU Pharmacy Department Review 2025 | Fees, NIRF Rank, Placement & Campus Life B.Pharmacy @ GGU Bilaspur – Honest ."
iWuAf2NRpTE,Jiwaji University Gwalior,rankings,NIRF,Jiwaji University Gwalior NIRF,Jiwaji University Gwalior |  #jiwajiuniversity #jiwaji_university_news #jiwaji,,gunda gaming,2023-09-24T06:36:25Z,2023,428,12,0,PT27S,unknown,https://www.youtube.com/watch?v=iWuAf2NRpTE,13,Relevant,Jiwaji University Gwalior | #jiwajiuniversity #jiwaji_university_news #jiwaji,,Jiwaji University Gwalior | #jiwajiuniversity #jiwaji_university_news #jiwaji
veIbUOL2Oz4,Jiwaji University Gwalior,rankings,NIRF,Jiwaji University Gwalior NIRF,Jiwaji University Gwalior |  Gwalior Jiwaji University में भ्रष्टाचार के आरोप लगाए की लोटन यात्रा |,JiwajiUniversityGwalior #GwaliorJiwajiUniversity #GwaliorJiwajiUniversitynewsinhindi #Gwaliorbreaking news ...,Anshuman Sharma,2025-05-02T13:26:35Z,2025,121,6,4,PT1M35S,unknown,https://www.youtube.com/watch?v=veIbUOL2Oz4,13,Relevant,Jiwaji University Gwalior | Gwalior Jiwaji University में भ्रष्टाचार के आरोप लगाए की लोटन यात्रा |,JiwajiUniversityGwalior #GwaliorJiwajiUniversity #GwaliorJiwajiUniversitynewsinhindi #Gwaliorbreaking news .,Jiwaji University Gwalior | Gwalior Jiwaji University में भ्रष्टाचार के आरोप लगाए की लोटन यात्रा | JiwajiUniversityGwalior #GwaliorJiwajiUniversity #GwaliorJiwajiUniversitynewsinhindi #Gwaliorbreaking news .
2p4PdswmVS8,BML Munjal University,rankings,NIRF,BML Munjal University NIRF,BML Munjal University (BMU) | Fees | Placement | Cutoff | #shortvideo #youtubeshorts #shorts #short,For more information contact me: Contact Details: WhatsApp:- https://wa.me/message/Z3A35242RUMTP1 Instagram:- ...,College Universe with Raj,2024-01-06T04:30:02Z,2024,3304,53,2,PT23S,unknown,https://www.youtube.com/watch?v=2p4PdswmVS8,13,Relevant,BML Munjal University (BMU) | Fees | Placement | Cutoff | #shortvideo #youtubeshorts #shorts #short,For more information contact me: Contact Details: WhatsApp:- Instagram:- .,BML Munjal University (BMU) | Fees | Placement | Cutoff | #shortvideo #youtubeshorts #shorts #short For more information contact me: Contact Details: WhatsApp:- Instagram:- .
eXbmlUwAgks,Tezpur University,rankings,NIRF,Tezpur University NIRF,Tezpur University Admission! Merit List! CUET2023,cuet2023 #tezpuruniversity #tezpuruniversityadmission #meritlist.,BESST EDU HUB ,2023-07-21T15:31:54Z,2023,750,20,8,PT1M26S,unknown,https://www.youtube.com/watch?v=eXbmlUwAgks,13,Relevant,Tezpur University Admission! Merit List! CUET2023,cuet2023 #tezpuruniversity #tezpuruniversityadmission #meritlist.,Tezpur University Admission! Merit List! CUET2023 cuet2023 #tezpuruniversity #tezpuruniversityadmission #meritlist.
o4sJI7DsO9U,Guru Ghasidas Vishwavidyalaya,rankings,NIRF,Guru Ghasidas Vishwavidyalaya NIRF,"Guru Ghasidas Vishwavidyalaya EXPOSED 🔥 | Campus Reality, Placements &amp; Hidden Truths 2025","EDUCATION Ji – B.Tech Admission 2025 Open Now! For Any Admission Query, Fill This Form Now ...",Education Ji,2025-06-16T09:17:42Z,2025,13927,134,82,PT9M,unknown,https://www.youtube.com/watch?v=o4sJI7DsO9U,13,Relevant,"Guru Ghasidas Vishwavidyalaya EXPOSED 🔥 | Campus Reality, Placements & Hidden Truths 2025","EDUCATION Ji – B.Tech Admission 2025 Open Now! For Any Admission Query, Fill This Form Now .","Guru Ghasidas Vishwavidyalaya EXPOSED 🔥 | Campus Reality, Placements & Hidden Truths 2025 EDUCATION Ji – B.Tech Admission 2025 Open Now! For Any Admission Query, Fill This Form Now ."
4qayRNYERK8,Mysore University,rankings,NIRF,Mysore University NIRF,mysore university pg admission 2025 26 | mysore university entrance exam 2025 #universityofmysore,,SRI SANMARGA,2025-07-09T16:50:38Z,2025,4914,65,9,PT1M1S,unknown,https://www.youtube.com/watch?v=4qayRNYERK8,13,Relevant,mysore university pg admission 2025 26 | mysore university entrance exam 2025 #universityofmysore,,mysore university pg admission 2025 26 | mysore university entrance exam 2025 #universityofmysore
eAwq03wnsb4,BML Munjal University,rankings,NIRF,BML Munjal University NIRF,Reality of BML Munjal University - Detailed Review 🔥,,Kavach Khanna,2026-05-13T11:05:17Z,2026,6706,98,3,PT1M7S,unknown,https://www.youtube.com/watch?v=eAwq03wnsb4,13,Relevant,Reality of BML Munjal University - Detailed Review 🔥,,Reality of BML Munjal University - Detailed Review 🔥
2MS1phWe9UQ,VIT Vellore,rankings,NIRF,VIT Vellore NIRF,VIT Vellore  Review 2026 — Honest &amp; Detailed Campus Experience &amp; Placement Details,"Vellore Institute of Technology (VIT) University is a premier private institution, ranked No.1 private engineering institution in the ...",Prabhat Ranjan,2026-02-03T06:30:03Z,2026,4513,83,14,PT16M33S,unknown,https://www.youtube.com/watch?v=2MS1phWe9UQ,13,Relevant,VIT Vellore Review 2026 — Honest & Detailed Campus Experience & Placement Details,"Vellore Institute of Technology (VIT) University is a premier private institution, ranked No.1 private engineering institution in the .","VIT Vellore Review 2026 — Honest & Detailed Campus Experience & Placement Details Vellore Institute of Technology (VIT) University is a premier private institution, ranked No.1 private engineering institution in the ."
alklMQRIAb8,Mysore University,rankings,NIRF,Mysore University NIRF,NIRF 2025: Karnataka’s Top 4 Medical Colleges in India’s Top 50  #hellomentor #neet2025,NIRF 2025: Top Karnataka Medical Colleges in India's Top 50! 🏛️ NIRF (National Institutional Ranking Framework) ranks ...,Hello Mentor ,2025-12-05T11:30:43Z,2025,2334,38,0,PT1M31S,unknown,https://www.youtube.com/watch?v=alklMQRIAb8,13,Relevant,NIRF 2025: Karnataka’s Top 4 Medical Colleges in India’s Top 50 #hellomentor #neet2025,NIRF 2025: Top Karnataka Medical Colleges in India's Top 50! 🏛️ NIRF (National Institutional Ranking Framework) ranks .,NIRF 2025: Karnataka’s Top 4 Medical Colleges in India’s Top 50 #hellomentor #neet2025 NIRF 2025: Top Karnataka Medical Colleges in India's Top 50! 🏛️ NIRF (National Institutional Ranking Framework) ranks .
ubEsLTbdx6U,Jiwaji University Gwalior,rankings,NIRF,Jiwaji University Gwalior NIRF,Jiwaji university gwalior ❤️🎉,,Pg_college_morena,2024-12-06T13:54:04Z,2024,774,27,7,PT11S,unknown,https://www.youtube.com/watch?v=ubEsLTbdx6U,13,Relevant,Jiwaji university gwalior ❤️🎉,,Jiwaji university gwalior ❤️🎉
kKBXgspZgtI,BML Munjal University,rankings,NIRF,BML Munjal University NIRF,Ganesh Chaturthi At BML Munjal University 2024 | Therain visuals,"Join the celebration! Watch how BMU came alive for Ganesh Chaturthi 2024, with colorful traditions, dancing, and a vibrant ...",Therain visuals,2024-10-25T04:30:15Z,2024,163,3,0,PT1M46S,unknown,https://www.youtube.com/watch?v=kKBXgspZgtI,13,Relevant,Ganesh Chaturthi At BML Munjal University 2024 | Therain visuals,"Join the celebration! Watch how BMU came alive for Ganesh Chaturthi 2024, with colorful traditions, dancing, and a vibrant .","Ganesh Chaturthi At BML Munjal University 2024 | Therain visuals Join the celebration! Watch how BMU came alive for Ganesh Chaturthi 2024, with colorful traditions, dancing, and a vibrant ."
n_tqOHh_N84,Jiwaji University Gwalior,rankings,NIRF,Jiwaji University Gwalior NIRF,Jiwaji university Gwalior PG Exam Form 2025 ll PG 3rd SEM Exam Form 2025 online apply,jiwaji university exam form Jiwaji University exam Form 2025 Jiwaji University exam Form last Date Jiwaji University ...,Rajkumar Vishwakarma,2025-11-02T03:52:48Z,2025,2199,24,33,PT4M17S,unknown,https://www.youtube.com/watch?v=n_tqOHh_N84,13,Relevant,Jiwaji university Gwalior PG Exam Form 2025 ll PG 3rd SEM Exam Form 2025 online apply,jiwaji university exam form Jiwaji University exam Form 2025 Jiwaji University exam Form last Date Jiwaji University .,Jiwaji university Gwalior PG Exam Form 2025 ll PG 3rd SEM Exam Form 2025 online apply jiwaji university exam form Jiwaji University exam Form 2025 Jiwaji University exam Form last Date Jiwaji University .
aLsOvSud4AQ,Jiwaji University Gwalior,rankings,NIRF,Jiwaji University Gwalior NIRF,Jiwaji University Gwalior,,Vedprakash Sharma Ujjain mp.,2023-01-28T13:10:18Z,2023,1974,24,0,PT16S,unknown,https://www.youtube.com/watch?v=aLsOvSud4AQ,13,Relevant,Jiwaji University Gwalior,,Jiwaji University Gwalior
PIYWj9j8kI8,Jiwaji University Gwalior,rankings,NIRF,Jiwaji University Gwalior NIRF,"jiwaji university degree ke liye kaise apply kare , Jiwaji University Gwalior Degree Apply Online",For Any Kind Of Support Follow And Message On Instagram:- https://www.instagram.com/_vikram_rajput_07 WhatsApp No.,V.R Tech Support,2024-08-22T11:24:59Z,2024,27503,0,400,PT12M20S,unknown,https://www.youtube.com/watch?v=PIYWj9j8kI8,13,Relevant,"jiwaji university degree ke liye kaise apply kare , Jiwaji University Gwalior Degree Apply Online",For Any Kind Of Support Follow And Message On Instagram:- WhatsApp No.,"jiwaji university degree ke liye kaise apply kare , Jiwaji University Gwalior Degree Apply Online For Any Kind Of Support Follow And Message On Instagram:- WhatsApp No."
p8i-2HJQ5us,Manipur University,rankings,NIRF,Manipur University NIRF,Manipur university #manipur #university #economics,,Mbchanu,2024-07-23T01:51:04Z,2024,14326,195,7,PT10S,unknown,https://www.youtube.com/watch?v=p8i-2HJQ5us,13,Relevant,Manipur university #manipur #university #economics,,Manipur university #manipur #university #economics
YR6J1hIRgzs,Central University of South Bihar,rankings,NIRF,Central University of South Bihar NIRF,President Draupadi Murmu visit at Gaya | Central University Of South Bihar| 3rd Convocation Ceremony,,Lost Girl,2023-10-23T02:19:17Z,2023,4793,120,1,PT30S,unknown,https://www.youtube.com/watch?v=YR6J1hIRgzs,13,Relevant,President Draupadi Murmu visit at Gaya | Central University Of South Bihar| 3rd Convocation Ceremony,,President Draupadi Murmu visit at Gaya | Central University Of South Bihar| 3rd Convocation Ceremony
Q_UomkYsCWg,Manipur University,rankings,NIRF,Manipur University NIRF,Manipur University Central Library #manipur,,Rib's Archive,2025-01-29T07:10:31Z,2025,5311,51,4,PT9S,unknown,https://www.youtube.com/watch?v=Q_UomkYsCWg,13,Relevant,Manipur University Central Library #manipur,,Manipur University Central Library #manipur
W0f18XUqzL4,Manipur University,rankings,NIRF,Manipur University NIRF,Planning To Join Manipur University? Watch this first ! All Details #manipuruniversity#hostellife,"Welcome to Manipur University In this video, I'm sharing everything you need to know about hostel life, campus facilities, and ...",Jai's Moments,2025-07-24T16:52:52Z,2025,3079,87,72,PT4M5S,unknown,https://www.youtube.com/watch?v=W0f18XUqzL4,13,Relevant,Planning To Join Manipur University? Watch this first ! All Details #manipuruniversity#hostellife,"Welcome to Manipur University In this video, I'm sharing everything you need to know about hostel life, campus facilities, and .","Planning To Join Manipur University? Watch this first ! All Details #manipuruniversity#hostellife Welcome to Manipur University In this video, I'm sharing everything you need to know about hostel life, campus facilities, and ."
_L2a692HiMk,Kerala University,rankings,NIRF,Kerala University NIRF,"first semester degree results, kerala university February 10, 2023",,A S MEDIA,2023-02-10T13:37:55Z,2023,1363,44,25,PT1M23S,unknown,https://www.youtube.com/watch?v=_L2a692HiMk,13,Relevant,"first semester degree results, kerala university February 10, 2023",,"first semester degree results, kerala university February 10, 2023"
oOXHuS9YsAk,Dibrugarh University,rankings,NIRF,Dibrugarh University NIRF,"Dibrugarh University MBA Honest Review 2025 | Fees, Placements, Rankings &amp; Real Truth | Worth It?",Best Laptops for MBA Students - For All Task https://amzn.to/43Jxnxn https://amzn.to/3QnDSD5 https://amzn.to/4uFpNyL ...,Swasata Ghosh,2026-06-02T15:42:03Z,2026,92,6,6,PT8M27S,unknown,https://www.youtube.com/watch?v=oOXHuS9YsAk,13,Relevant,"Dibrugarh University MBA Honest Review 2025 | Fees, Placements, Rankings & Real Truth | Worth It?",Best Laptops for MBA Students - For All Task .,"Dibrugarh University MBA Honest Review 2025 | Fees, Placements, Rankings & Real Truth | Worth It? Best Laptops for MBA Students - For All Task ."
Bxafu2qgLGo,Central University of South Bihar,rankings,NIRF,Central University of South Bihar NIRF,LLM from CUSB | Central University of South Bihar (CUSB) llm | BHU LLM Details | CUET LLM PG 2025,cucetupdates #cucetexam #bhuexam #bhuexamupdate #cucet #bhu #du For Enquiry Contact No. 9555896908 Complete 2026 ...,Sambhav Law,2025-01-21T15:56:30Z,2025,1860,31,31,PT14M17S,unknown,https://www.youtube.com/watch?v=Bxafu2qgLGo,13,Relevant,LLM from CUSB | Central University of South Bihar (CUSB) llm | BHU LLM Details | CUET LLM PG 2025,cucetupdates #cucetexam #bhuexam #bhuexamupdate #cucet #bhu #du For Enquiry Contact No. 9555896908 Complete 2026 .,LLM from CUSB | Central University of South Bihar (CUSB) llm | BHU LLM Details | CUET LLM PG 2025 cucetupdates #cucetexam #bhuexam #bhuexamupdate #cucet #bhu #du For Enquiry Contact No. 9555896908 Complete 2026 .
E4zjCuRVBBY,Central University of South Bihar,rankings,NIRF,Central University of South Bihar NIRF,"CUET 2026 Central University of south Bihar | CUSB Admission, Cutoff, Seats, Fees | All About CUSB",CUET बोले तो CUET CONCEPT ◇ Download Our App: https://play.google.com/store/apps/details?id=co.tarly.vohnk Our ...,CUET CONCEPT,2026-06-15T13:06:31Z,2026,14162,262,303,PT23M38S,unknown,https://www.youtube.com/watch?v=E4zjCuRVBBY,13,Relevant,"CUET 2026 Central University of south Bihar | CUSB Admission, Cutoff, Seats, Fees | All About CUSB",CUET बोले तो CUET CONCEPT ◇ Download Our App: Our .,"CUET 2026 Central University of south Bihar | CUSB Admission, Cutoff, Seats, Fees | All About CUSB CUET बोले तो CUET CONCEPT ◇ Download Our App: Our ."
ve7g-HPfNrk,Central University of South Bihar,rankings,NIRF,Central University of South Bihar NIRF,"Central University Of South Bihar #centraluniversity, #bihar #iftarparty #cusb #jmi #Sanm #Sanmvlog",,Sanm short video,2025-06-13T04:38:28Z,2025,43108,314,34,PT10S,unknown,https://www.youtube.com/watch?v=ve7g-HPfNrk,13,Relevant,"Central University Of South Bihar #centraluniversity, #bihar #iftarparty #cusb #jmi #Sanm #Sanmvlog",,"Central University Of South Bihar #centraluniversity, #bihar #iftarparty #cusb #jmi #Sanm #Sanmvlog"
owMcDH_lCQo,Mysore University,rankings,NIRF,Mysore University NIRF,ಹುಡುಗ ಹುಡುಗಿಯರಿಗೆ Hostel ಹೇಗಿದೆ? | Mysore University PG Admission 2025-26,pgcet2025 #mysoreuniversity #pgadmission2024 #universityofmysore #pgadmission2025 #pgadmissions #pgcet #uom #pg ...,Vidhyoga | ವಿದ್ಯೋಗ,2025-07-26T11:59:49Z,2025,3452,113,100,PT5M47S,unknown,https://www.youtube.com/watch?v=owMcDH_lCQo,13,Relevant,ಹುಡುಗ ಹುಡುಗಿಯರಿಗೆ Hostel ಹೇಗಿದೆ? | Mysore University PG Admission 2025-26,pgcet2025 #mysoreuniversity #pgadmission2024 #universityofmysore #pgadmission2025 #pgadmissions #pgcet #uom #pg .,ಹುಡುಗ ಹುಡುಗಿಯರಿಗೆ Hostel ಹೇಗಿದೆ? | Mysore University PG Admission 2025-26 pgcet2025 #mysoreuniversity #pgadmission2024 #universityofmysore #pgadmission2025 #pgadmissions #pgcet #uom #pg .
8pSH3ssY7IQ,Kerala University,rankings,NIRF,Kerala University NIRF,MSc Zoology colleges under kerala university,കൂടുതൽ വിവരങ്ങൾ അറിയാൻ plz contact   https://wa.me/message/N2OYTF6HJZURA1 Work From ...,A S MEDIA,2023-05-03T07:46:14Z,2023,568,14,3,PT1M48S,unknown,https://www.youtube.com/watch?v=8pSH3ssY7IQ,13,Relevant,MSc Zoology colleges under kerala university,കൂടുതൽ വിവരങ്ങൾ അറിയാൻ plz contact Work From .,MSc Zoology colleges under kerala university കൂടുതൽ വിവരങ്ങൾ അറിയാൻ plz contact Work From .
Fo7On_pEagg,Tripura University,rankings,NIRF,Tripura University NIRF,HAPPY HOLI PROGRAM OF TRIPURA UNIVERSITY,,SK BOY DIXIT,2023-03-08T18:33:41Z,2023,359,10,0,PT29S,unknown,https://www.youtube.com/watch?v=Fo7On_pEagg,13,Relevant,HAPPY HOLI PROGRAM OF TRIPURA UNIVERSITY,,HAPPY HOLI PROGRAM OF TRIPURA UNIVERSITY
ZiCw3QFGB1I,Manipur University,rankings,NIRF,Manipur University NIRF,Manipur University campus 😍,,Lone chemist,2024-10-26T00:52:24Z,2024,3354,83,1,PT42S,unknown,https://www.youtube.com/watch?v=ZiCw3QFGB1I,13,Relevant,Manipur University campus 😍,,Manipur University campus 😍
3skQWdqGiBw,Pondicherry University,rankings,NIRF,Pondicherry University NIRF,Pondicherry University - Overview !,PondicherryUniversity #CampusVibes #UniversityLife #StudentLife #CollegeReel #HigherEducation #IndiaCampus ...,Blooms Academy Of SICC,2025-07-15T12:02:50Z,2025,49368,1024,34,PT58S,unknown,https://www.youtube.com/watch?v=3skQWdqGiBw,13,Relevant,Pondicherry University - Overview !,PondicherryUniversity #CampusVibes #UniversityLife #StudentLife #CollegeReel #HigherEducation #IndiaCampus .,Pondicherry University - Overview ! PondicherryUniversity #CampusVibes #UniversityLife #StudentLife #CollegeReel #HigherEducation #IndiaCampus .
-o06sxnLtQ8,University of Allahabad,rankings,NIRF,University of Allahabad NIRF,Top 3 colleges of India | NIRF ranking 2022,,ANAMIKA,2023-01-12T19:39:01Z,2023,520,26,0,PT16S,unknown,https://www.youtube.com/watch?v=-o06sxnLtQ8,13,Relevant,Top 3 colleges of India | NIRF ranking 2022,,Top 3 colleges of India | NIRF ranking 2022
FO6ed3cT8yA,Sikkim University,rankings,NIRF,Sikkim University NIRF,A tour to sikkim university girls hostel.. 🥳,,lax- crazzy,2023-05-19T02:57:01Z,2023,25417,588,313,PT10M2S,unknown,https://www.youtube.com/watch?v=FO6ed3cT8yA,13,Relevant,A tour to sikkim university girls hostel. 🥳,,A tour to sikkim university girls hostel. 🥳
Q9wqcrQZLpI,Sikkim University,rankings,NIRF,Sikkim University NIRF,"Sikkim University Admission Process 🤔 || Everything you need to know || Fees, admission, date etc.",see this video for hostel related information in details https://youtu.be/FO6ed3cT8yA .. prospects ...,lax- crazzy,2023-06-22T16:20:55Z,2023,10280,234,217,PT9M52S,unknown,https://www.youtube.com/watch?v=Q9wqcrQZLpI,13,Relevant,"Sikkim University Admission Process 🤔 || Everything you need to know || Fees, admission, date etc.",see this video for hostel related information in details . prospects .,"Sikkim University Admission Process 🤔 || Everything you need to know || Fees, admission, date etc. see this video for hostel related information in details . prospects ."
XhsO51k4s2M,Kerala University,rankings,NIRF,Kerala University NIRF,S6 exam registration started | Kerala University |  UG Admission,Join this channel for more University enquiries https://t.me/keralauniversity Thanks for the support... Buy me a coffee at UPI ID ...,Pro Mallu,2023-06-01T11:03:06Z,2023,428,8,19,PT43S,unknown,https://www.youtube.com/watch?v=XhsO51k4s2M,13,Relevant,S6 exam registration started | Kerala University | UG Admission,Join this channel for more University enquiries Thanks for the support. Buy me a coffee at UPI ID .,S6 exam registration started | Kerala University | UG Admission Join this channel for more University enquiries Thanks for the support. Buy me a coffee at UPI ID .
6jGna45YoW8,Sikkim University,rankings,NIRF,Sikkim University NIRF,Sikkim University PhD Admission 2023 | PhD Admission Notification 2023,"Hello Everyone, If you feel this video is helpful then do like and share this video with your friends and don't forget to subscribe the ...",Infinity ReSearch,2023-05-08T15:36:38Z,2023,270,9,10,PT8M11S,unknown,https://www.youtube.com/watch?v=6jGna45YoW8,13,Relevant,Sikkim University PhD Admission 2023 | PhD Admission Notification 2023,"Hello Everyone, If you feel this video is helpful then do like and share this video with your friends and don't forget to subscribe the .","Sikkim University PhD Admission 2023 | PhD Admission Notification 2023 Hello Everyone, If you feel this video is helpful then do like and share this video with your friends and don't forget to subscribe the ."
h37py4KZsJM,Central University of South Bihar,rankings,NIRF,Central University of South Bihar NIRF,Central University of South Bihar (CUSB) Academic Fee Structure for All Courses,,Basic Siksha -CUET Exam,2025-07-14T15:54:34Z,2025,71141,805,40,PT29S,unknown,https://www.youtube.com/watch?v=h37py4KZsJM,13,Relevant,Central University of South Bihar (CUSB) Academic Fee Structure for All Courses,,Central University of South Bihar (CUSB) Academic Fee Structure for All Courses
9n76pjKubvo,Central University of South Bihar,rankings,NIRF,Central University of South Bihar NIRF,Central University of South Bihar Integrated Programs Review,Hit this link to jumpstart your career: https://wa.me/918585951111?text=Guide Discover our detailed review of the integrated ...,shiksha.com,2024-08-02T11:50:17Z,2024,17486,126,33,PT4M20S,unknown,https://www.youtube.com/watch?v=9n76pjKubvo,13,Relevant,Central University of South Bihar Integrated Programs Review,Hit this link to jumpstart your career: Discover our detailed review of the integrated .,Central University of South Bihar Integrated Programs Review Hit this link to jumpstart your career: Discover our detailed review of the integrated .
64KgSgXP7-w,University of Allahabad,rankings,NIRF,University of Allahabad NIRF,Arts faculty of University of Allahabad,,Shivanshu Mishra Vats,2023-04-06T03:55:32Z,2023,212778,5535,33,PT15S,unknown,https://www.youtube.com/watch?v=64KgSgXP7-w,13,Relevant,Arts faculty of University of Allahabad,,Arts faculty of University of Allahabad
70-9oFtgd-I,North Eastern Hill University,rankings,NIRF,North Eastern Hill University NIRF,"North Eastern Hill University, NEHU - Shillong",,Singnar Tung-Eh,2023-08-01T17:10:33Z,2023,6539,199,2,PT9S,unknown,https://www.youtube.com/watch?v=70-9oFtgd-I,13,Relevant,"North Eastern Hill University, NEHU - Shillong",,"North Eastern Hill University, NEHU - Shillong"
PAb1g5jczFM,North Eastern Hill University,rankings,NIRF,North Eastern Hill University NIRF,NORTH EASTERN HILL UNIVERSITY | SHILLONG PLATEAU | SOUTH WEST MONSOON SEASON,,Bhim Rider,2024-12-05T06:17:52Z,2024,1507,19,2,PT15S,unknown,https://www.youtube.com/watch?v=PAb1g5jczFM,13,Relevant,NORTH EASTERN HILL UNIVERSITY | SHILLONG PLATEAU | SOUTH WEST MONSOON SEASON,,NORTH EASTERN HILL UNIVERSITY | SHILLONG PLATEAU | SOUTH WEST MONSOON SEASON
v0fOd2HmDf8,Central University of South Bihar,rankings,NIRF,Central University of South Bihar NIRF,Best Colleges of Bihar and thier NIRF ranking 2023. |Campusnews24x7 #news #nirf #fact,,CampusNews 24x7,2023-06-11T15:48:59Z,2023,217,9,0,PT1M1S,unknown,https://www.youtube.com/watch?v=v0fOd2HmDf8,13,Relevant,Best Colleges of Bihar and thier NIRF ranking 2023. |Campusnews24x7 #news #nirf #fact,,Best Colleges of Bihar and thier NIRF ranking 2023. |Campusnews24x7 #news #nirf #fact
T9dIGe4NMRc,University of Allahabad,rankings,NIRF,University of Allahabad NIRF,UNIVERSITY OF ALLAHABAD ✌️👏,funny #allahabaduniversity #university #bollywood #southmoviestatus #india #ugcnet #english #rekha #raveenatandon ...,Economist only,2023-03-16T14:42:06Z,2023,1970,49,1,PT16S,unknown,https://www.youtube.com/watch?v=T9dIGe4NMRc,13,Relevant,UNIVERSITY OF ALLAHABAD ✌️👏,funny #allahabaduniversity #university #bollywood #southmoviestatus #india #ugcnet #english #rekha #raveenatandon .,UNIVERSITY OF ALLAHABAD ✌️👏 funny #allahabaduniversity #university #bollywood #southmoviestatus #india #ugcnet #english #rekha #raveenatandon .
2BkfnVmT694,University of Hyderabad,rankings,NIRF,University of Hyderabad NIRF,Top 23 IITs Ranking 2024 || Top IITs Ranking 2024 || Best IIT Colleges #shorts #viralvideo #video,Top 23 IITs Ranking 2024 || Top IITs Ranking 2024 || Best IIT Colleges #shorts #viralvideo #video Top 23 IITs in India 2024 || NIRF ...,Vikas Kumar,2025-04-14T06:25:32Z,2025,18007,41,0,PT6S,unknown,https://www.youtube.com/watch?v=2BkfnVmT694,13,Relevant,Top 23 IITs Ranking 2024 || Top IITs Ranking 2024 || Best IIT Colleges #shorts #viralvideo #video,Top 23 IITs Ranking 2024 || Top IITs Ranking 2024 || Best IIT Colleges #shorts #viralvideo #video Top 23 IITs in India 2024 || NIRF .,Top 23 IITs Ranking 2024 || Top IITs Ranking 2024 || Best IIT Colleges #shorts #viralvideo #video Top 23 IITs Ranking 2024 || Top IITs Ranking 2024 || Best IIT Colleges #shorts #viralvideo #video Top 23 IITs in India 2024 || NIRF .
V9DK8WKwK9w,Central University of South Bihar,rankings,NIRF,Central University of South Bihar NIRF,"CENTRAL UNIVERSITY OF SOUTH BIHAR REVIEW, Eligibility, Placements, Courses, BA LLB HONS",Counselling Course link-: https://courses.studentkhabri.com/ For All Your Queries Fill out This Profile Analysis Form: ...,LAW Studentkhabri,2024-08-13T11:21:17Z,2024,8355,174,86,PT15M40S,unknown,https://www.youtube.com/watch?v=V9DK8WKwK9w,13,Relevant,"CENTRAL UNIVERSITY OF SOUTH BIHAR REVIEW, Eligibility, Placements, Courses, BA LLB HONS",Counselling Course link-: For All Your Queries Fill out This Profile Analysis Form: .,"CENTRAL UNIVERSITY OF SOUTH BIHAR REVIEW, Eligibility, Placements, Courses, BA LLB HONS Counselling Course link-: For All Your Queries Fill out This Profile Analysis Form: ."
rtC_IRnlU0Y,Central University of South Bihar,rankings,NIRF,Central University of South Bihar NIRF,Central University of South Bihar #CUSB #biotechnology,,Namrata Boro,2023-06-27T05:49:02Z,2023,70088,693,222,PT15S,unknown,https://www.youtube.com/watch?v=rtC_IRnlU0Y,13,Relevant,Central University of South Bihar #CUSB #biotechnology,,Central University of South Bihar #CUSB #biotechnology
s-xFcJEzj54,Mysore University,rankings,NIRF,Mysore University NIRF,University Of Mysore Karnataka Online and distance courses! Mysore University (UOM) online courses!,uom #युनिवर्सिटी ऑफ़ मैसूर (University Of Mysore (UoM)) #University Of Mysore #university of Mysore ...,Education Guru ,2023-06-08T09:00:24Z,2023,5376,0,73,PT3M51S,unknown,https://www.youtube.com/watch?v=s-xFcJEzj54,13,Relevant,University Of Mysore Karnataka Online and distance courses! Mysore University (UOM) online courses!,uom #युनिवर्सिटी ऑफ़ मैसूर (University Of Mysore (UoM)) #University Of Mysore #university of Mysore .,University Of Mysore Karnataka Online and distance courses! Mysore University (UOM) online courses! uom #युनिवर्सिटी ऑफ़ मैसूर (University Of Mysore (UoM)) #University Of Mysore #university of Mysore .
yUHirb3LkrE,Central University of South Bihar,rankings,NIRF,Central University of South Bihar NIRF,A rainy day in Central University of South Bihar #365dayschallenge #day146 #cusb #gaya #rain #campus,,Sahil Raj,2024-05-27T15:55:08Z,2024,5485,65,2,PT13S,unknown,https://www.youtube.com/watch?v=yUHirb3LkrE,13,Relevant,A rainy day in Central University of South Bihar #365dayschallenge #day146 #cusb #gaya #rain #campus,,A rainy day in Central University of South Bihar #365dayschallenge #day146 #cusb #gaya #rain #campus
Jw0IzvAaSCA,Central University of South Bihar,rankings,NIRF,Central University of South Bihar NIRF,Central University of South Bihar | BSc Agriculture Expected Cutoff | CUSB BSc Ag Safe Score,Join Our WhatsApp Channel to Get regular update on Agriculture : https://whatsapp.com/channel/0029VabtYiCAzNbzD7CYh50U ...,Agriculture Siksha,2026-06-24T09:30:17Z,2026,1341,17,30,PT3M16S,unknown,https://www.youtube.com/watch?v=Jw0IzvAaSCA,13,Relevant,Central University of South Bihar | BSc Agriculture Expected Cutoff | CUSB BSc Ag Safe Score,Join Our WhatsApp Channel to Get regular update on Agriculture : .,Central University of South Bihar | BSc Agriculture Expected Cutoff | CUSB BSc Ag Safe Score Join Our WhatsApp Channel to Get regular update on Agriculture : .
ecV4hqwmU2k,Manipur University,rankings,NIRF,Manipur University NIRF,Manipur University hill area🏔️⛰️.     #manipuruniversity #manipur #odiastudents #odisha #imphal,,A Free Bee,2023-03-19T06:17:14Z,2023,173,4,0,PT1M1S,unknown,https://www.youtube.com/watch?v=ecV4hqwmU2k,13,Relevant,Manipur University hill area🏔️⛰️. #manipuruniversity #manipur #odiastudents #odisha #imphal,,Manipur University hill area🏔️⛰️. #manipuruniversity #manipur #odiastudents #odisha #imphal
yOKK5sH_2XU,Central University of South Bihar,rankings,NIRF,Central University of South Bihar NIRF,Cusb mea Computer science le liya central university of south bihar gaya CUSB,,Chandel Editz,2025-08-25T07:18:17Z,2025,1612,15,10,PT10S,unknown,https://www.youtube.com/watch?v=yOKK5sH_2XU,13,Relevant,Cusb mea Computer science le liya central university of south bihar gaya CUSB,,Cusb mea Computer science le liya central university of south bihar gaya CUSB
uWA9mylW2gU,University of Hyderabad,rankings,NIRF,University of Hyderabad NIRF,General Awareness | Top 15 University | NIRF | 2023 #short #shorts #youtubeshorts,General Awareness | Top 15 University | NIRF | 2023 #short #shorts #youtubeshort.,Edu-GS,2023-06-09T16:39:39Z,2023,107,2,0,PT8S,unknown,https://www.youtube.com/watch?v=uWA9mylW2gU,13,Relevant,General Awareness | Top 15 University | NIRF | 2023 #short #shorts #youtubeshorts,General Awareness | Top 15 University | NIRF | 2023 #short #shorts #youtubeshort.,General Awareness | Top 15 University | NIRF | 2023 #short #shorts #youtubeshorts General Awareness | Top 15 University | NIRF | 2023 #short #shorts #youtubeshort.
A7Stfw_ZyAI,University of Hyderabad,rankings,NIRF,University of Hyderabad NIRF,Top 10 Private Engineering Colleges in India 🎓 | NIRF Rankings Revealed 🔥,Unveil the Top 10 Private Engineering Colleges in India as ranked by the National Institutional Ranking Framework (NIRF).,College Suggest,2023-04-15T09:43:27Z,2023,2341,51,14,PT18M7S,unknown,https://www.youtube.com/watch?v=A7Stfw_ZyAI,13,Relevant,Top 10 Private Engineering Colleges in India 🎓 | NIRF Rankings Revealed 🔥,Unveil the Top 10 Private Engineering Colleges in India as ranked by the National Institutional Ranking Framework (NIRF).,Top 10 Private Engineering Colleges in India 🎓 | NIRF Rankings Revealed 🔥 Unveil the Top 10 Private Engineering Colleges in India as ranked by the National Institutional Ranking Framework (NIRF).
7wR7d9xeypU,BML Munjal University,rankings,NIRF,BML Munjal University NIRF,"All About BML Munjal University | Fees, Admission Process &amp; Courses | JEE 2026 | Harsh Sir",Register for BML Munjal : https://vdnt.in/short?q=HjZVG ...,Vedantu JEE Made Ejee,2026-05-18T14:33:17Z,2026,22689,562,165,PT33M20S,unknown,https://www.youtube.com/watch?v=7wR7d9xeypU,13,Relevant,"All About BML Munjal University | Fees, Admission Process & Courses | JEE 2026 | Harsh Sir",Register for BML Munjal : .,"All About BML Munjal University | Fees, Admission Process & Courses | JEE 2026 | Harsh Sir Register for BML Munjal : ."
iZt_90bjhek,Sikkim University,rankings,NIRF,Sikkim University NIRF,JRF Notification || Central University || SIKKIM UNIVERSITY,"Hello Everyone, Welcome aboard. If you find this video helpful then do like and share this video and don't forget to subscribe the ...",Career Info Ph.D.,2023-07-19T10:00:26Z,2023,356,8,0,PT2M54S,unknown,https://www.youtube.com/watch?v=iZt_90bjhek,13,Relevant,JRF Notification || Central University || SIKKIM UNIVERSITY,"Hello Everyone, Welcome aboard. If you find this video helpful then do like and share this video and don't forget to subscribe the .","JRF Notification || Central University || SIKKIM UNIVERSITY Hello Everyone, Welcome aboard. If you find this video helpful then do like and share this video and don't forget to subscribe the ."
i_UlP4MttfE,Assam University,rankings,NIRF,Assam University NIRF,Assam University Silchar #viralvideo #college #students #viral,,College life 3.0,2023-09-20T09:10:52Z,2023,128,5,0,PT29S,unknown,https://www.youtube.com/watch?v=i_UlP4MttfE,13,Relevant,Assam University Silchar #viralvideo #college #students #viral,,Assam University Silchar #viralvideo #college #students #viral
wcE5Wd1vjOI,Banaras Hindu University,rankings,NIRF,Banaras Hindu University NIRF,Top 10 Law University In INDIA 🇮🇳/NIRF Ranking 2023 #nirf #nirfranking2023 #law #lawuniversity #llb,,Abhishek Kr. Ranjan,2023-06-05T14:24:50Z,2023,935,21,1,PT54S,unknown,https://www.youtube.com/watch?v=wcE5Wd1vjOI,13,Relevant,Top 10 Law University In INDIA 🇮🇳/NIRF Ranking 2023 #nirf #nirfranking2023 #law #lawuniversity #llb,,Top 10 Law University In INDIA 🇮🇳/NIRF Ranking 2023 #nirf #nirfranking2023 #law #lawuniversity #llb
ohyL3lWNc7M,BML Munjal University,rankings,NIRF,BML Munjal University NIRF,1st Day in Hostel room ..... #BML munjal University,,Komal,2025-08-11T14:33:39Z,2025,22970,93,30,PT16S,unknown,https://www.youtube.com/watch?v=ohyL3lWNc7M,13,Relevant,1st Day in Hostel room . #BML munjal University,,1st Day in Hostel room . #BML munjal University
NGxTEvoM9NQ,SRM Institute of Science and Technology,rankings,NIRF,SRM Institute of Science and Technology NIRF,"La Trobe University, Australia Signs an MOU with SRM Institute of Science &amp; Technology, Chennai","La Trobe University, Australia Signs an MOU with SRM Institute of Science & Technology, Chennai to Establish Joint Centre of ...",DT News Online,2023-04-05T12:13:46Z,2023,4,0,0,PT11M1S,unknown,https://www.youtube.com/watch?v=NGxTEvoM9NQ,13,Relevant,"La Trobe University, Australia Signs an MOU with SRM Institute of Science & Technology, Chennai","La Trobe University, Australia Signs an MOU with SRM Institute of Science & Technology, Chennai to Establish Joint Centre of .","La Trobe University, Australia Signs an MOU with SRM Institute of Science & Technology, Chennai La Trobe University, Australia Signs an MOU with SRM Institute of Science & Technology, Chennai to Establish Joint Centre of ."
b7oQSx77de0,BML Munjal University,rankings,NIRF,BML Munjal University NIRF,"BML Munjal University - The Most Detailed Review (Pros/Cons, Fees, Courses)","The link to Personal Sessions & Mock Interviews with Me : https://topmate.io/kavach_khanna01 Hello Everybody, This video is the ...",Kavach Khanna,2026-05-13T08:31:26Z,2026,8842,85,27,PT17M14S,unknown,https://www.youtube.com/watch?v=b7oQSx77de0,13,Relevant,"BML Munjal University - The Most Detailed Review (Pros/Cons, Fees, Courses)","The link to Personal Sessions & Mock Interviews with Me : Hello Everybody, This video is the .","BML Munjal University - The Most Detailed Review (Pros/Cons, Fees, Courses) The link to Personal Sessions & Mock Interviews with Me : Hello Everybody, This video is the ."
fgCCZuMJ120,Tezpur University,rankings,NIRF,Tezpur University NIRF,Tezpur University #tezpuruniversity,,Travel Azad,2023-06-30T05:10:40Z,2023,858,0,0,PT6S,unknown,https://www.youtube.com/watch?v=fgCCZuMJ120,13,Relevant,Tezpur University #tezpuruniversity,,Tezpur University #tezpuruniversity
egpOlcI9oXk,Jiwaji University Gwalior,rankings,NIRF,Jiwaji University Gwalior NIRF,jiwaji university gwalior ❤️ #ytshorts #ronojivlogs #trendingshorts #gwalior #jiwajiuniversity,,Ro No Ji Vlogs,2023-05-20T10:30:11Z,2023,5126,103,14,PT15S,unknown,https://www.youtube.com/watch?v=egpOlcI9oXk,13,Relevant,jiwaji university gwalior ❤️ #ytshorts #ronojivlogs #trendingshorts #gwalior #jiwajiuniversity,,jiwaji university gwalior ❤️ #ytshorts #ronojivlogs #trendingshorts #gwalior #jiwajiuniversity
JMaAcnOvDLg,BML Munjal University,rankings,NIRF,BML Munjal University NIRF,BML MUNJAL UNIVERSITY LAW COURSES REVIEW 📚 | FEES 💰 | ELIGIBILITY ✅ | PLACEMENT 💼 | EVERYTHING 🌟,For All Your Queries Fill out This Profile Analysis Form: https://bit.ly/3wn66ha JOIN OUR EXCLUSIVE WHATSAPP COMMUNITY ...,LAW Studentkhabri,2025-01-04T10:30:15Z,2025,1712,25,7,PT10M56S,unknown,https://www.youtube.com/watch?v=JMaAcnOvDLg,13,Relevant,BML MUNJAL UNIVERSITY LAW COURSES REVIEW 📚 | FEES 💰 | ELIGIBILITY ✅ | PLACEMENT 💼 | EVERYTHING 🌟,For All Your Queries Fill out This Profile Analysis Form: JOIN OUR EXCLUSIVE WHATSAPP COMMUNITY .,BML MUNJAL UNIVERSITY LAW COURSES REVIEW 📚 | FEES 💰 | ELIGIBILITY ✅ | PLACEMENT 💼 | EVERYTHING 🌟 For All Your Queries Fill out This Profile Analysis Form: JOIN OUR EXCLUSIVE WHATSAPP COMMUNITY .
V8zz3XWCEtc,BML Munjal University,rankings,NIRF,BML Munjal University NIRF,BML Munjal University - MBA Fee - 14.9L Fee - 8.7L Avg Placement?,,Collegedekho with Hritik,2025-02-16T11:35:23Z,2025,13413,140,19,PT1M1S,unknown,https://www.youtube.com/watch?v=V8zz3XWCEtc,13,Relevant,BML Munjal University - MBA Fee - 14.9L Fee - 8.7L Avg Placement?,,BML Munjal University - MBA Fee - 14.9L Fee - 8.7L Avg Placement?
xWLcluYRyk4,Banaras Hindu University,rankings,NIRF,Banaras Hindu University NIRF,#Top 5 NITS in India  NIRF Ranking,, Prajapat[NITian],2023-04-27T13:37:13Z,2023,817,33,1,PT22S,unknown,https://www.youtube.com/watch?v=xWLcluYRyk4,13,Relevant,#Top 5 NITS in India NIRF Ranking,,#Top 5 NITS in India NIRF Ranking
UH6ZmDKjoJI,Jadavpur University,rankings,NIRF,Jadavpur University NIRF,Best B.Tech Colleges in West Bengal 2025 | NIRF Ranking + Shocking Fees &amp; Placement,"Are you searching for the best B.Tech colleges in West Bengal in 2025? In this video, we break down the Top Engineering ...",Top Institute,2026-03-30T12:30:17Z,2026,505,0,0,PT19M2S,unknown,https://www.youtube.com/watch?v=UH6ZmDKjoJI,13,Relevant,Best B.Tech Colleges in West Bengal 2025 | NIRF Ranking + Shocking Fees & Placement,"Are you searching for the best B.Tech colleges in West Bengal in 2025? In this video, we break down the Top Engineering .","Best B.Tech Colleges in West Bengal 2025 | NIRF Ranking + Shocking Fees & Placement Are you searching for the best B.Tech colleges in West Bengal in 2025? In this video, we break down the Top Engineering ."
eR1Vo3zricA,BML Munjal University,rankings,NIRF,BML Munjal University NIRF,67th Milestone: Dates Reveal | BML Munjal University | Therain visuals #bmlmunjaluniversity #bmu,,Therain visuals,2024-12-26T17:30:40Z,2024,4540,39,1,PT16S,unknown,https://www.youtube.com/watch?v=eR1Vo3zricA,13,Relevant,67th Milestone: Dates Reveal | BML Munjal University | Therain visuals #bmlmunjaluniversity #bmu,,67th Milestone: Dates Reveal | BML Munjal University | Therain visuals #bmlmunjaluniversity #bmu
oiNI_Ow4yZ0,Jadavpur University,rankings,NIRF,Jadavpur University NIRF,Jadavpur University UGC: যাদবপুর বিশ্ববিদ্যালয়ে এল ইউজিসি-র প্রতিনিধি দল,ছাত্রমৃত্যুর ২৫ দিন পর যাদবপুর বিশ্ববিদ্যালয় পরিদর্শনে এল ...,TV9 Bangla,2023-09-04T13:22:36Z,2023,1200,9,2,PT3M8S,unknown,https://www.youtube.com/watch?v=oiNI_Ow4yZ0,13,Relevant,Jadavpur University UGC: যাদবপুর বিশ্ববিদ্যালয়ে এল ইউজিসি-র প্রতিনিধি দল,ছাত্রমৃত্যুর ২৫ দিন পর যাদবপুর বিশ্ববিদ্যালয় পরিদর্শনে এল .,Jadavpur University UGC: যাদবপুর বিশ্ববিদ্যালয়ে এল ইউজিসি-র প্রতিনিধি দল ছাত্রমৃত্যুর ২৫ দিন পর যাদবপুর বিশ্ববিদ্যালয় পরিদর্শনে এল .
k8NO_SnS-vI,Banaras Hindu University,rankings,NIRF,Banaras Hindu University NIRF,Banaras Hindu University | Dream college | #bhu #iitbhu #cuet2023 #cuet  #banarashinduuniversity,,Diary Of Shutterbug,2023-07-21T02:28:32Z,2023,1065,26,2,PT16S,unknown,https://www.youtube.com/watch?v=k8NO_SnS-vI,13,Relevant,Banaras Hindu University | Dream college | #bhu #iitbhu #cuet2023 #cuet #banarashinduuniversity,,Banaras Hindu University | Dream college | #bhu #iitbhu #cuet2023 #cuet #banarashinduuniversity
tWhZjaD1DG4,Jadavpur University,rankings,NIRF,Jadavpur University NIRF,Jadavpur University | A Day as an Engineering Student #jadavpuruniversity,jadavpuruniversity #kolkata #friends #engineering #jadavpur #campus #bus #green #university #life #sleep #classroom #cityofjoy ...,The Instru Guy,2023-08-18T08:22:28Z,2023,8151,404,46,PT56S,unknown,https://www.youtube.com/watch?v=tWhZjaD1DG4,13,Relevant,Jadavpur University | A Day as an Engineering Student #jadavpuruniversity,jadavpuruniversity #kolkata #friends #engineering #jadavpur #campus #bus #green #university #life #sleep #classroom #cityofjoy .,Jadavpur University | A Day as an Engineering Student #jadavpuruniversity jadavpuruniversity #kolkata #friends #engineering #jadavpur #campus #bus #green #university #life #sleep #classroom #cityofjoy .
znV00yjfblk,Jadavpur University,rankings,NIRF,Jadavpur University NIRF,Getting fest ready | Hostel fest at Jadavpur University,,Sonia Gurung,2023-03-19T19:10:28Z,2023,428,18,0,PT1M1S,unknown,https://www.youtube.com/watch?v=znV00yjfblk,13,Relevant,Getting fest ready | Hostel fest at Jadavpur University,,Getting fest ready | Hostel fest at Jadavpur University
nLk3skVGhv0,BML Munjal University,rankings,NIRF,BML Munjal University NIRF,BML MUNJAL UNIVERSITY REVIEW #vedantu #harshsir #bmlmunjaluniversity #review,,StudyBurners,2025-06-21T15:44:52Z,2025,14055,106,8,PT35S,unknown,https://www.youtube.com/watch?v=nLk3skVGhv0,13,Relevant,BML MUNJAL UNIVERSITY REVIEW #vedantu #harshsir #bmlmunjaluniversity #review,,BML MUNJAL UNIVERSITY REVIEW #vedantu #harshsir #bmlmunjaluniversity #review
JPp8YOoyMVs,Jadavpur University,rankings,NIRF,Jadavpur University NIRF,ঘৃণার বিরুদ্ধে ভালোবাসার মিছিল এ পড়ুয়ারা | Jadavpur University | LGBTQIA | Aaj Tak Bangla,lgbtq #lgbt #jadavpur #aajtakbangla #aajtak ঘৃণার বিরুদ্ধে ভালোবাসার মিছিল এ পড়ুয়ারা ...,Aaj Tak Bangla,2023-02-16T03:30:11Z,2023,411,7,0,PT3M15S,unknown,https://www.youtube.com/watch?v=JPp8YOoyMVs,13,Relevant,ঘৃণার বিরুদ্ধে ভালোবাসার মিছিল এ পড়ুয়ারা | Jadavpur University | LGBTQIA | Aaj Tak Bangla,lgbtq #lgbt #jadavpur #aajtakbangla #aajtak ঘৃণার বিরুদ্ধে ভালোবাসার মিছিল এ পড়ুয়ারা .,ঘৃণার বিরুদ্ধে ভালোবাসার মিছিল এ পড়ুয়ারা | Jadavpur University | LGBTQIA | Aaj Tak Bangla lgbtq #lgbt #jadavpur #aajtakbangla #aajtak ঘৃণার বিরুদ্ধে ভালোবাসার মিছিল এ পড়ুয়ারা .
MRKykeyXKNI,Tezpur University,rankings,NIRF,Tezpur University NIRF,"Tezpur University MBA Honest Review 2026 | Placement Reality, Fees, ROI &amp; Red Flags Exposed! 🚨",Best Laptops for MBA Students - For All Task https://amzn.to/43Jxnxn https://amzn.to/3QnDSD5 https://amzn.to/4uFpNyL Tezpur ...,Swasata Ghosh,2026-05-24T04:07:09Z,2026,200,14,6,PT5M20S,unknown,https://www.youtube.com/watch?v=MRKykeyXKNI,13,Relevant,"Tezpur University MBA Honest Review 2026 | Placement Reality, Fees, ROI & Red Flags Exposed! 🚨",Best Laptops for MBA Students - For All Task Tezpur .,"Tezpur University MBA Honest Review 2026 | Placement Reality, Fees, ROI & Red Flags Exposed! 🚨 Best Laptops for MBA Students - For All Task Tezpur ."
jKn15znriSE,Assam University,rankings,NIRF,Assam University NIRF,"Assam University Silchar MBA — Sach Bol Diya 2026 | Fees, Placements, Red Flags &amp; Rankings",Best Laptops for MBA Students - For All Task https://amzn.to/43Jxnxn https://amzn.to/3QnDSD5 https://amzn.to/4uFpNyL Assam ...,Swasata Ghosh,2026-05-31T08:08:41Z,2026,120,8,4,PT9M39S,unknown,https://www.youtube.com/watch?v=jKn15znriSE,13,Relevant,"Assam University Silchar MBA — Sach Bol Diya 2026 | Fees, Placements, Red Flags & Rankings",Best Laptops for MBA Students - For All Task Assam .,"Assam University Silchar MBA — Sach Bol Diya 2026 | Fees, Placements, Red Flags & Rankings Best Laptops for MBA Students - For All Task Assam ."
8ZXwZ2THbT8,Jadavpur University,rankings,NIRF,Jadavpur University NIRF,Jadavpur University Overview,Follow us on our Social Media Handles: Facebook- https://bit.ly/3CEWzIJ Instagram- https://bit.ly/3CiFgLV LinkedIn ...,shiksha.com,2024-11-27T07:37:22Z,2024,203,1,0,PT8S,unknown,https://www.youtube.com/watch?v=8ZXwZ2THbT8,13,Relevant,Jadavpur University Overview,Follow us on our Social Media Handles: Facebook- Instagram- LinkedIn .,Jadavpur University Overview Follow us on our Social Media Handles: Facebook- Instagram- LinkedIn .
d3Zp1uNUEiM,Jadavpur University,rankings,NIRF,Jadavpur University NIRF,Farewell 2023 @ Jadavpur University #viral #college #farewell,Follow me on Instagram https://www.instagram.com/lazyhrithik/ Follow me on Facebook https://www.facebook.com/theyotuber Add ...,Lazy Hrithik,2023-05-31T14:30:21Z,2023,10899,440,10,PT56S,unknown,https://www.youtube.com/watch?v=d3Zp1uNUEiM,13,Relevant,Farewell 2023 @ Jadavpur University #viral #college #farewell,Follow me on Instagram Follow me on Facebook Add .,Farewell 2023 @ Jadavpur University #viral #college #farewell Follow me on Instagram Follow me on Facebook Add .
sGC5p0S0FFI,Banaras Hindu University,rankings,NIRF,Banaras Hindu University NIRF,central library ❤️ || BANARAS HINDU UNIVERSITY || #bhu #tranding #shorts #nature #love,,SHRISH PANDEY,2023-07-04T06:45:01Z,2023,1179,0,5,PT15S,unknown,https://www.youtube.com/watch?v=sGC5p0S0FFI,13,Relevant,central library ❤️ || BANARAS HINDU UNIVERSITY || #bhu #tranding #shorts #nature #love,,central library ❤️ || BANARAS HINDU UNIVERSITY || #bhu #tranding #shorts #nature #love
fMgaU96l4i8,BML Munjal University,rankings,NIRF,BML Munjal University NIRF,"Is BML Munjal University good for BTech CSE? | Comparing JIIT, Noida and BMU, Gurgaon.",Let's talk about how one should research about the university for taking admission.,Tanvi Sharma,2024-07-03T09:46:19Z,2024,4790,50,79,PT7M34S,unknown,https://www.youtube.com/watch?v=fMgaU96l4i8,13,Relevant,"Is BML Munjal University good for BTech CSE? | Comparing JIIT, Noida and BMU, Gurgaon.",Let's talk about how one should research about the university for taking admission.,"Is BML Munjal University good for BTech CSE? | Comparing JIIT, Noida and BMU, Gurgaon. Let's talk about how one should research about the university for taking admission."
IKd0gMXAv2Q,Jadavpur University,rankings,NIRF,Jadavpur University NIRF,jadavpur university hostel lifestyle vlog,,vlogs with unnati,2023-02-23T06:35:48Z,2023,909,38,4,PT1M1S,unknown,https://www.youtube.com/watch?v=IKd0gMXAv2Q,13,Relevant,jadavpur university hostel lifestyle vlog,,jadavpur university hostel lifestyle vlog
I32e3hKdzUk,Jadavpur University,rankings,NIRF,Jadavpur University NIRF,"Jadavpur University:  যাদবপুর বিশ্ববিদ্যালয়ে ইসরোর ২ বিজ্ঞানী, ঘুরে দেখলেন ক্যাম্পাস",র‍্যাগিং-রুখতে কী প্রযুক্তি? যাদবপুর বিশ্ববিদ্যালয়ে (Jadavpur University) ...,ABP ANANDA,2023-09-05T15:13:58Z,2023,2095,21,3,PT4M17S,unknown,https://www.youtube.com/watch?v=I32e3hKdzUk,13,Relevant,"Jadavpur University: যাদবপুর বিশ্ববিদ্যালয়ে ইসরোর ২ বিজ্ঞানী, ঘুরে দেখলেন ক্যাম্পাস",র‍্যাগিং-রুখতে কী প্রযুক্তি? যাদবপুর বিশ্ববিদ্যালয়ে (Jadavpur University) .,"Jadavpur University: যাদবপুর বিশ্ববিদ্যালয়ে ইসরোর ২ বিজ্ঞানী, ঘুরে দেখলেন ক্যাম্পাস র‍্যাগিং-রুখতে কী প্রযুক্তি? যাদবপুর বিশ্ববিদ্যালয়ে (Jadavpur University) ."
rHkDlilSnOg,BML Munjal University,rankings,NIRF,BML Munjal University NIRF,A little view of my college | BML Munjal University #tanvisharmayt,,Tanvi Sharma,2024-06-22T13:26:47Z,2024,40874,567,117,PT1M,unknown,https://www.youtube.com/watch?v=rHkDlilSnOg,13,Relevant,A little view of my college | BML Munjal University #tanvisharmayt,,A little view of my college | BML Munjal University #tanvisharmayt
eTd6c0647Ok,Banaras Hindu University,rankings,NIRF,Banaras Hindu University NIRF,Banaras Hindu University (BHU) Full Review | Courses | Placements | Fees | Eligibility,Fill out this form below to get a free profile analysis by our expert counselor : https://link.mycollegebuddy.com/eTd6c0647Ok Read ...,My College Buddy,2023-08-05T14:00:22Z,2023,118,4,0,PT8M33S,unknown,https://www.youtube.com/watch?v=eTd6c0647Ok,13,Relevant,Banaras Hindu University (BHU) Full Review | Courses | Placements | Fees | Eligibility,Fill out this form below to get a free profile analysis by our expert counselor : Read .,Banaras Hindu University (BHU) Full Review | Courses | Placements | Fees | Eligibility Fill out this form below to get a free profile analysis by our expert counselor : Read .
952prLQh2wA,Jadavpur University,rankings,NIRF,Jadavpur University NIRF,Our Placement | Jadavpur University | #jadavpur_university #cse #shorts #viral #trending #shortvideo,Please watch the full video https://youtu.be/_eDYjTYWPJQ @skeducare6247 #jadavpur_university #jadavpuruniversity #jelet ...,SK Educare,2023-05-23T07:49:05Z,2023,5068,106,13,PT16S,unknown,https://www.youtube.com/watch?v=952prLQh2wA,13,Relevant,Our Placement | Jadavpur University | #jadavpur_university #cse #shorts #viral #trending #shortvideo,Please watch the full video @skeducare6247 #jadavpur_university #jadavpuruniversity #jelet .,Our Placement | Jadavpur University | #jadavpur_university #cse #shorts #viral #trending #shortvideo Please watch the full video @skeducare6247 #jadavpur_university #jadavpuruniversity #jelet .
201QX-rCxwA,Assam University,rankings,NIRF,Assam University NIRF,FYUG ADMISSION | AFFILATE COLLEGES UNDER ASSAM UNIVERSITY | COMPLETE DISCUSSION | CAREER STUDY,Join Admission Whatsapp Group : https://chat.whatsapp.com/BwSCEMnIkhF63ZFY8pOqBM Download Career Study APP ...,Career Study,2023-07-03T07:49:32Z,2023,201,8,1,PT3M49S,unknown,https://www.youtube.com/watch?v=201QX-rCxwA,13,Relevant,FYUG ADMISSION | AFFILATE COLLEGES UNDER ASSAM UNIVERSITY | COMPLETE DISCUSSION | CAREER STUDY,Join Admission Whatsapp Group : Download Career Study APP .,FYUG ADMISSION | AFFILATE COLLEGES UNDER ASSAM UNIVERSITY | COMPLETE DISCUSSION | CAREER STUDY Join Admission Whatsapp Group : Download Career Study APP .
Mods-i7zrdw,Assam University,rankings,NIRF,Assam University NIRF,Glimpses of Assam University Silchar campus ✨ #love #travel #assamuniversitysilchar #youtubeshorts,,Sachin Vats🤩,2023-08-03T18:18:17Z,2023,271,13,0,PT13S,unknown,https://www.youtube.com/watch?v=Mods-i7zrdw,13,Relevant,Glimpses of Assam University Silchar campus ✨ #love #travel #assamuniversitysilchar #youtubeshorts,,Glimpses of Assam University Silchar campus ✨ #love #travel #assamuniversitysilchar #youtubeshorts
h9QRMje-8tM,Jadavpur University,rankings,NIRF,Jadavpur University NIRF,Ragging Fortress Jadavpur University Pros and Cons,,Sumit Swar-Entertainment ,2023-08-15T09:15:10Z,2023,171,8,0,PT1M1S,unknown,https://www.youtube.com/watch?v=h9QRMje-8tM,13,Relevant,Ragging Fortress Jadavpur University Pros and Cons,,Ragging Fortress Jadavpur University Pros and Cons
ItM4xGhRKjo,Savitribai Phule Pune University,rankings,NIRF,Savitribai Phule Pune University NIRF,savitribai phule pune university | Best University in Pune #university #college,,Sachin Pendhe,2025-07-07T11:56:16Z,2025,8194,106,0,PT14S,unknown,https://www.youtube.com/watch?v=ItM4xGhRKjo,13,Relevant,savitribai phule pune university | Best University in Pune #university #college,,savitribai phule pune university | Best University in Pune #university #college
QLZmxG8eLAU,Patna University,rankings,NIRF,Patna University NIRF,"Patna University को मिले सेंट्रल यूनिवर्सिटी का दर्जा, Tejashwi Yadav ने की केंद्र से मांग","तेजस्वी यादव की केंद्र सरकार से मांग, PU को मिले सेंट्रल यूनिवर्सिटी ...",Bihar InShots,2023-02-03T13:58:53Z,2023,91,4,0,PT4M15S,unknown,https://www.youtube.com/watch?v=QLZmxG8eLAU,13,Relevant,"Patna University को मिले सेंट्रल यूनिवर्सिटी का दर्जा, Tejashwi Yadav ने की केंद्र से मांग","तेजस्वी यादव की केंद्र सरकार से मांग, PU को मिले सेंट्रल यूनिवर्सिटी .","Patna University को मिले सेंट्रल यूनिवर्सिटी का दर्जा, Tejashwi Yadav ने की केंद्र से मांग तेजस्वी यादव की केंद्र सरकार से मांग, PU को मिले सेंट्रल यूनिवर्सिटी ."
HJaOX0zd-EM,Jiwaji University Gwalior,rankings,NIRF,Jiwaji University Gwalior NIRF,Jiwaji University Gwalior #youtubeshorts,,Manish Jakkholiya ,2023-08-02T12:35:47Z,2023,2057,31,0,PT13S,unknown,https://www.youtube.com/watch?v=HJaOX0zd-EM,13,Relevant,Jiwaji University Gwalior #youtubeshorts,,Jiwaji University Gwalior #youtubeshorts
QC22eqaKTjo,Assam University,rankings,NIRF,Assam University NIRF,"Assam University Silchar Counselling Registration 2023 , Cuet Counselling Process 2023 , Cuet Cutoff","Updated Helpline Number: 7738736346 Admission Helpline Number aND Whatsapp Number:- 7738736346 , +918062180079 ...",Cuet By College Jaankaar,2023-08-04T03:46:53Z,2023,332,5,0,PT2M21S,unknown,https://www.youtube.com/watch?v=QC22eqaKTjo,13,Relevant,"Assam University Silchar Counselling Registration 2023 , Cuet Counselling Process 2023 , Cuet Cutoff","Updated Helpline Number: 7738736346 Admission Helpline Number aND Whatsapp Number:- 7738736346 , +918062180079 .","Assam University Silchar Counselling Registration 2023 , Cuet Counselling Process 2023 , Cuet Cutoff Updated Helpline Number: 7738736346 Admission Helpline Number aND Whatsapp Number:- 7738736346 , +918062180079 ."
eTFbHg8nXlY,Tezpur University,rankings,NIRF,Tezpur University NIRF,Prof. H.C Verma | Visits | Tezpur University | Physics in Everyday life | Full Video |,"Prof. Harish Chandra Verma (Padma Shri - 2020) was a Professor in the Department of Physics at Indian Institute of Technology, ...",WALL-e DEFENCE ,2023-08-27T13:45:43Z,2023,192,0,0,PT1H44M32S,unknown,https://www.youtube.com/watch?v=eTFbHg8nXlY,13,Relevant,Prof. H.C Verma | Visits | Tezpur University | Physics in Everyday life | Full Video |,"Prof. Harish Chandra Verma (Padma Shri - 2020) was a Professor in the Department of Physics at Indian Institute of Technology, .","Prof. H.C Verma | Visits | Tezpur University | Physics in Everyday life | Full Video | Prof. Harish Chandra Verma (Padma Shri - 2020) was a Professor in the Department of Physics at Indian Institute of Technology, ."
3_NX5f86hNg,Savitribai Phule Pune University,rankings,NIRF,Savitribai Phule Pune University NIRF,Republic Day - Savitribai Phule Pune University #republicday #sppu #pune,,Roving Rushi,2023-01-25T14:20:03Z,2023,3655,88,4,PT16S,unknown,https://www.youtube.com/watch?v=3_NX5f86hNg,13,Relevant,Republic Day - Savitribai Phule Pune University #republicday #sppu #pune,,Republic Day - Savitribai Phule Pune University #republicday #sppu #pune
tZN3G1f5JZs,Guru Ghasidas Vishwavidyalaya,rankings,NIRF,Guru Ghasidas Vishwavidyalaya NIRF,"Amity University कैसे Check करें UGC, NIRF Ranking? Amity University on NIRF &amp; UGC👍",https://www.universityindia.in/help click here for any enquiry ***Subscribe this channel and press the bell icon*** ...,UNIVERSITY INDIA,2023-02-04T05:31:48Z,2023,11875,43,4,PT8M24S,unknown,https://www.youtube.com/watch?v=tZN3G1f5JZs,13,Relevant,"Amity University कैसे Check करें UGC, NIRF Ranking? Amity University on NIRF & UGC👍",click here for any enquiry ***Subscribe this channel and press the bell icon*** .,"Amity University कैसे Check करें UGC, NIRF Ranking? Amity University on NIRF & UGC👍 click here for any enquiry ***Subscribe this channel and press the bell icon*** ."
9XV2YzS5DVU,Savitribai Phule Pune University,rankings,NIRF,Savitribai Phule Pune University NIRF,Savitribai Phule Pune University,iamcuriouz #pune #puneblogger #punelife.,Travel With Prerana,2023-03-24T06:30:03Z,2023,19183,255,2,PT17S,unknown,https://www.youtube.com/watch?v=9XV2YzS5DVU,13,Relevant,Savitribai Phule Pune University,iamcuriouz #pune #puneblogger #punelife.,Savitribai Phule Pune University iamcuriouz #pune #puneblogger #punelife.
WPEKjRGdtK8,SRM Institute of Science and Technology,rankings,NIRF,SRM Institute of Science and Technology NIRF,SRM AP College Review | Top10 AP Engineering colleges | cutoff | college reviews | AP EAPCET 2025,Check for more details https://collegedost.in/ Attempt mocktest here https://collegedost.in/mock-test/ Want the full report on ...,College Dost Telugu ,2025-07-03T11:48:23Z,2025,58499,997,469,PT3M22S,unknown,https://www.youtube.com/watch?v=WPEKjRGdtK8,13,Relevant,SRM AP College Review | Top10 AP Engineering colleges | cutoff | college reviews | AP EAPCET 2025,Check for more details Attempt mocktest here Want the full report on .,SRM AP College Review | Top10 AP Engineering colleges | cutoff | college reviews | AP EAPCET 2025 Check for more details Attempt mocktest here Want the full report on .
a5CyY1K7hps,Jiwaji University Gwalior,rankings,NIRF,Jiwaji University Gwalior NIRF,JIWAJI UNIVERSITY GWALIOR UGC APPROVED! JIWAJI UNIVERSITY DISTANCE में कौन कौन से course करवाती है?,jiwaji_university_news #jiwajiuniversity #jiwajiuniversityexamnews #jiwaji university ugc approved or fake *Jiwaji university ...,Education Guru ,2023-01-27T10:30:00Z,2023,5663,83,30,PT2M53S,unknown,https://www.youtube.com/watch?v=a5CyY1K7hps,13,Relevant,JIWAJI UNIVERSITY GWALIOR UGC APPROVED! JIWAJI UNIVERSITY DISTANCE में कौन कौन से course करवाती है?,jiwaji_university_news #jiwajiuniversity #jiwajiuniversityexamnews #jiwaji university ugc approved or fake *Jiwaji university .,JIWAJI UNIVERSITY GWALIOR UGC APPROVED! JIWAJI UNIVERSITY DISTANCE में कौन कौन से course करवाती है? jiwaji_university_news #jiwajiuniversity #jiwajiuniversityexamnews #jiwaji university ugc approved or fake *Jiwaji university .
DIQ-BxQBAtY,BML Munjal University,rankings,NIRF,BML Munjal University NIRF,"BML Munjal University MBA Review 2026 | Placements, Fees, ROI,Campus,Scholarship &amp; Reality Check","For All MBA Admission Related Queries, Fill Our Profile Analysis Form : https://rb.gy/ms7s6 Or You Can Call Us At : 9111400222 ...",MBA with Arshi Khan,2026-04-17T11:01:01Z,2026,339,3,0,PT8M45S,unknown,https://www.youtube.com/watch?v=DIQ-BxQBAtY,13,Relevant,"BML Munjal University MBA Review 2026 | Placements, Fees, ROI,Campus,Scholarship & Reality Check","For All MBA Admission Related Queries, Fill Our Profile Analysis Form : Or You Can Call Us At : 9111400222 .","BML Munjal University MBA Review 2026 | Placements, Fees, ROI,Campus,Scholarship & Reality Check For All MBA Admission Related Queries, Fill Our Profile Analysis Form : Or You Can Call Us At : 9111400222 ."
KALUnMmt-sg,Jadavpur University,rankings,NIRF,Jadavpur University NIRF,@TRAPPlanB in jadavpur university 🔥🔥#youtubeshorts #shortsvideo #youtube #youtuber #ytshorts,,PJ LIFE,2023-02-11T15:29:52Z,2023,1239,0,0,PT8S,unknown,https://www.youtube.com/watch?v=KALUnMmt-sg,13,Relevant,@TRAPPlanB in jadavpur university 🔥🔥#youtubeshorts #shortsvideo #youtube #youtuber #ytshorts,,@TRAPPlanB in jadavpur university 🔥🔥#youtubeshorts #shortsvideo #youtube #youtuber #ytshorts
DlZTrIPbLkE,SRM Institute of Science and Technology,rankings,NIRF,SRM Institute of Science and Technology NIRF,Top NIRF Engineering colleges in Andhra pradesh/#eamcet #eamcetguidance #college #engineering,top NIRF ranking engineering college in andhra pradesh/#eamcet #eamcetguidance #iitjee #jee #jeeadvanced #iit ...,Destiny's Calling ,2023-07-03T08:45:06Z,2023,1566,0,0,PT25S,unknown,https://www.youtube.com/watch?v=DlZTrIPbLkE,13,Relevant,Top NIRF Engineering colleges in Andhra pradesh/#eamcet #eamcetguidance #college #engineering,top NIRF ranking engineering college in andhra pradesh/#eamcet #eamcetguidance #iitjee #jee #jeeadvanced #iit .,Top NIRF Engineering colleges in Andhra pradesh/#eamcet #eamcetguidance #college #engineering top NIRF ranking engineering college in andhra pradesh/#eamcet #eamcetguidance #iitjee #jee #jeeadvanced #iit .
226Uj-3roDY,BML Munjal University,rankings,NIRF,BML Munjal University NIRF,2nd BML Munjal Memorial Lecture | Amitav Ghosh,The questions we've been circling now find their voice. The BML Munjal University Munjal Memorial Lecture returns with its ...,BML Munjal University,2026-01-29T02:59:35Z,2026,753,33,0,PT1H36M15S,unknown,https://www.youtube.com/watch?v=226Uj-3roDY,13,Relevant,2nd BML Munjal Memorial Lecture | Amitav Ghosh,The questions we've been circling now find their voice. The BML Munjal University Munjal Memorial Lecture returns with its .,2nd BML Munjal Memorial Lecture | Amitav Ghosh The questions we've been circling now find their voice. The BML Munjal University Munjal Memorial Lecture returns with its .
eDxhlbJME9o,Jiwaji University Gwalior,rankings,NIRF,Jiwaji University Gwalior NIRF,jiwaji university se degree kaise nikale | how to apply for degree in jiwaji university gwalior |,jiwaji university se degree kaise nikale how to apply for degree in jiwaji university jiwaji university degree ke liye kaise apply kare ...,V.R Tech Support,2025-08-26T14:03:07Z,2025,8145,133,132,PT16M38S,unknown,https://www.youtube.com/watch?v=eDxhlbJME9o,13,Relevant,jiwaji university se degree kaise nikale | how to apply for degree in jiwaji university gwalior |,jiwaji university se degree kaise nikale how to apply for degree in jiwaji university jiwaji university degree ke liye kaise apply kare .,jiwaji university se degree kaise nikale | how to apply for degree in jiwaji university gwalior | jiwaji university se degree kaise nikale how to apply for degree in jiwaji university jiwaji university degree ke liye kaise apply kare .
Wx886JIfzWE,Jiwaji University Gwalior,rankings,NIRF,Jiwaji University Gwalior NIRF,B.Ed 1st Semester Exam Date Announced | Jiwaji University Gwalior | The Perfect Study,Telegram (PDF) : https://telegram.me/theperfectstudyofficial ☆ Instagram (The Perfect Study) ...,The Perfect Study,2026-01-11T08:13:25Z,2026,4933,94,26,PT1M34S,unknown,https://www.youtube.com/watch?v=Wx886JIfzWE,13,Relevant,B.Ed 1st Semester Exam Date Announced | Jiwaji University Gwalior | The Perfect Study,Telegram (PDF) : ☆ Instagram (The Perfect Study) .,B.Ed 1st Semester Exam Date Announced | Jiwaji University Gwalior | The Perfect Study Telegram (PDF) : ☆ Instagram (The Perfect Study) .
ZlSbPN1Wkl4,Jadavpur University,rankings,NIRF,Jadavpur University NIRF,Jadavpur University: যাদবপুরে আসছে না UGC-র প্রতিনিধিদল ? | ABP Ananda Live,UGC team not coming tomorrow in Jadavpur University: আগামীকাল যাদবপুরে আসছে না UGC-র ...,ABP ANANDA,2023-08-15T06:43:53Z,2023,4399,21,17,PT2M42S,unknown,https://www.youtube.com/watch?v=ZlSbPN1Wkl4,13,Relevant,Jadavpur University: যাদবপুরে আসছে না UGC-র প্রতিনিধিদল ? | ABP Ananda Live,UGC team not coming tomorrow in Jadavpur University: আগামীকাল যাদবপুরে আসছে না UGC-র .,Jadavpur University: যাদবপুরে আসছে না UGC-র প্রতিনিধিদল ? | ABP Ananda Live UGC team not coming tomorrow in Jadavpur University: আগামীকাল যাদবপুরে আসছে না UGC-র .
47rE1Nqf2kY,Jadavpur University,rankings,NIRF,Jadavpur University NIRF,Jadavpur University: &#39;দু&#39;দিন ছাত্ররা যেভাবে হেনস্থা করেছে কেউ পাশে এসে দাঁড়ায়নি&#39; | Zee 24 Ghanta,Jadavpur University: 'দু'দিন ছাত্ররা যেভাবে হেনস্থা করেছে কেউ পাশে এসে ...,Zee 24 Ghanta,2023-09-25T17:25:49Z,2023,2052,24,6,PT4M31S,unknown,https://www.youtube.com/watch?v=47rE1Nqf2kY,13,Relevant,Jadavpur University: 'দু'দিন ছাত্ররা যেভাবে হেনস্থা করেছে কেউ পাশে এসে দাঁড়ায়নি' | Zee 24 Ghanta,Jadavpur University: 'দু'দিন ছাত্ররা যেভাবে হেনস্থা করেছে কেউ পাশে এসে .,Jadavpur University: 'দু'দিন ছাত্ররা যেভাবে হেনস্থা করেছে কেউ পাশে এসে দাঁড়ায়নি' | Zee 24 Ghanta Jadavpur University: 'দু'দিন ছাত্ররা যেভাবে হেনস্থা করেছে কেউ পাশে এসে .
56rUaBp0Cd8,Tezpur University,rankings,NIRF,Tezpur University NIRF,Tezpur University ❤️❤️,,Palash Das,2023-06-22T04:31:16Z,2023,181,14,0,PT53S,unknown,https://www.youtube.com/watch?v=56rUaBp0Cd8,13,Relevant,Tezpur University ❤️❤️,,Tezpur University ❤️❤️
NzJdRAszDIs,Savitribai Phule Pune University,rankings,NIRF,Savitribai Phule Pune University NIRF,Day 1 | Savitribai Phule Pune University | Vlog #trending #shorts #viralshorts #pune #university,,Anshika Kanaujia | Content Creator,2024-08-08T16:48:04Z,2024,7838,60,5,PT8S,unknown,https://www.youtube.com/watch?v=NzJdRAszDIs,13,Relevant,Day 1 | Savitribai Phule Pune University | Vlog #trending #shorts #viralshorts #pune #university,,Day 1 | Savitribai Phule Pune University | Vlog #trending #shorts #viralshorts #pune #university
UhVCnm327qA,Savitribai Phule Pune University,rankings,NIRF,Savitribai Phule Pune University NIRF,Savitribai Phule Pune University Main building #sppu #pune #university #sppuupdate,,The Procrastinator,2024-05-03T19:06:21Z,2024,24669,352,2,PT6S,unknown,https://www.youtube.com/watch?v=UhVCnm327qA,13,Relevant,Savitribai Phule Pune University Main building #sppu #pune #university #sppuupdate,,Savitribai Phule Pune University Main building #sppu #pune #university #sppuupdate
ZXv7bbpXh0I,Assam University,rankings,NIRF,Assam University NIRF,"IIT Guwahati, Gauhati University in Assam top NIRF 2025 list",Assam has marked a major milestone in India's higher education landscape with several institutions earning top spots in the ...,IndiaTodayNE,2025-09-06T11:44:00Z,2025,1061,15,0,PT2M40S,unknown,https://www.youtube.com/watch?v=ZXv7bbpXh0I,12,Relevant,"IIT Guwahati, Gauhati University in Assam top NIRF 2025 list",Assam has marked a major milestone in India's higher education landscape with several institutions earning top spots in the .,"IIT Guwahati, Gauhati University in Assam top NIRF 2025 list Assam has marked a major milestone in India's higher education landscape with several institutions earning top spots in the ."
ATaPZASPJRw,Indian Institute of Management,rankings,NIRF,Indian Institute of Management NIRF,Explore the Top 10 NIRF-Ranked Management Institutes in India 📊 #shorts,"This short video highlights India's leading B-schools based on the latest NIRF rankings, helping students, parents, and aspirants ...",Blooms Academy Karnataka,2026-01-14T09:08:49Z,2026,179,5,4,PT43S,unknown,https://www.youtube.com/watch?v=ATaPZASPJRw,12,Relevant,Explore the Top 10 NIRF-Ranked Management Institutes in India 📊 #shorts,"This short video highlights India's leading B-schools based on the latest NIRF rankings, helping students, parents, and aspirants .","Explore the Top 10 NIRF-Ranked Management Institutes in India 📊 #shorts This short video highlights India's leading B-schools based on the latest NIRF rankings, helping students, parents, and aspirants ."
MryOacEGUwk,College of Engineering Pune,rankings,NIRF,College of Engineering Pune NIRF,India Ranking 2023 Overall. Nirf Ranking 2023 Kese Download Kare. Nirf Ranking 2023 Declared.,Video form Mohit Sharma Agriculture.,Mohit Sharma Agriculture [Agri by Mohit sir],2023-06-07T10:08:21Z,2023,90,1,0,PT14S,unknown,https://www.youtube.com/watch?v=MryOacEGUwk,12,Relevant,India Ranking 2023 Overall. Nirf Ranking 2023 Kese Download Kare. Nirf Ranking 2023 Declared.,Video form Mohit Sharma Agriculture.,India Ranking 2023 Overall. Nirf Ranking 2023 Kese Download Kare. Nirf Ranking 2023 Declared. Video form Mohit Sharma Agriculture.
9WTxYj5BAco,Assam University,rankings,NIRF,Assam University NIRF,Indira Gandhi National Tribal University Amarkantak | Campus Tour | Mini Vlog ❤️ #igntu #shorts #yt,Indira Gandhi National Tribal University Amarkantak | Campus Tour | Mini Vlog ❤️ #igntu #shorts #yt INDIRA GANDHI ...,TrekRoots,2023-04-19T01:58:22Z,2023,281,0,0,PT16S,unknown,https://www.youtube.com/watch?v=9WTxYj5BAco,12,Relevant,Indira Gandhi National Tribal University Amarkantak | Campus Tour | Mini Vlog ❤️ #igntu #shorts #yt,Indira Gandhi National Tribal University Amarkantak | Campus Tour | Mini Vlog ❤️ #igntu #shorts #yt INDIRA GANDHI .,Indira Gandhi National Tribal University Amarkantak | Campus Tour | Mini Vlog ❤️ #igntu #shorts #yt Indira Gandhi National Tribal University Amarkantak | Campus Tour | Mini Vlog ❤️ #igntu #shorts #yt INDIRA GANDHI .
ijf-KBDkITw,Delhi University,rankings,NIRF,Delhi University NIRF,"JC Bose University Rankings &amp; Cut-offs 2024: NIRF, IIRF, JEE Main Trends &amp; Top Engineering Courses","For more Information : https://bit.ly/3HDNW6F Explore JC Bose University, ranked in the NIRF 2024 Engineering category and IIRF ...",Collegedunia,2025-09-02T13:30:42Z,2025,421,5,0,PT55S,unknown,https://www.youtube.com/watch?v=ijf-KBDkITw,12,Relevant,"JC Bose University Rankings & Cut-offs 2024: NIRF, IIRF, JEE Main Trends & Top Engineering Courses","For more Information : Explore JC Bose University, ranked in the NIRF 2024 Engineering category and IIRF .","JC Bose University Rankings & Cut-offs 2024: NIRF, IIRF, JEE Main Trends & Top Engineering Courses For more Information : Explore JC Bose University, ranked in the NIRF 2024 Engineering category and IIRF ."
qRtbPffYWQw,Delhi University,rankings,NIRF,Delhi University NIRF,Top 20 Best Colleges in University of Delhi: NIRF 2023 Rankings,Edited by YouCut:https://youcutapp.page.link/BestEditor.,SRIRAM TV,2023-07-23T18:27:07Z,2023,63,6,1,PT3M54S,unknown,https://www.youtube.com/watch?v=qRtbPffYWQw,12,Relevant,Top 20 Best Colleges in University of Delhi: NIRF 2023 Rankings,Edited by YouCut:,Top 20 Best Colleges in University of Delhi: NIRF 2023 Rankings Edited by YouCut:
Lg6PpFAkgcg,Patna University,rankings,NIRF,Patna University NIRF,TOP 10 AIIMS according to NIRF ranking.#viral #shorts #aiims,,neetspectrum,2023-08-30T16:47:57Z,2023,56,0,0,PT12S,unknown,https://www.youtube.com/watch?v=Lg6PpFAkgcg,12,Relevant,TOP 10 AIIMS according to NIRF ranking.#viral #shorts #aiims,,TOP 10 AIIMS according to NIRF ranking.#viral #shorts #aiims
Bg741nrzy7A,Delhi University,rankings,NIRF,Delhi University NIRF,💥 Top 10 MBA Colleges in NIRF 2024! 📈 IIM Calcutta vs IIT Delhi – Who&#39;s Ahead? #MBA #CAT2024 #IIM,Top 10 MBA Colleges in NIRF 2024! IIM Calcutta vs IIT Delhi – Who's Ahead? #MBA #CAT2024 #IIM #IIT #MBA2024 ...,MBA Fundas by Sunstone,2024-09-30T05:50:00Z,2024,149256,1914,15,PT26S,unknown,https://www.youtube.com/watch?v=Bg741nrzy7A,12,Relevant,💥 Top 10 MBA Colleges in NIRF 2024! 📈 IIM Calcutta vs IIT Delhi – Who's Ahead? #MBA #CAT2024 #IIM,Top 10 MBA Colleges in NIRF 2024! IIM Calcutta vs IIT Delhi – Who's Ahead? #MBA #CAT2024 #IIM #IIT #MBA2024 .,💥 Top 10 MBA Colleges in NIRF 2024! 📈 IIM Calcutta vs IIT Delhi – Who's Ahead? #MBA #CAT2024 #IIM Top 10 MBA Colleges in NIRF 2024! IIM Calcutta vs IIT Delhi – Who's Ahead? #MBA #CAT2024 #IIM #IIT #MBA2024 .
el8TKa6PLL4,Indian Institute of Management,rankings,NIRF,Indian Institute of Management NIRF,India’s Top 10 Management Colleges Based On NIRF Rankings 2024 #nirfranking #mbacollegeranking,India's Top 10 Management Colleges Based On NIRF Rankings 2024. IIM Ahmedabad has been ranked Number 1 continuously ...,CoachDekho,2024-08-23T02:38:00Z,2024,105,3,0,PT23S,unknown,https://www.youtube.com/watch?v=el8TKa6PLL4,12,Relevant,India’s Top 10 Management Colleges Based On NIRF Rankings 2024 #nirfranking #mbacollegeranking,India's Top 10 Management Colleges Based On NIRF Rankings 2024. IIM Ahmedabad has been ranked Number 1 continuously .,India’s Top 10 Management Colleges Based On NIRF Rankings 2024 #nirfranking #mbacollegeranking India's Top 10 Management Colleges Based On NIRF Rankings 2024. IIM Ahmedabad has been ranked Number 1 continuously .
Oiz96MviDHE,Manipur University,rankings,NIRF,Manipur University NIRF,"Manipur University, PhD Admission 2024 #manipur #phd #research #phd2024 #viral #centraluniversities",,Unofficial Physics,2024-01-15T05:34:17Z,2024,410,9,0,PT1M,unknown,https://www.youtube.com/watch?v=Oiz96MviDHE,12,Relevant,"Manipur University, PhD Admission 2024 #manipur #phd #research #phd2024 #viral #centraluniversities",,"Manipur University, PhD Admission 2024 #manipur #phd #research #phd2024 #viral #centraluniversities"
9Kg3hRAnTxc,University of Hyderabad,rankings,NIRF,University of Hyderabad NIRF,Top 10 Universities in India | NIRF Ranking 2025#top10 #university #india #subscribe #2025,,FutureDesk,2025-07-02T08:30:11Z,2025,2536,12,0,PT31S,unknown,https://www.youtube.com/watch?v=9Kg3hRAnTxc,12,Relevant,Top 10 Universities in India | NIRF Ranking 2025#top10 #university #india #subscribe #2025,,Top 10 Universities in India | NIRF Ranking 2025#top10 #university #india #subscribe #2025
Dx4EzF3SxL4,Gujarat University,rankings,NIRF,Gujarat University NIRF,"QS World University Rankings 2026 | India’s Rise | IITs, NEP 2020, NIRF | UPSC Current Affairs","QS World University Rankings 2026 – India's Rise in Global Higher Education In this video, we explain everything about the QS ...",The Brain Roots IAS,2025-08-17T13:55:14Z,2025,59,3,0,PT7M53S,unknown,https://www.youtube.com/watch?v=Dx4EzF3SxL4,12,Relevant,"QS World University Rankings 2026 | India’s Rise | IITs, NEP 2020, NIRF | UPSC Current Affairs","QS World University Rankings 2026 – India's Rise in Global Higher Education In this video, we explain everything about the QS .","QS World University Rankings 2026 | India’s Rise | IITs, NEP 2020, NIRF | UPSC Current Affairs QS World University Rankings 2026 – India's Rise in Global Higher Education In this video, we explain everything about the QS ."
aZJXyOB8QME,Ranchi University,rankings,NIRF,Ranchi University NIRF,"Birla Institute of Technology Complete Guide 2025: Review, Ranking, Fees &amp; Admission Explained","Here's everything you need to know about Birla Institute of Technology, Establishment year: 1955, NIRF Ranking 2024: 82 ...",shiksha.com,2025-08-15T10:30:00Z,2025,322,2,1,PT46S,unknown,https://www.youtube.com/watch?v=aZJXyOB8QME,12,Relevant,"Birla Institute of Technology Complete Guide 2025: Review, Ranking, Fees & Admission Explained","Here's everything you need to know about Birla Institute of Technology, Establishment year: 1955, NIRF Ranking 2024: 82 .","Birla Institute of Technology Complete Guide 2025: Review, Ranking, Fees & Admission Explained Here's everything you need to know about Birla Institute of Technology, Establishment year: 1955, NIRF Ranking 2024: 82 ."
XYt6iuVzbuA,Gujarat University,rankings,NIRF,Gujarat University NIRF,Top 10 colleges of India #study#college#ranking#top10 #mirandahouse,Top 10 colleges of India #study#college#ranking#top10 Top colleges in India by NIRF ranking Miranda house tops the list ...,General Studies UPSC,2023-08-12T07:30:07Z,2023,103,15,0,PT21S,unknown,https://www.youtube.com/watch?v=XYt6iuVzbuA,12,Relevant,Top 10 colleges of India #study#college#ranking#top10 #mirandahouse,Top 10 colleges of India #study#college#ranking#top10 Top colleges in India by NIRF ranking Miranda house tops the list .,Top 10 colleges of India #study#college#ranking#top10 #mirandahouse Top 10 colleges of India #study#college#ranking#top10 Top colleges in India by NIRF ranking Miranda house tops the list .
6e80VfK9rX0,Andhra University,rankings,NIRF,Andhra University NIRF,Best NITs as per NIRF Ranking 2023,openpost1 #shorts #education #nits #engineering #best.,Openpost,2023-06-10T06:12:43Z,2023,112,1,0,PT50S,unknown,https://www.youtube.com/watch?v=6e80VfK9rX0,12,Relevant,Best NITs as per NIRF Ranking 2023,openpost1 #shorts #education #nits #engineering #best.,Best NITs as per NIRF Ranking 2023 openpost1 #shorts #education #nits #engineering #best.
7ExC-uyn2Kk,University of Hyderabad,rankings,NIRF,University of Hyderabad NIRF,NIRF ranking 2025 Engineering colleges ,nirfranking #nirf2025#ai #ai #engineeringdegree #placement #education #cse #iit #datascience #hyderabad #engineering #jee.,Dr TCS Career Guidance and Counseling ,2025-09-10T02:30:11Z,2025,5040,141,10,PT15M40S,unknown,https://www.youtube.com/watch?v=7ExC-uyn2Kk,12,Relevant,NIRF ranking 2025 Engineering colleges,nirfranking #nirf2025#ai #ai #engineeringdegree #placement #education #cse #iit #datascience #hyderabad #engineering #jee.,NIRF ranking 2025 Engineering colleges nirfranking #nirf2025#ai #ai #engineeringdegree #placement #education #cse #iit #datascience #hyderabad #engineering #jee.
Q1i7-radfq0,Mysore University,rankings,NIRF,Mysore University NIRF,"Bharath University Complete Guide 2025: Review, Ranking, Fees &amp; Admission Explained","Here's everything you need to know about Bharath Institute of Higher Education and Research, Establishment year: 1984, NIRF ...",shiksha.com,2025-10-13T06:30:10Z,2025,2787,23,3,PT39S,unknown,https://www.youtube.com/watch?v=Q1i7-radfq0,12,Relevant,"Bharath University Complete Guide 2025: Review, Ranking, Fees & Admission Explained","Here's everything you need to know about Bharath Institute of Higher Education and Research, Establishment year: 1984, NIRF .","Bharath University Complete Guide 2025: Review, Ranking, Fees & Admission Explained Here's everything you need to know about Bharath Institute of Higher Education and Research, Establishment year: 1984, NIRF ."
gttED6hW-8I,Indian Institute of Management,rankings,NIRF,Indian Institute of Management NIRF,Don&#39;t get confused with NIRF- Bschool Buddies Ranking #nirf #iim #bschool #ranking,,Bschool Buddies,2024-08-13T15:40:05Z,2024,219,8,0,PT24S,unknown,https://www.youtube.com/watch?v=gttED6hW-8I,12,Relevant,Don't get confused with NIRF- Bschool Buddies Ranking #nirf #iim #bschool #ranking,,Don't get confused with NIRF- Bschool Buddies Ranking #nirf #iim #bschool #ranking
TJ3aCQ6KSxU,Mizoram University,rankings,NIRF,Mizoram University NIRF,top nit established areas and nirf ranking in india,1. NIT Admission Process (B.Tech) – Step by Step Admission to National Institutes of Technology (NITs) is done through the Joint ...,global,2026-03-23T01:27:21Z,2026,243,8,7,PT26S,unknown,https://www.youtube.com/watch?v=TJ3aCQ6KSxU,12,Relevant,top nit established areas and nirf ranking in india,1. NIT Admission Process (B.Tech) – Step by Step Admission to National Institutes of Technology (NITs) is done through the Joint .,top nit established areas and nirf ranking in india 1. NIT Admission Process (B.Tech) – Step by Step Admission to National Institutes of Technology (NITs) is done through the Joint .
NnOEqGChF6c,Mizoram University,rankings,NIRF,Mizoram University NIRF,Why Choose Amrita AHEAD Online? NAAC A++| Top 10 NIRF Ranked,"For a more Detailed Guide on University, you can visit: https://bit.ly/3S4RLEw Also, if you want us to suggest your University ...",College Vidya,2023-10-21T12:30:11Z,2023,4296,62,10,PT40M53S,unknown,https://www.youtube.com/watch?v=NnOEqGChF6c,12,Relevant,Why Choose Amrita AHEAD Online? NAAC A++| Top 10 NIRF Ranked,"For a more Detailed Guide on University, you can visit: Also, if you want us to suggest your University .","Why Choose Amrita AHEAD Online? NAAC A++| Top 10 NIRF Ranked For a more Detailed Guide on University, you can visit: Also, if you want us to suggest your University ."
wdvUhhfjVlY,Kerala University,rankings,NIRF,Kerala University NIRF,NIRF,nirfranking #university #ranked #universityranking.,UET Universities Entrance Tips,2023-07-19T10:18:34Z,2023,84,2,0,PT50S,unknown,https://www.youtube.com/watch?v=wdvUhhfjVlY,12,Relevant,NIRF,nirfranking #university #ranked #universityranking.,NIRF nirfranking #university #ranked #universityranking.
6v2O9BFzVk4,University of Hyderabad,rankings,NIRF,University of Hyderabad NIRF,NIRF RANKING 2022 : TOP-10 IIT,,English with Nadeem Sir,2023-03-04T12:46:17Z,2023,1668,147,0,PT37S,unknown,https://www.youtube.com/watch?v=6v2O9BFzVk4,12,Relevant,NIRF RANKING 2022 : TOP-10 IIT,,NIRF RANKING 2022 : TOP-10 IIT
tLa29apL-kQ,Tezpur University,rankings,NIRF,Tezpur University NIRF,Top 10 Colleges of INDIA!! NIRF Ranking!! 2023,topcollegesofIndia #nirfranking2023 #topinstitutions #collegesofIndia #DU #presidencycollege #hinducollege #mirandahouse ...,BESST EDU HUB ,2023-07-25T21:01:47Z,2023,98,7,0,PT1M52S,unknown,https://www.youtube.com/watch?v=tLa29apL-kQ,12,Relevant,Top 10 Colleges of INDIA! NIRF Ranking! 2023,topcollegesofIndia #nirfranking2023 #topinstitutions #collegesofIndia #DU #presidencycollege #hinducollege #mirandahouse .,Top 10 Colleges of INDIA! NIRF Ranking! 2023 topcollegesofIndia #nirfranking2023 #topinstitutions #collegesofIndia #DU #presidencycollege #hinducollege #mirandahouse .
dV8h3GT2nbE,Patna University,rankings,NIRF,Patna University NIRF,Top 5 medical college as per NIRF Ranking #neet #aiims,,Priyanka Poonia,2024-10-31T01:41:11Z,2024,678,0,2,PT24S,unknown,https://www.youtube.com/watch?v=dV8h3GT2nbE,12,Relevant,Top 5 medical college as per NIRF Ranking #neet #aiims,,Top 5 medical college as per NIRF Ranking #neet #aiims
OSZA-9zl-ds,Mizoram University,rankings,NIRF,Mizoram University NIRF,Indira Gandhi National Tribal University Amarkantak | Campus Tour | Mini Vlog ❤️ #igntu #shorts #yt,INDIRA GANDHI NATIONAL TRIBAL UNIVERSITY❣️ || IGNTU CAMPUS TOUR || NATURE VIEW ✨️ ♥️ #igntu ...,TrekRoots,2023-06-07T01:34:29Z,2023,376,0,4,PT1M1S,unknown,https://www.youtube.com/watch?v=OSZA-9zl-ds,12,Relevant,Indira Gandhi National Tribal University Amarkantak | Campus Tour | Mini Vlog ❤️ #igntu #shorts #yt,INDIRA GANDHI NATIONAL TRIBAL UNIVERSITY❣️ || IGNTU CAMPUS TOUR || NATURE VIEW ✨️ ♥️ #igntu .,Indira Gandhi National Tribal University Amarkantak | Campus Tour | Mini Vlog ❤️ #igntu #shorts #yt INDIRA GANDHI NATIONAL TRIBAL UNIVERSITY❣️ || IGNTU CAMPUS TOUR || NATURE VIEW ✨️ ♥️ #igntu .
iYyknl6Whps,University of Hyderabad,rankings,NIRF,University of Hyderabad NIRF,List of all NIT colleges with their NIRF rank in tabular form 2024 #nirfrankings #nit #nitt,Disclaimer: The information presented in this video are based on publicly available sources on the internet and are subject to ...,CCSU notes,2024-12-28T08:31:03Z,2024,11409,34,1,PT6S,unknown,https://www.youtube.com/watch?v=iYyknl6Whps,12,Relevant,List of all NIT colleges with their NIRF rank in tabular form 2024 #nirfrankings #nit #nitt,Disclaimer: The information presented in this video are based on publicly available sources on the internet and are subject to .,List of all NIT colleges with their NIRF rank in tabular form 2024 #nirfrankings #nit #nitt Disclaimer: The information presented in this video are based on publicly available sources on the internet and are subject to .
RFp4ppqWM_U,University of Rajasthan,rankings,NIRF,University of Rajasthan NIRF,National Institute Ranking Framework (NIRF) Explained,"Join Telegram for PDF and updates: https://t.me/rayacademy In this informative video, join the renowned senior UPSC faculty of ...",RAYACADEMY IAS,2023-06-17T05:30:05Z,2023,272,2,0,PT12M58S,unknown,https://www.youtube.com/watch?v=RFp4ppqWM_U,12,Relevant,National Institute Ranking Framework (NIRF) Explained,"Join Telegram for PDF and updates: In this informative video, join the renowned senior UPSC faculty of .","National Institute Ranking Framework (NIRF) Explained Join Telegram for PDF and updates: In this informative video, join the renowned senior UPSC faculty of ."
nrcUIRlbpyo,Assam University,rankings,NIRF,Assam University NIRF,"Top NIRF Engineering Colleges in Assam | IIT Guwahati, IIITG Placements &amp; Rankings #nirf #reels","Looking for the best B.Tech colleges in Assam? In this video, we compare the only Assam institutes featured in NIRF rankings ...",College Mentor,2026-02-21T05:40:01Z,2026,973,25,1,PT58S,unknown,https://www.youtube.com/watch?v=nrcUIRlbpyo,12,Relevant,"Top NIRF Engineering Colleges in Assam | IIT Guwahati, IIITG Placements & Rankings #nirf #reels","Looking for the best B.Tech colleges in Assam? In this video, we compare the only Assam institutes featured in NIRF rankings .","Top NIRF Engineering Colleges in Assam | IIT Guwahati, IIITG Placements & Rankings #nirf #reels Looking for the best B.Tech colleges in Assam? In this video, we compare the only Assam institutes featured in NIRF rankings ."
W5eoxAfR3U8,Tezpur University,rankings,NIRF,Tezpur University NIRF,"📢 The Truth About Tezpur University’s Vice-Chancellor Prof. Shambhu Nath Singh, CV in Desc","JOI AAI AXOM! We, the students of Tezpur University, demand transparency, accountability, and respect. Here are the facts you ...",The AI Yogi,2025-09-24T16:04:46Z,2025,953,21,3,PT4M18S,unknown,https://www.youtube.com/watch?v=W5eoxAfR3U8,12,Relevant,"📢 The Truth About Tezpur University’s Vice-Chancellor Prof. Shambhu Nath Singh, CV in Desc","JOI AAI AXOM! We, the students of Tezpur University, demand transparency, accountability, and respect. Here are the facts you .","📢 The Truth About Tezpur University’s Vice-Chancellor Prof. Shambhu Nath Singh, CV in Desc JOI AAI AXOM! We, the students of Tezpur University, demand transparency, accountability, and respect. Here are the facts you ."
afdkuiCSiEA,Tezpur University,rankings,NIRF,Tezpur University NIRF,"📢 The Truth Tezpur University’s Vice-Chancellor Prof. Shambhu Nath Singh, CV below p2 #ytshorts","JOI AAI AXOM! We, the students of Tezpur University, demand transparency, accountability, and respect. Here are the facts you ...",The AI Yogi,2025-09-24T16:22:21Z,2025,1248,58,2,PT2M48S,unknown,https://www.youtube.com/watch?v=afdkuiCSiEA,12,Relevant,"📢 The Truth Tezpur University’s Vice-Chancellor Prof. Shambhu Nath Singh, CV below p2 #ytshorts","JOI AAI AXOM! We, the students of Tezpur University, demand transparency, accountability, and respect. Here are the facts you .","📢 The Truth Tezpur University’s Vice-Chancellor Prof. Shambhu Nath Singh, CV below p2 #ytshorts JOI AAI AXOM! We, the students of Tezpur University, demand transparency, accountability, and respect. Here are the facts you ."
qH1f202P8M4,Delhi University,rankings,NIRF,Delhi University NIRF,5 Govt Medical Colleges Better Than AIIMS Delhi! | NIRF Ranking 2025,Think AIIMS Delhi is unbeatable? Think again! Here are the Top 5 Government Medical Colleges that have outperformed AIIMS ...,Career Counsellor Sudip 🎯,2025-10-14T09:44:27Z,2025,2092,41,4,PT59S,unknown,https://www.youtube.com/watch?v=qH1f202P8M4,12,Relevant,5 Govt Medical Colleges Better Than AIIMS Delhi! | NIRF Ranking 2025,Think AIIMS Delhi is unbeatable? Think again! Here are the Top 5 Government Medical Colleges that have outperformed AIIMS .,5 Govt Medical Colleges Better Than AIIMS Delhi! | NIRF Ranking 2025 Think AIIMS Delhi is unbeatable? Think again! Here are the Top 5 Government Medical Colleges that have outperformed AIIMS .
xfjTc_t4trE,Gujarat University,rankings,NIRF,Gujarat University NIRF,Uttaranchal University Online Education UGC &amp; NIRF status🤔,Subscribe this channel and press the bell icon**** FOLLOW US FOR EDUCATIONAL VIDEOS HERE:- Whatsapp no. 9911999560 ...,Counselling India,2024-03-23T06:58:57Z,2024,32,1,0,PT5M15S,unknown,https://www.youtube.com/watch?v=xfjTc_t4trE,12,Relevant,Uttaranchal University Online Education UGC & NIRF status🤔,Subscribe this channel and press the bell icon**** FOLLOW US FOR EDUCATIONAL VIDEOS HERE:- Whatsapp no. 9911999560 .,Uttaranchal University Online Education UGC & NIRF status🤔 Subscribe this channel and press the bell icon**** FOLLOW US FOR EDUCATIONAL VIDEOS HERE:- Whatsapp no. 9911999560 .
aKWGMYRqeGQ,Patna University,rankings,NIRF,Patna University NIRF,Reality Of NIRF Ranking || NIRF Ranking 2024 #nirfranking,"For All MBA Admission Related Queries, Send us Hi on Whatsapp : https://wa.me/message/7W7FTURSWSGVJ1 Or You Can Call ...",MBA with Arshi Khan,2024-08-15T17:00:00Z,2024,16190,367,6,PT37S,unknown,https://www.youtube.com/watch?v=aKWGMYRqeGQ,12,Relevant,Reality Of NIRF Ranking || NIRF Ranking 2024 #nirfranking,"For All MBA Admission Related Queries, Send us Hi on Whatsapp : Or You Can Call .","Reality Of NIRF Ranking || NIRF Ranking 2024 #nirfranking For All MBA Admission Related Queries, Send us Hi on Whatsapp : Or You Can Call ."
9boiiIsuAts,North Eastern Hill University,rankings,NIRF,North Eastern Hill University NIRF,"North Eastern Hill University(NEHU) , Shillong Meghalaya, Beautiful campus  Drone view ❣️#college",,DeEpAk InSaNe Vlog,2023-06-07T09:04:04Z,2023,16307,0,35,PT13S,unknown,https://www.youtube.com/watch?v=9boiiIsuAts,12,Relevant,"North Eastern Hill University(NEHU) , Shillong Meghalaya, Beautiful campus Drone view ❣️#college",,"North Eastern Hill University(NEHU) , Shillong Meghalaya, Beautiful campus Drone view ❣️#college"
M0bwu7Zpg_o,Tezpur University,rankings,NIRF,Tezpur University NIRF,"📢 The Truth About Tezpur University’s Vice-Chancellor Prof. Shambhu Nath Singh, CV below #ytshorts","JOI AAI AXOM! We, the students of Tezpur University, demand transparency, accountability, and respect. Here are the facts you ...",The AI Yogi,2025-09-24T16:18:38Z,2025,1371,53,2,PT1M31S,unknown,https://www.youtube.com/watch?v=M0bwu7Zpg_o,12,Relevant,"📢 The Truth About Tezpur University’s Vice-Chancellor Prof. Shambhu Nath Singh, CV below #ytshorts","JOI AAI AXOM! We, the students of Tezpur University, demand transparency, accountability, and respect. Here are the facts you .","📢 The Truth About Tezpur University’s Vice-Chancellor Prof. Shambhu Nath Singh, CV below #ytshorts JOI AAI AXOM! We, the students of Tezpur University, demand transparency, accountability, and respect. Here are the facts you ."
4I-2ZtZE33I,Central University of Karnataka,rankings,NIRF,Central University of Karnataka NIRF,Top 20 Medical College | NIRF Ranking | NEET | All India Ranking | Best Medical Colleges ,"TOP 20 Best Colleges for MBBS MD | Top Medical Colleges In India Subscribe to our Channel ""ALL ACADEMY"" to Learn the ...",All Academy,2025-09-12T10:38:08Z,2025,935,24,0,PT5M51S,unknown,https://www.youtube.com/watch?v=4I-2ZtZE33I,12,Relevant,Top 20 Medical College | NIRF Ranking | NEET | All India Ranking | Best Medical Colleges,"TOP 20 Best Colleges for MBBS MD | Top Medical Colleges In India Subscribe to our Channel ""ALL ACADEMY"" to Learn the .","Top 20 Medical College | NIRF Ranking | NEET | All India Ranking | Best Medical Colleges TOP 20 Best Colleges for MBBS MD | Top Medical Colleges In India Subscribe to our Channel ""ALL ACADEMY"" to Learn the ."
KuTk0LIbp4A,Madan Mohan Malaviya University of Technology,rankings,NIRF,Madan Mohan Malaviya University of Technology NIRF,MMMUT College Gorakhpur Campus Review #mmmut #mmmutgorakhpur,"mmmutgorakhpur #mmmut Welcome to our detailed campus tour of Madan Mohan Malaviya University of Technology (MMMUT), ...",TECH NIRDESHAK,2025-08-01T13:05:38Z,2025,59886,448,9,PT9S,unknown,https://www.youtube.com/watch?v=KuTk0LIbp4A,12,Relevant,MMMUT College Gorakhpur Campus Review #mmmut #mmmutgorakhpur,"mmmutgorakhpur #mmmut Welcome to our detailed campus tour of Madan Mohan Malaviya University of Technology (MMMUT), .","MMMUT College Gorakhpur Campus Review #mmmut #mmmutgorakhpur mmmutgorakhpur #mmmut Welcome to our detailed campus tour of Madan Mohan Malaviya University of Technology (MMMUT), ."
_eWItHD6wlo,Sikkim University,rankings,NIRF,Sikkim University NIRF,Indira Gandhi National Tribal University Amarkantak | Campus Tour | Mini Vlog ❤️ #igntu #shorts #yt,INDIRA GANDHI NATIONAL TRIBAL UNIVERSITY❣️ || IGNTU CAMPUS TOUR || NATURE VIEW ✨️ ♥️ #igntu ...,TrekRoots,2023-08-19T09:43:19Z,2023,1769,0,4,PT10S,unknown,https://www.youtube.com/watch?v=_eWItHD6wlo,12,Relevant,Indira Gandhi National Tribal University Amarkantak | Campus Tour | Mini Vlog ❤️ #igntu #shorts #yt,INDIRA GANDHI NATIONAL TRIBAL UNIVERSITY❣️ || IGNTU CAMPUS TOUR || NATURE VIEW ✨️ ♥️ #igntu .,Indira Gandhi National Tribal University Amarkantak | Campus Tour | Mini Vlog ❤️ #igntu #shorts #yt INDIRA GANDHI NATIONAL TRIBAL UNIVERSITY❣️ || IGNTU CAMPUS TOUR || NATURE VIEW ✨️ ♥️ #igntu .
2pTXZUBzxqo,VIT Bhopal University,rankings,NIRF,VIT Bhopal University NIRF,VIT Bhopal Review 2024 | College Review | Placements VIT Bhopal | Vellore,"VIT Bhopal Review 2024 | College Review | Placements VIT Bhopal | Vellore In this short, I have explained about the scenario of ...",Arsh Goyal,2024-06-06T09:02:02Z,2024,99893,1610,114,PT47S,unknown,https://www.youtube.com/watch?v=2pTXZUBzxqo,12,Relevant,VIT Bhopal Review 2024 | College Review | Placements VIT Bhopal | Vellore,"VIT Bhopal Review 2024 | College Review | Placements VIT Bhopal | Vellore In this short, I have explained about the scenario of .","VIT Bhopal Review 2024 | College Review | Placements VIT Bhopal | Vellore VIT Bhopal Review 2024 | College Review | Placements VIT Bhopal | Vellore In this short, I have explained about the scenario of ."
jP8ZPC6tFbo,University of Mumbai,rankings,NIRF,University of Mumbai NIRF,"Mumbai University Overview | Ranking, Top Courses, Fees &amp; Placement Details #mumbaiuniversity",Send 'Hey' on *WhatsApp 8585951111* for FREE GUIDANCE or Click here https://wa.link/ieb0vw *Discover everything you ...,shiksha.com,2025-10-01T15:30:34Z,2025,16462,222,1,PT2M45S,unknown,https://www.youtube.com/watch?v=jP8ZPC6tFbo,12,Relevant,"Mumbai University Overview | Ranking, Top Courses, Fees & Placement Details #mumbaiuniversity",Send 'Hey' on *WhatsApp 8585951111* for FREE GUIDANCE or Click here *Discover everything you .,"Mumbai University Overview | Ranking, Top Courses, Fees & Placement Details #mumbaiuniversity Send 'Hey' on *WhatsApp 8585951111* for FREE GUIDANCE or Click here *Discover everything you ."
2BcQl0tPL4g,University of Mumbai,rankings,NIRF,University of Mumbai NIRF,NIRF ranking of Pharmacy Colleges in 2023 - All India Ranks,Music track: Japan by Milky Wayvers Source: https://freetouse.com/music Free Background Music for Video.,Pharma Literati [Part of Edu Literati],2023-06-09T19:58:00Z,2023,134,2,0,PT8M22S,unknown,https://www.youtube.com/watch?v=2BcQl0tPL4g,12,Relevant,NIRF ranking of Pharmacy Colleges in 2023 - All India Ranks,Music track: Japan by Milky Wayvers Source: Free Background Music for Video.,NIRF ranking of Pharmacy Colleges in 2023 - All India Ranks Music track: Japan by Milky Wayvers Source: Free Background Music for Video.
ixUjYzac3SY,University of Mumbai,rankings,NIRF,University of Mumbai NIRF,IIT Bombay enters top 150 list in QS World Ranking: QS World University Rankings 2024,openpost1 #shorts #education #ranking #university.,Openpost,2023-06-28T17:07:45Z,2023,212,5,0,PT40S,unknown,https://www.youtube.com/watch?v=ixUjYzac3SY,12,Relevant,IIT Bombay enters top 150 list in QS World Ranking: QS World University Rankings 2024,openpost1 #shorts #education #ranking #university.,IIT Bombay enters top 150 list in QS World Ranking: QS World University Rankings 2024 openpost1 #shorts #education #ranking #university.
JQBYY1C9e2w,SRM Institute of Science and Technology,rankings,NIRF,SRM Institute of Science and Technology NIRF,About #SRM Kattankulathur in one line❤️‍🔥🤩 | Students review🙌🏼 | #srmist #srmktr |#rtr #rtrvlogs,"SRM Institute of Science and Technology (SRMIST), formerly known as SRM University, is a prominent private deemed university ...",RTR Vlogs,2025-06-04T15:13:01Z,2025,1153989,33592,359,PT52S,unknown,https://www.youtube.com/watch?v=JQBYY1C9e2w,12,Relevant,About #SRM Kattankulathur in one line❤️‍🔥🤩 | Students review🙌🏼 | #srmist #srmktr |#rtr #rtrvlogs,"SRM Institute of Science and Technology (SRMIST), formerly known as SRM University, is a prominent private deemed university .","About #SRM Kattankulathur in one line❤️‍🔥🤩 | Students review🙌🏼 | #srmist #srmktr |#rtr #rtrvlogs SRM Institute of Science and Technology (SRMIST), formerly known as SRM University, is a prominent private deemed university ."
K-GWnA_fv9E,SRM Institute of Science and Technology,rankings,NIRF,SRM Institute of Science and Technology NIRF,Does NIRF Ranking Matters to choose college through Placements perspective? 🤔 #shorts #placement,Stay tuned for more educational content. Please LIKE ❤️ SHARE & SUBSCRIBE for staying connected ✌️ Let's Crack #jee ...,My ClassHome - Mukund Chavan,2023-06-06T04:30:05Z,2023,668,23,3,PT42S,unknown,https://www.youtube.com/watch?v=K-GWnA_fv9E,12,Relevant,Does NIRF Ranking Matters to choose college through Placements perspective? 🤔 #shorts #placement,Stay tuned for more educational content. Please LIKE ❤️ SHARE & SUBSCRIBE for staying connected ✌️ Let's Crack #jee .,Does NIRF Ranking Matters to choose college through Placements perspective? 🤔 #shorts #placement Stay tuned for more educational content. Please LIKE ❤️ SHARE & SUBSCRIBE for staying connected ✌️ Let's Crack #jee .
qZ8bi8hzLhA,SRM Institute of Science and Technology,rankings,NIRF,SRM Institute of Science and Technology NIRF,"ভারতের শীর্ষতম বিশ্ববিদ্যালয় 65% Scholarship Admission open - SRM University, Chennai ",ভারতের শীর্ষতম বিশ্ববিদ্যালয় SRM Institute of Science and Technology-তে ...,Educarebd,2026-05-21T15:40:28Z,2026,49,0,1,PT2M55S,unknown,https://www.youtube.com/watch?v=qZ8bi8hzLhA,12,Relevant,"ভারতের শীর্ষতম বিশ্ববিদ্যালয় 65% Scholarship Admission open - SRM University, Chennai",ভারতের শীর্ষতম বিশ্ববিদ্যালয় SRM Institute of Science and Technology-তে .,"ভারতের শীর্ষতম বিশ্ববিদ্যালয় 65% Scholarship Admission open - SRM University, Chennai ভারতের শীর্ষতম বিশ্ববিদ্যালয় SRM Institute of Science and Technology-তে ."
Aw6sw1NDaVQ,SRM Institute of Science and Technology,rankings,NIRF,SRM Institute of Science and Technology NIRF,Top 20 Engineering Private Colleges | NIRF Ranking 2022 | #engineering #btech #iit,In This Video We Will Talk About Top 20 Engineering Private Colleges... Subscribe us For More Informative Content Related to ...,Bodmas Engineering Careers,2023-01-24T05:41:51Z,2023,2022,30,3,PT1M51S,unknown,https://www.youtube.com/watch?v=Aw6sw1NDaVQ,12,Relevant,Top 20 Engineering Private Colleges | NIRF Ranking 2022 | #engineering #btech #iit,In This Video We Will Talk About Top 20 Engineering Private Colleges. Subscribe us For More Informative Content Related to .,Top 20 Engineering Private Colleges | NIRF Ranking 2022 | #engineering #btech #iit In This Video We Will Talk About Top 20 Engineering Private Colleges. Subscribe us For More Informative Content Related to .
iQewlW43TTw,SRM Institute of Science and Technology,rankings,NIRF,SRM Institute of Science and Technology NIRF,Top 5 Chennai Colleges Revealed! See Who Made the 2024 NIRF List 🎓#collegereview #chennai,Discover Chennai's Elite: Explore the Top 5 NIRF Ranked Colleges! ✨ #chennai #colleges #review #studentlife #srm ...,College Suggest,2024-06-25T12:30:38Z,2024,441,5,0,PT43S,unknown,https://www.youtube.com/watch?v=iQewlW43TTw,12,Relevant,Top 5 Chennai Colleges Revealed! See Who Made the 2024 NIRF List 🎓#collegereview #chennai,Discover Chennai's Elite: Explore the Top 5 NIRF Ranked Colleges! ✨ #chennai #colleges #review #studentlife #srm .,Top 5 Chennai Colleges Revealed! See Who Made the 2024 NIRF List 🎓#collegereview #chennai Discover Chennai's Elite: Explore the Top 5 NIRF Ranked Colleges! ✨ #chennai #colleges #review #studentlife #srm .
qUGXWA9dC38,SRM Institute of Science and Technology,rankings,NIRF,SRM Institute of Science and Technology NIRF,SRM | ITER SOA | KIIT Last Phase Exam 🚨 | Top NIRF Colleges | B.Tech CSE Admission Open 2026,"Missed earlier entrance exam phases? Don't worry! The last phase of SRMJEEE, KIITEE Phase 3, and admission opportunities ...",Vivek [IIT KGP],2026-06-25T10:46:13Z,2026,101,0,0,PT1M47S,unknown,https://www.youtube.com/watch?v=qUGXWA9dC38,12,Relevant,SRM | ITER SOA | KIIT Last Phase Exam 🚨 | Top NIRF Colleges | B.Tech CSE Admission Open 2026,"Missed earlier entrance exam phases? Don't worry! The last phase of SRMJEEE, KIITEE Phase 3, and admission opportunities .","SRM | ITER SOA | KIIT Last Phase Exam 🚨 | Top NIRF Colleges | B.Tech CSE Admission Open 2026 Missed earlier entrance exam phases? Don't worry! The last phase of SRMJEEE, KIITEE Phase 3, and admission opportunities ."
nSBNzp6G-UQ,BML Munjal University,rankings,NIRF,BML Munjal University NIRF,Self Introduction (BML Munjal University),Edit with InShot: https://inshotshare.app.,Pragya Garg,2024-03-27T17:27:53Z,2024,75,1,0,PT58S,unknown,https://www.youtube.com/watch?v=nSBNzp6G-UQ,12,Relevant,Self Introduction (BML Munjal University),Edit with InShot:,Self Introduction (BML Munjal University) Edit with InShot:
49CBfZCSXMc,University of Madras,rankings,NIRF,University of Madras NIRF,Nirf Ranking 1 Engineering Institute In India #iitmadras #iitmcampus #trendingshorts,,Squirrel IITM,2024-12-23T14:19:09Z,2024,943,16,0,PT8S,unknown,https://www.youtube.com/watch?v=49CBfZCSXMc,12,Relevant,Nirf Ranking 1 Engineering Institute In India #iitmadras #iitmcampus #trendingshorts,,Nirf Ranking 1 Engineering Institute In India #iitmadras #iitmcampus #trendingshorts
Qwgivq2Gkes,University of Madras,rankings,NIRF,University of Madras NIRF,NIRF Rankings 2024: Unveiling India&#39;s Top Institutions! #shorts,"The latest NIRF Rankings 2024, showcasing India's top higher education institutions. Learn about the new categories, the ...",Vajiram and Ravi Official,2024-08-13T13:50:51Z,2024,3991,309,3,PT1M,unknown,https://www.youtube.com/watch?v=Qwgivq2Gkes,12,Relevant,NIRF Rankings 2024: Unveiling India's Top Institutions! #shorts,"The latest NIRF Rankings 2024, showcasing India's top higher education institutions. Learn about the new categories, the .","NIRF Rankings 2024: Unveiling India's Top Institutions! #shorts The latest NIRF Rankings 2024, showcasing India's top higher education institutions. Learn about the new categories, the ."
Kw7enCmT9GA,VIT Bhopal University,rankings,NIRF,VIT Bhopal University NIRF,"VIT Bhopal college review | admission, placement, cutoff, fee, campus",College Review Google Form: https://forms.gle/Kt541cKbLvRFnYRT8 College Review playlist: ...,Prabhat Ranjan,2024-03-17T06:30:11Z,2024,23184,261,95,PT10M51S,unknown,https://www.youtube.com/watch?v=Kw7enCmT9GA,12,Relevant,"VIT Bhopal college review | admission, placement, cutoff, fee, campus",College Review Google Form: College Review playlist: .,"VIT Bhopal college review | admission, placement, cutoff, fee, campus College Review Google Form: College Review playlist: ."
kac7OEyExtE,Sikkim University,rankings,NIRF,Sikkim University NIRF,Manipal Cutoff 2025 | Manipal University Admission &amp; Mark vs Rank #manipaljaipur #manipaluniversity,Manipal Cutoff 2025 | Manipal University Admission & Mark vs Rank #manipaljaipur #manipaluniversity. Confused ...,Career Initiative,2025-05-15T09:30:32Z,2025,23092,24,3,PT10S,unknown,https://www.youtube.com/watch?v=kac7OEyExtE,12,Relevant,Manipal Cutoff 2025 | Manipal University Admission & Mark vs Rank #manipaljaipur #manipaluniversity,Manipal Cutoff 2025 | Manipal University Admission & Mark vs Rank #manipaljaipur #manipaluniversity. Confused .,Manipal Cutoff 2025 | Manipal University Admission & Mark vs Rank #manipaljaipur #manipaluniversity Manipal Cutoff 2025 | Manipal University Admission & Mark vs Rank #manipaljaipur #manipaluniversity. Confused .
z2tXEC6Ta7k,University of Madras,rankings,NIRF,University of Madras NIRF,NIRF Rank - 01✨️ IIT Madras😍 #trending #edit #iitmadras #motivation,,DakshEditz,2025-03-09T06:19:32Z,2025,66,7,0,PT24S,unknown,https://www.youtube.com/watch?v=z2tXEC6Ta7k,12,Relevant,NIRF Rank - 01✨️ IIT Madras😍 #trending #edit #iitmadras #motivation,,NIRF Rank - 01✨️ IIT Madras😍 #trending #edit #iitmadras #motivation
DLNgR_vVMMo,Madan Mohan Malaviya University of Technology,rankings,NIRF,Madan Mohan Malaviya University of Technology NIRF,"MMMUT Complete Guide 2025: Review, Ranking, Fees &amp; Admission Explained","Here's everything you need to know about Madan Mohan Malaviya University of Technology, Establishment year: 2013, NIRF ...",shiksha.com,2025-08-13T08:30:11Z,2025,702,3,1,PT48S,unknown,https://www.youtube.com/watch?v=DLNgR_vVMMo,12,Relevant,"MMMUT Complete Guide 2025: Review, Ranking, Fees & Admission Explained","Here's everything you need to know about Madan Mohan Malaviya University of Technology, Establishment year: 2013, NIRF .","MMMUT Complete Guide 2025: Review, Ranking, Fees & Admission Explained Here's everything you need to know about Madan Mohan Malaviya University of Technology, Establishment year: 2013, NIRF ."
eFkVe-5OQkg,University of Mumbai,rankings,NIRF,University of Mumbai NIRF,"Top 5 Law College in India, according to NIRF Ranking 2023","Hello Everyone, I am Vishal Kumar, certified Career Counsellor and Career Coach. I am here to help student and follow their ...",Upasana (Drama Kimchi),2023-07-24T12:30:32Z,2023,230,13,0,PT11S,unknown,https://www.youtube.com/watch?v=eFkVe-5OQkg,12,Relevant,"Top 5 Law College in India, according to NIRF Ranking 2023","Hello Everyone, I am Vishal Kumar, certified Career Counsellor and Career Coach. I am here to help student and follow their .","Top 5 Law College in India, according to NIRF Ranking 2023 Hello Everyone, I am Vishal Kumar, certified Career Counsellor and Career Coach. I am here to help student and follow their ."
H5uTz6E3ZuI,SRM Institute of Science and Technology,rankings,NIRF,SRM Institute of Science and Technology NIRF,"SRM University KTR Campus | Fees, Admission, Placement &amp; Ranking | Best Private Engineering College",srmuniversity #engineeringcolleges #jee2025 #srmjeee #SRMAdmission #srmktr #PrivateEngineeringCollege #SRMPlacement ...,Benchmark Advisory Management,2025-02-26T09:44:17Z,2025,111,6,1,PT2M5S,unknown,https://www.youtube.com/watch?v=H5uTz6E3ZuI,12,Relevant,"SRM University KTR Campus | Fees, Admission, Placement & Ranking | Best Private Engineering College",srmuniversity #engineeringcolleges #jee2025 #srmjeee #SRMAdmission #srmktr #PrivateEngineeringCollege #SRMPlacement .,"SRM University KTR Campus | Fees, Admission, Placement & Ranking | Best Private Engineering College srmuniversity #engineeringcolleges #jee2025 #srmjeee #SRMAdmission #srmktr #PrivateEngineeringCollege #SRMPlacement ."
dgP4jnhg8yA,Madan Mohan Malaviya University of Technology,rankings,NIRF,Madan Mohan Malaviya University of Technology NIRF,MMMUT Gorakhpur College Review 2025: Truth About Placements &amp; Campus Life,"In this video, I share a complete and honest review of Madan Mohan Malaviya University of Technology (MMMUT), Gorakhpur.",Prabhat Ranjan,2025-11-13T06:30:30Z,2025,14832,223,71,PT7M45S,unknown,https://www.youtube.com/watch?v=dgP4jnhg8yA,12,Relevant,MMMUT Gorakhpur College Review 2025: Truth About Placements & Campus Life,"In this video, I share a complete and honest review of Madan Mohan Malaviya University of Technology (MMMUT), Gorakhpur.","MMMUT Gorakhpur College Review 2025: Truth About Placements & Campus Life In this video, I share a complete and honest review of Madan Mohan Malaviya University of Technology (MMMUT), Gorakhpur."
pYq2Hd_2uJw,Savitribai Phule Pune University,rankings,NIRF,Savitribai Phule Pune University NIRF,#NIRF Ranking 2025 : #SPPU चे Ranking 16 वरून 91 वर | Maharashtra | Special Report,ऑक्सफर्ड ऑफ द ईस्ट म्हणून ओळखल्या जाणाऱ्या आणि केवळ ...,EduVarta ,2025-09-05T14:18:42Z,2025,1717,21,4,PT6M22S,unknown,https://www.youtube.com/watch?v=pYq2Hd_2uJw,12,Relevant,#NIRF Ranking 2025 : #SPPU चे Ranking 16 वरून 91 वर | Maharashtra | Special Report,ऑक्सफर्ड ऑफ द ईस्ट म्हणून ओळखल्या जाणाऱ्या आणि केवळ .,#NIRF Ranking 2025 : #SPPU चे Ranking 16 वरून 91 वर | Maharashtra | Special Report ऑक्सफर्ड ऑफ द ईस्ट म्हणून ओळखल्या जाणाऱ्या आणि केवळ .
xR9ctbs8Z-Y,Savitribai Phule Pune University,rankings,NIRF,Savitribai Phule Pune University NIRF,Hostel Room Tour | Girls Hostel  L-10 | Pune University,Pune University Girls Hostel Room tour for all the new comers and all the new suggestions are kindly welcomed.,hello Laxmi !!,2025-05-19T12:53:46Z,2025,7854,109,81,PT5M9S,unknown,https://www.youtube.com/watch?v=xR9ctbs8Z-Y,12,Relevant,Hostel Room Tour | Girls Hostel L-10 | Pune University,Pune University Girls Hostel Room tour for all the new comers and all the new suggestions are kindly welcomed.,Hostel Room Tour | Girls Hostel L-10 | Pune University Pune University Girls Hostel Room tour for all the new comers and all the new suggestions are kindly welcomed.
IX10IqAKLlc,Savitribai Phule Pune University,rankings,NIRF,Savitribai Phule Pune University NIRF,😱🎓Savitribai Phule Pune University...📚👩‍🎓#university  #pune #study#students  #youtube#youtubeshorts,Savitribai Phule Pune University...    ‍  #university #pune #study#students #youtube#youtubeshorts @sushama.16.,Sushama👩‍🎓,2023-03-26T03:07:24Z,2023,37205,667,4,PT13S,unknown,https://www.youtube.com/watch?v=IX10IqAKLlc,12,Relevant,😱🎓Savitribai Phule Pune University.📚👩‍🎓#university #pune #study#students #youtube#youtubeshorts,Savitribai Phule Pune University. ‍ #university #pune #study#students #youtube#youtubeshorts @sushama.16.,😱🎓Savitribai Phule Pune University.📚👩‍🎓#university #pune #study#students #youtube#youtubeshorts Savitribai Phule Pune University. ‍ #university #pune #study#students #youtube#youtubeshorts @sushama.16.
e3SUDDaPkb8,Dr Babasaheb Ambedkar Technological University,rankings,NIRF,Dr Babasaheb Ambedkar Technological University NIRF,Dr Bhim Rao Ambedkar College Delhi University Campus Tour #students #college #du #dekhocampus,,Dekhocampus,2023-09-13T18:39:04Z,2023,168362,3310,116,PT25S,unknown,https://www.youtube.com/watch?v=e3SUDDaPkb8,12,Relevant,Dr Bhim Rao Ambedkar College Delhi University Campus Tour #students #college #du #dekhocampus,,Dr Bhim Rao Ambedkar College Delhi University Campus Tour #students #college #du #dekhocampus
eF7RsOBKi0E,Banaras Hindu University,rankings,NIRF,Banaras Hindu University NIRF,NIRF RANKING 2024 India Top 10 Universities #iit #iitbombay #iitmadras #bhu #banarashinduuniversity,,GK GS Manthan,2024-08-16T09:41:00Z,2024,171,12,0,PT33S,unknown,https://www.youtube.com/watch?v=eF7RsOBKi0E,12,Relevant,NIRF RANKING 2024 India Top 10 Universities #iit #iitbombay #iitmadras #bhu #banarashinduuniversity,,NIRF RANKING 2024 India Top 10 Universities #iit #iitbombay #iitmadras #bhu #banarashinduuniversity
ywP6Dlr7dDk,Jadavpur University,rankings,NIRF,Jadavpur University NIRF,Top 10 Engineering College in Bangalore 2023 | Top 10 Nirf Ranking Engineering College in Bangalore,,College Kul Shorts ,2023-06-23T03:55:13Z,2023,24,1,0,PT35S,unknown,https://www.youtube.com/watch?v=ywP6Dlr7dDk,12,Relevant,Top 10 Engineering College in Bangalore 2023 | Top 10 Nirf Ranking Engineering College in Bangalore,,Top 10 Engineering College in Bangalore 2023 | Top 10 Nirf Ranking Engineering College in Bangalore
6NmkxYAsIzg,Jadavpur University,rankings,NIRF,Jadavpur University NIRF,Jadavpur University: কি মুক্তাঞ্চল ?,,Jagoron Bangla,2023-08-27T05:29:13Z,2023,4791,105,4,PT1M1S,unknown,https://www.youtube.com/watch?v=6NmkxYAsIzg,12,Relevant,Jadavpur University: কি মুক্তাঞ্চল ?,,Jadavpur University: কি মুক্তাঞ্চল ?
4e0K0xDGKo4,University of Mumbai,rankings,NIRF,University of Mumbai NIRF,Best Business Schools in Mumbai: NIRF RANKING 2023,openpost1 #shorts #education #best #management #businessschool #mumbai.,Openpost,2023-06-11T10:00:29Z,2023,195,1,0,PT24S,unknown,https://www.youtube.com/watch?v=4e0K0xDGKo4,12,Relevant,Best Business Schools in Mumbai: NIRF RANKING 2023,openpost1 #shorts #education #best #management #businessschool #mumbai.,Best Business Schools in Mumbai: NIRF RANKING 2023 openpost1 #shorts #education #best #management #businessschool #mumbai.
ffiXtge4r1E,Jadavpur University,rankings,NIRF,Jadavpur University NIRF,UNIVERSITY OF CALCUTTA | BTECH | PLACEMENT DATA | NIRF,For direct admission inquiries: call: +91 9339012199 Whatsapp: https://wa.me/919339012199 .,wbjee-org,2026-06-03T15:39:20Z,2026,300,5,1,PT2M47S,unknown,https://www.youtube.com/watch?v=ffiXtge4r1E,12,Relevant,UNIVERSITY OF CALCUTTA | BTECH | PLACEMENT DATA | NIRF,For direct admission inquiries: call: +91 9339012199 Whatsapp: .,UNIVERSITY OF CALCUTTA | BTECH | PLACEMENT DATA | NIRF For direct admission inquiries: call: +91 9339012199 Whatsapp: .
opMG06wOy2c,University of Calcutta,rankings,NIRF,University of Calcutta NIRF,Medical college Kolkata | #45 NIRF RANKING | NEET 2023 |,,Aditya Swaroop [MCK] MBBS,2023-07-15T17:27:34Z,2023,1309,53,0,PT11S,unknown,https://www.youtube.com/watch?v=opMG06wOy2c,12,Relevant,Medical college Kolkata | #45 NIRF RANKING | NEET 2023 |,,Medical college Kolkata | #45 NIRF RANKING | NEET 2023 |
yNefk0WljB8,University of Calcutta,rankings,NIRF,University of Calcutta NIRF,Calcutta University Median 9.2 LPA according to NIRF. Is it true?,,Bibaswan Mukherjee,2024-06-04T11:59:36Z,2024,1602,50,66,PT3M3S,unknown,https://www.youtube.com/watch?v=yNefk0WljB8,12,Relevant,Calcutta University Median 9.2 LPA according to NIRF. Is it true?,,Calcutta University Median 9.2 LPA according to NIRF. Is it true?
6DW-DDr5BMU,University of Calcutta,rankings,NIRF,University of Calcutta NIRF,"NIRF Ranking 2024. Top MBA Colleges, IIMs IITs",,Campusutra,2024-08-17T10:07:34Z,2024,29,2,0,PT1M4S,unknown,https://www.youtube.com/watch?v=6DW-DDr5BMU,12,Relevant,"NIRF Ranking 2024. Top MBA Colleges, IIMs IITs",,"NIRF Ranking 2024. Top MBA Colleges, IIMs IITs"
SOSXTbqWscw,Aligarh Muslim University,rankings,NIRF,Aligarh Muslim University NIRF,iftar part ||Aligarh muslim University || AMU||Zhcet||Engineers|Aligarh,,Vlogs by Shafat,2023-04-15T20:56:53Z,2023,574,22,0,PT16S,unknown,https://www.youtube.com/watch?v=SOSXTbqWscw,12,Relevant,iftar part ||Aligarh muslim University || AMU||Zhcet||Engineers|Aligarh,,iftar part ||Aligarh muslim University || AMU||Zhcet||Engineers|Aligarh
Fxh-O3KcpIA,Jadavpur University,rankings,NIRF,Jadavpur University NIRF,NIRF Rankings 2025: ফের একে উঠে এল যাদবপুর | #TV9D,Jadavpur University tops NIRF Rankings 2025: ফের একে উঠে এল যাদবপুর #JadavpurUniversity ...,TV9 Bangla,2025-09-05T14:45:15Z,2025,18481,197,30,PT2M32S,unknown,https://www.youtube.com/watch?v=Fxh-O3KcpIA,12,Relevant,NIRF Rankings 2025: ফের একে উঠে এল যাদবপুর | #TV9D,Jadavpur University tops NIRF Rankings 2025: ফের একে উঠে এল যাদবপুর #JadavpurUniversity .,NIRF Rankings 2025: ফের একে উঠে এল যাদবপুর | #TV9D Jadavpur University tops NIRF Rankings 2025: ফের একে উঠে এল যাদবপুর #JadavpurUniversity .
1WdU2JxBPng,VIT Bhopal University,rankings,NIRF,VIT Bhopal University NIRF,VIT Bhopal Campus Expected Cut-off all Branches |All branch Cat 1/2/3/4/5 Safe rank #cutoff #viral,VIT Bhopal Campus Expected Cut-off all Branch ✓| All branch Cat1/2/3/4/5 Safe rank #cutoff https://rqiwel.courses.store/652461 ...,Information & Educational Videos,2025-05-08T12:53:08Z,2025,8725,0,36,PT23S,unknown,https://www.youtube.com/watch?v=1WdU2JxBPng,12,Relevant,VIT Bhopal Campus Expected Cut-off all Branches |All branch Cat 1/2/3/4/5 Safe rank #cutoff #viral,VIT Bhopal Campus Expected Cut-off all Branch ✓| All branch Cat1/2/3/4/5 Safe rank #cutoff .,VIT Bhopal Campus Expected Cut-off all Branches |All branch Cat 1/2/3/4/5 Safe rank #cutoff #viral VIT Bhopal Campus Expected Cut-off all Branch ✓| All branch Cat1/2/3/4/5 Safe rank #cutoff .
oVo0v0YV9Xw,VIT Bhopal University,rankings,NIRF,VIT Bhopal University NIRF,VIT Bhopal Rank vs Branch: Which Branch Can You Get in Category 1 to 5?,"Free VITEEE College Predictor - https://bit.ly/42UJRl Discover how VIT Bhopal branch allotment works based on VITEEE rank, ...",Collegedunia,2026-05-08T15:18:20Z,2026,15000,152,69,PT1M21S,unknown,https://www.youtube.com/watch?v=oVo0v0YV9Xw,12,Relevant,VIT Bhopal Rank vs Branch: Which Branch Can You Get in Category 1 to 5?,"Free VITEEE College Predictor - Discover how VIT Bhopal branch allotment works based on VITEEE rank, .","VIT Bhopal Rank vs Branch: Which Branch Can You Get in Category 1 to 5? Free VITEEE College Predictor - Discover how VIT Bhopal branch allotment works based on VITEEE rank, ."
xKDejjp2LWo,Jawaharlal Nehru University,rankings,NIRF,Jawaharlal Nehru University NIRF,Top 10 Universities in India. 2024 According to National institute ranking framework #university,"ndian Institute of Science (IISc), Bangalore: Ranked first for the third year in a row Jawaharlal Nehru University (JNU), New Delhi: ...",Daily bytes0,2024-10-20T07:30:29Z,2024,334,14,0,PT53S,unknown,https://www.youtube.com/watch?v=xKDejjp2LWo,12,Relevant,Top 10 Universities in India. 2024 According to National institute ranking framework #university,"ndian Institute of Science (IISc), Bangalore: Ranked first for the third year in a row Jawaharlal Nehru University (JNU), New Delhi: .","Top 10 Universities in India. 2024 According to National institute ranking framework #university ndian Institute of Science (IISc), Bangalore: Ranked first for the third year in a row Jawaharlal Nehru University (JNU), New Delhi: ."
7WcSZNBMbyc,University of Hyderabad,rankings,NIRF,University of Hyderabad NIRF,Top 10 Engineering colleges in Tamil Nadu (based on nirf ranking),enginnering #tneacutoff #vit #nirfranking #cse #shorts #trending #top10 #ssncollege #iitmadras.,Eggpuffs,2024-05-09T03:04:30Z,2024,294503,5671,23,PT38S,unknown,https://www.youtube.com/watch?v=7WcSZNBMbyc,12,Relevant,Top 10 Engineering colleges in Tamil Nadu (based on nirf ranking),enginnering #tneacutoff #vit #nirfranking #cse #shorts #trending #top10 #ssncollege #iitmadras.,Top 10 Engineering colleges in Tamil Nadu (based on nirf ranking) enginnering #tneacutoff #vit #nirfranking #cse #shorts #trending #top10 #ssncollege #iitmadras.
knVyVa67LGI,Jawaharlal Nehru University,rankings,NIRF,Jawaharlal Nehru University NIRF,भारत की टॉप 10 यूनिवर्सिटीज़ 2024 | Top 10 Universities in India | NIRF Ranking,देश की सबसे बेहतरीन यूनिवर्सिटीज़ कौन सी हैं? जानिए 2024 की टॉप 10 ...,Test your knowledge ,2025-05-15T14:36:18Z,2025,1999,18,0,PT31S,unknown,https://www.youtube.com/watch?v=knVyVa67LGI,12,Relevant,भारत की टॉप 10 यूनिवर्सिटीज़ 2024 | Top 10 Universities in India | NIRF Ranking,देश की सबसे बेहतरीन यूनिवर्सिटीज़ कौन सी हैं? जानिए 2024 की टॉप 10 .,भारत की टॉप 10 यूनिवर्सिटीज़ 2024 | Top 10 Universities in India | NIRF Ranking देश की सबसे बेहतरीन यूनिवर्सिटीज़ कौन सी हैं? जानिए 2024 की टॉप 10 .
4BWSwo6x2Yg,University of Allahabad,rankings,NIRF,University of Allahabad NIRF,Why Top college NIRF rank is Decreasing &amp; tier 3 increasing | Kisse College Ke,Kisse College Ke(playlist): https://www.youtube.com/playlist?list=PL1GuOd_kR3QRyMWUpP3_mrlixuUlr7BDV Why Top college ...,Prabhat Ranjan,2023-09-16T06:30:00Z,2023,613,28,6,PT7M35S,unknown,https://www.youtube.com/watch?v=4BWSwo6x2Yg,12,Relevant,Why Top college NIRF rank is Decreasing & tier 3 increasing | Kisse College Ke,Kisse College Ke(playlist): Why Top college .,Why Top college NIRF rank is Decreasing & tier 3 increasing | Kisse College Ke Kisse College Ke(playlist): Why Top college .
egiIt1dpFZc,Andhra University,rankings,NIRF,Andhra University NIRF,Top NIRF Ranking Dental colleges in India/#dentalcollges,https://www.youtube.com/@Destinycalling-rc1jg pls subscribe my channel and give support ☹☹ #medicaleducation #jipmer ...,Destiny's Calling ,2023-07-05T14:10:39Z,2023,150,0,0,PT43S,unknown,https://www.youtube.com/watch?v=egiIt1dpFZc,12,Relevant,Top NIRF Ranking Dental colleges in India/#dentalcollges,pls subscribe my channel and give support ☹☹ #medicaleducation #jipmer .,Top NIRF Ranking Dental colleges in India/#dentalcollges pls subscribe my channel and give support ☹☹ #medicaleducation #jipmer .
_OzFMKyc_ZQ,Jawaharlal Nehru University,rankings,NIRF,Jawaharlal Nehru University NIRF,Top 3 Best Universities in India | Best Indian Universities #JNU #BHU #JMI,Top 3 NIRF Ranked Universities in India | Best Indian Universities #JNU #BHU #JMI Top 3 Best Universities in India | Best Indian ...,LearnEveryone,2023-11-24T07:20:14Z,2023,178,0,0,PT1M,unknown,https://www.youtube.com/watch?v=_OzFMKyc_ZQ,12,Relevant,Top 3 Best Universities in India | Best Indian Universities #JNU #BHU #JMI,Top 3 NIRF Ranked Universities in India | Best Indian Universities #JNU #BHU #JMI Top 3 Best Universities in India | Best Indian .,Top 3 Best Universities in India | Best Indian Universities #JNU #BHU #JMI Top 3 NIRF Ranked Universities in India | Best Indian Universities #JNU #BHU #JMI Top 3 Best Universities in India | Best Indian .
gQWecPWYe2s,University of Allahabad,rankings,NIRF,University of Allahabad NIRF,Top 10 IIITS || Nirf Ranking || IIIT #iiit #iiit_delhi #iiitbhubaneswar #iitbombay  #iiitallahabad,"Hey friends, Hope you like this information about Top 10 IIITS (Indian Institute of Information Technology) We have provided you ...",Design With Nihal,2024-09-26T17:35:47Z,2024,30524,444,14,PT56S,unknown,https://www.youtube.com/watch?v=gQWecPWYe2s,12,Relevant,Top 10 IIITS || Nirf Ranking || IIIT #iiit #iiit_delhi #iiitbhubaneswar #iitbombay #iiitallahabad,"Hey friends, Hope you like this information about Top 10 IIITS (Indian Institute of Information Technology) We have provided you .","Top 10 IIITS || Nirf Ranking || IIIT #iiit #iiit_delhi #iiitbhubaneswar #iitbombay #iiitallahabad Hey friends, Hope you like this information about Top 10 IIITS (Indian Institute of Information Technology) We have provided you ."
WCqGORDgGVs,Andhra University,rankings,NIRF,Andhra University NIRF,"AP Top 2_ Andhra University, cutoff AP Engineering Colleges CSE Cutoff","ap eapcet cutoff rank, ap eamcet cutoff rank 2024 college wise, ap eamcet cutoff rank 2025 college wise, eamcet cutoff ranks 2025 ...",Manabadi Videos,2025-06-20T04:12:38Z,2025,138992,258,0,PT4S,unknown,https://www.youtube.com/watch?v=WCqGORDgGVs,12,Relevant,"AP Top 2_ Andhra University, cutoff AP Engineering Colleges CSE Cutoff","ap eapcet cutoff rank, ap eamcet cutoff rank 2024 college wise, ap eamcet cutoff rank 2025 college wise, eamcet cutoff ranks 2025 .","AP Top 2_ Andhra University, cutoff AP Engineering Colleges CSE Cutoff ap eapcet cutoff rank, ap eamcet cutoff rank 2024 college wise, ap eamcet cutoff rank 2025 college wise, eamcet cutoff ranks 2025 ."
iTPuUOjh0BU,Mysore University,rankings,NIRF,Mysore University NIRF,NIRF Ranking | Amrita Vishwa Vidyapeetham,,Amrita Vishwa Vidyapeetham,2025-09-04T16:53:26Z,2025,48689,1472,0,PT29S,unknown,https://www.youtube.com/watch?v=iTPuUOjh0BU,12,Relevant,NIRF Ranking | Amrita Vishwa Vidyapeetham,,NIRF Ranking | Amrita Vishwa Vidyapeetham
aOefhR0c-0o,Osmania University,rankings,NIRF,Osmania University NIRF,NIRF 2025 University ranks in India #tgset 2025 #ugcnet 2025,tgset2025 #ugcnetpaper1 #telugu #jublihillsbyelection #sabbidi.,Teenmar Mallana Team Kamareddy ,2025-11-10T16:45:11Z,2025,211,3,0,PT47S,unknown,https://www.youtube.com/watch?v=aOefhR0c-0o,12,Relevant,NIRF 2025 University ranks in India #tgset 2025 #ugcnet 2025,tgset2025 #ugcnetpaper1 #telugu #jublihillsbyelection #sabbidi.,NIRF 2025 University ranks in India #tgset 2025 #ugcnet 2025 tgset2025 #ugcnetpaper1 #telugu #jublihillsbyelection #sabbidi.
SomayEv8Xiw,College of Engineering Pune,rankings,NIRF,College of Engineering Pune NIRF,Top 20 Engineering Colleges in Maharashtra (NIRF 2024),Where to Study Engineering in Maharashtra? Top 20 Colleges (NIRF 2024) Looking for the best engineering colleges in ...,CrashCourseforEngineers,2025-04-16T14:02:30Z,2025,83,0,0,PT47S,unknown,https://www.youtube.com/watch?v=SomayEv8Xiw,12,Relevant,Top 20 Engineering Colleges in Maharashtra (NIRF 2024),Where to Study Engineering in Maharashtra? Top 20 Colleges (NIRF 2024) Looking for the best engineering colleges in .,Top 20 Engineering Colleges in Maharashtra (NIRF 2024) Where to Study Engineering in Maharashtra? Top 20 Colleges (NIRF 2024) Looking for the best engineering colleges in .
WRwU3Blri4E,Osmania University,rankings,NIRF,Osmania University NIRF,NIRF RANKING 2024 #TOP IIT &#39;s #PHANI sir,,PHANI sir MATHS IIT - JEE CLASSES,2024-08-13T08:00:23Z,2024,2609,90,4,PT3M36S,unknown,https://www.youtube.com/watch?v=WRwU3Blri4E,12,Relevant,NIRF RANKING 2024 #TOP IIT 's #PHANI sir,,NIRF RANKING 2024 #TOP IIT 's #PHANI sir
ncV2Sk2GbKI,University of Hyderabad,rankings,NIRF,University of Hyderabad NIRF,Indian Coleege Ranking 2023:NIRF #shorts,"shorts For the fifth consecutive year, the Indian Institute of Technology (IIT)-Madras has maintained its position as the leading ...",Sarthak Reacts,2023-06-14T10:30:14Z,2023,14959,931,26,PT41S,unknown,https://www.youtube.com/watch?v=ncV2Sk2GbKI,12,Relevant,Indian Coleege Ranking 2023:NIRF #shorts,"shorts For the fifth consecutive year, the Indian Institute of Technology (IIT)-Madras has maintained its position as the leading .","Indian Coleege Ranking 2023:NIRF #shorts shorts For the fifth consecutive year, the Indian Institute of Technology (IIT)-Madras has maintained its position as the leading ."
qo0_TfDuVFU,Savitribai Phule Pune University,rankings,NIRF,Savitribai Phule Pune University NIRF,COEP Engineering College Pune || Fees || Cutoff || Eligibility || Nirf Ranking || Placement,,College Guftugu,2023-10-24T14:09:09Z,2023,215,1,0,PT26S,unknown,https://www.youtube.com/watch?v=qo0_TfDuVFU,12,Relevant,COEP Engineering College Pune || Fees || Cutoff || Eligibility || Nirf Ranking || Placement,,COEP Engineering College Pune || Fees || Cutoff || Eligibility || Nirf Ranking || Placement
iCknlB0CLMs,Jawaharlal Nehru University,rankings,NIRF,Jawaharlal Nehru University NIRF,"Top 10 Universities Under CUET 2026 | Best Central Universities Ranking | DU, BHU, JNU | Must Watch",Are you preparing for CUET 2026 and dreaming of getting into a top central university in India? This is the only video you need ...,CUET Mentor By Prince Anand,2026-02-19T21:25:11Z,2026,463,9,6,PT13M40S,unknown,https://www.youtube.com/watch?v=iCknlB0CLMs,12,Relevant,"Top 10 Universities Under CUET 2026 | Best Central Universities Ranking | DU, BHU, JNU | Must Watch",Are you preparing for CUET 2026 and dreaming of getting into a top central university in India? This is the only video you need .,"Top 10 Universities Under CUET 2026 | Best Central Universities Ranking | DU, BHU, JNU | Must Watch Are you preparing for CUET 2026 and dreaming of getting into a top central university in India? This is the only video you need ."
R9Wyc25tyGs,Central University of South Bihar,rankings,NIRF,Central University of South Bihar NIRF,Top Open Universities in India NIRF Ranking 2025 | Best Distance &amp; Online Learning #OpenUniversity,,SOURAV SIR'S CLASSES,2025-09-08T08:30:24Z,2025,3101,40,0,PT37S,unknown,https://www.youtube.com/watch?v=R9Wyc25tyGs,12,Relevant,Top Open Universities in India NIRF Ranking 2025 | Best Distance & Online Learning #OpenUniversity,,Top Open Universities in India NIRF Ranking 2025 | Best Distance & Online Learning #OpenUniversity
qMURo5a-ETs,Jawaharlal Nehru University,rankings,NIRF,Jawaharlal Nehru University NIRF,Jawaharlal lal Nehru university admin#jnu,,Jyoti chauhan,2023-10-10T07:13:41Z,2023,81,7,1,PT1M1S,unknown,https://www.youtube.com/watch?v=qMURo5a-ETs,12,Relevant,Jawaharlal lal Nehru university admin#jnu,,Jawaharlal lal Nehru university admin#jnu
CqbbSJr5Zhk,Dibrugarh University,rankings,NIRF,Dibrugarh University NIRF,Assam  government Medical College | Assam govt medical College review | Assam mbbs fees,TOP GOVERNMENT MEDICAL COLLEGE IN ASSAM STATE | nirf rank mbbs fees stipend hostel fees mbbs seat | ASSAM ...,TechSkill and Science ,2025-05-12T06:18:24Z,2025,724,5,0,PT1M49S,unknown,https://www.youtube.com/watch?v=CqbbSJr5Zhk,12,Relevant,Assam government Medical College | Assam govt medical College review | Assam mbbs fees,TOP GOVERNMENT MEDICAL COLLEGE IN ASSAM STATE | nirf rank mbbs fees stipend hostel fees mbbs seat | ASSAM .,Assam government Medical College | Assam govt medical College review | Assam mbbs fees TOP GOVERNMENT MEDICAL COLLEGE IN ASSAM STATE | nirf rank mbbs fees stipend hostel fees mbbs seat | ASSAM .
MhTTiZRiThM,BML Munjal University,rankings,NIRF,BML Munjal University NIRF,BML Munjal College Review 2024 for MBA : Highest Package 25 lpa 💸Campus Insights ✅ Roi Analysis 🤔,"For All MBA Admission Related Queries, Fill Our Profile Analysis Form : https://rb.gy/ms7s6 Or You Can Call Us At : 9111400222 ...",MBA with Arshi Khan,2025-03-03T15:00:33Z,2025,5514,77,57,PT11M5S,unknown,https://www.youtube.com/watch?v=MhTTiZRiThM,12,Relevant,BML Munjal College Review 2024 for MBA : Highest Package 25 lpa 💸Campus Insights ✅ Roi Analysis 🤔,"For All MBA Admission Related Queries, Fill Our Profile Analysis Form : Or You Can Call Us At : 9111400222 .","BML Munjal College Review 2024 for MBA : Highest Package 25 lpa 💸Campus Insights ✅ Roi Analysis 🤔 For All MBA Admission Related Queries, Fill Our Profile Analysis Form : Or You Can Call Us At : 9111400222 ."
RQAA6RzyQno,University of Madras,rankings,NIRF,University of Madras NIRF,IIT Madras #1 NIRF 2025 Rankings | Top Indian Engineering Institute,"IIT Madras has once again secured the **top spot in NIRF 2025**, making it the **10th year in a row**! This is a huge achievement ...",Recforge,2025-09-08T06:19:50Z,2025,2,1,0,PT1M27S,unknown,https://www.youtube.com/watch?v=RQAA6RzyQno,12,Relevant,IIT Madras #1 NIRF 2025 Rankings | Top Indian Engineering Institute,"IIT Madras has once again secured the **top spot in NIRF 2025**, making it the **10th year in a row**! This is a huge achievement .","IIT Madras #1 NIRF 2025 Rankings | Top Indian Engineering Institute IIT Madras has once again secured the **top spot in NIRF 2025**, making it the **10th year in a row**! This is a huge achievement ."
iP3eYhI9A5c,VIT Vellore,rankings,NIRF,VIT Vellore NIRF,NIRF RANKING 2022: COLLEGES | UGCNETPAPER 1 | APTITUDE | HIGHER EDUCATION,,"Raaj Academy: Best Academy for NET,TRB ,CUET Exams",2023-04-12T13:51:09Z,2023,531,8,0,PT43S,unknown,https://www.youtube.com/watch?v=iP3eYhI9A5c,12,Relevant,NIRF RANKING 2022: COLLEGES | UGCNETPAPER 1 | APTITUDE | HIGHER EDUCATION,,NIRF RANKING 2022: COLLEGES | UGCNETPAPER 1 | APTITUDE | HIGHER EDUCATION
1MfRh0HQv9w,University of Madras,rankings,NIRF,University of Madras NIRF,IIT Madras Tops NIRF Rankings Again! 🎓 2024 08 13,"IIT-M has retained its position as the top educational institution in India for the sixth consecutive year, according NIRF) rankings ...",Irfan Ansari,2024-08-13T07:09:25Z,2024,4,0,0,PT1M19S,unknown,https://www.youtube.com/watch?v=1MfRh0HQv9w,12,Relevant,IIT Madras Tops NIRF Rankings Again! 🎓 2024 08 13,"IIT-M has retained its position as the top educational institution in India for the sixth consecutive year, according NIRF) rankings .","IIT Madras Tops NIRF Rankings Again! 🎓 2024 08 13 IIT-M has retained its position as the top educational institution in India for the sixth consecutive year, according NIRF) rankings ."
oS7LLIRSE0w,VIT Vellore,rankings,NIRF,VIT Vellore NIRF,NIRF Ranking 2026 🏆 Best Universities Through CUET #nirf #nirfranking #cuetuniversities #cuetug,,CUET Wallah ,2026-06-13T13:30:22Z,2026,35187,711,12,PT43S,unknown,https://www.youtube.com/watch?v=oS7LLIRSE0w,12,Relevant,NIRF Ranking 2026 🏆 Best Universities Through CUET #nirf #nirfranking #cuetuniversities #cuetug,,NIRF Ranking 2026 🏆 Best Universities Through CUET #nirf #nirfranking #cuetuniversities #cuetug
SroAXKbcj5E,University of Madras,rankings,NIRF,University of Madras NIRF,IIT Madras Tops NIRF 2024 Rankings Again,The Indian Institute of Technology (IIT)-Madras has once again secured the top spot in the National Institutional Ranking ...,the_news_pulse,2024-08-12T18:18:12Z,2024,7,3,0,PT1M16S,unknown,https://www.youtube.com/watch?v=SroAXKbcj5E,12,Relevant,IIT Madras Tops NIRF 2024 Rankings Again,The Indian Institute of Technology (IIT)-Madras has once again secured the top spot in the National Institutional Ranking .,IIT Madras Tops NIRF 2024 Rankings Again The Indian Institute of Technology (IIT)-Madras has once again secured the top spot in the National Institutional Ranking .
DlY6ScT8uWU,VIT Vellore,rankings,NIRF,VIT Vellore NIRF,Top 10 Medical Colleges in India | NIRF Ranking | #mbbs #shorts #neet2023 #neet,Top 10 Medical Colleges in India ✨ #mbbs #shorts #neet2023 #neet Hashtags:- #mbbs #mbbsabroad #mbbsmotivation ...,Verified Medico,2023-06-17T15:35:00Z,2023,170,8,0,PT1M,unknown,https://www.youtube.com/watch?v=DlY6ScT8uWU,12,Relevant,Top 10 Medical Colleges in India | NIRF Ranking | #mbbs #shorts #neet2023 #neet,Top 10 Medical Colleges in India ✨ #mbbs #shorts #neet2023 #neet Hashtags:- #mbbs #mbbsabroad #mbbsmotivation .,Top 10 Medical Colleges in India | NIRF Ranking | #mbbs #shorts #neet2023 #neet Top 10 Medical Colleges in India ✨ #mbbs #shorts #neet2023 #neet Hashtags:- #mbbs #mbbsabroad #mbbsmotivation .
mktGQwcUjiw,VIT Vellore,rankings,NIRF,VIT Vellore NIRF,Tamil Nadu Top 20 Universities 2026 | NIRF Ranking Under 100 | NIRF |,"NIRFRanking #CollegeAdmissions #Admission2026 #tnea2026 #rstechynews In this video, we share the Top 20 Universities in ...",rstechynews,2026-01-31T06:51:34Z,2026,421,11,0,PT5M37S,unknown,https://www.youtube.com/watch?v=mktGQwcUjiw,12,Relevant,Tamil Nadu Top 20 Universities 2026 | NIRF Ranking Under 100 | NIRF |,"NIRFRanking #CollegeAdmissions #Admission2026 #tnea2026 #rstechynews In this video, we share the Top 20 Universities in .","Tamil Nadu Top 20 Universities 2026 | NIRF Ranking Under 100 | NIRF | NIRFRanking #CollegeAdmissions #Admission2026 #tnea2026 #rstechynews In this video, we share the Top 20 Universities in ."
iY0HdXqw2Ug,Kerala University,rankings,NIRF,Kerala University NIRF,NIRF Ranking 2023-Top 10 IITs college in india #shorts,Top 10 IITs college in india #shorts #iit #madrasah #delhi #bombay #up #engineering #college #india #scene #science #facts ...,Mr.TopTenz,2023-08-28T01:02:55Z,2023,110,5,1,PT38S,unknown,https://www.youtube.com/watch?v=iY0HdXqw2Ug,11,Relevant,NIRF Ranking 2023-Top 10 IITs college in india #shorts,Top 10 IITs college in india #shorts #iit #madrasah #delhi #bombay #up #engineering #college #india #scene #science #facts .,NIRF Ranking 2023-Top 10 IITs college in india #shorts Top 10 IITs college in india #shorts #iit #madrasah #delhi #bombay #up #engineering #college #india #scene #science #facts .
E1h54CxcBMw,Patna University,rankings,NIRF,Patna University NIRF,BIHAR MBBS COLLEGE ROCK IN NIRF RANKING 2023 #biologydreamers #motivation #mbbscollege #mbbs #2023,Important Updates for NEET ASPIRANTS.,BIOLOGY DREAMERS,2023-07-06T12:30:10Z,2023,69,0,0,PT23S,unknown,https://www.youtube.com/watch?v=E1h54CxcBMw,11,Relevant,BIHAR MBBS COLLEGE ROCK IN NIRF RANKING 2023 #biologydreamers #motivation #mbbscollege #mbbs #2023,Important Updates for NEET ASPIRANTS.,BIHAR MBBS COLLEGE ROCK IN NIRF RANKING 2023 #biologydreamers #motivation #mbbscollege #mbbs #2023 Important Updates for NEET ASPIRANTS.
y3dskYWJfqk,Lucknow University,rankings,NIRF,Lucknow University NIRF,Top 10 Btech Colleges In INDIA | NIRF Ranking 2025 Released #engineering #nirfranking,Studentkhabri Counselling Mentorship : https://shorturl.at/WyvLD Profile Analysis ...,Student Khabri,2025-09-09T12:31:34Z,2025,277,13,0,PT5M21S,unknown,https://www.youtube.com/watch?v=y3dskYWJfqk,11,Relevant,Top 10 Btech Colleges In INDIA | NIRF Ranking 2025 Released #engineering #nirfranking,Studentkhabri Counselling Mentorship : Profile Analysis .,Top 10 Btech Colleges In INDIA | NIRF Ranking 2025 Released #engineering #nirfranking Studentkhabri Counselling Mentorship : Profile Analysis .
dgVJ8OrvIzY,Mysore University,rankings,NIRF,Mysore University NIRF,Top 10 Private Medical Colleges in India by NIRF Ranking 2023  #MedicalColleges #PW #Shorts,Click Here To Enroll in NEXUS ENGLISH Batch for Free & Get Access to Class Notes & Other things: ...,PW English Medium ,2023-08-23T16:30:16Z,2023,14967,425,2,PT57S,unknown,https://www.youtube.com/watch?v=dgVJ8OrvIzY,11,Relevant,Top 10 Private Medical Colleges in India by NIRF Ranking 2023 #MedicalColleges #PW #Shorts,Click Here To Enroll in NEXUS ENGLISH Batch for Free & Get Access to Class Notes & Other things: .,Top 10 Private Medical Colleges in India by NIRF Ranking 2023 #MedicalColleges #PW #Shorts Click Here To Enroll in NEXUS ENGLISH Batch for Free & Get Access to Class Notes & Other things: .
ueepx7Xvkx0,Kerala University,rankings,NIRF,Kerala University NIRF,TOP 10 PRIVATE ENGINEERING COLLEGES IN SOUTH INDIA WITH NIRF RANKING 2025,"For Free Career Guidance, College Admission & Counselling Support : 8778137061 ...",RISING STAR CAREER GUIDANCE 🌟,2025-04-14T12:31:05Z,2025,42960,168,13,PT1M48S,unknown,https://www.youtube.com/watch?v=ueepx7Xvkx0,11,Relevant,TOP 10 PRIVATE ENGINEERING COLLEGES IN SOUTH INDIA WITH NIRF RANKING 2025,"For Free Career Guidance, College Admission & Counselling Support : 8778137061 .","TOP 10 PRIVATE ENGINEERING COLLEGES IN SOUTH INDIA WITH NIRF RANKING 2025 For Free Career Guidance, College Admission & Counselling Support : 8778137061 ."
0wDAHYFDY-o,Oriental Institute of Science and Technology Bhopal,rankings,NIRF,Oriental Institute of Science and Technology Bhopal NIRF,"College Campus Tour - NRI Institute of Pharmacy [NIP], Bhopal🎓✨",Taking in the stunning architecture and envisioning the incredible opportunities that await on this awe-inspiring college campus ...,"NRI Group of Institutions, Bhopal (M.P)",2023-06-28T11:41:02Z,2023,1756,32,5,PT2M1S,unknown,https://www.youtube.com/watch?v=0wDAHYFDY-o,11,Relevant,"College Campus Tour - NRI Institute of Pharmacy [NIP], Bhopal🎓✨",Taking in the stunning architecture and envisioning the incredible opportunities that await on this awe-inspiring college campus .,"College Campus Tour - NRI Institute of Pharmacy [NIP], Bhopal🎓✨ Taking in the stunning architecture and envisioning the incredible opportunities that await on this awe-inspiring college campus ."
ZcDZm0O9_fA,Indian Institute of Management,rankings,NIRF,Indian Institute of Management NIRF,"How to Get Into IIM After 12th? |Complete IIM Roadmap | Fees, Placements, Entrance Exams &amp; NIRF Rank","In this video, we cover How to Get Into IIM After 12th with a complete roadmap including entrance exams, eligibility, and ...",Manoeuvre BBA - CET TO IPMAT Preparation,2026-03-16T11:44:22Z,2026,160,1,1,PT7M34S,unknown,https://www.youtube.com/watch?v=ZcDZm0O9_fA,11,Relevant,"How to Get Into IIM After 12th? |Complete IIM Roadmap | Fees, Placements, Entrance Exams & NIRF Rank","In this video, we cover How to Get Into IIM After 12th with a complete roadmap including entrance exams, eligibility, and .","How to Get Into IIM After 12th? |Complete IIM Roadmap | Fees, Placements, Entrance Exams & NIRF Rank In this video, we cover How to Get Into IIM After 12th with a complete roadmap including entrance exams, eligibility, and ."
VrQYSpsavrk,Kerala University,rankings,NIRF,Kerala University NIRF,NIRF Ranking 2025 | India&#39;s Best Colleges | Shafeer sir #iitian #nirfranking,Contact us : +918129493330 or Click here to chat with us directly: https://wa.me/918129493330 Mission IIT 2027 community: ...,XandY-Universal JEE,2025-09-08T11:20:03Z,2025,13286,113,21,PT6M,unknown,https://www.youtube.com/watch?v=VrQYSpsavrk,11,Relevant,NIRF Ranking 2025 | India's Best Colleges | Shafeer sir #iitian #nirfranking,Contact us : +918129493330 or Click here to chat with us directly: Mission IIT 2027 community: .,NIRF Ranking 2025 | India's Best Colleges | Shafeer sir #iitian #nirfranking Contact us : +918129493330 or Click here to chat with us directly: Mission IIT 2027 community: .
TfMBHRQvwLI,College of Engineering Pune,rankings,NIRF,College of Engineering Pune NIRF,"Top 10 Engineering Colleges In Maharashtra | Ranking, Fees, Placements...","In this video i am going to show you ""Top 10 Engineering Colleges In Maharashtra And There Ranking, Fees, Placements, ...",No name Only aim,2024-05-27T02:30:11Z,2024,205,3,0,PT2M33S,unknown,https://www.youtube.com/watch?v=TfMBHRQvwLI,11,Relevant,"Top 10 Engineering Colleges In Maharashtra | Ranking, Fees, Placements.","In this video i am going to show you ""Top 10 Engineering Colleges In Maharashtra And There Ranking, Fees, Placements, .","Top 10 Engineering Colleges In Maharashtra | Ranking, Fees, Placements. In this video i am going to show you ""Top 10 Engineering Colleges In Maharashtra And There Ranking, Fees, Placements, ."
EwsJBYfAP0s,Kerala University,rankings,NIRF,Kerala University NIRF,Top 10 Colleges | NIRF Ranking 2023 #iitmadras #iitdelhi #iitkanpur #iiscbangalore #iitbombay,,#PCS_with_Chauhan,2023-06-06T09:20:06Z,2023,10636,166,1,PT4S,unknown,https://www.youtube.com/watch?v=EwsJBYfAP0s,11,Relevant,Top 10 Colleges | NIRF Ranking 2023 #iitmadras #iitdelhi #iitkanpur #iiscbangalore #iitbombay,,Top 10 Colleges | NIRF Ranking 2023 #iitmadras #iitdelhi #iitkanpur #iiscbangalore #iitbombay
T1IltiTNgM8,Lucknow University,rankings,NIRF,Lucknow University NIRF,#shorts  #National Institutional Ranking Framework #nirf #upsc#pcs#eduphoreias,,Eduphore IAS,2023-07-05T09:20:43Z,2023,223,24,0,PT27S,unknown,https://www.youtube.com/watch?v=T1IltiTNgM8,11,Relevant,#shorts #National Institutional Ranking Framework #nirf #upsc#pcs#eduphoreias,,#shorts #National Institutional Ranking Framework #nirf #upsc#pcs#eduphoreias
O9_M1B-30qA,Lucknow University,rankings,NIRF,Lucknow University NIRF,King George&#39;s Medical College Lucknow | KGMU Campus Tour |#mbbs #neet #2024 #doctor #motivation,,The Crowd Med🩺,2024-06-18T13:00:21Z,2024,15298,424,4,PT22S,unknown,https://www.youtube.com/watch?v=O9_M1B-30qA,11,Relevant,King George's Medical College Lucknow | KGMU Campus Tour |#mbbs #neet #2024 #doctor #motivation,,King George's Medical College Lucknow | KGMU Campus Tour |#mbbs #neet #2024 #doctor #motivation
rtB0IM4QsVY,Indian Institute of Management,rankings,NIRF,Indian Institute of Management NIRF,NIRF Ranking 2024 #school #university #iit #iitbombay #iitmadras #research #learning #news,,Lucifer's Death Squad,2024-08-13T01:19:19Z,2024,3,0,0,PT1M1S,unknown,https://www.youtube.com/watch?v=rtB0IM4QsVY,11,Relevant,NIRF Ranking 2024 #school #university #iit #iitbombay #iitmadras #research #learning #news,,NIRF Ranking 2024 #school #university #iit #iitbombay #iitmadras #research #learning #news
kElBd06zuSQ,Jiwaji University Gwalior,rankings,NIRF,Jiwaji University Gwalior NIRF,jiwaji university (gwalior),jiwaji university gwalior.,Lavkush gurjar ,2026-05-02T13:21:46Z,2026,38,1,1,PT12S,unknown,https://www.youtube.com/watch?v=kElBd06zuSQ,11,Relevant,jiwaji university (gwalior),jiwaji university gwalior.,jiwaji university (gwalior) jiwaji university gwalior.
lqGSGBrmr9A,Patna University,rankings,NIRF,Patna University NIRF,Top MBA Colleges in Bihar | Complete Detail With Approval | NIRF Ranking | Fees | Seats &amp; More!,Fill out this form below to get a free profile analysis by our expert counselor: https://forms.gle/Nbb8r3LY9fDbJpwt8 For more ...,My College Buddy,2024-02-09T14:00:38Z,2024,47,0,0,PT6M5S,unknown,https://www.youtube.com/watch?v=lqGSGBrmr9A,11,Relevant,Top MBA Colleges in Bihar | Complete Detail With Approval | NIRF Ranking | Fees | Seats & More!,Fill out this form below to get a free profile analysis by our expert counselor: For more .,Top MBA Colleges in Bihar | Complete Detail With Approval | NIRF Ranking | Fees | Seats & More! Fill out this form below to get a free profile analysis by our expert counselor: For more .
AnmmEQjCW0I,Kerala University,rankings,NIRF,Kerala University NIRF,NIRF 2024 Colleges From Kerala,,Dr. Surendran Cherukodan,2024-08-06T07:20:12Z,2024,726,9,1,PT30S,unknown,https://www.youtube.com/watch?v=AnmmEQjCW0I,11,Relevant,NIRF 2024 Colleges From Kerala,,NIRF 2024 Colleges From Kerala
0_ZsjhTkWSU,Patna University,rankings,NIRF,Patna University NIRF,top bpharm colleges in india 2023 I best pharmacy college I NIRF Ranking I Review I Admission,"TopbpharmCollegesinindia #bestpharmacycollege For any further queries, Reach us 8617755699 Apnacollegenet ...",Apnacollege Net,2023-04-07T07:29:31Z,2023,423,10,0,PT39S,unknown,https://www.youtube.com/watch?v=0_ZsjhTkWSU,11,Relevant,top bpharm colleges in india 2023 I best pharmacy college I NIRF Ranking I Review I Admission,"TopbpharmCollegesinindia #bestpharmacycollege For any further queries, Reach us 8617755699 Apnacollegenet .","top bpharm colleges in india 2023 I best pharmacy college I NIRF Ranking I Review I Admission TopbpharmCollegesinindia #bestpharmacycollege For any further queries, Reach us 8617755699 Apnacollegenet ."
M7Em7BTgDfE,Lucknow University,rankings,NIRF,Lucknow University NIRF,📍KGMU LUCKNOW ❤‍🔥🥰 | Uttar pradesh top ranking college | #shorts #kgmulucknow #uttarpradesh #viral,KGMU LUCKNOW ❤‍     | Uttar pradesh top ranking college | #shorts #kgmulucknow #uttarpradesh #viral #kgmumbbs #mbbs ...,Students_union172,2023-08-22T16:15:00Z,2023,282,24,0,PT14S,unknown,https://www.youtube.com/watch?v=M7Em7BTgDfE,11,Relevant,📍KGMU LUCKNOW ❤‍🔥🥰 | Uttar pradesh top ranking college | #shorts #kgmulucknow #uttarpradesh #viral,KGMU LUCKNOW ❤‍ | Uttar pradesh top ranking college | #shorts #kgmulucknow #uttarpradesh #viral #kgmumbbs #mbbs .,📍KGMU LUCKNOW ❤‍🔥🥰 | Uttar pradesh top ranking college | #shorts #kgmulucknow #uttarpradesh #viral KGMU LUCKNOW ❤‍ | Uttar pradesh top ranking college | #shorts #kgmulucknow #uttarpradesh #viral #kgmumbbs #mbbs .
Qy5aEEvOI8o,Patna University,rankings,NIRF,Patna University NIRF,Top 10 Nit&#39;s with nirf ranking👨‍🎓||#nits #nittrichy #nitk #nitwarangal #shorts #college #status,,Rakshak [NITK],2023-10-05T07:39:31Z,2023,424,19,1,PT27S,unknown,https://www.youtube.com/watch?v=Qy5aEEvOI8o,11,Relevant,Top 10 Nit's with nirf ranking👨‍🎓||#nits #nittrichy #nitk #nitwarangal #shorts #college #status,,Top 10 Nit's with nirf ranking👨‍🎓||#nits #nittrichy #nitk #nitwarangal #shorts #college #status
D_VEVxcpfAk,Jiwaji University Gwalior,rankings,NIRF,Jiwaji University Gwalior NIRF,Top 5 Universities in India by NIRF Rankings in 2023 #shorts,In this #shorts we will be discussing the top 5 universities in India according to the National Institutional Ranking Framework ...,Life Is A Bycycle,2023-06-05T13:08:28Z,2023,303,5,0,PT37S,unknown,https://www.youtube.com/watch?v=D_VEVxcpfAk,11,Relevant,Top 5 Universities in India by NIRF Rankings in 2023 #shorts,In this #shorts we will be discussing the top 5 universities in India according to the National Institutional Ranking Framework .,Top 5 Universities in India by NIRF Rankings in 2023 #shorts In this #shorts we will be discussing the top 5 universities in India according to the National Institutional Ranking Framework .
jrtFlF3ReLg,Delhi University,rankings,NIRF,Delhi University NIRF,NIRF ranking of top 30 Engineering college in India #iit #iiit #nit #jeemains,Disclaimer: The information presented in this video are based on publicly available sources on the internet and are subject to ...,CCSU notes,2025-01-16T15:16:45Z,2025,649509,1682,45,PT5S,unknown,https://www.youtube.com/watch?v=jrtFlF3ReLg,11,Relevant,NIRF ranking of top 30 Engineering college in India #iit #iiit #nit #jeemains,Disclaimer: The information presented in this video are based on publicly available sources on the internet and are subject to .,NIRF ranking of top 30 Engineering college in India #iit #iiit #nit #jeemains Disclaimer: The information presented in this video are based on publicly available sources on the internet and are subject to .
GkX3BNnQoXY,Patna University,rankings,NIRF,Patna University NIRF,TOP IIT&#39;S IN NIRF RANKING ♥️⚡| IIT STATUS ✨ | #iitbombay #iitstatus #iitjee,,EDILHEDITZ,2023-12-19T03:48:31Z,2023,438,37,0,PT16S,unknown,https://www.youtube.com/watch?v=GkX3BNnQoXY,11,Relevant,TOP IIT'S IN NIRF RANKING ♥️⚡| IIT STATUS ✨ | #iitbombay #iitstatus #iitjee,,TOP IIT'S IN NIRF RANKING ♥️⚡| IIT STATUS ✨ | #iitbombay #iitstatus #iitjee
L0Gh8pqUUNA,University of Allahabad,rankings,NIRF,University of Allahabad NIRF,NEET UG 2024II TOP MEDICAL COLLEGE IN INDIA II NIRF RANKING II NEET 2024 UPDATES,neet2024 #NEET #TN MBBS #mbbs #NEET 2024 ADMISSION GUIDANCE #managementquota #NEET CUTOFF #NEET ...,MBBS Update Tamil,2024-03-22T09:47:39Z,2024,24,6,0,PT3M43S,unknown,https://www.youtube.com/watch?v=L0Gh8pqUUNA,11,Relevant,NEET UG 2024II TOP MEDICAL COLLEGE IN INDIA II NIRF RANKING II NEET 2024 UPDATES,neet2024 #NEET #TN MBBS #mbbs #NEET 2024 ADMISSION GUIDANCE #managementquota #NEET CUTOFF #NEET .,NEET UG 2024II TOP MEDICAL COLLEGE IN INDIA II NIRF RANKING II NEET 2024 UPDATES neet2024 #NEET #TN MBBS #mbbs #NEET 2024 ADMISSION GUIDANCE #managementquota #NEET CUTOFF #NEET .
R0Q5-Rs3LXU,Pondicherry University,rankings,NIRF,Pondicherry University NIRF,NIRF 2023 ranking of medical colleges. Comment ur dream college? #medicolife #neetpg #neetug #inicet,,Dr. Manisha Komal,2023-06-15T08:20:05Z,2023,2753,92,6,PT1M,unknown,https://www.youtube.com/watch?v=R0Q5-Rs3LXU,11,Relevant,NIRF 2023 ranking of medical colleges. Comment ur dream college? #medicolife #neetpg #neetug #inicet,,NIRF 2023 ranking of medical colleges. Comment ur dream college? #medicolife #neetpg #neetug #inicet
SW80s8rKAAQ,Pondicherry University,rankings,NIRF,Pondicherry University NIRF,Top 10 Arts &amp; Science Colleges of Tamilnadu|Based on NIRF Rank|Dineshprabhu #artscollege #colleges,topartscollege #dineshprabhu #artsandsciencecollege #topcolleges #dineshprabhu #psgcas #skcas #loyola #psgr #krishnammal ...,DINESH PRABHU,2024-05-24T05:52:12Z,2024,239265,7324,51,PT1M1S,unknown,https://www.youtube.com/watch?v=SW80s8rKAAQ,11,Relevant,Top 10 Arts & Science Colleges of Tamilnadu|Based on NIRF Rank|Dineshprabhu #artscollege #colleges,topartscollege #dineshprabhu #artsandsciencecollege #topcolleges #dineshprabhu #psgcas #skcas #loyola #psgr #krishnammal .,Top 10 Arts & Science Colleges of Tamilnadu|Based on NIRF Rank|Dineshprabhu #artscollege #colleges topartscollege #dineshprabhu #artsandsciencecollege #topcolleges #dineshprabhu #psgcas #skcas #loyola #psgr #krishnammal .
auESQjqgn18,Pondicherry University,rankings,NIRF,Pondicherry University NIRF,Top 10 NIRF Ranking Institute In India 🇮🇳                               Website - www.nirfindia.org,"This Channel provides free knowledge for School Students, Graduate Students, Fresh Candidates for Jobs and Career ...",Career Counsellor Sudip 🎯,2023-08-03T11:40:49Z,2023,286,55,32,PT50S,unknown,https://www.youtube.com/watch?v=auESQjqgn18,11,Relevant,Top 10 NIRF Ranking Institute In India 🇮🇳 Website -,"This Channel provides free knowledge for School Students, Graduate Students, Fresh Candidates for Jobs and Career .","Top 10 NIRF Ranking Institute In India 🇮🇳 Website - This Channel provides free knowledge for School Students, Graduate Students, Fresh Candidates for Jobs and Career ."
xr6epuddrGA,Pondicherry University,rankings,NIRF,Pondicherry University NIRF,Top 5 University | Top universities as per NIRF 2023,university #stateuniversity #centraluniversities Vlog Channel :-https://youtube.com/channel/UCyqkKzTjPgh4H8TcELB3UzA ...,Replenish Education,2023-05-30T07:10:22Z,2023,597,41,1,PT47S,unknown,https://www.youtube.com/watch?v=xr6epuddrGA,11,Relevant,Top 5 University | Top universities as per NIRF 2023,university #stateuniversity #centraluniversities Vlog Channel :- .,Top 5 University | Top universities as per NIRF 2023 university #stateuniversity #centraluniversities Vlog Channel :- .
Wcz5Vkb31oA,Pondicherry University,rankings,NIRF,Pondicherry University NIRF,TOP 20 DEEMED UNIVERSITIES IN TAMILNADU 2025 | NIRF RANK 2024- 2025 | VIT | Amrita | SASTRA #shorts,deemeduniversity #rstechynews #nirfranking #annauniversity #amritavishwavidyapeetham #amritauniversity ...,rstechynews,2025-02-26T13:10:19Z,2025,8517,108,1,PT59S,unknown,https://www.youtube.com/watch?v=Wcz5Vkb31oA,11,Relevant,TOP 20 DEEMED UNIVERSITIES IN TAMILNADU 2025 | NIRF RANK 2024- 2025 | VIT | Amrita | SASTRA #shorts,deemeduniversity #rstechynews #nirfranking #annauniversity #amritavishwavidyapeetham #amritauniversity .,TOP 20 DEEMED UNIVERSITIES IN TAMILNADU 2025 | NIRF RANK 2024- 2025 | VIT | Amrita | SASTRA #shorts deemeduniversity #rstechynews #nirfranking #annauniversity #amritavishwavidyapeetham #amritauniversity .
VDZIRxf5Jlw,Pondicherry University,rankings,NIRF,Pondicherry University NIRF,Top 5 Best Colleges for Engineering 2024|Deemed University|NIRF RANK|1 Crore Salary/Year Job,vit #vitee #srm #amritauniversity #sastra #dineshprabhu #tnea2024 #12thstudents.,DINESH PRABHU,2023-10-28T11:36:39Z,2023,100080,2951,21,PT58S,unknown,https://www.youtube.com/watch?v=VDZIRxf5Jlw,11,Relevant,Top 5 Best Colleges for Engineering 2024|Deemed University|NIRF RANK|1 Crore Salary/Year Job,vit #vitee #srm #amritauniversity #sastra #dineshprabhu #tnea2024 #12thstudents.,Top 5 Best Colleges for Engineering 2024|Deemed University|NIRF RANK|1 Crore Salary/Year Job vit #vitee #srm #amritauniversity #sastra #dineshprabhu #tnea2024 #12thstudents.
FSEC2uyFED4,University of Allahabad,rankings,NIRF,University of Allahabad NIRF,NIRF Institute Ranking #shorts #iit #nirf #2023 #ranking #india #jnu #du #bhu #iiscbangalore,,NoseNews,2023-06-05T17:25:30Z,2023,208,6,0,PT28S,unknown,https://www.youtube.com/watch?v=FSEC2uyFED4,11,Relevant,NIRF Institute Ranking #shorts #iit #nirf #2023 #ranking #india #jnu #du #bhu #iiscbangalore,,NIRF Institute Ranking #shorts #iit #nirf #2023 #ranking #india #jnu #du #bhu #iiscbangalore
TZFUb-Qa4zQ,Pondicherry University,rankings,NIRF,Pondicherry University NIRF,Top 5 Medical Colleges (Nirf ranking) #neet #aiims #doctor #mbbs #shorts,"HELLO FRIENDS. Welcome to @NeoHomoeopathy In this video, we explore the top 5 medical colleges in India, renowned for ...",Neo Homoeopathy,2024-08-16T09:02:00Z,2024,1040,32,1,PT31S,unknown,https://www.youtube.com/watch?v=TZFUb-Qa4zQ,11,Relevant,Top 5 Medical Colleges (Nirf ranking) #neet #aiims #doctor #mbbs #shorts,"HELLO FRIENDS. Welcome to @NeoHomoeopathy In this video, we explore the top 5 medical colleges in India, renowned for .","Top 5 Medical Colleges (Nirf ranking) #neet #aiims #doctor #mbbs #shorts HELLO FRIENDS. Welcome to @NeoHomoeopathy In this video, we explore the top 5 medical colleges in India, renowned for ."
KOXzdwMFZlg,University of Allahabad,rankings,NIRF,University of Allahabad NIRF,Top 10 higher ranking UNIVERSITY in the india  #shorts,Top 10 higher ranking UNIVERSITY in the india #shorts bhu Bangladesh usarey Allahabad UNIVERSITY mumbai UNIVERSITY ...,A to Z ,2023-02-28T05:13:18Z,2023,1680,0,0,PT37S,unknown,https://www.youtube.com/watch?v=KOXzdwMFZlg,11,Relevant,Top 10 higher ranking UNIVERSITY in the india #shorts,Top 10 higher ranking UNIVERSITY in the india #shorts bhu Bangladesh usarey Allahabad UNIVERSITY mumbai UNIVERSITY .,Top 10 higher ranking UNIVERSITY in the india #shorts Top 10 higher ranking UNIVERSITY in the india #shorts bhu Bangladesh usarey Allahabad UNIVERSITY mumbai UNIVERSITY .
c5f0LoYIpWw,BML Munjal University,rankings,NIRF,BML Munjal University NIRF,BML Munjal vs IILM University vs SOIL College | MBA &amp; PGDM Comparison 2026,"This video presents a clear and factual comparison of BML Munjal University, IILM University, and SOIL Institute of Management ...",Praful Agarwal (Vidhyapeeth Education),2026-01-30T08:30:32Z,2026,1453,5,2,PT8M37S,unknown,https://www.youtube.com/watch?v=c5f0LoYIpWw,11,Relevant,BML Munjal vs IILM University vs SOIL College | MBA & PGDM Comparison 2026,"This video presents a clear and factual comparison of BML Munjal University, IILM University, and SOIL Institute of Management .","BML Munjal vs IILM University vs SOIL College | MBA & PGDM Comparison 2026 This video presents a clear and factual comparison of BML Munjal University, IILM University, and SOIL Institute of Management ."
lc-XOz1s5Bo,BML Munjal University,rankings,NIRF,BML Munjal University NIRF,Highlights | July - Aug 2025 #BMU #campuslife  #startup,BML Munjal University (BMU) is a not-for-profit initiative offering undergraduate and post-graduate courses in management (MBA ...,BML Munjal University,2025-09-10T10:29:39Z,2025,461,8,0,PT1M25S,unknown,https://www.youtube.com/watch?v=lc-XOz1s5Bo,11,Relevant,Highlights | July - Aug 2025 #BMU #campuslife #startup,BML Munjal University (BMU) is a not-for-profit initiative offering undergraduate and post-graduate courses in management (MBA .,Highlights | July - Aug 2025 #BMU #campuslife #startup BML Munjal University (BMU) is a not-for-profit initiative offering undergraduate and post-graduate courses in management (MBA .
ElXdlDwEEEg,BML Munjal University,rankings,NIRF,BML Munjal University NIRF,BML Munjal vs Bennett University MBA 2026 Which Has the BEST ROI,Are you confused between BML Munjal University (Gurgaon) and Bennett University (Greater Noida) for MBA? In this detailed ...,Sanjay Chaudhary (Dreamz India Education),2026-02-13T07:26:53Z,2026,2774,4,0,PT5M10S,unknown,https://www.youtube.com/watch?v=ElXdlDwEEEg,11,Relevant,BML Munjal vs Bennett University MBA 2026 Which Has the BEST ROI,Are you confused between BML Munjal University (Gurgaon) and Bennett University (Greater Noida) for MBA? In this detailed .,BML Munjal vs Bennett University MBA 2026 Which Has the BEST ROI Are you confused between BML Munjal University (Gurgaon) and Bennett University (Greater Noida) for MBA? In this detailed .
e0Mr5jp3VWY,Banaras Hindu University,rankings,NIRF,Banaras Hindu University NIRF,Top 10 IIT Colleges in India based on their latest NIRF 2023 Ranking #iit #top10 🤩top10?,"Indian Institute of Technology, Madras Indian Institute of Technology, Delhi Indian Institute of Technology, Bombay Indian Institute ...",Shri_radha_madhav_0,2023-09-26T05:38:53Z,2023,21,6,8,PT3M18S,unknown,https://www.youtube.com/watch?v=e0Mr5jp3VWY,11,Relevant,Top 10 IIT Colleges in India based on their latest NIRF 2023 Ranking #iit #top10 🤩top10?,"Indian Institute of Technology, Madras Indian Institute of Technology, Delhi Indian Institute of Technology, Bombay Indian Institute .","Top 10 IIT Colleges in India based on their latest NIRF 2023 Ranking #iit #top10 🤩top10? Indian Institute of Technology, Madras Indian Institute of Technology, Delhi Indian Institute of Technology, Bombay Indian Institute ."
5wFccu7FC1o,Banaras Hindu University,rankings,NIRF,Banaras Hindu University NIRF,"Banaras Hindu University: जानिए कैसी होती है Campus Life, पढ़ाई, कितनी है फीस? | BHU",बनारस हिंदू विश्वविद्यालय (बीएचयू) वाराणसी में स्थित एक प्रसिद्ध ...,Chalo Nikalte Hai,2023-08-17T16:45:00Z,2023,16579,355,2,PT42S,unknown,https://www.youtube.com/watch?v=5wFccu7FC1o,11,Relevant,"Banaras Hindu University: जानिए कैसी होती है Campus Life, पढ़ाई, कितनी है फीस? | BHU",बनारस हिंदू विश्वविद्यालय (बीएचयू) वाराणसी में स्थित एक प्रसिद्ध .,"Banaras Hindu University: जानिए कैसी होती है Campus Life, पढ़ाई, कितनी है फीस? | BHU बनारस हिंदू विश्वविद्यालय (बीएचयू) वाराणसी में स्थित एक प्रसिद्ध ."
uELCu8FFFWs,Pondicherry University,rankings,NIRF,Pondicherry University NIRF,TNEA 2023 | Top 21 Engineering Colleges in Tamilnadu under NIRF Ranking,tnea2023 #tneacounselling #tneacutoff.,SRIVAKAR Jobs & Edu INDIA,2023-06-09T10:06:22Z,2023,638039,6951,150,PT14S,unknown,https://www.youtube.com/watch?v=uELCu8FFFWs,11,Relevant,TNEA 2023 | Top 21 Engineering Colleges in Tamilnadu under NIRF Ranking,tnea2023 #tneacounselling #tneacutoff.,TNEA 2023 | Top 21 Engineering Colleges in Tamilnadu under NIRF Ranking tnea2023 #tneacounselling #tneacutoff.
8XvU_qJS7YY,North Eastern Hill University,rankings,NIRF,North Eastern Hill University NIRF,Rakkam defends NEHU’s poor NIRF rankings,"Education Minister, Rakkam Sangma, on Tuesday defended the poor performance of NEHU in the National Institutional Ranking ...",The Shillong Times,2024-08-13T13:53:29Z,2024,52,2,2,PT1M31S,unknown,https://www.youtube.com/watch?v=8XvU_qJS7YY,11,Relevant,Rakkam defends NEHU’s poor NIRF rankings,"Education Minister, Rakkam Sangma, on Tuesday defended the poor performance of NEHU in the National Institutional Ranking .","Rakkam defends NEHU’s poor NIRF rankings Education Minister, Rakkam Sangma, on Tuesday defended the poor performance of NEHU in the National Institutional Ranking ."
ZxAOuTql5cE,Central University of South Bihar,rankings,NIRF,Central University of South Bihar NIRF,"Top 10 B.Ed Colleges in India 2025 | Fees, NIRF Ranking &amp; Courses #bedcolleges",Send 'Hey' on *WhatsApp 8585951111* for FREE GUIDANCE or Click here https://wa.link/nq4dzk *Planning for a B.Ed course in ...,shiksha.com,2025-09-11T12:33:23Z,2025,3026,44,7,PT4M26S,unknown,https://www.youtube.com/watch?v=ZxAOuTql5cE,11,Relevant,"Top 10 B.Ed Colleges in India 2025 | Fees, NIRF Ranking & Courses #bedcolleges",Send 'Hey' on *WhatsApp 8585951111* for FREE GUIDANCE or Click here *Planning for a B.Ed course in .,"Top 10 B.Ed Colleges in India 2025 | Fees, NIRF Ranking & Courses #bedcolleges Send 'Hey' on *WhatsApp 8585951111* for FREE GUIDANCE or Click here *Planning for a B.Ed course in ."
ES4btIKaAcg,Mizoram University,rankings,NIRF,Mizoram University NIRF,"17. Prof. Diwakar Tiwari (Mizoram University) (FIP UGC HRDC MzU Feb 13, 2023)","NIRF and Its Impact on Higher Educational Institutions Prof. Diwakar Tiwari Dean, School of Physical Sciences Mizoram ...",Bhartendu Singh,2023-02-19T06:51:27Z,2023,151,2,0,PT1H28M37S,unknown,https://www.youtube.com/watch?v=ES4btIKaAcg,11,Relevant,"17. Prof. Diwakar Tiwari (Mizoram University) (FIP UGC HRDC MzU Feb 13, 2023)","NIRF and Its Impact on Higher Educational Institutions Prof. Diwakar Tiwari Dean, School of Physical Sciences Mizoram .","17. Prof. Diwakar Tiwari (Mizoram University) (FIP UGC HRDC MzU Feb 13, 2023) NIRF and Its Impact on Higher Educational Institutions Prof. Diwakar Tiwari Dean, School of Physical Sciences Mizoram ."
_UBg3aF63oU,Sikkim University,rankings,NIRF,Sikkim University NIRF,Nirf ranking 2023 || Know about the Nirf ranking #nirfranking #nirfranking #nirf #josaa #csab #jee,"Welcome to our channel, where we bring you the latest updates on higher education and rankings! In this highly anticipated video, ...",Mrunal Sonawane,2023-06-15T05:28:36Z,2023,262,22,1,PT51S,unknown,https://www.youtube.com/watch?v=_UBg3aF63oU,11,Relevant,Nirf ranking 2023 || Know about the Nirf ranking #nirfranking #nirfranking #nirf #josaa #csab #jee,"Welcome to our channel, where we bring you the latest updates on higher education and rankings! In this highly anticipated video, .","Nirf ranking 2023 || Know about the Nirf ranking #nirfranking #nirfranking #nirf #josaa #csab #jee Welcome to our channel, where we bring you the latest updates on higher education and rankings! In this highly anticipated video, ."
WTUg_yAjtJQ,Sikkim University,rankings,NIRF,Sikkim University NIRF,Nirf India Ranking 2023 #nirfranking2023 #iitmadras #iiscbangalore #currentaffairs,,मालदेव क्लासेज।Maldev Classes,2023-06-05T10:00:20Z,2023,524,9,0,PT5S,unknown,https://www.youtube.com/watch?v=WTUg_yAjtJQ,11,Relevant,Nirf India Ranking 2023 #nirfranking2023 #iitmadras #iiscbangalore #currentaffairs,,Nirf India Ranking 2023 #nirfranking2023 #iitmadras #iiscbangalore #currentaffairs
T5QYqkIN-zs,Tripura University,rankings,NIRF,Tripura University NIRF,## Top 5 medical College in India..🔥🔥## NIRF ranking of medical colleges||Neet mbbs..🧑‍⚕️🧑‍⚕️🤩🤩,,Raunak singh,2023-08-14T15:41:42Z,2023,2167,93,0,PT11S,unknown,https://www.youtube.com/watch?v=T5QYqkIN-zs,11,Relevant,## Top 5 medical College in India.🔥🔥## NIRF ranking of medical colleges||Neet mbbs.🧑‍⚕️🧑‍⚕️🤩🤩,,## Top 5 medical College in India.🔥🔥## NIRF ranking of medical colleges||Neet mbbs.🧑‍⚕️🧑‍⚕️🤩🤩
8zqfNA-BjfA,Manipur University,rankings,NIRF,Manipur University NIRF,Admission Open 2025-26 II NAAC A+/ NIRF 72/ NBA II B.Tech/B.Pharm/BBA/BCA/BA LLB/ B.Sc Agri/MBA/MCA,"Vignan's Foundation for Science, Technology and Research (Deemed to be University) Guntur, AP, INDIA under Section 12 B of ...",ADMISSION EXPERTS,2023-02-14T09:10:13Z,2023,1211,8,1,PT5M,unknown,https://www.youtube.com/watch?v=8zqfNA-BjfA,11,Relevant,Admission Open 2025-26 II NAAC A+/ NIRF 72/ NBA II B.Tech/B.Pharm/BBA/BCA/BA LLB/ B.Sc Agri/MBA/MCA,"Vignan's Foundation for Science, Technology and Research (Deemed to be University) Guntur, AP, INDIA under Section 12 B of .","Admission Open 2025-26 II NAAC A+/ NIRF 72/ NBA II B.Tech/B.Pharm/BBA/BCA/BA LLB/ B.Sc Agri/MBA/MCA Vignan's Foundation for Science, Technology and Research (Deemed to be University) Guntur, AP, INDIA under Section 12 B of ."
6-kpvc0FHVQ,Manipur University,rankings,NIRF,Manipur University NIRF,Manipuri Reels ||Manipur University|| Jessica,,Manipuri Instagram Reels and Videos,2023-04-02T08:46:45Z,2023,7243,187,8,PT8S,unknown,https://www.youtube.com/watch?v=6-kpvc0FHVQ,11,Relevant,Manipuri Reels ||Manipur University|| Jessica,,Manipuri Reels ||Manipur University|| Jessica
tI-0RFa_IXQ,Mizoram University,rankings,NIRF,Mizoram University NIRF,"NIT Mizoram college review | admission, placement, cutoff, fee, campus",College Review playlist: https://www.youtube.com/playlist?list=PL1GuOd_kR3QRHuII8cel7EcQ8JrMDOWaX NIT Mizoram college ...,Prabhat Ranjan,2023-11-03T12:30:38Z,2023,6678,113,59,PT9M50S,unknown,https://www.youtube.com/watch?v=tI-0RFa_IXQ,11,Relevant,"NIT Mizoram college review | admission, placement, cutoff, fee, campus",College Review playlist: NIT Mizoram college .,"NIT Mizoram college review | admission, placement, cutoff, fee, campus College Review playlist: NIT Mizoram college ."
bXpSJ0uZiOw,Assam University,rankings,NIRF,Assam University NIRF,#importanttopics  #ugcnet Paper1 Higher Education NIRF ranking 2023,,"Vijay Singh  (M.A, M.Sc., M.Ed.)",2023-07-17T05:38:55Z,2023,156,1,0,PT21S,unknown,https://www.youtube.com/watch?v=bXpSJ0uZiOw,11,Relevant,#importanttopics #ugcnet Paper1 Higher Education NIRF ranking 2023,,#importanttopics #ugcnet Paper1 Higher Education NIRF ranking 2023
_O9D8Lpj0Y8,North Eastern Hill University,rankings,NIRF,North Eastern Hill University NIRF,LAW COLLEGES IN INDIA 2023| TOP 5 LAW COLLEGES IN INDIA | NIRF RANKING I भारत में शीर्ष 5 लॉ कॉलेज,"For queries, Reach us at 91-8617755699 Apnacollegenet Whatsapp: https://wa.me/message/4I6MX7HTN7FRF1 ...",Apnacollege Dekho,2023-04-10T12:36:32Z,2023,154,4,0,PT41S,unknown,https://www.youtube.com/watch?v=_O9D8Lpj0Y8,11,Relevant,LAW COLLEGES IN INDIA 2023| TOP 5 LAW COLLEGES IN INDIA | NIRF RANKING I भारत में शीर्ष 5 लॉ कॉलेज,"For queries, Reach us at 91-8617755699 Apnacollegenet Whatsapp: .","LAW COLLEGES IN INDIA 2023| TOP 5 LAW COLLEGES IN INDIA | NIRF RANKING I भारत में शीर्ष 5 लॉ कॉलेज For queries, Reach us at 91-8617755699 Apnacollegenet Whatsapp: ."
FwrW2if5pzY,Assam University,rankings,NIRF,Assam University NIRF,ICAR 2025 India&#39;s Top 5 Universities According to NIRF Ranking #agriculturaluniversity #nirfrankings,Agri Capital Online Platform Agri Capital App https://varys.page.link/oYRU Agri Capital Telegram ...,Agri Capital ,2025-09-04T06:45:58Z,2025,4001,151,10,PT1M2S,unknown,https://www.youtube.com/watch?v=FwrW2if5pzY,11,Relevant,ICAR 2025 India's Top 5 Universities According to NIRF Ranking #agriculturaluniversity #nirfrankings,Agri Capital Online Platform Agri Capital App Agri Capital Telegram .,ICAR 2025 India's Top 5 Universities According to NIRF Ranking #agriculturaluniversity #nirfrankings Agri Capital Online Platform Agri Capital App Agri Capital Telegram .
b_lFghdT070,Assam University,rankings,NIRF,Assam University NIRF,Top 10 IIITS in India| NIRF Ranking | Highest Package for IIITS JEE Main 2024 | #iiits #gftis #jee,Hello Everyone Welcome back My YouTube Channel Engineering Channel Monu Minimum kitna marks Target kre ki koi Nit ...,Engineering channel Monu,2023-10-13T09:35:15Z,2023,3881,19,1,PT49S,unknown,https://www.youtube.com/watch?v=b_lFghdT070,11,Relevant,Top 10 IIITS in India| NIRF Ranking | Highest Package for IIITS JEE Main 2024 | #iiits #gftis #jee,Hello Everyone Welcome back My YouTube Channel Engineering Channel Monu Minimum kitna marks Target kre ki koi Nit .,Top 10 IIITS in India| NIRF Ranking | Highest Package for IIITS JEE Main 2024 | #iiits #gftis #jee Hello Everyone Welcome back My YouTube Channel Engineering Channel Monu Minimum kitna marks Target kre ki koi Nit .
U_nMfX0J_t8,Guru Ghasidas Vishwavidyalaya,rankings,NIRF,Guru Ghasidas Vishwavidyalaya NIRF,Top Colleges Of Delhi University |According to Nirf Ranking| 🤯💫 #trending #shorts #delhi #viral,https://youtube.com/@khushi_yadav17.,Glance with Khushi ,2023-06-27T03:55:57Z,2023,231,20,4,PT33S,unknown,https://www.youtube.com/watch?v=U_nMfX0J_t8,11,Relevant,Top Colleges Of Delhi University |According to Nirf Ranking| 🤯💫 #trending #shorts #delhi #viral,,Top Colleges Of Delhi University |According to Nirf Ranking| 🤯💫 #trending #shorts #delhi #viral
K7lnynGfaLM,Guru Ghasidas Vishwavidyalaya,rankings,NIRF,Guru Ghasidas Vishwavidyalaya NIRF,&quot;GGU College Vlog | Stunning Campus Tour 😍 | Admission Open – Apply Now!&quot; 😍😍,"Admission 2025 is LIVE – APPLY NOW! From UG to PG courses, GGU offers a wide range of academic programs with excellent ...",GODAVARI GLOBAL UNIVERSITY,2025-05-16T09:31:35Z,2025,1534,23,0,PT31S,unknown,https://www.youtube.com/watch?v=K7lnynGfaLM,11,Relevant,"""GGU College Vlog | Stunning Campus Tour 😍 | Admission Open – Apply Now!"" 😍😍","Admission 2025 is LIVE – APPLY NOW! From UG to PG courses, GGU offers a wide range of academic programs with excellent .","""GGU College Vlog | Stunning Campus Tour 😍 | Admission Open – Apply Now!"" 😍😍 Admission 2025 is LIVE – APPLY NOW! From UG to PG courses, GGU offers a wide range of academic programs with excellent ."
zEywqsyjGfw,Patna University,rankings,NIRF,Patna University NIRF,Admission Open 2025-26 | Study in Top NAAC A &amp; NIRF Colleges | Student Credit Card Yojna Explained.,Start Your Journey of Excellence with Achiever's Group – An Educational Consultant Admissions are now open for the academic ...,Achiever's Group,2025-05-22T13:47:08Z,2025,212,2,0,PT17S,unknown,https://www.youtube.com/watch?v=zEywqsyjGfw,11,Relevant,Admission Open 2025-26 | Study in Top NAAC A & NIRF Colleges | Student Credit Card Yojna Explained.,Start Your Journey of Excellence with Achiever's Group – An Educational Consultant Admissions are now open for the academic .,Admission Open 2025-26 | Study in Top NAAC A & NIRF Colleges | Student Credit Card Yojna Explained. Start Your Journey of Excellence with Achiever's Group – An Educational Consultant Admissions are now open for the academic .
gpiorQgFswc,North Eastern Hill University,rankings,NIRF,North Eastern Hill University NIRF,"NEHU Campus Tour,  Life and Beauty of North East Hill University, shillong, r29 October 2025",Exploring North-Eastern Hill University (NEHU) | Shillong Campus Tour Welcome to NEHU – one of the most beautiful and ...,juaid's journey ,2025-10-28T23:55:22Z,2025,2316,38,4,PT46S,unknown,https://www.youtube.com/watch?v=gpiorQgFswc,11,Relevant,"NEHU Campus Tour, Life and Beauty of North East Hill University, shillong, r29 October 2025",Exploring North-Eastern Hill University (NEHU) | Shillong Campus Tour Welcome to NEHU – one of the most beautiful and .,"NEHU Campus Tour, Life and Beauty of North East Hill University, shillong, r29 October 2025 Exploring North-Eastern Hill University (NEHU) | Shillong Campus Tour Welcome to NEHU – one of the most beautiful and ."
h0Y2_pxZCz0,Banaras Hindu University,rankings,NIRF,Banaras Hindu University NIRF,Nirf ranking 2023 #nirfranking #nirf #iitkanpur #iitbombay #iitdelhi #iitmadras #iitguwahati #iitjee,"Hello Everyone, I'm pushpendra Here | Welcome back to my channel. I am a post graduate student at IIT kanpur,and a content ...",IITK Hostel Daze,2023-07-10T13:58:46Z,2023,2038,0,0,PT20S,unknown,https://www.youtube.com/watch?v=h0Y2_pxZCz0,11,Relevant,Nirf ranking 2023 #nirfranking #nirf #iitkanpur #iitbombay #iitdelhi #iitmadras #iitguwahati #iitjee,"Hello Everyone, I'm pushpendra Here | Welcome back to my channel. I am a post graduate student at IIT kanpur,and a content .","Nirf ranking 2023 #nirfranking #nirf #iitkanpur #iitbombay #iitdelhi #iitmadras #iitguwahati #iitjee Hello Everyone, I'm pushpendra Here | Welcome back to my channel. I am a post graduate student at IIT kanpur,and a content ."
xXoFBENjTHI,Banaras Hindu University,rankings,NIRF,Banaras Hindu University NIRF,NIRF 2023: top 10 university in India ❤️#nirf #university #cuet #iiscbangalore #bhu #short,,collegevieweditz,2023-08-19T17:11:55Z,2023,39,4,3,PT33S,unknown,https://www.youtube.com/watch?v=xXoFBENjTHI,11,Relevant,NIRF 2023: top 10 university in India ❤️#nirf #university #cuet #iiscbangalore #bhu #short,,NIRF 2023: top 10 university in India ❤️#nirf #university #cuet #iiscbangalore #bhu #short
jmcqgvhU7so,Banaras Hindu University,rankings,NIRF,Banaras Hindu University NIRF,"BHU , VARANASI NIRF RANKING 2023 #biologydreamers #motivation #mbbscollege #admission #neet2023",बनारस हिंदू विश्वविद्यालय....,BIOLOGY DREAMERS,2023-08-13T15:35:00Z,2023,18,0,0,PT10S,unknown,https://www.youtube.com/watch?v=jmcqgvhU7so,11,Relevant,"BHU , VARANASI NIRF RANKING 2023 #biologydreamers #motivation #mbbscollege #admission #neet2023",बनारस हिंदू विश्वविद्यालय.,"BHU , VARANASI NIRF RANKING 2023 #biologydreamers #motivation #mbbscollege #admission #neet2023 बनारस हिंदू विश्वविद्यालय."
RDbLM93d6e4,University of Hyderabad,rankings,NIRF,University of Hyderabad NIRF,"Top 10 Engineering Colleges in Hyderabad 2025 | NIRF Rankings, Fees, Eligibility &amp; Placements","Send 'Hey' on WhatsApp 8585951111 for FREE Guidance or click here https://wa.link/bopp6q In this video, we explore the top 10 ...",shiksha.com,2025-06-11T13:30:18Z,2025,1349,4,1,PT2M43S,unknown,https://www.youtube.com/watch?v=RDbLM93d6e4,11,Relevant,"Top 10 Engineering Colleges in Hyderabad 2025 | NIRF Rankings, Fees, Eligibility & Placements","Send 'Hey' on WhatsApp 8585951111 for FREE Guidance or click here In this video, we explore the top 10 .","Top 10 Engineering Colleges in Hyderabad 2025 | NIRF Rankings, Fees, Eligibility & Placements Send 'Hey' on WhatsApp 8585951111 for FREE Guidance or click here In this video, we explore the top 10 ."
lrcygdeaQ_c,University of Hyderabad,rankings,NIRF,University of Hyderabad NIRF,Top 5 IITs based on NIRF Ranking 2024 #iitian #iitianthoughts #iit,"I make videos related to Engineering Exams JEE Mains And ADVANCED, Review of IITs, NITs, IIITs. 1day =2 videos I hope my ...",Avichal (IIT Kanpur),2024-08-12T11:02:46Z,2024,8601,0,6,PT19S,unknown,https://www.youtube.com/watch?v=lrcygdeaQ_c,11,Relevant,Top 5 IITs based on NIRF Ranking 2024 #iitian #iitianthoughts #iit,"I make videos related to Engineering Exams JEE Mains And ADVANCED, Review of IITs, NITs, IIITs. 1day =2 videos I hope my .","Top 5 IITs based on NIRF Ranking 2024 #iitian #iitianthoughts #iit I make videos related to Engineering Exams JEE Mains And ADVANCED, Review of IITs, NITs, IIITs. 1day =2 videos I hope my ."
SevHtRimHYI,University of Hyderabad,rankings,NIRF,University of Hyderabad NIRF,"💥 All About IIIT Hyderabad 2025 | Fees, Ranking, Placement &amp; Admission Process! #IIIT","All About IIIT Hyderabad 2025 | Fees, Ranking, Placement & Admission Process! In this video, we cover everything you need to ...",Careers360,2025-05-19T11:43:13Z,2025,93463,1653,22,PT1M17S,unknown,https://www.youtube.com/watch?v=SevHtRimHYI,11,Relevant,"💥 All About IIIT Hyderabad 2025 | Fees, Ranking, Placement & Admission Process! #IIIT","All About IIIT Hyderabad 2025 | Fees, Ranking, Placement & Admission Process! In this video, we cover everything you need to .","💥 All About IIIT Hyderabad 2025 | Fees, Ranking, Placement & Admission Process! #IIIT All About IIIT Hyderabad 2025 | Fees, Ranking, Placement & Admission Process! In this video, we cover everything you need to ."
t_iGGanfDXw,University of Hyderabad,rankings,NIRF,University of Hyderabad NIRF,Do Not Trust NIRF Ranking !!  #engineering #iit #colleges #ritikmeghwani,"Hey Guys, Join Telegram for Pdf - https://t.me/r_meghwani ✓ Instagram Handle - Ritik Meghwani ✓ Linkedin ...",Ritik Meghwani,2023-10-06T13:28:05Z,2023,81744,5100,120,PT1M,unknown,https://www.youtube.com/watch?v=t_iGGanfDXw,11,Relevant,Do Not Trust NIRF Ranking ! #engineering #iit #colleges #ritikmeghwani,"Hey Guys, Join Telegram for Pdf - ✓ Instagram Handle - Ritik Meghwani ✓ Linkedin .","Do Not Trust NIRF Ranking ! #engineering #iit #colleges #ritikmeghwani Hey Guys, Join Telegram for Pdf - ✓ Instagram Handle - Ritik Meghwani ✓ Linkedin ."
roQty6oljb4,University of Hyderabad,rankings,NIRF,University of Hyderabad NIRF,"🔥 Top 30 Engineering Institutes in India 2025 | NIRF Ranking 📊 Best IITs, NITs &amp; Universities 🎓✨",Engineering #EngineerLife #MechanicalEngineering #CivilEngineering #ElectricalEngineering #ElectronicsEngineering ...,ROOTS AND ROUTINE ,2025-09-07T05:55:50Z,2025,29581,0,13,PT16S,unknown,https://www.youtube.com/watch?v=roQty6oljb4,11,Relevant,"🔥 Top 30 Engineering Institutes in India 2025 | NIRF Ranking 📊 Best IITs, NITs & Universities 🎓✨",Engineering #EngineerLife #MechanicalEngineering #CivilEngineering #ElectricalEngineering #ElectronicsEngineering .,"🔥 Top 30 Engineering Institutes in India 2025 | NIRF Ranking 📊 Best IITs, NITs & Universities 🎓✨ Engineering #EngineerLife #MechanicalEngineering #CivilEngineering #ElectricalEngineering #ElectronicsEngineering ."
s8c7Yd3xWJA,University of Hyderabad,rankings,NIRF,University of Hyderabad NIRF,"NIRF 2025 Engineering Rankings: IIT Hyderabad Breaks Into Top 7, Full Top 10 List Inside #iit #jee",,RDS Vlogs [IIT Guwahati],2025-09-04T16:06:00Z,2025,318285,2020,51,PT20S,unknown,https://www.youtube.com/watch?v=s8c7Yd3xWJA,11,Relevant,"NIRF 2025 Engineering Rankings: IIT Hyderabad Breaks Into Top 7, Full Top 10 List Inside #iit #jee",,"NIRF 2025 Engineering Rankings: IIT Hyderabad Breaks Into Top 7, Full Top 10 List Inside #iit #jee"
6nYy6Nf2vOw,University of Hyderabad,rankings,NIRF,University of Hyderabad NIRF,Top Engineering Colleges in Telangana according to NIRF Ranking 2023 #eamcet2023 #jee  #telangana,,NextStep,2023-06-07T05:17:54Z,2023,182497,3843,123,PT22S,unknown,https://www.youtube.com/watch?v=6nYy6Nf2vOw,11,Relevant,Top Engineering Colleges in Telangana according to NIRF Ranking 2023 #eamcet2023 #jee #telangana,,Top Engineering Colleges in Telangana according to NIRF Ranking 2023 #eamcet2023 #jee #telangana
giCQ2kvIAI4,Delhi University,rankings,NIRF,Delhi University NIRF,Top 10  NIRF Ranking Universities in India /#iitjee#viralvideo #srm #vit #iitbombay #iitdelhi #jossa,,Destiny's Calling ,2023-07-04T13:20:24Z,2023,313,0,0,PT43S,unknown,https://www.youtube.com/watch?v=giCQ2kvIAI4,11,Relevant,Top 10 NIRF Ranking Universities in India /#iitjee#viralvideo #srm #vit #iitbombay #iitdelhi #jossa,,Top 10 NIRF Ranking Universities in India /#iitjee#viralvideo #srm #vit #iitbombay #iitdelhi #jossa
qNmbxyDYw1Y,Banaras Hindu University,rankings,NIRF,Banaras Hindu University NIRF,IIT bhu NIRF ranking 31 |jee|motivation #youtubeshort #iitbombay #jee #iit #hardwork,,GARIMA BANGAR IITB [FAN],2023-10-10T03:30:22Z,2023,485,11,0,PT16S,unknown,https://www.youtube.com/watch?v=qNmbxyDYw1Y,11,Relevant,IIT bhu NIRF ranking 31 |jee|motivation #youtubeshort #iitbombay #jee #iit #hardwork,,IIT bhu NIRF ranking 31 |jee|motivation #youtubeshort #iitbombay #jee #iit #hardwork
FwyKyRynTNQ,Delhi University,rankings,NIRF,Delhi University NIRF,Top 5 Deemed Universities in Tamilnadu 2025|Placements Report|Nirf Ranking|Dineshprabhu#dineshprabhu,Video Description: For Entrance Exam Coaching : 6383279480/6369652321 Follow me on social media for career updates: ...,DINESH PRABHU,2025-02-24T13:45:01Z,2025,87468,2520,31,PT1M31S,unknown,https://www.youtube.com/watch?v=FwyKyRynTNQ,11,Relevant,Top 5 Deemed Universities in Tamilnadu 2025|Placements Report|Nirf Ranking|Dineshprabhu#dineshprabhu,Video Description: For Entrance Exam Coaching : 6383279480/6369652321 Follow me on social media for career updates: .,Top 5 Deemed Universities in Tamilnadu 2025|Placements Report|Nirf Ranking|Dineshprabhu#dineshprabhu Video Description: For Entrance Exam Coaching : 6383279480/6369652321 Follow me on social media for career updates: .
vvlfyZ8OL3M,Delhi University,rankings,NIRF,Delhi University NIRF,Top 10 Medical Colleges in India | NIRF Ranking 2025 #bestmedicalcolleges #topmedicalcolleges #nirf,Live RE NEET 2026 Answer Key: https://www.youtube.com/watch?v=nbYOYK774_E Want to know the Top 10 Medical Colleges ...,Sri Chaitanya Academy NEET,2025-09-11T09:30:29Z,2025,8403,55,2,PT1M20S,unknown,https://www.youtube.com/watch?v=vvlfyZ8OL3M,11,Relevant,Top 10 Medical Colleges in India | NIRF Ranking 2025 #bestmedicalcolleges #topmedicalcolleges #nirf,Live RE NEET 2026 Answer Key: Want to know the Top 10 Medical Colleges .,Top 10 Medical Colleges in India | NIRF Ranking 2025 #bestmedicalcolleges #topmedicalcolleges #nirf Live RE NEET 2026 Answer Key: Want to know the Top 10 Medical Colleges .
l0Zax4OHpN0,Delhi University,rankings,NIRF,Delhi University NIRF,"NIRF Ranking 2025: दिल्ली यूनिवर्सिटी के 5 कॉलेज टॉप पर, जानें पूरी लिस्ट",केन्द्रीय शिक्षा मंत्रालय ने एनआईआरएफ रैंकिंग 2025 जारी कर दी है.,Good News Today,2025-09-05T16:45:07Z,2025,2949,18,0,PT2M17S,unknown,https://www.youtube.com/watch?v=l0Zax4OHpN0,11,Relevant,"NIRF Ranking 2025: दिल्ली यूनिवर्सिटी के 5 कॉलेज टॉप पर, जानें पूरी लिस्ट",केन्द्रीय शिक्षा मंत्रालय ने एनआईआरएफ रैंकिंग 2025 जारी कर दी है.,"NIRF Ranking 2025: दिल्ली यूनिवर्सिटी के 5 कॉलेज टॉप पर, जानें पूरी लिस्ट केन्द्रीय शिक्षा मंत्रालय ने एनआईआरएफ रैंकिंग 2025 जारी कर दी है."
85ez5GDAFFg,Delhi University,rankings,NIRF,Delhi University NIRF,Top 10 COLLEGES of DU : The Best Education in India,Welcome to Our Channel “Simplifying Exams” by Oswal. Sharukh sir lists out the Top10 colleges of DU according to the NIRF ...,Gurukul by Oswal ,2023-12-02T15:30:03Z,2023,166,7,0,PT59S,unknown,https://www.youtube.com/watch?v=85ez5GDAFFg,11,Relevant,Top 10 COLLEGES of DU : The Best Education in India,Welcome to Our Channel “Simplifying Exams” by Oswal. Sharukh sir lists out the Top10 colleges of DU according to the NIRF .,Top 10 COLLEGES of DU : The Best Education in India Welcome to Our Channel “Simplifying Exams” by Oswal. Sharukh sir lists out the Top10 colleges of DU according to the NIRF .
SYwd5j6STGw,Delhi University,rankings,NIRF,Delhi University NIRF,Top 40 Indian Law Colleges in 2025 🔥 : NIRF 2025 - TOP 40 Law Colleges by NIRF Ranking 2025,आप सभी का Bodmas Law & Manegement चैनल पर स्वागत है इस चैनल पर आपको Top 50 Indian Law ...,Bodmas Law & Management Career Hub,2025-09-04T13:53:55Z,2025,899,13,3,PT3M54S,unknown,https://www.youtube.com/watch?v=SYwd5j6STGw,11,Relevant,Top 40 Indian Law Colleges in 2025 🔥 : NIRF 2025 - TOP 40 Law Colleges by NIRF Ranking 2025,आप सभी का Bodmas Law & Manegement चैनल पर स्वागत है इस चैनल पर आपको Top 50 Indian Law .,Top 40 Indian Law Colleges in 2025 🔥 : NIRF 2025 - TOP 40 Law Colleges by NIRF Ranking 2025 आप सभी का Bodmas Law & Manegement चैनल पर स्वागत है इस चैनल पर आपको Top 50 Indian Law .
I23nCNDw4eA,Delhi University,rankings,NIRF,Delhi University NIRF,Top 10 Universities in India NIRF 2025 Rankings Explained,Send 'Hey' on *WhatsApp 8585951111* for FREE GUIDANCE or Click here https://wa.link/jqa87o *The NIRF 2025 Rankings ...,shiksha.com,2025-09-04T13:15:45Z,2025,5724,58,1,PT1M20S,unknown,https://www.youtube.com/watch?v=I23nCNDw4eA,11,Relevant,Top 10 Universities in India NIRF 2025 Rankings Explained,Send 'Hey' on *WhatsApp 8585951111* for FREE GUIDANCE or Click here *The NIRF 2025 Rankings .,Top 10 Universities in India NIRF 2025 Rankings Explained Send 'Hey' on *WhatsApp 8585951111* for FREE GUIDANCE or Click here *The NIRF 2025 Rankings .
ATKrcgThgoA,University of Hyderabad,rankings,NIRF,University of Hyderabad NIRF,NIRF Rankings REALITY Check | Is it FAKE??,"NIRF Rankings REALITY CHECK | Is it FAKE? Every year, lakhs of students rely on NIRF Rankings to decide their dream college.",The IIM Guy,2025-10-15T13:30:11Z,2025,17104,505,7,PT50S,unknown,https://www.youtube.com/watch?v=ATKrcgThgoA,11,Relevant,NIRF Rankings REALITY Check | Is it FAKE?,"NIRF Rankings REALITY CHECK | Is it FAKE? Every year, lakhs of students rely on NIRF Rankings to decide their dream college.","NIRF Rankings REALITY Check | Is it FAKE? NIRF Rankings REALITY CHECK | Is it FAKE? Every year, lakhs of students rely on NIRF Rankings to decide their dream college."
JyaryQfyGlk,University of Hyderabad,rankings,NIRF,University of Hyderabad NIRF,5 Colleges that deserve better NIRF Ranking 💀 | #Engineering #shorts #iit #iitmotivation #college,"Hey Guys, All Pdfs are uploaded on Telegram - https://t.me/r_meghwani Or you can search "" Ritik Meghwani "" Directly on telegram ...",Ritik Meghwani,2023-02-20T11:35:22Z,2023,469513,35593,657,PT1M,unknown,https://www.youtube.com/watch?v=JyaryQfyGlk,11,Relevant,5 Colleges that deserve better NIRF Ranking 💀 | #Engineering #shorts #iit #iitmotivation #college,"Hey Guys, All Pdfs are uploaded on Telegram - Or you can search "" Ritik Meghwani "" Directly on telegram .","5 Colleges that deserve better NIRF Ranking 💀 | #Engineering #shorts #iit #iitmotivation #college Hey Guys, All Pdfs are uploaded on Telegram - Or you can search "" Ritik Meghwani "" Directly on telegram ."
8egoMJw6Kdo,University of Hyderabad,rankings,NIRF,University of Hyderabad NIRF,"JNTU Hyderabad- Best college in Telangana? Placements, fees, NIRF Ranking. #EAMCET2026 #EAPCET2026",THE TOP 10 ENGINEERING COLLEGES Follow @sparkacademyonline Call 8977525461 for long term/repeater/dropper/regular ...,Spark Academy,2025-01-21T12:30:12Z,2025,11221,166,20,PT1M3S,unknown,https://www.youtube.com/watch?v=8egoMJw6Kdo,11,Relevant,"JNTU Hyderabad- Best college in Telangana? Placements, fees, NIRF Ranking. #EAMCET2026 #EAPCET2026",THE TOP 10 ENGINEERING COLLEGES Follow @sparkacademyonline Call 8977525461 for long term/repeater/dropper/regular .,"JNTU Hyderabad- Best college in Telangana? Placements, fees, NIRF Ranking. #EAMCET2026 #EAPCET2026 THE TOP 10 ENGINEERING COLLEGES Follow @sparkacademyonline Call 8977525461 for long term/repeater/dropper/regular ."
SHXHjzGlJxI,Delhi University,rankings,NIRF,Delhi University NIRF,Top 100 Management Colleges in India 2025 🔥 : NIRF 2025 - TOP 100 Colleges by NIRF Ranking 2025,आप सभी का Bodmas Law & Manegement चैनल पर स्वागत है इस चैनल पर आपको Top 100 ...,Bodmas Law & Management Career Hub,2025-09-05T13:06:00Z,2025,2977,46,0,PT7M58S,unknown,https://www.youtube.com/watch?v=SHXHjzGlJxI,11,Relevant,Top 100 Management Colleges in India 2025 🔥 : NIRF 2025 - TOP 100 Colleges by NIRF Ranking 2025,आप सभी का Bodmas Law & Manegement चैनल पर स्वागत है इस चैनल पर आपको Top 100 .,Top 100 Management Colleges in India 2025 🔥 : NIRF 2025 - TOP 100 Colleges by NIRF Ranking 2025 आप सभी का Bodmas Law & Manegement चैनल पर स्वागत है इस चैनल पर आपको Top 100 .
M60FYu9gJgU,Delhi University,rankings,NIRF,Delhi University NIRF,nirf 2023#cuet #delhiuniversity #nirf,top 5_college in india.❤️❤️ aspirants please like and subscribe my channel.,collegevieweditz,2023-08-22T03:58:00Z,2023,160,3,1,PT22S,unknown,https://www.youtube.com/watch?v=M60FYu9gJgU,11,Relevant,nirf 2023#cuet #delhiuniversity #nirf,top 5_college in india.❤️❤️ aspirants please like and subscribe my channel.,nirf 2023#cuet #delhiuniversity #nirf top 5_college in india.❤️❤️ aspirants please like and subscribe my channel.
bv1m7b5xc60,Delhi University,rankings,NIRF,Delhi University NIRF,Top 5 DU Colleges with Highest Salary Packages🔥 #shorts,shorts Want to know which DU colleges offer the best placements? Here's a quick comparison of Delhi University's top-ranked ...,CUET by Gokul Chhabra,2025-07-30T12:30:48Z,2025,18563,315,3,PT52S,unknown,https://www.youtube.com/watch?v=bv1m7b5xc60,11,Relevant,Top 5 DU Colleges with Highest Salary Packages🔥 #shorts,shorts Want to know which DU colleges offer the best placements? Here's a quick comparison of Delhi University's top-ranked .,Top 5 DU Colleges with Highest Salary Packages🔥 #shorts shorts Want to know which DU colleges offer the best placements? Here's a quick comparison of Delhi University's top-ranked .
0Y97QsPSnJc,Delhi University,rankings,NIRF,Delhi University NIRF,Hansraj College #DU #delhiuniversity #nirf #shorts #youtube #trending #vlog,,Harshita adhana,2025-09-05T04:50:54Z,2025,397,17,0,PT43S,unknown,https://www.youtube.com/watch?v=0Y97QsPSnJc,11,Relevant,Hansraj College #DU #delhiuniversity #nirf #shorts #youtube #trending #vlog,,Hansraj College #DU #delhiuniversity #nirf #shorts #youtube #trending #vlog
4M3VtpeOkxY,Delhi University,rankings,NIRF,Delhi University NIRF,Top 50 Indian Medical Colleges in 2025 🔥 : NIRF 2025 - TOP 50 Medical Colleges by NIRF Ranking 2025,आप सभी का Bodmas Medical चैनल पर स्वागत है इस चैनल पर आप सभी को Top 50 Indian Medical ...,Bodmas Medical Career Hub,2025-09-04T13:26:16Z,2025,4560,48,9,PT6M54S,unknown,https://www.youtube.com/watch?v=4M3VtpeOkxY,11,Relevant,Top 50 Indian Medical Colleges in 2025 🔥 : NIRF 2025 - TOP 50 Medical Colleges by NIRF Ranking 2025,आप सभी का Bodmas Medical चैनल पर स्वागत है इस चैनल पर आप सभी को Top 50 Indian Medical .,Top 50 Indian Medical Colleges in 2025 🔥 : NIRF 2025 - TOP 50 Medical Colleges by NIRF Ranking 2025 आप सभी का Bodmas Medical चैनल पर स्वागत है इस चैनल पर आप सभी को Top 50 Indian Medical .
cCNBIIZs8bI,Delhi University,rankings,NIRF,Delhi University NIRF,Top IIT&#39;s Of India Per Nirf Ranking 🥵 | #jeeadvanced #iit #motivation #iitbombay,,IIT Editz,2024-07-25T04:30:16Z,2024,14609,907,0,PT18S,unknown,https://www.youtube.com/watch?v=cCNBIIZs8bI,11,Relevant,Top IIT's Of India Per Nirf Ranking 🥵 | #jeeadvanced #iit #motivation #iitbombay,,Top IIT's Of India Per Nirf Ranking 🥵 | #jeeadvanced #iit #motivation #iitbombay
tXBZc_-tTNU,Jawaharlal Nehru University,rankings,NIRF,Jawaharlal Nehru University NIRF,Top 10 Universities in India 🏆 | NIRF Rankings |  #india #shorts,"Discover the Top 10 Universities in India according to NIRF 2024 rankings! From IITs to central and state universities, these ...",kiran,2025-05-02T08:10:44Z,2025,174,2,0,PT14S,unknown,https://www.youtube.com/watch?v=tXBZc_-tTNU,11,Relevant,Top 10 Universities in India 🏆 | NIRF Rankings | #india #shorts,"Discover the Top 10 Universities in India according to NIRF 2024 rankings! From IITs to central and state universities, these .","Top 10 Universities in India 🏆 | NIRF Rankings | #india #shorts Discover the Top 10 Universities in India according to NIRF 2024 rankings! From IITs to central and state universities, these ."
Bb4oXikRE9k,Jawaharlal Nehru University,rankings,NIRF,Jawaharlal Nehru University NIRF,JNU Students Say: There Is No Engineering Building At JNU,"JNU #NIRF #jawaharlalnehruuniversity #raucoachingcentre 'Waterlogging on rainy days and water scarcity in summer,' say ...",The New Indian,2024-08-18T11:00:13Z,2024,1851,56,1,PT1M,unknown,https://www.youtube.com/watch?v=Bb4oXikRE9k,11,Relevant,JNU Students Say: There Is No Engineering Building At JNU,"JNU #NIRF #jawaharlalnehruuniversity #raucoachingcentre 'Waterlogging on rainy days and water scarcity in summer,' say .","JNU Students Say: There Is No Engineering Building At JNU JNU #NIRF #jawaharlalnehruuniversity #raucoachingcentre 'Waterlogging on rainy days and water scarcity in summer,' say ."
CMI4VBwuAAc,Jamia Millia Islamia,rankings,NIRF,Jamia Millia Islamia NIRF,"Top Law Colleges Apart from NLUs | Courses, Fees, NIRF Rank Explained",Send 'Hey' on WhatsApp 8585951111 for FREE Guidance or click here https://wa.link/bopp6q Looking for top law colleges ...,shiksha.com,2025-05-22T12:42:29Z,2025,506,6,3,PT2M37S,unknown,https://www.youtube.com/watch?v=CMI4VBwuAAc,11,Relevant,"Top Law Colleges Apart from NLUs | Courses, Fees, NIRF Rank Explained",Send 'Hey' on WhatsApp 8585951111 for FREE Guidance or click here Looking for top law colleges .,"Top Law Colleges Apart from NLUs | Courses, Fees, NIRF Rank Explained Send 'Hey' on WhatsApp 8585951111 for FREE Guidance or click here Looking for top law colleges ."
-kdYrIf2YTM,Jamia Millia Islamia,rankings,NIRF,Jamia Millia Islamia NIRF,جامعہ ملیہ اور اے ایم یو کی اڑان | NIRF University Ranking 2024: Top Universities of India,jamiamilliaislamia #jawaharlalnehruuniversity #aligarhmuslimuniversity #Topuniversity #educationalSystem جامعہ ملیہ اسلامیہ ...,Awaz The Voice Urdu اردو,2024-08-13T13:34:25Z,2024,15,4,0,PT3M33S,unknown,https://www.youtube.com/watch?v=-kdYrIf2YTM,11,Relevant,جامعہ ملیہ اور اے ایم یو کی اڑان | NIRF University Ranking 2024: Top Universities of India,jamiamilliaislamia #jawaharlalnehruuniversity #aligarhmuslimuniversity #Topuniversity #educationalSystem جامعہ ملیہ اسلامیہ .,جامعہ ملیہ اور اے ایم یو کی اڑان | NIRF University Ranking 2024: Top Universities of India jamiamilliaislamia #jawaharlalnehruuniversity #aligarhmuslimuniversity #Topuniversity #educationalSystem جامعہ ملیہ اسلامیہ .
2GzjtDI2ffY,Aligarh Muslim University,rankings,NIRF,Aligarh Muslim University NIRF,AMU in TOP 3 RANKING      IIRF               #amu #travel #iirf #amutarana  #aligarhmuslimuniversity,AMU IN TOP 3 RANKING IIRF #aligarh #amualigarh #aligarhmuslimuniversity #amu #university #amunews #muslim ...,Alig's Diary,2023-06-05T05:47:44Z,2023,269,19,3,PT41S,unknown,https://www.youtube.com/watch?v=2GzjtDI2ffY,11,Relevant,AMU in TOP 3 RANKING IIRF #amu #travel #iirf #amutarana #aligarhmuslimuniversity,AMU IN TOP 3 RANKING IIRF #aligarh #amualigarh #aligarhmuslimuniversity #amu #university #amunews #muslim .,AMU in TOP 3 RANKING IIRF #amu #travel #iirf #amutarana #aligarhmuslimuniversity AMU IN TOP 3 RANKING IIRF #aligarh #amualigarh #aligarhmuslimuniversity #amu #university #amunews #muslim .
bHFMKyfT_us,Aligarh Muslim University,rankings,NIRF,Aligarh Muslim University NIRF,"Top Universities of Uttar Pradesh 2024, Best universities in up, Top university of up in 2024 #nirf","Ministry of Education, Government of India has released the top universities list for 2024, national institutional ranking framework, ...",DWIVEDI GUIDANCE,2024-08-13T05:33:22Z,2024,3107,0,3,PT54S,unknown,https://www.youtube.com/watch?v=bHFMKyfT_us,11,Relevant,"Top Universities of Uttar Pradesh 2024, Best universities in up, Top university of up in 2024 #nirf","Ministry of Education, Government of India has released the top universities list for 2024, national institutional ranking framework, .","Top Universities of Uttar Pradesh 2024, Best universities in up, Top university of up in 2024 #nirf Ministry of Education, Government of India has released the top universities list for 2024, national institutional ranking framework, ."
wxLvcyYar6w,Aligarh Muslim University,rankings,NIRF,Aligarh Muslim University NIRF,Top 5 Medical Colleges of Uttar Pradesh| NIRF Ranking #neet #neet2025,"majorkalshiclasses #neet #medicalcollege #neet2025 Top 5 Medical Colleges in Uttar Pradesh, ranked according to the ...",RAMANUJAM NEET CLASSES,2025-03-19T13:30:47Z,2025,1530,35,1,PT27S,unknown,https://www.youtube.com/watch?v=wxLvcyYar6w,11,Relevant,Top 5 Medical Colleges of Uttar Pradesh| NIRF Ranking #neet #neet2025,"majorkalshiclasses #neet #medicalcollege #neet2025 Top 5 Medical Colleges in Uttar Pradesh, ranked according to the .","Top 5 Medical Colleges of Uttar Pradesh| NIRF Ranking #neet #neet2025 majorkalshiclasses #neet #medicalcollege #neet2025 Top 5 Medical Colleges in Uttar Pradesh, ranked according to the ."
l4IDLyNQNcY,Aligarh Muslim University,rankings,NIRF,Aligarh Muslim University NIRF,IIRF Top 10 Central University Ranking #shorts,IIRF Top 10 Central University Ranking #shorts IIRF ranking ke regarding India ki top 10 Central University : 1. Jawaharlal Nehru ...,SANSARMARG,2023-05-29T03:30:11Z,2023,582,26,3,PT40S,unknown,https://www.youtube.com/watch?v=l4IDLyNQNcY,11,Relevant,IIRF Top 10 Central University Ranking #shorts,IIRF Top 10 Central University Ranking #shorts IIRF ranking ke regarding India ki top 10 Central University : 1. Jawaharlal Nehru .,IIRF Top 10 Central University Ranking #shorts IIRF Top 10 Central University Ranking #shorts IIRF ranking ke regarding India ki top 10 Central University : 1. Jawaharlal Nehru .
Ph8uQLQTUJ4,Sikkim University,rankings,NIRF,Sikkim University NIRF,RANK 1 OF COLLEGES AND UNIVERSITIES || BY :-NIRF🔥👍🏻||chaman sir || #commerce #lathacademy||,,Lath Academy,2023-06-10T10:13:37Z,2023,507,50,0,PT30S,unknown,https://www.youtube.com/watch?v=Ph8uQLQTUJ4,11,Relevant,RANK 1 OF COLLEGES AND UNIVERSITIES || BY :-NIRF🔥👍🏻||chaman sir || #commerce #lathacademy||,,RANK 1 OF COLLEGES AND UNIVERSITIES || BY :-NIRF🔥👍🏻||chaman sir || #commerce #lathacademy||
vHFwJXPBMX4,Central University of Karnataka,rankings,NIRF,Central University of Karnataka NIRF,how #nirf ranking is calculated #nirfranking2023 #toppharmacycolleges #education #india #pharmacy,Hope you guys liked the video. Happy watching ^_^ Watch my other videos to know more✨ ✓ Difference between Pharm D and ...,Akshatha Surpur,2023-07-06T10:27:23Z,2023,1979,50,3,PT44S,unknown,https://www.youtube.com/watch?v=vHFwJXPBMX4,11,Relevant,how #nirf ranking is calculated #nirfranking2023 #toppharmacycolleges #education #india #pharmacy,Hope you guys liked the video. Happy watching ^_^ Watch my other videos to know more✨ ✓ Difference between Pharm D and .,how #nirf ranking is calculated #nirfranking2023 #toppharmacycolleges #education #india #pharmacy Hope you guys liked the video. Happy watching ^_^ Watch my other videos to know more✨ ✓ Difference between Pharm D and .
7Ze8HtexLZg,University of Calcutta,rankings,NIRF,University of Calcutta NIRF,Calcutta University #calcuttauniversity #viral #short#shorts,University of Calcutta LOVING INDIA CHANNEL LINK :- https://www.youtube.com/c/LOVINGINDIA you're inquiries :- university of ...,LOVING INDIA,2023-08-21T07:16:06Z,2023,5043,50,0,PT10S,unknown,https://www.youtube.com/watch?v=7Ze8HtexLZg,11,Relevant,Calcutta University #calcuttauniversity #viral #short#shorts,University of Calcutta LOVING INDIA CHANNEL LINK :- you're inquiries :- university of .,Calcutta University #calcuttauniversity #viral #short#shorts University of Calcutta LOVING INDIA CHANNEL LINK :- you're inquiries :- university of .
HdQ_Z5l78aQ,Jadavpur University,rankings,NIRF,Jadavpur University NIRF,Reviewing NIRF Ranking of Top Engineering Colleges - Bhot Ghapla Hai 🤣😜 #jee #nirf #college,,Yash Mishra [IIT INDORE],2025-05-21T11:27:52Z,2025,23367,181,8,PT40S,unknown,https://www.youtube.com/watch?v=HdQ_Z5l78aQ,11,Relevant,Reviewing NIRF Ranking of Top Engineering Colleges - Bhot Ghapla Hai 🤣😜 #jee #nirf #college,,Reviewing NIRF Ranking of Top Engineering Colleges - Bhot Ghapla Hai 🤣😜 #jee #nirf #college
Nm0wm506BnM,Savitribai Phule Pune University,rankings,NIRF,Savitribai Phule Pune University NIRF,"Everyone contributed to SPPU’s good NIRF ranking, says VC #politics #news",nirfranking.,Know Trendz,2024-08-13T17:01:23Z,2024,102,1,0,PT1M,unknown,https://www.youtube.com/watch?v=Nm0wm506BnM,11,Relevant,"Everyone contributed to SPPU’s good NIRF ranking, says VC #politics #news",nirfranking.,"Everyone contributed to SPPU’s good NIRF ranking, says VC #politics #news nirfranking."
NeN36WJ21DI,University of Calcutta,rankings,NIRF,University of Calcutta NIRF,"Calcutta University Review 2026 | Placement, Fees, Campus, Hostel","University of Calcutta, Kolkata, West Bengal** college review. **Calcutta University college review. Can we get admission here ...",Prabhat Ranjan,2026-04-01T06:30:16Z,2026,7558,195,28,PT13M40S,unknown,https://www.youtube.com/watch?v=NeN36WJ21DI,11,Relevant,"Calcutta University Review 2026 | Placement, Fees, Campus, Hostel","University of Calcutta, Kolkata, West Bengal** college review. **Calcutta University college review. Can we get admission here .","Calcutta University Review 2026 | Placement, Fees, Campus, Hostel University of Calcutta, Kolkata, West Bengal** college review. **Calcutta University college review. Can we get admission here ."
qNPDShdjrpg,University of Calcutta,rankings,NIRF,University of Calcutta NIRF,UNIVERISITY OF CALCUTTA || CUT OFF || PLACEMENT || NIRF || WBJEE,WBJEE 2024 ONE OF THE BEST COLLEGE UNIVERISITY OF CALCUTTA REAL PLACEMENT DATA AS I GOT IT FROM WBJEE.,Vivek [IIT KGP],2024-03-29T08:42:35Z,2024,9118,147,41,PT8M6S,unknown,https://www.youtube.com/watch?v=qNPDShdjrpg,11,Relevant,UNIVERISITY OF CALCUTTA || CUT OFF || PLACEMENT || NIRF || WBJEE,WBJEE 2024 ONE OF THE BEST COLLEGE UNIVERISITY OF CALCUTTA REAL PLACEMENT DATA AS I GOT IT FROM WBJEE.,UNIVERISITY OF CALCUTTA || CUT OFF || PLACEMENT || NIRF || WBJEE WBJEE 2024 ONE OF THE BEST COLLEGE UNIVERISITY OF CALCUTTA REAL PLACEMENT DATA AS I GOT IT FROM WBJEE.
H0mTkroS0Rs,University of Calcutta,rankings,NIRF,University of Calcutta NIRF,Top 10 Best Universities in India | Best University in india #universities #college #shorts #rank,"Hello guys, in this shorts video, you will know about Top 10 Best Universities in INDIA and Best University Ranking. if your better ...",Team Talks,2023-05-04T13:30:07Z,2023,75,15,0,PT1M,unknown,https://www.youtube.com/watch?v=H0mTkroS0Rs,11,Relevant,Top 10 Best Universities in India | Best University in india #universities #college #shorts #rank,"Hello guys, in this shorts video, you will know about Top 10 Best Universities in INDIA and Best University Ranking. if your better .","Top 10 Best Universities in India | Best University in india #universities #college #shorts #rank Hello guys, in this shorts video, you will know about Top 10 Best Universities in INDIA and Best University Ranking. if your better ."
_SsmPLAaUks,University of Calcutta,rankings,NIRF,University of Calcutta NIRF,NITs with their NIRF ranking #nit #iit #cbse #btech #engineering #nirfrankings,Disclaimer: The information presented in this video are based on publicly available sources on the internet and are subject to ...,CCSU notes,2024-10-30T09:45:02Z,2024,2179,17,0,PT6S,unknown,https://www.youtube.com/watch?v=_SsmPLAaUks,11,Relevant,NITs with their NIRF ranking #nit #iit #cbse #btech #engineering #nirfrankings,Disclaimer: The information presented in this video are based on publicly available sources on the internet and are subject to .,NITs with their NIRF ranking #nit #iit #cbse #btech #engineering #nirfrankings Disclaimer: The information presented in this video are based on publicly available sources on the internet and are subject to .
dirn1o_j61Y,University of Calcutta,rankings,NIRF,University of Calcutta NIRF,ভারতের শীর্ষ আইন কলেজের তালিকা | TOP 5 LAW COLLEGES IN INDIA | NIRF RANKING,"For queries, Reach us at 91-8617755699 Apnacollegenet Whatsapp: https://wa.me/message/4I6MX7HTN7FRF1 ...",Apnacollege Bangla,2023-04-10T14:30:45Z,2023,650,14,0,PT41S,unknown,https://www.youtube.com/watch?v=dirn1o_j61Y,11,Relevant,ভারতের শীর্ষ আইন কলেজের তালিকা | TOP 5 LAW COLLEGES IN INDIA | NIRF RANKING,"For queries, Reach us at 91-8617755699 Apnacollegenet Whatsapp: .","ভারতের শীর্ষ আইন কলেজের তালিকা | TOP 5 LAW COLLEGES IN INDIA | NIRF RANKING For queries, Reach us at 91-8617755699 Apnacollegenet Whatsapp: ."
DM7pbncbYsM,University of Calcutta,rankings,NIRF,University of Calcutta NIRF,Top 10 IIMs❤ based on👍 (NIRF RANKING 2022) #shorts #viralshorts #topiims,shorts #viralshorts #top10iim #topiims 1.#iimahmedabad 2.#iimbangalore 3.#iimcalcutta 4.#iimkozhikode 5.#iimlucknow 6.,Knowledgeable Mindset,2023-02-10T10:45:00Z,2023,299,16,0,PT37S,unknown,https://www.youtube.com/watch?v=DM7pbncbYsM,11,Relevant,Top 10 IIMs❤ based on👍 (NIRF RANKING 2022) #shorts #viralshorts #topiims,shorts #viralshorts #top10iim #topiims 1.#iimahmedabad 2.#iimbangalore 3.#iimcalcutta 4.#iimkozhikode 5.#iimlucknow 6.,Top 10 IIMs❤ based on👍 (NIRF RANKING 2022) #shorts #viralshorts #topiims shorts #viralshorts #top10iim #topiims 1.#iimahmedabad 2.#iimbangalore 3.#iimcalcutta 4.#iimkozhikode 5.#iimlucknow 6.
TkCQcadK4RY,University of Calcutta,rankings,NIRF,University of Calcutta NIRF,"NIRF Ranking: NIRF র‍্যাঙ্কিংয়ে পিছলো CU, অধঃপতনে বিশ্বভারতী, কেন শিক্ষার এহেন দুর্দশা?",সর্বভারতীয় স্তরে অধঃপতন কলকাতা বিশ্ববিদ্যালয়ের। কেন্দ্রীয় ...,TV9 Bangla,2023-06-06T15:59:57Z,2023,2174,30,10,PT4M31S,unknown,https://www.youtube.com/watch?v=TkCQcadK4RY,11,Relevant,"NIRF Ranking: NIRF র‍্যাঙ্কিংয়ে পিছলো CU, অধঃপতনে বিশ্বভারতী, কেন শিক্ষার এহেন দুর্দশা?",সর্বভারতীয় স্তরে অধঃপতন কলকাতা বিশ্ববিদ্যালয়ের। কেন্দ্রীয় .,"NIRF Ranking: NIRF র‍্যাঙ্কিংয়ে পিছলো CU, অধঃপতনে বিশ্বভারতী, কেন শিক্ষার এহেন দুর্দশা? সর্বভারতীয় স্তরে অধঃপতন কলকাতা বিশ্ববিদ্যালয়ের। কেন্দ্রীয় ."
GZT6xfaIsMc,Osmania University,rankings,NIRF,Osmania University NIRF,NIRF Ranking 2023 || Top 5 Of Every Category &amp; Top 10 Overall | Naveen Sakh UGC NET Current Affairs,nirfranking2023 #currentaffairs FREE TELEGRAM STUDY GROUP for PDF https://t.me/naveensgreducation Best Offer to Enroll in ...,Sgr Education,2023-06-06T12:26:52Z,2023,233,45,12,PT6M8S,unknown,https://www.youtube.com/watch?v=GZT6xfaIsMc,11,Relevant,NIRF Ranking 2023 || Top 5 Of Every Category & Top 10 Overall | Naveen Sakh UGC NET Current Affairs,nirfranking2023 #currentaffairs FREE TELEGRAM STUDY GROUP for PDF Best Offer to Enroll in .,NIRF Ranking 2023 || Top 5 Of Every Category & Top 10 Overall | Naveen Sakh UGC NET Current Affairs nirfranking2023 #currentaffairs FREE TELEGRAM STUDY GROUP for PDF Best Offer to Enroll in .
ZLvVpPCCHXU,Osmania University,rankings,NIRF,Osmania University NIRF,NIRF Ranking 2023 | IIT Madras Top Educational Institute | Best Engineering College In India,దేశంలో అత్యుత్తమ ఉన్నత విద్యాసంస్థల జాబితాలో... ఐఐటీ మద్రాస్ ...,ETV Telangana,2023-06-05T12:02:33Z,2023,3221,38,1,PT2M18S,unknown,https://www.youtube.com/watch?v=ZLvVpPCCHXU,11,Relevant,NIRF Ranking 2023 | IIT Madras Top Educational Institute | Best Engineering College In India,దేశంలో అత్యుత్తమ ఉన్నత విద్యాసంస్థల జాబితాలో. ఐఐటీ మద్రాస్ .,NIRF Ranking 2023 | IIT Madras Top Educational Institute | Best Engineering College In India దేశంలో అత్యుత్తమ ఉన్నత విద్యాసంస్థల జాబితాలో. ఐఐటీ మద్రాస్ .
5BgS0Zh6xJY,University of Mumbai,rankings,NIRF,University of Mumbai NIRF,TOP 5 IIT VIEW (ACCORDING TO NIRF RANKING)❤️JEE ASPIRANT&#39;S DREAAM COLLEGE✨ #iit #jee,IIT EXCITING CAMPUS LIFE. JEE ASPIRANT'S DREAAM COLLEGE...JEE MOTIVATION. CHECK OUT OUR YOUTUBE ...,Pratham Updates,2023-05-30T08:38:55Z,2023,45393,5220,31,PT25S,unknown,https://www.youtube.com/watch?v=5BgS0Zh6xJY,11,Relevant,TOP 5 IIT VIEW (ACCORDING TO NIRF RANKING)❤️JEE ASPIRANT'S DREAAM COLLEGE✨ #iit #jee,IIT EXCITING CAMPUS LIFE. JEE ASPIRANT'S DREAAM COLLEGE.JEE MOTIVATION. CHECK OUT OUR YOUTUBE .,TOP 5 IIT VIEW (ACCORDING TO NIRF RANKING)❤️JEE ASPIRANT'S DREAAM COLLEGE✨ #iit #jee IIT EXCITING CAMPUS LIFE. JEE ASPIRANT'S DREAAM COLLEGE.JEE MOTIVATION. CHECK OUT OUR YOUTUBE .
pL8uqo3TjHo,Osmania University,rankings,NIRF,Osmania University NIRF,TOP 50 Medical Colleges by NIRF Ranking 2024 | NIRF Ranking 2024 | Best Medical Colleges #nirf2024,आप सभी का Bodmas Medical चैनल पर स्वागत है इस चैनल पर आप सभी को TOP 50 Medical ...,Bodmas Medical Career Hub,2024-08-12T14:18:40Z,2024,9780,111,16,PT8M39S,unknown,https://www.youtube.com/watch?v=pL8uqo3TjHo,11,Relevant,TOP 50 Medical Colleges by NIRF Ranking 2024 | NIRF Ranking 2024 | Best Medical Colleges #nirf2024,आप सभी का Bodmas Medical चैनल पर स्वागत है इस चैनल पर आप सभी को TOP 50 Medical .,TOP 50 Medical Colleges by NIRF Ranking 2024 | NIRF Ranking 2024 | Best Medical Colleges #nirf2024 आप सभी का Bodmas Medical चैनल पर स्वागत है इस चैनल पर आप सभी को TOP 50 Medical .
8HdwJo1K0ss,Osmania University,rankings,NIRF,Osmania University NIRF,Which educational Institute ranked first in national institutional Ranking framework (NIRF) 2025,Don't Forget : Like ❤️ | Comment | Share   & Subscribe SUBSCRIBE ▻ UPTTAKE JOBS: https://www.youtube.com/ ...,UPTTAKE JOBS,2025-09-11T10:49:20Z,2025,14339,1243,5,PT2M43S,unknown,https://www.youtube.com/watch?v=8HdwJo1K0ss,11,Relevant,Which educational Institute ranked first in national institutional Ranking framework (NIRF) 2025,Don't Forget : Like ❤️ | Comment | Share & Subscribe SUBSCRIBE ▻ UPTTAKE JOBS: .,Which educational Institute ranked first in national institutional Ranking framework (NIRF) 2025 Don't Forget : Like ❤️ | Comment | Share & Subscribe SUBSCRIBE ▻ UPTTAKE JOBS: .
umNVSgEsVQc,Osmania University,rankings,NIRF,Osmania University NIRF,Top 10 Medical Colleges in India|Best Medical Colleges|NIRF Ranking#mbbs#neetpg#neet#medicalcollege ,"Are you a NEET aspirant dreaming of studying in the best medical colleges in India? In this video, we discuss the Top 10 ...",OSMANIA DOCS,2025-12-30T11:30:59Z,2025,732,14,9,PT7M23S,unknown,https://www.youtube.com/watch?v=umNVSgEsVQc,11,Relevant,Top 10 Medical Colleges in India|Best Medical Colleges|NIRF Ranking#mbbs#neetpg#neet#medicalcollege,"Are you a NEET aspirant dreaming of studying in the best medical colleges in India? In this video, we discuss the Top 10 .","Top 10 Medical Colleges in India|Best Medical Colleges|NIRF Ranking#mbbs#neetpg#neet#medicalcollege Are you a NEET aspirant dreaming of studying in the best medical colleges in India? In this video, we discuss the Top 10 ."
bxBLPbYNLCY,University of Madras,rankings,NIRF,University of Madras NIRF,Top 10 IITs based on (NIRF ranking 2022) #shorts #topiits #viral,shorts #viralshorts #iitdream #iitjee #iitmotivation #iitwhatsappstatus 1.#iitmadras 2.#iitbombay 3.#iitkharagpur 4.#iitdelhi 5.,Knowledgeable Mindset,2023-02-09T11:00:22Z,2023,1012,0,1,PT37S,unknown,https://www.youtube.com/watch?v=bxBLPbYNLCY,11,Relevant,Top 10 IITs based on (NIRF ranking 2022) #shorts #topiits #viral,shorts #viralshorts #iitdream #iitjee #iitmotivation #iitwhatsappstatus 1.#iitmadras 2.#iitbombay 3.#iitkharagpur 4.#iitdelhi 5.,Top 10 IITs based on (NIRF ranking 2022) #shorts #topiits #viral shorts #viralshorts #iitdream #iitjee #iitmotivation #iitwhatsappstatus 1.#iitmadras 2.#iitbombay 3.#iitkharagpur 4.#iitdelhi 5.
AUFhEyd3wg0,University of Mumbai,rankings,NIRF,University of Mumbai NIRF,Top Research Institutes in India - NIRF 2023 Ranking @BotanyInsider,nirfranking2023 #csirnetlifesciences #reserach #lifescience #csirugcnet #csirnetlifesciences #crashcourse #crashcoursecsirnet ...,Botany Insider,2023-07-25T10:52:03Z,2023,375,13,0,PT3M50S,unknown,https://www.youtube.com/watch?v=AUFhEyd3wg0,11,Relevant,Top Research Institutes in India - NIRF 2023 Ranking @BotanyInsider,nirfranking2023 #csirnetlifesciences #reserach #lifescience #csirugcnet #csirnetlifesciences #crashcourse #crashcoursecsirnet .,Top Research Institutes in India - NIRF 2023 Ranking @BotanyInsider nirfranking2023 #csirnetlifesciences #reserach #lifescience #csirugcnet #csirnetlifesciences #crashcourse #crashcoursecsirnet .
Pwg1U4K1EMA,University of Mumbai,rankings,NIRF,University of Mumbai NIRF,Top 10 medical college latest NIRF ranking #mbbs #aiims #shortfeed #ytshorts #neet #mbbs #medstudent,NIRF2025 #MedicalColleges #Top10MedicalColleges #AIIMSDelhi #PGIMERChandigarh #CMCVellore #NIMHANS #JIPMER ...,Md Zeeshan Khan,2025-08-31T01:53:23Z,2025,162,8,9,PT22S,unknown,https://www.youtube.com/watch?v=Pwg1U4K1EMA,11,Relevant,Top 10 medical college latest NIRF ranking #mbbs #aiims #shortfeed #ytshorts #neet #mbbs #medstudent,NIRF2025 #MedicalColleges #Top10MedicalColleges #AIIMSDelhi #PGIMERChandigarh #CMCVellore #NIMHANS #JIPMER .,Top 10 medical college latest NIRF ranking #mbbs #aiims #shortfeed #ytshorts #neet #mbbs #medstudent NIRF2025 #MedicalColleges #Top10MedicalColleges #AIIMSDelhi #PGIMERChandigarh #CMCVellore #NIMHANS #JIPMER .
CH50_wJT8tU,University of Mumbai,rankings,NIRF,University of Mumbai NIRF,TOP IIT&#39;s in India by NIRF Ranking 2023 #iit #jee #iitmadras #iitdelhi #iitkharagpur,"Please watch: ""Eiilm Kolkata College Review 2024 || Best B- School In Eastern India"" ...",Know Your College,2023-07-29T04:56:53Z,2023,138,3,0,PT50S,unknown,https://www.youtube.com/watch?v=CH50_wJT8tU,11,Relevant,TOP IIT's in India by NIRF Ranking 2023 #iit #jee #iitmadras #iitdelhi #iitkharagpur,"Please watch: ""Eiilm Kolkata College Review 2024 || Best B- School In Eastern India"" .","TOP IIT's in India by NIRF Ranking 2023 #iit #jee #iitmadras #iitdelhi #iitkharagpur Please watch: ""Eiilm Kolkata College Review 2024 || Best B- School In Eastern India"" ."
Rfq2IJEfNS0,University of Madras,rankings,NIRF,University of Madras NIRF,Chennai &#39;s Top 10 Engineering colleges - NIRF Ranking 2024 #topengineeringcolleges #nirfranking,Top 10 Engineering Colleges in Chennai 2024 – You Won't Believe Who Made the List! Dreaming of becoming an engineer from ...,Let's learn with Salini,2025-05-07T03:00:31Z,2025,7079,24,16,PT31S,unknown,https://www.youtube.com/watch?v=Rfq2IJEfNS0,11,Relevant,Chennai 's Top 10 Engineering colleges - NIRF Ranking 2024 #topengineeringcolleges #nirfranking,Top 10 Engineering Colleges in Chennai 2024 – You Won't Believe Who Made the List! Dreaming of becoming an engineer from .,Chennai 's Top 10 Engineering colleges - NIRF Ranking 2024 #topengineeringcolleges #nirfranking Top 10 Engineering Colleges in Chennai 2024 – You Won't Believe Who Made the List! Dreaming of becoming an engineer from .
p8gtdeQ84HQ,University of Madras,rankings,NIRF,University of Madras NIRF,"Top NITs |2024 NIRF ranking, 🥰 Motivation #jee #nit #iit",,Prakash Physics,2024-08-28T14:15:53Z,2024,1093,51,4,PT17S,unknown,https://www.youtube.com/watch?v=p8gtdeQ84HQ,11,Relevant,"Top NITs |2024 NIRF ranking, 🥰 Motivation #jee #nit #iit",,"Top NITs |2024 NIRF ranking, 🥰 Motivation #jee #nit #iit"
Ap832T9Y8nQ,University of Madras,rankings,NIRF,University of Madras NIRF,👉 IIT Madras Ranked #1 in NIRF 2025 🏆 | Top Institute of India #collegecounsel #iith #onlinemba,,College Counsel,2025-09-05T14:47:18Z,2025,459,5,0,PT9S,unknown,https://www.youtube.com/watch?v=Ap832T9Y8nQ,11,Relevant,👉 IIT Madras Ranked #1 in NIRF 2025 🏆 | Top Institute of India #collegecounsel #iith #onlinemba,,👉 IIT Madras Ranked #1 in NIRF 2025 🏆 | Top Institute of India #collegecounsel #iith #onlinemba
ianBC5_s6hM,University of Madras,rankings,NIRF,University of Madras NIRF,IIT 2024 NIRF ranking 🥰#Jeemotivation #IIT #jee,,Prakash Physics,2024-08-24T08:36:41Z,2024,352,26,2,PT15S,unknown,https://www.youtube.com/watch?v=ianBC5_s6hM,11,Relevant,IIT 2024 NIRF ranking 🥰#Jeemotivation #IIT #jee,,IIT 2024 NIRF ranking 🥰#Jeemotivation #IIT #jee
akIsrkVDVQ8,University of Madras,rankings,NIRF,University of Madras NIRF,College with NIRF Ranking 1😮😮 Still its not IIT #shorts #jee2024 #jeemain #jeeadvanced #iiscbanglore,shorts #jee2024 #jeemain #jeeadvanced #iiscbanglore.,Vedantu JEE Made Ejee,2023-12-18T03:30:01Z,2023,23021,1383,33,PT34S,unknown,https://www.youtube.com/watch?v=akIsrkVDVQ8,11,Relevant,College with NIRF Ranking 1😮😮 Still its not IIT #shorts #jee2024 #jeemain #jeeadvanced #iiscbanglore,shorts #jee2024 #jeemain #jeeadvanced #iiscbanglore.,College with NIRF Ranking 1😮😮 Still its not IIT #shorts #jee2024 #jeemain #jeeadvanced #iiscbanglore shorts #jee2024 #jeemain #jeeadvanced #iiscbanglore.
PXUeIfMG0ig,Jadavpur University,rankings,NIRF,Jadavpur University NIRF,#jadavpuruniversity  total fees of engineering students @jadavpur university,,vlogs with unnati,2023-07-03T06:08:55Z,2023,1363,44,4,PT58S,unknown,https://www.youtube.com/watch?v=PXUeIfMG0ig,11,Relevant,#jadavpuruniversity total fees of engineering students @jadavpur university,,#jadavpuruniversity total fees of engineering students @jadavpur university
odCWzg16Goc,University of Madras,rankings,NIRF,University of Madras NIRF,Top Veterinary Colleges in India 🇮🇳(NIRF Ranking) #shorts #vets #veterinaria #new #newshorts #viral,My Insta Handle https://instagram.com/twinkle_paws_001?igshid=ZDdkNTZiNTM= My Telegram Channel link ...,Twinkle Paws,2023-03-05T07:39:50Z,2023,5972,129,5,PT10S,unknown,https://www.youtube.com/watch?v=odCWzg16Goc,11,Relevant,Top Veterinary Colleges in India 🇮🇳(NIRF Ranking) #shorts #vets #veterinaria #new #newshorts #viral,My Insta Handle My Telegram Channel link .,Top Veterinary Colleges in India 🇮🇳(NIRF Ranking) #shorts #vets #veterinaria #new #newshorts #viral My Insta Handle My Telegram Channel link .
0YzHXMOi6IQ,Gujarat University,rankings,NIRF,Gujarat University NIRF,College Admission - NAAC or NIRF - Which college to choose? #doorsteptutor,,Guidance & Counselling (Dr. Manishika Jain),2023-04-15T12:01:19Z,2023,367,11,1,PT55S,unknown,https://www.youtube.com/watch?v=0YzHXMOi6IQ,11,Relevant,College Admission - NAAC or NIRF - Which college to choose? #doorsteptutor,,College Admission - NAAC or NIRF - Which college to choose? #doorsteptutor
k32Susq8sbE,University of Rajasthan,rankings,NIRF,University of Rajasthan NIRF,Time for College Admissions - Should I Look for NAAC or NIRF? | Dr. Manishika #collegeadmission2023,CUET PG Practice and Prepare for exams @ https://www.doorsteptutor.com/Exams/CUET/PG/ NTA NET Paper 1 Postal Course ...,"Examrace (UPSC, NET, NCERT, ICSE ...)",2023-04-15T08:56:11Z,2023,313,6,0,PT6M13S,unknown,https://www.youtube.com/watch?v=k32Susq8sbE,11,Relevant,Time for College Admissions - Should I Look for NAAC or NIRF? | Dr. Manishika #collegeadmission2023,CUET PG Practice and Prepare for exams @ NTA NET Paper 1 Postal Course .,Time for College Admissions - Should I Look for NAAC or NIRF? | Dr. Manishika #collegeadmission2023 CUET PG Practice and Prepare for exams @ NTA NET Paper 1 Postal Course .
FeQ9QqCOFrY,Gujarat University,rankings,NIRF,Gujarat University NIRF,Top 5 Universities in India | NIRF 2023 Ranking | By Sunil Adhikari #shorts #shortsvideo,,Sunil Adhikari - Career Counselor,2023-06-12T09:30:03Z,2023,763,44,0,PT50S,unknown,https://www.youtube.com/watch?v=FeQ9QqCOFrY,11,Relevant,Top 5 Universities in India | NIRF 2023 Ranking | By Sunil Adhikari #shorts #shortsvideo,,Top 5 Universities in India | NIRF 2023 Ranking | By Sunil Adhikari #shorts #shortsvideo
23XtzzJIXac,Gujarat University,rankings,NIRF,Gujarat University NIRF,NIRF Rankings Of Gujarat Medical Colleges,,CampusNews 24x7,2023-10-31T17:30:00Z,2023,49,19,0,PT2M30S,unknown,https://www.youtube.com/watch?v=23XtzzJIXac,11,Relevant,NIRF Rankings Of Gujarat Medical Colleges,,NIRF Rankings Of Gujarat Medical Colleges
eGUw9pwwuA4,Gujarat University,rankings,NIRF,Gujarat University NIRF,NIRF 2025: Gujarat Missing in Top-100! #gujarat #university #shorts #viral #iit #trending #news,,The Fact Flash x Between Us ,2025-09-05T15:22:46Z,2025,720,22,1,PT1M17S,unknown,https://www.youtube.com/watch?v=eGUw9pwwuA4,11,Relevant,NIRF 2025: Gujarat Missing in Top-100! #gujarat #university #shorts #viral #iit #trending #news,,NIRF 2025: Gujarat Missing in Top-100! #gujarat #university #shorts #viral #iit #trending #news
AC-zuCLDRrI,VIT Vellore,rankings,NIRF,VIT Vellore NIRF,Necafe Area|VIT Vellore Campus|India|Tamilnadu #shorts 🔥 #vellore,,Shraddha Pandey,2023-08-17T09:57:14Z,2023,459,8,0,PT16S,unknown,https://www.youtube.com/watch?v=AC-zuCLDRrI,11,Relevant,Necafe Area|VIT Vellore Campus|India|Tamilnadu #shorts 🔥 #vellore,,Necafe Area|VIT Vellore Campus|India|Tamilnadu #shorts 🔥 #vellore
QfjEjQagGmM,Andhra University,rankings,NIRF,Andhra University NIRF,Top 10 Engineering Colleges in Andhra Pradesh | Best B.Tech Institutes as per NIRF Rankings,Looking for the best engineering colleges in Andhra Pradesh for B.Tech admissions? Here's the latest list of top-ranked colleges ...,The Education,2025-03-21T13:11:55Z,2025,139350,1459,97,PT6M28S,unknown,https://www.youtube.com/watch?v=QfjEjQagGmM,11,Relevant,Top 10 Engineering Colleges in Andhra Pradesh | Best B.Tech Institutes as per NIRF Rankings,Looking for the best engineering colleges in Andhra Pradesh for B.Tech admissions? Here's the latest list of top-ranked colleges .,Top 10 Engineering Colleges in Andhra Pradesh | Best B.Tech Institutes as per NIRF Rankings Looking for the best engineering colleges in Andhra Pradesh for B.Tech admissions? Here's the latest list of top-ranked colleges .
bmIYRGTjJTY,SRM Institute of Science and Technology,rankings,NIRF,SRM Institute of Science and Technology NIRF,SRM University 1 मिनट में सम्पूर्ण जानकरी I Ranking I Placement I Infrastructure,"For any further queries, Reach us 8617755699 Apnacollegenet Whatsapp: https://wa.me/message/4I6MX7HTN7FRF1 ...",Apnacollege Dekho,2023-04-21T15:30:16Z,2023,489,11,0,PT1M,unknown,https://www.youtube.com/watch?v=bmIYRGTjJTY,11,Relevant,SRM University 1 मिनट में सम्पूर्ण जानकरी I Ranking I Placement I Infrastructure,"For any further queries, Reach us 8617755699 Apnacollegenet Whatsapp: .","SRM University 1 मिनट में सम्पूर्ण जानकरी I Ranking I Placement I Infrastructure For any further queries, Reach us 8617755699 Apnacollegenet Whatsapp: ."
YnN_mLoa-9k,University of Rajasthan,rankings,NIRF,University of Rajasthan NIRF,AIIMS RANK 2024|INICET JULY-24 |NIRF rank,aiimsrank#aiimsexams#aiimacutoff #aiimsadmission2024#inicet2024#aiimsrank#neetpg2024 #neetcounselor ...,NEET COUNSELOR,2024-05-26T09:41:16Z,2024,10528,131,0,PT1M1S,unknown,https://www.youtube.com/watch?v=YnN_mLoa-9k,11,Relevant,AIIMS RANK 2024|INICET JULY-24 |NIRF rank,aiimsrank#aiimsexams#aiimacutoff #aiimsadmission2024#inicet2024#aiimsrank#neetpg2024 #neetcounselor .,AIIMS RANK 2024|INICET JULY-24 |NIRF rank aiimsrank#aiimsexams#aiimacutoff #aiimsadmission2024#inicet2024#aiimsrank#neetpg2024 #neetcounselor .
ZGBMQfAY-NY,Ranchi University,rankings,NIRF,Ranchi University NIRF,NIRF Ranking of AIIMS Colleges in India 2025#nirfranking #2025#mbbs#aiims#subscribe #neet #nirfrank,,FutureDesk,2025-07-23T13:07:38Z,2025,3326,8,0,PT6S,unknown,https://www.youtube.com/watch?v=ZGBMQfAY-NY,11,Relevant,NIRF Ranking of AIIMS Colleges in India 2025#nirfranking #2025#mbbs#aiims#subscribe #neet #nirfrank,,NIRF Ranking of AIIMS Colleges in India 2025#nirfranking #2025#mbbs#aiims#subscribe #neet #nirfrank
O50rf9HmXcY,Andhra University,rankings,NIRF,Andhra University NIRF,"Top 10 Engineering Colleges in Andhra Pradesh 2025 | EAMCET CutOff, Placements, NIRF Ranks, Packages",Join this channel to get access to perks: https://www.youtube.com/channel/UCKwwOaCxru4PhbM_0fvIwLw/join Free ecet ...,Free Ecet Coaching,2025-05-27T03:30:06Z,2025,27267,453,28,PT15M27S,unknown,https://www.youtube.com/watch?v=O50rf9HmXcY,11,Relevant,"Top 10 Engineering Colleges in Andhra Pradesh 2025 | EAMCET CutOff, Placements, NIRF Ranks, Packages",Join this channel to get access to perks: Free ecet .,"Top 10 Engineering Colleges in Andhra Pradesh 2025 | EAMCET CutOff, Placements, NIRF Ranks, Packages Join this channel to get access to perks: Free ecet ."
x1rCTNKCA1Q,Andhra University,rankings,NIRF,Andhra University NIRF,Top 10 Engineering Colleges in AP With Best Average Package &amp; NIRF rank   AP EAPCET 2024,Click on this link for Arjuna NEET + EAPCET 2025 Batch https://vdnt.in/FjtA9 Petition for NEET 2024 aspirants! Fill up the form ...,Vedantu Telugu NEET,2024-06-12T11:45:06Z,2024,69847,2053,12,PT56S,unknown,https://www.youtube.com/watch?v=x1rCTNKCA1Q,11,Relevant,Top 10 Engineering Colleges in AP With Best Average Package & NIRF rank AP EAPCET 2024,Click on this link for Arjuna NEET + EAPCET 2025 Batch Petition for NEET 2024 aspirants! Fill up the form .,Top 10 Engineering Colleges in AP With Best Average Package & NIRF rank AP EAPCET 2024 Click on this link for Arjuna NEET + EAPCET 2025 Batch Petition for NEET 2024 aspirants! Fill up the form .
dNUzl3R7qfk,Ranchi University,rankings,NIRF,Ranchi University NIRF,Top 5 colleges in INDIA as per NIRF ranking 2023 #college #iit #jee #iitmotivation #motivation,shorts #motivation #education #iitjee #engineering #university #nirfranking top college INDIA top IIT.,The editist,2023-07-22T13:13:51Z,2023,23,1,0,PT12S,unknown,https://www.youtube.com/watch?v=dNUzl3R7qfk,11,Relevant,Top 5 colleges in INDIA as per NIRF ranking 2023 #college #iit #jee #iitmotivation #motivation,shorts #motivation #education #iitjee #engineering #university #nirfranking top college INDIA top IIT.,Top 5 colleges in INDIA as per NIRF ranking 2023 #college #iit #jee #iitmotivation #motivation shorts #motivation #education #iitjee #engineering #university #nirfranking top college INDIA top IIT.
MmPbb8GWZKg,Ranchi University,rankings,NIRF,Ranchi University NIRF,NIRF Ranking: TOP-1O कॉलेजों की लिस्ट जारी | DU का मिरांडा हाउस पहले रैंक पर | NIRF,nirfranking2022 #DainikJagran #LatestNews #HindiNews मिनिस्ट्री ऑफ स्टेट फॉर एजुकेशन ने ...,Dainik Jagran - दैनिक जागरण,2023-06-05T14:49:56Z,2023,6526,65,3,PT1M28S,unknown,https://www.youtube.com/watch?v=MmPbb8GWZKg,11,Relevant,NIRF Ranking: TOP-1O कॉलेजों की लिस्ट जारी | DU का मिरांडा हाउस पहले रैंक पर | NIRF,nirfranking2022 #DainikJagran #LatestNews #HindiNews मिनिस्ट्री ऑफ स्टेट फॉर एजुकेशन ने .,NIRF Ranking: TOP-1O कॉलेजों की लिस्ट जारी | DU का मिरांडा हाउस पहले रैंक पर | NIRF nirfranking2022 #DainikJagran #LatestNews #HindiNews मिनिस्ट्री ऑफ स्टेट फॉर एजुकेशन ने .
39X2aOGFQDo,Gujarat University,rankings,NIRF,Gujarat University NIRF,NIRF Rankings 2023: Which Gujarat Institutes Tops?,"In this video, you will learn about Instagram Link: https://linktr.ee/dhruvchavda_05 ACPC Website Link: ...",Knowledge Time,2023-06-08T07:30:00Z,2023,404,8,5,PT3M40S,unknown,https://www.youtube.com/watch?v=39X2aOGFQDo,11,Relevant,NIRF Rankings 2023: Which Gujarat Institutes Tops?,"In this video, you will learn about Instagram Link: ACPC Website Link: .","NIRF Rankings 2023: Which Gujarat Institutes Tops? In this video, you will learn about Instagram Link: ACPC Website Link: ."
HIlWTelYSOA,Patna University,rankings,NIRF,Patna University NIRF,Top 10  IITs based on NIRF Ranking 2024 #jeemains #iit #shorts  #iitbombay #nirfranking #iitdelhi,jeemains #nitplacement #engineeringentranceexam #iit #shorts #shortvideo #subscribe #shortsfeed #iitdelhi #iitmadras ...,Team- NITians,2024-08-18T17:47:34Z,2024,180,12,2,PT39S,unknown,https://www.youtube.com/watch?v=HIlWTelYSOA,11,Relevant,Top 10 IITs based on NIRF Ranking 2024 #jeemains #iit #shorts #iitbombay #nirfranking #iitdelhi,jeemains #nitplacement #engineeringentranceexam #iit #shorts #shortvideo #subscribe #shortsfeed #iitdelhi #iitmadras .,Top 10 IITs based on NIRF Ranking 2024 #jeemains #iit #shorts #iitbombay #nirfranking #iitdelhi jeemains #nitplacement #engineeringentranceexam #iit #shorts #shortvideo #subscribe #shortsfeed #iitdelhi #iitmadras .
6MasnRYmjmQ,Delhi University,rankings,NIRF,Delhi University NIRF,NIRF Rankings Shocking Reality!🔥😱 #shorts,shorts Beware of Over-Reliance on NIRF Rankings: Most students trust NIRF rankings because they're released by the ...,CUET by Gokul Chhabra,2024-08-18T08:30:01Z,2024,4240,115,15,PT56S,unknown,https://www.youtube.com/watch?v=6MasnRYmjmQ,10,Relevant,NIRF Rankings Shocking Reality!🔥😱 #shorts,shorts Beware of Over-Reliance on NIRF Rankings: Most students trust NIRF rankings because they're released by the .,NIRF Rankings Shocking Reality!🔥😱 #shorts shorts Beware of Over-Reliance on NIRF Rankings: Most students trust NIRF rankings because they're released by the .
-1Dz2daZBv0,College of Engineering Pune,rankings,NIRF,College of Engineering Pune NIRF,The Real Top 30 Engineering Colleges of India - Ranking for CSE branch by Aman Dhattarwal,"All colleges are good, in the end your career will mostly depend on your hard work & efforts in the next 4 years. Jao ab Phodo!",Aman Dhattarwal,2025-05-29T16:37:22Z,2025,206707,5105,715,PT39M24S,unknown,https://www.youtube.com/watch?v=-1Dz2daZBv0,10,Relevant,The Real Top 30 Engineering Colleges of India - Ranking for CSE branch by Aman Dhattarwal,"All colleges are good, in the end your career will mostly depend on your hard work & efforts in the next 4 years. Jao ab Phodo!","The Real Top 30 Engineering Colleges of India - Ranking for CSE branch by Aman Dhattarwal All colleges are good, in the end your career will mostly depend on your hard work & efforts in the next 4 years. Jao ab Phodo!"
raCHkLAgUzA,Jawaharlal Nehru University,rankings,NIRF,Jawaharlal Nehru University NIRF,top 10 Universities in India # shorts #best #youtubefeed #university,top 10 Universities in India #nirf ranking #bestcolleges #university #youtubeshorts #motivation #jmi #jnu #delhi #iisc #vit.,FaWo,2024-05-13T01:30:21Z,2024,29,3,0,PT38S,unknown,https://www.youtube.com/watch?v=raCHkLAgUzA,10,Relevant,top 10 Universities in India # shorts #best #youtubefeed #university,top 10 Universities in India #nirf ranking #bestcolleges #university #youtubeshorts #motivation #jmi #jnu #delhi #iisc #vit.,top 10 Universities in India # shorts #best #youtubefeed #university top 10 Universities in India #nirf ranking #bestcolleges #university #youtubeshorts #motivation #jmi #jnu #delhi #iisc #vit.
86S9oAO3iQI,Jawaharlal Nehru University,rankings,NIRF,Jawaharlal Nehru University NIRF,🎓 CUET 2026 – Top 10 Universities (NIRF Ranked)!,"CUET 2026 – Top 10 Universities (NIRF Ranked)! Aspirants, here are the top CUET-participating universities you should aim for ...",TIME 4 IPM BBA,2025-11-14T10:59:34Z,2025,150,1,0,PT20S,unknown,https://www.youtube.com/watch?v=86S9oAO3iQI,10,Relevant,🎓 CUET 2026 – Top 10 Universities (NIRF Ranked)!,"CUET 2026 – Top 10 Universities (NIRF Ranked)! Aspirants, here are the top CUET-participating universities you should aim for .","🎓 CUET 2026 – Top 10 Universities (NIRF Ranked)! CUET 2026 – Top 10 Universities (NIRF Ranked)! Aspirants, here are the top CUET-participating universities you should aim for ."
BRexUWRFUGM,Jawaharlal Nehru University,rankings,NIRF,Jawaharlal Nehru University NIRF,Best Indian Colleges &amp; Universities | NIRF Rankings 2023 | IIT Madras Reigns Supreme | News9,The highly anticipated NIRF Rankings 2023 is out! IIT Madras continues its reign as the top college overall and the best ...,NEWS9 Live,2023-06-05T21:30:12Z,2023,1372,16,0,PT14M6S,unknown,https://www.youtube.com/watch?v=BRexUWRFUGM,10,Relevant,Best Indian Colleges & Universities | NIRF Rankings 2023 | IIT Madras Reigns Supreme | News9,The highly anticipated NIRF Rankings 2023 is out! IIT Madras continues its reign as the top college overall and the best .,Best Indian Colleges & Universities | NIRF Rankings 2023 | IIT Madras Reigns Supreme | News9 The highly anticipated NIRF Rankings 2023 is out! IIT Madras continues its reign as the top college overall and the best .
Aby4698cT4Y,Osmania University,rankings,NIRF,Osmania University NIRF,NIRF Rankings 2023 of Telangana Universities &amp; Colleges | NIRF Rankings 2023 |#tseamcet2023,Tags #nirfrankings2023 #telangananirfrankinga2023 #nirfrankingsofengineeringcollegesinhyderabad #nirf #nirfranking2022 ...,TS EAMCET.in.,2023-07-30T05:17:10Z,2023,1921,19,13,PT1M18S,unknown,https://www.youtube.com/watch?v=Aby4698cT4Y,10,Relevant,NIRF Rankings 2023 of Telangana Universities & Colleges | NIRF Rankings 2023 |#tseamcet2023,Tags #nirfrankings2023 #telangananirfrankinga2023 #nirfrankingsofengineeringcollegesinhyderabad #nirf #nirfranking2022 .,NIRF Rankings 2023 of Telangana Universities & Colleges | NIRF Rankings 2023 |#tseamcet2023 Tags #nirfrankings2023 #telangananirfrankinga2023 #nirfrankingsofengineeringcollegesinhyderabad #nirf #nirfranking2022 .
6emEpKDDMns,Delhi University,rankings,NIRF,Delhi University NIRF,Top 10 Colleges in India NIRF 2025 Rankings Explained,Send 'Hey' on WhatsApp *8585951111* for FREE GUIDANCE or Click here *https://wa.link/nnuajt* The *NIRF 2025 College ...,shiksha.com,2025-09-04T11:07:12Z,2025,2537,33,8,PT1M20S,unknown,https://www.youtube.com/watch?v=6emEpKDDMns,10,Relevant,Top 10 Colleges in India NIRF 2025 Rankings Explained,Send 'Hey' on WhatsApp *8585951111* for FREE GUIDANCE or Click here * The *NIRF 2025 College .,Top 10 Colleges in India NIRF 2025 Rankings Explained Send 'Hey' on WhatsApp *8585951111* for FREE GUIDANCE or Click here * The *NIRF 2025 College .
XEXJNWmvSTE,Jawaharlal Nehru University,rankings,NIRF,Jawaharlal Nehru University NIRF,JNU ने आलोचकों को जवाब देते हुए फिर से IIT के बीच खुद को कैसे साबित कर दिया? | NIRF Rankings 2023,LT Premium जॉइन करने के लिए नीचे दिए लिंक पर क्लिक करें: ...,The Lallantop,2023-06-06T04:00:14Z,2023,200658,3436,485,PT5M49S,unknown,https://www.youtube.com/watch?v=XEXJNWmvSTE,10,Relevant,JNU ने आलोचकों को जवाब देते हुए फिर से IIT के बीच खुद को कैसे साबित कर दिया? | NIRF Rankings 2023,LT Premium जॉइन करने के लिए नीचे दिए लिंक पर क्लिक करें: .,JNU ने आलोचकों को जवाब देते हुए फिर से IIT के बीच खुद को कैसे साबित कर दिया? | NIRF Rankings 2023 LT Premium जॉइन करने के लिए नीचे दिए लिंक पर क्लिक करें: .
wIjubN8HvX8,University of Madras,rankings,NIRF,University of Madras NIRF,Proud IITM Alumni | IIT Madras Ranked #1 in NIRF 2025! 🇮🇳.   #iit #madras #top #topinstitute #jee,Shorts #YouTubeShorts #Viral #Trending #NIRF2025 #IITMadras #Engineering #CampusLife #IndianEducation #Education ...,Miles With DP,2025-09-09T17:32:40Z,2025,191,2,0,PT2S,unknown,https://www.youtube.com/watch?v=wIjubN8HvX8,10,Relevant,Proud IITM Alumni | IIT Madras Ranked #1 in NIRF 2025! 🇮🇳. #iit #madras #top #topinstitute #jee,Shorts #YouTubeShorts #Viral #Trending #NIRF2025 #IITMadras #Engineering #CampusLife #IndianEducation #Education .,Proud IITM Alumni | IIT Madras Ranked #1 in NIRF 2025! 🇮🇳. #iit #madras #top #topinstitute #jee Shorts #YouTubeShorts #Viral #Trending #NIRF2025 #IITMadras #Engineering #CampusLife #IndianEducation #Education .
kgMoR5Obqjk,Harcourt Butler Technical University,rankings,NIRF,Harcourt Butler Technical University NIRF,IIT Kanpur college review 2025 : Truth About Placements &amp; Campus Life,"This in-depth review covers everything you need to know about IIT Kanpur, one of India's leading engineering institutes.",Prabhat Ranjan,2025-11-02T06:30:24Z,2025,1794,51,5,PT8M22S,unknown,https://www.youtube.com/watch?v=kgMoR5Obqjk,10,Relevant,IIT Kanpur college review 2025 : Truth About Placements & Campus Life,"This in-depth review covers everything you need to know about IIT Kanpur, one of India's leading engineering institutes.","IIT Kanpur college review 2025 : Truth About Placements & Campus Life This in-depth review covers everything you need to know about IIT Kanpur, one of India's leading engineering institutes."
MiH0fYrJ-Xs,Harcourt Butler Technical University,rankings,NIRF,Harcourt Butler Technical University NIRF,"IILM University Campus Tour, Gurugram |Admission 2023 | Eligibility | Fees | Placement | Scholarship","IILM University *If you need suggestions for options based on your current profile, fill our profile analysis form- ...",Sanjay Chaudhary (Dreamz India Education),2023-02-16T09:24:39Z,2023,112,1,1,PT1M5S,unknown,https://www.youtube.com/watch?v=MiH0fYrJ-Xs,10,Relevant,"IILM University Campus Tour, Gurugram |Admission 2023 | Eligibility | Fees | Placement | Scholarship","IILM University *If you need suggestions for options based on your current profile, fill our profile analysis form- .","IILM University Campus Tour, Gurugram |Admission 2023 | Eligibility | Fees | Placement | Scholarship IILM University *If you need suggestions for options based on your current profile, fill our profile analysis form- ."
8wtQEFzMEew,University of Madras,rankings,NIRF,University of Madras NIRF,"IIT Madras, IISc Bengaluru, NIRF 2025 #upsc",avyanias #surendrakumar #nirf #nirfranking2025.,Avyan IAS,2025-10-04T12:34:48Z,2025,149,6,0,PT2M39S,unknown,https://www.youtube.com/watch?v=8wtQEFzMEew,10,Relevant,"IIT Madras, IISc Bengaluru, NIRF 2025 #upsc",avyanias #surendrakumar #nirf #nirfranking2025.,"IIT Madras, IISc Bengaluru, NIRF 2025 #upsc avyanias #surendrakumar #nirf #nirfranking2025."
7seg1JfuJxM,Jawaharlal Nehru University,rankings,NIRF,Jawaharlal Nehru University NIRF,How Government Gives Rating To Colleges &amp; Universities | What Is NIRF | Indian Education | #shorts,How Government Gives Rating To Colleges & Universities | What Is NIRF | Indian Education | #shorts #nirf #education In This we ...,Morning Mission ,2023-01-17T16:38:08Z,2023,1628,65,2,PT42S,unknown,https://www.youtube.com/watch?v=7seg1JfuJxM,10,Relevant,How Government Gives Rating To Colleges & Universities | What Is NIRF | Indian Education | #shorts,How Government Gives Rating To Colleges & Universities | What Is NIRF | Indian Education | #shorts #nirf #education In This we .,How Government Gives Rating To Colleges & Universities | What Is NIRF | Indian Education | #shorts How Government Gives Rating To Colleges & Universities | What Is NIRF | Indian Education | #shorts #nirf #education In This we .
vrBpsb7xilc,Indian Institute of Management,rankings,NIRF,Indian Institute of Management NIRF,Top 10 MBA Colleges in India as per NIRF 2025!  #nirfranking2025mba,Send 'Hey' on WhatsApp 8585951111 for FREE GUIDANCE or Click here wa.link/q7gc7w The NIRF 2025 rankings for MBA ...,Shiksha MBA & BBA,2025-09-04T08:58:22Z,2025,2129,35,2,PT1M5S,unknown,https://www.youtube.com/watch?v=vrBpsb7xilc,10,Relevant,Top 10 MBA Colleges in India as per NIRF 2025! #nirfranking2025mba,Send 'Hey' on WhatsApp 8585951111 for FREE GUIDANCE or Click here wa.link/q7gc7w The NIRF 2025 rankings for MBA .,Top 10 MBA Colleges in India as per NIRF 2025! #nirfranking2025mba Send 'Hey' on WhatsApp 8585951111 for FREE GUIDANCE or Click here wa.link/q7gc7w The NIRF 2025 rankings for MBA .
z0i0p31FZT4,College of Engineering Pune,rankings,NIRF,College of Engineering Pune NIRF,How reliable are NIRF Rankings for MBA Colleges |Bschool rankings | How to select colleges | Patrick,cat #nirf #mbacollegeranking The NIRF rankings are out. You can find out where your college stands.,Patrick100,2023-06-06T13:00:48Z,2023,489,12,12,PT5M19S,unknown,https://www.youtube.com/watch?v=z0i0p31FZT4,10,Relevant,How reliable are NIRF Rankings for MBA Colleges |Bschool rankings | How to select colleges | Patrick,cat #nirf #mbacollegeranking The NIRF rankings are out. You can find out where your college stands.,How reliable are NIRF Rankings for MBA Colleges |Bschool rankings | How to select colleges | Patrick cat #nirf #mbacollegeranking The NIRF rankings are out. You can find out where your college stands.
UduihZfvhaI,College of Engineering Pune,rankings,NIRF,College of Engineering Pune NIRF,Low JEE rank hai? Top 5 Colleges with Management Quota Admission |Engineering Colleges Guide,Low JEE rank hai? Management quota ke through top colleges mein admission lena chahte ho? Is video mein hum discuss ...,College Dost Hindi,2025-05-30T12:34:13Z,2025,7934,90,1,PT38S,unknown,https://www.youtube.com/watch?v=UduihZfvhaI,10,Relevant,Low JEE rank hai? Top 5 Colleges with Management Quota Admission |Engineering Colleges Guide,Low JEE rank hai? Management quota ke through top colleges mein admission lena chahte ho? Is video mein hum discuss .,Low JEE rank hai? Top 5 Colleges with Management Quota Admission |Engineering Colleges Guide Low JEE rank hai? Management quota ke through top colleges mein admission lena chahte ho? Is video mein hum discuss .
k8H-TW-pQpk,University of Hyderabad,rankings,NIRF,University of Hyderabad NIRF,NIRF Rankings 2023 | Telangana Universities&amp;Engineering colleges NIRF Rankings |Do SUBSCRIBE,Tags: #nirfrankings2023 #telangananirfrankinga2023 #nirfrankingsofengineeringcollegesinhyderabad #nirf #nirfranking2022 ...,TS EAMCET.in.,2023-07-30T06:14:27Z,2023,673,9,0,PT56S,unknown,https://www.youtube.com/watch?v=k8H-TW-pQpk,10,Relevant,NIRF Rankings 2023 | Telangana Universities&Engineering colleges NIRF Rankings |Do SUBSCRIBE,Tags: #nirfrankings2023 #telangananirfrankinga2023 #nirfrankingsofengineeringcollegesinhyderabad #nirf #nirfranking2022 .,NIRF Rankings 2023 | Telangana Universities&Engineering colleges NIRF Rankings |Do SUBSCRIBE Tags: #nirfrankings2023 #telangananirfrankinga2023 #nirfrankingsofengineeringcollegesinhyderabad #nirf #nirfranking2022 .
wU1wPA6Ihs0,University of Hyderabad,rankings,NIRF,University of Hyderabad NIRF,"NIRF INDIA RANKINGS 2023: Universities | Engineering | Management | Pharmacy in Hyderabad, Telangana","NIRF INDIA RANKINGS 2023: Universities | Engineering | Management | Pharmacy in Hyderabad, Telangana TOP PRIVATE ...",Madana Mohana R's ICT Channel,2023-06-06T16:37:47Z,2023,311,9,0,PT7M17S,unknown,https://www.youtube.com/watch?v=wU1wPA6Ihs0,10,Relevant,"NIRF INDIA RANKINGS 2023: Universities | Engineering | Management | Pharmacy in Hyderabad, Telangana","NIRF INDIA RANKINGS 2023: Universities | Engineering | Management | Pharmacy in Hyderabad, Telangana TOP PRIVATE .","NIRF INDIA RANKINGS 2023: Universities | Engineering | Management | Pharmacy in Hyderabad, Telangana NIRF INDIA RANKINGS 2023: Universities | Engineering | Management | Pharmacy in Hyderabad, Telangana TOP PRIVATE ."
uF1Xmi1Shjc,Lucknow University,rankings,NIRF,Lucknow University NIRF,Holi Wishes l Amity University Lucknow,May your life be as colourful as the festival of Holi. Let's celebrate this joyous occasion with our Amity family. Happy Holi!,Amity University Lucknow Campus,2023-03-07T14:42:00Z,2023,69,0,0,PT11S,unknown,https://www.youtube.com/watch?v=uF1Xmi1Shjc,10,Relevant,Holi Wishes l Amity University Lucknow,May your life be as colourful as the festival of Holi. Let's celebrate this joyous occasion with our Amity family. Happy Holi!,Holi Wishes l Amity University Lucknow May your life be as colourful as the festival of Holi. Let's celebrate this joyous occasion with our Amity family. Happy Holi!
okjAiIJ3jEU,University of Hyderabad,rankings,NIRF,University of Hyderabad NIRF,"India Top Universities 2026 🏆 NIRF Rankings Released | DU, JNU, BHU &amp; UOH",NIRF 2026 తాజా ర్యాంకింగ్స్ విడుదలయ్యాయి! ఈ వీడియోలో భారతదేశంలోని ...,Maa Education,2026-06-18T05:38:47Z,2026,1850,4,0,PT5S,unknown,https://www.youtube.com/watch?v=okjAiIJ3jEU,10,Relevant,"India Top Universities 2026 🏆 NIRF Rankings Released | DU, JNU, BHU & UOH",NIRF 2026 తాజా ర్యాంకింగ్స్ విడుదలయ్యాయి! ఈ వీడియోలో భారతదేశంలోని .,"India Top Universities 2026 🏆 NIRF Rankings Released | DU, JNU, BHU & UOH NIRF 2026 తాజా ర్యాంకింగ్స్ విడుదలయ్యాయి! ఈ వీడియోలో భారతదేశంలోని ."
BHIghJaQP8E,Institute of Chemical Technology Mumbai,rankings,NIRF,Institute of Chemical Technology Mumbai NIRF,"ICT Mumbai 2026 Review | Campus Tour, Placements, Reality Check",The Institute of Chemical Technology (ICT) Mumbai is widely regarded as one of India's premier institutions for chemical ...,Prabhat Ranjan,2026-03-06T06:30:06Z,2026,6811,114,10,PT14M46S,unknown,https://www.youtube.com/watch?v=BHIghJaQP8E,10,Relevant,"ICT Mumbai 2026 Review | Campus Tour, Placements, Reality Check",The Institute of Chemical Technology (ICT) Mumbai is widely regarded as one of India's premier institutions for chemical .,"ICT Mumbai 2026 Review | Campus Tour, Placements, Reality Check The Institute of Chemical Technology (ICT) Mumbai is widely regarded as one of India's premier institutions for chemical ."
NCu5ttKmRQ0,University of Hyderabad,rankings,NIRF,University of Hyderabad NIRF,Top 10 best universities in India । best universities।  nirf ।shorts,Top 10 best universities in India । best universities। nirf ।shorts hello dosto Main apka Vijay mahto follow me on social site: my ...,Vijay mahto ,2023-06-07T11:59:44Z,2023,598,23,2,PT54S,unknown,https://www.youtube.com/watch?v=NCu5ttKmRQ0,10,Relevant,Top 10 best universities in India । best universities। nirf ।shorts,Top 10 best universities in India । best universities। nirf ।shorts hello dosto Main apka Vijay mahto follow me on social site: my .,Top 10 best universities in India । best universities। nirf ।shorts Top 10 best universities in India । best universities। nirf ।shorts hello dosto Main apka Vijay mahto follow me on social site: my .
dUmwesREytM,Jamia Millia Islamia,rankings,NIRF,Jamia Millia Islamia NIRF,जामिया मिलिया इस्लामिया | भारत में शीर्ष रैंक विश्वविद्यालय | एनआईआरएफ 3 | JAMIA #JMI,Jamia Millia Islamia University Jamia Millia Islamia | Top Ranked University in India | NIRF Ranking 3 #jamiamilliaislamia Top ...,LearnEveryone,2023-11-24T05:20:45Z,2023,192,6,0,PT59S,unknown,https://www.youtube.com/watch?v=dUmwesREytM,10,Relevant,जामिया मिलिया इस्लामिया | भारत में शीर्ष रैंक विश्वविद्यालय | एनआईआरएफ 3 | JAMIA #JMI,Jamia Millia Islamia University Jamia Millia Islamia | Top Ranked University in India | NIRF Ranking 3 #jamiamilliaislamia Top .,जामिया मिलिया इस्लामिया | भारत में शीर्ष रैंक विश्वविद्यालय | एनआईआरएफ 3 | JAMIA #JMI Jamia Millia Islamia University Jamia Millia Islamia | Top Ranked University in India | NIRF Ranking 3 #jamiamilliaislamia Top .
eA355ZpXib4,Indian Institute of Management,rankings,NIRF,Indian Institute of Management NIRF,Best institutes in India as per the NIRF rankings 2023,"The Indian Institute of Technology (IIT), Madras retained the top spot in for the 5th-straight year. #IIT #iitmadras #education #india ...",Knowelloworld,2023-06-07T13:03:23Z,2023,34,1,0,PT2M18S,unknown,https://www.youtube.com/watch?v=eA355ZpXib4,10,Relevant,Best institutes in India as per the NIRF rankings 2023,"The Indian Institute of Technology (IIT), Madras retained the top spot in for the 5th-straight year. #IIT #iitmadras #education #india .","Best institutes in India as per the NIRF rankings 2023 The Indian Institute of Technology (IIT), Madras retained the top spot in for the 5th-straight year. #IIT #iitmadras #education #india ."
YZzuqvRdAEk,Shri Shankaracharya Technical Campus Bhilai,rankings,NIRF,Shri Shankaracharya Technical Campus Bhilai NIRF,"Bhilai Institute of Technology, Durg || BIT, DURG Detailed College review! Best College after NIT!","Detailed College Review: Bhilai Institute of Technology, Durg @manoharkumaredu Welcome to our comprehensive review ...",Manohar Kumar,2023-05-29T04:30:19Z,2023,17580,325,163,PT11M3S,unknown,https://www.youtube.com/watch?v=YZzuqvRdAEk,10,Relevant,"Bhilai Institute of Technology, Durg || BIT, DURG Detailed College review! Best College after NIT!","Detailed College Review: Bhilai Institute of Technology, Durg @manoharkumaredu Welcome to our comprehensive review .","Bhilai Institute of Technology, Durg || BIT, DURG Detailed College review! Best College after NIT! Detailed College Review: Bhilai Institute of Technology, Durg @manoharkumaredu Welcome to our comprehensive review ."
cbc0zocTeLo,Delhi University,rankings,NIRF,Delhi University NIRF,Top 10 Colleges of Delhi according to NIRF rankings. THE UNBIASED,,The Unbiased,2024-05-09T07:32:22Z,2024,34,4,0,PT30S,unknown,https://www.youtube.com/watch?v=cbc0zocTeLo,10,Relevant,Top 10 Colleges of Delhi according to NIRF rankings. THE UNBIASED,,Top 10 Colleges of Delhi according to NIRF rankings. THE UNBIASED
TpEB33TXBIU,Indian Institute of Management,rankings,NIRF,Indian Institute of Management NIRF,Top 5 IIM Colleges in India (2025) | NIRF Rankings Revealed!,"Welcome to our channel! In this exciting video, we unveil the Top 5 IIM Colleges in India for 2025 according to the latest NIRF ...",Techiee Retreat,2025-01-28T08:46:37Z,2025,54,10,0,PT2M15S,unknown,https://www.youtube.com/watch?v=TpEB33TXBIU,10,Relevant,Top 5 IIM Colleges in India (2025) | NIRF Rankings Revealed!,"Welcome to our channel! In this exciting video, we unveil the Top 5 IIM Colleges in India for 2025 according to the latest NIRF .","Top 5 IIM Colleges in India (2025) | NIRF Rankings Revealed! Welcome to our channel! In this exciting video, we unveil the Top 5 IIM Colleges in India for 2025 according to the latest NIRF ."
gmWYz7wnKqY,Lucknow University,rankings,NIRF,Lucknow University NIRF,"top university india and global, bharat ki top university #lucknow #india #global #nirf",,Jayshankar Dwivedi vlog,2023-05-09T02:53:41Z,2023,62,8,0,PT1M,unknown,https://www.youtube.com/watch?v=gmWYz7wnKqY,10,Relevant,"top university india and global, bharat ki top university #lucknow #india #global #nirf",,"top university india and global, bharat ki top university #lucknow #india #global #nirf"
_NiyHrWhHKg,Indian Institute of Management,rankings,NIRF,Indian Institute of Management NIRF,Top MBA Colleges in India | An Honest Ranking | 2025 Ranking | Top 10 | Top 20 MBA Colleges,"Looking for the best MBA colleges in India for 2025? You're in the right place! In this video, we'll be ranking the top 20 MBA ...",EduFund Insights,2025-01-27T15:13:18Z,2025,57,0,0,PT3M4S,unknown,https://www.youtube.com/watch?v=_NiyHrWhHKg,10,Relevant,Top MBA Colleges in India | An Honest Ranking | 2025 Ranking | Top 10 | Top 20 MBA Colleges,"Looking for the best MBA colleges in India for 2025? You're in the right place! In this video, we'll be ranking the top 20 MBA .","Top MBA Colleges in India | An Honest Ranking | 2025 Ranking | Top 10 | Top 20 MBA Colleges Looking for the best MBA colleges in India for 2025? You're in the right place! In this video, we'll be ranking the top 20 MBA ."
gbBrzm70aXQ,Gujarat University,rankings,NIRF,Gujarat University NIRF,NIRF Rankings 2023: Top 10 Institute,NIRF Rankings 2023: Top 10 Institute || bb KIDS Like the video and subscribe the video.,bb KIDS,2023-06-08T17:39:48Z,2023,243,5,0,PT17S,unknown,https://www.youtube.com/watch?v=gbBrzm70aXQ,10,Relevant,NIRF Rankings 2023: Top 10 Institute,NIRF Rankings 2023: Top 10 Institute || bb KIDS Like the video and subscribe the video.,NIRF Rankings 2023: Top 10 Institute NIRF Rankings 2023: Top 10 Institute || bb KIDS Like the video and subscribe the video.
vizJkb-Hypw,Delhi University,rankings,NIRF,Delhi University NIRF,"Parul University Rankings: Collegedunia, NIRF, IIRF &amp; More | National &amp; International Rankings",For More Details: https://tinyurl.com/4m2w7328 Wondering where Parul University is ranked? Let's get to the bottom of it!,Collegedunia,2025-08-12T15:30:38Z,2025,530,6,1,PT32S,unknown,https://www.youtube.com/watch?v=vizJkb-Hypw,10,Relevant,"Parul University Rankings: Collegedunia, NIRF, IIRF & More | National & International Rankings",For More Details: Wondering where Parul University is ranked? Let's get to the bottom of it!,"Parul University Rankings: Collegedunia, NIRF, IIRF & More | National & International Rankings For More Details: Wondering where Parul University is ranked? Let's get to the bottom of it!"
n1j72YIfu4c,VIT Vellore,rankings,NIRF,VIT Vellore NIRF,Top 5 Highest NIRF Ranked Institute/University in India |JU 10|VIT 11|AU 13|AVV 19|TIET 20,Top 5 Highest NIRF Ranked Institute/University in India |JU 10|VIT 11|AU 13|AVV 19|TIET 20 Top 5 Highest NIRF Ranked Institute ...,LearnEveryone,2023-11-17T11:03:50Z,2023,34,0,0,PT9M56S,unknown,https://www.youtube.com/watch?v=n1j72YIfu4c,10,Relevant,Top 5 Highest NIRF Ranked Institute/University in India |JU 10|VIT 11|AU 13|AVV 19|TIET 20,Top 5 Highest NIRF Ranked Institute/University in India |JU 10|VIT 11|AU 13|AVV 19|TIET 20 Top 5 Highest NIRF Ranked Institute .,Top 5 Highest NIRF Ranked Institute/University in India |JU 10|VIT 11|AU 13|AVV 19|TIET 20 Top 5 Highest NIRF Ranked Institute/University in India |JU 10|VIT 11|AU 13|AVV 19|TIET 20 Top 5 Highest NIRF Ranked Institute .
t8i_r5hk9MM,University of Madras,rankings,NIRF,University of Madras NIRF,NIRF Rankings  -   IIT Madras,,Every day Updates,2025-09-09T03:07:45Z,2025,109,1,0,PT16S,unknown,https://www.youtube.com/watch?v=t8i_r5hk9MM,10,Relevant,NIRF Rankings - IIT Madras,,NIRF Rankings - IIT Madras
FkKjA14Bt00,Madan Mohan Malaviya University of Technology,rankings,NIRF,Madan Mohan Malaviya University of Technology NIRF,MMMUT Gorakhpur Campus Tour || Best State University || Cultural Fest || Hostel #college #mmmut,mmmutgorakhpur #college #campustour #culturalfest MMMUT Gorakhpur Campus Tour || Best State University || Awesome ...,Priyal Tech Tips,2024-08-04T04:30:07Z,2024,926,16,26,PT6M57S,unknown,https://www.youtube.com/watch?v=FkKjA14Bt00,10,Relevant,MMMUT Gorakhpur Campus Tour || Best State University || Cultural Fest || Hostel #college #mmmut,mmmutgorakhpur #college #campustour #culturalfest MMMUT Gorakhpur Campus Tour || Best State University || Awesome .,MMMUT Gorakhpur Campus Tour || Best State University || Cultural Fest || Hostel #college #mmmut mmmutgorakhpur #college #campustour #culturalfest MMMUT Gorakhpur Campus Tour || Best State University || Awesome .
JUxqA2ZgaDQ,Barkatullah University Bhopal,rankings,NIRF,Barkatullah University Bhopal NIRF,Odisha universities’ dip in national ranking leaves Higher Education dept in a quandary,Odisha universities' dip in national ranking leaves Higher Education dept in a quandary ରାଜ୍ୟରେ କାହିଁକି ...,OTV,2023-07-30T17:23:23Z,2023,1068,21,1,PT4M4S,unknown,https://www.youtube.com/watch?v=JUxqA2ZgaDQ,10,Relevant,Odisha universities’ dip in national ranking leaves Higher Education dept in a quandary,Odisha universities' dip in national ranking leaves Higher Education dept in a quandary ରାଜ୍ୟରେ କାହିଁକି .,Odisha universities’ dip in national ranking leaves Higher Education dept in a quandary Odisha universities' dip in national ranking leaves Higher Education dept in a quandary ରାଜ୍ୟରେ କାହିଁକି .
XgwDx75EhzM,Kerala University,rankings,NIRF,Kerala University NIRF,Research Output of NIRF-Ranked Universities in Kerala,,Dr. Surendran Cherukodan,2025-08-27T11:44:16Z,2025,184,1,0,PT7M4S,unknown,https://www.youtube.com/watch?v=XgwDx75EhzM,10,Relevant,Research Output of NIRF-Ranked Universities in Kerala,,Research Output of NIRF-Ranked Universities in Kerala
B4W6JVIaAeE,SRM Institute of Science and Technology,rankings,NIRF,SRM Institute of Science and Technology NIRF,SRM TRICHY #srm #srmtrichy #collegeactivity #dance #srmuniversity,,SRM Editzz,2025-09-16T17:55:16Z,2025,39530,459,1,PT9S,unknown,https://www.youtube.com/watch?v=B4W6JVIaAeE,10,Relevant,SRM TRICHY #srm #srmtrichy #collegeactivity #dance #srmuniversity,,SRM TRICHY #srm #srmtrichy #collegeactivity #dance #srmuniversity
fyrqjQak430,Assam University,rankings,NIRF,Assam University NIRF,SRM University I Ranking I Infrastructure I 1 मिनट में सम्पूर्ण जानकरी,"For any further queries, Reach us 8617755699 Apnacollegenet Whatsapp: https://wa.me/message/4I6MX7HTN7FRF1 ...",Apnacollege Dekho,2023-04-19T14:58:42Z,2023,322,7,0,PT48S,unknown,https://www.youtube.com/watch?v=fyrqjQak430,10,Relevant,SRM University I Ranking I Infrastructure I 1 मिनट में सम्पूर्ण जानकरी,"For any further queries, Reach us 8617755699 Apnacollegenet Whatsapp: .","SRM University I Ranking I Infrastructure I 1 मिनट में सम्पूर्ण जानकरी For any further queries, Reach us 8617755699 Apnacollegenet Whatsapp: ."
iHlZWIoij4w,SRM Institute of Science and Technology,rankings,NIRF,SRM Institute of Science and Technology NIRF,"SRM University Andhra Pradesh 2026 | SRMJEEE | Cutoff, Fees, Placement | Harsh Sir",Register Now for SRM - AP Undergraduate Application Form 2026 : https://vdnt.in/short?q=Hesyz ...,Vedantu College Connect,2026-03-20T01:08:50Z,2026,63139,781,160,PT21M14S,unknown,https://www.youtube.com/watch?v=iHlZWIoij4w,10,Relevant,"SRM University Andhra Pradesh 2026 | SRMJEEE | Cutoff, Fees, Placement | Harsh Sir",Register Now for SRM - AP Undergraduate Application Form 2026 : .,"SRM University Andhra Pradesh 2026 | SRMJEEE | Cutoff, Fees, Placement | Harsh Sir Register Now for SRM - AP Undergraduate Application Form 2026 : ."
hNhvArEud4o,Assam University,rankings,NIRF,Assam University NIRF,Central University of Haryana || Assam traditional dance || ✨#centraluniversityofharyana #cuharyana,"""Engineer's Day Celebrations | Central University of Haryana Dance Squad"" Celebrating Engineer's Day with a bang! Watch the ...",Cuh Unofficial,2024-09-28T12:38:14Z,2024,573,26,1,PT46S,unknown,https://www.youtube.com/watch?v=hNhvArEud4o,10,Relevant,Central University of Haryana || Assam traditional dance || ✨#centraluniversityofharyana #cuharyana,"""Engineer's Day Celebrations | Central University of Haryana Dance Squad"" Celebrating Engineer's Day with a bang! Watch the .","Central University of Haryana || Assam traditional dance || ✨#centraluniversityofharyana #cuharyana ""Engineer's Day Celebrations | Central University of Haryana Dance Squad"" Celebrating Engineer's Day with a bang! Watch the ."
Fld0HGnqJ_E,Kerala University,rankings,NIRF,Kerala University NIRF,Top Engineering Colleges in South India |NIRF ranking |How to select College ,,Toms Science Globe,2026-05-06T03:30:10Z,2026,432,3,0,PT5M43S,unknown,https://www.youtube.com/watch?v=Fld0HGnqJ_E,10,Relevant,Top Engineering Colleges in South India |NIRF ranking |How to select College,,Top Engineering Colleges in South India |NIRF ranking |How to select College
36PlClX_sb8,SRM Institute of Science and Technology,rankings,NIRF,SRM Institute of Science and Technology NIRF,Top 10 Pharmacy Colleges in India as per NIRF Rankings 2025,Send 'Hey' on WhatsApp 8585951111 for FREE GUIDANCE or Click here https://wa.link/t02n1l NIRF 2025 Pharmacy Rankings ...,Shiksha Medical & Nursing,2025-09-04T10:23:51Z,2025,761,8,5,PT50S,unknown,https://www.youtube.com/watch?v=36PlClX_sb8,10,Relevant,Top 10 Pharmacy Colleges in India as per NIRF Rankings 2025,Send 'Hey' on WhatsApp 8585951111 for FREE GUIDANCE or Click here NIRF 2025 Pharmacy Rankings .,Top 10 Pharmacy Colleges in India as per NIRF Rankings 2025 Send 'Hey' on WhatsApp 8585951111 for FREE GUIDANCE or Click here NIRF 2025 Pharmacy Rankings .
j6VcYSFUHmI,Tezpur University,rankings,NIRF,Tezpur University NIRF,Tezpur University Campus 😊 #life #travel #travelblog #explore #assamese #haydrabad #love #music,,DJ Reveur,2023-08-11T03:42:46Z,2023,106,4,0,PT41S,unknown,https://www.youtube.com/watch?v=j6VcYSFUHmI,10,Relevant,Tezpur University Campus 😊 #life #travel #travelblog #explore #assamese #haydrabad #love #music,,Tezpur University Campus 😊 #life #travel #travelblog #explore #assamese #haydrabad #love #music
80zG61ChE64,Mysore University,rankings,NIRF,Mysore University NIRF,JSS STU Mysore College Review | Cut Off Placement | KCET Top Colleges #kcetcounselling,"In this video, Aishwarya ma'am discusses the important details of JSS Science and Technology University (JSS STU) Mysore, ...",Deeksha Karnataka,2024-07-27T10:40:06Z,2024,11351,113,21,PT11M43S,unknown,https://www.youtube.com/watch?v=80zG61ChE64,10,Relevant,JSS STU Mysore College Review | Cut Off Placement | KCET Top Colleges #kcetcounselling,"In this video, Aishwarya ma'am discusses the important details of JSS Science and Technology University (JSS STU) Mysore, .","JSS STU Mysore College Review | Cut Off Placement | KCET Top Colleges #kcetcounselling In this video, Aishwarya ma'am discusses the important details of JSS Science and Technology University (JSS STU) Mysore, ."
3gHfPxBbk3Y,SRM Institute of Science and Technology,rankings,NIRF,SRM Institute of Science and Technology NIRF,SRM Placement &amp; Higher Studies #nirf2025 #srm #shorts,"SRM Placement & Higher Studies #nirf2025 #srm #shorts srm placement & higher studies, srm university international students, ...",Best Education,2025-09-07T14:35:50Z,2025,3187,6,0,PT20S,unknown,https://www.youtube.com/watch?v=3gHfPxBbk3Y,10,Relevant,SRM Placement & Higher Studies #nirf2025 #srm #shorts,"SRM Placement & Higher Studies #nirf2025 #srm #shorts srm placement & higher studies, srm university international students, .","SRM Placement & Higher Studies #nirf2025 #srm #shorts SRM Placement & Higher Studies #nirf2025 #srm #shorts srm placement & higher studies, srm university international students, ."
syGiVqwAzfU,VIT Bhopal University,rankings,NIRF,VIT Bhopal University NIRF,"VITEEE 2026 Rank vs Branch vs Campus 🔥| Vellore, Chennai, Bhopal &amp; AP Cutoff + Fee Structure","VITEEE 2026 Rank vs Branch vs Campus Vellore, Chennai, Bhopal & AP Cutoff + Fee Structure Join Our whstapp group For ...",Udaan Education Services,2026-05-09T04:30:13Z,2026,8566,63,17,PT12M14S,unknown,https://www.youtube.com/watch?v=syGiVqwAzfU,10,Relevant,"VITEEE 2026 Rank vs Branch vs Campus 🔥| Vellore, Chennai, Bhopal & AP Cutoff + Fee Structure","VITEEE 2026 Rank vs Branch vs Campus Vellore, Chennai, Bhopal & AP Cutoff + Fee Structure Join Our whstapp group For .","VITEEE 2026 Rank vs Branch vs Campus 🔥| Vellore, Chennai, Bhopal & AP Cutoff + Fee Structure VITEEE 2026 Rank vs Branch vs Campus Vellore, Chennai, Bhopal & AP Cutoff + Fee Structure Join Our whstapp group For ."
Ebme2_z1RqM,Mizoram University,rankings,NIRF,Mizoram University NIRF,Foundation Day cum Opening Ceremony of Silver Jubilee Celebration,Mizoram University celebrated its Foundation Day alongside the grand Opening Ceremony of its Silver Jubilee Celebration on ...,Mizoram University,2025-05-01T07:57:18Z,2025,350,8,0,PT1H45M52S,unknown,https://www.youtube.com/watch?v=Ebme2_z1RqM,10,Relevant,Foundation Day cum Opening Ceremony of Silver Jubilee Celebration,Mizoram University celebrated its Foundation Day alongside the grand Opening Ceremony of its Silver Jubilee Celebration on .,Foundation Day cum Opening Ceremony of Silver Jubilee Celebration Mizoram University celebrated its Foundation Day alongside the grand Opening Ceremony of its Silver Jubilee Celebration on .
e0M4QbMvx7U,VIT Vellore,rankings,NIRF,VIT Vellore NIRF,Top 6 Private Engineering Colleges in India | NIRF Ranked 2024 | Career Gazers #nirfrankings,Discover the Top 6 Private Engineering Colleges in India as per the NIRF Rankings by the Government of India. Explore their ...,career Gazers,2025-05-02T13:38:43Z,2025,565,63,0,PT24S,unknown,https://www.youtube.com/watch?v=e0M4QbMvx7U,10,Relevant,Top 6 Private Engineering Colleges in India | NIRF Ranked 2024 | Career Gazers #nirfrankings,Discover the Top 6 Private Engineering Colleges in India as per the NIRF Rankings by the Government of India. Explore their .,Top 6 Private Engineering Colleges in India | NIRF Ranked 2024 | Career Gazers #nirfrankings Discover the Top 6 Private Engineering Colleges in India as per the NIRF Rankings by the Government of India. Explore their .
vTMOwGT4lzg,Manipur University,rankings,NIRF,Manipur University NIRF,"Manipur University,📍Imphal. #manipur #university #imphal #minivlog #cuet #centraluniversities",,Punam Narah,2023-07-31T16:00:34Z,2023,5761,179,43,PT1M1S,unknown,https://www.youtube.com/watch?v=vTMOwGT4lzg,10,Relevant,"Manipur University,📍Imphal. #manipur #university #imphal #minivlog #cuet #centraluniversities",,"Manipur University,📍Imphal. #manipur #university #imphal #minivlog #cuet #centraluniversities"
oRw1hMU3yzA,Manipur University,rankings,NIRF,Manipur University NIRF,Manipur University🔥 | Courses under CUET😎 | Fees💰 | Facilities💯 | Reviews😳 | Placement ✅,Counselling Course link-: https://courses.studentkhabri.com/ इंजीनियरिंग के डिफरेंट काउंसलिंग ...,Student Khabri,2023-03-13T07:30:14Z,2023,2885,47,4,PT9M41S,unknown,https://www.youtube.com/watch?v=oRw1hMU3yzA,10,Relevant,Manipur University🔥 | Courses under CUET😎 | Fees💰 | Facilities💯 | Reviews😳 | Placement ✅,Counselling Course link-: इंजीनियरिंग के डिफरेंट काउंसलिंग .,Manipur University🔥 | Courses under CUET😎 | Fees💰 | Facilities💯 | Reviews😳 | Placement ✅ Counselling Course link-: इंजीनियरिंग के डिफरेंट काउंसलिंग .
sN3z6wtnJok,VIT Vellore,rankings,NIRF,VIT Vellore NIRF,BEWARE -Only Join Top NIRF Private Engineering College- #namokaul #jee2023 #jee2024 #nirfranking,JEE PDF: https://t.me/namochat Udaan droppers batch: https://tinyurl.com/udaandropper JEE2023 Advanced Batch: ...,Unacademy JEE Official,2023-05-02T01:30:30Z,2023,26046,654,19,PT7S,unknown,https://www.youtube.com/watch?v=sN3z6wtnJok,10,Relevant,BEWARE -Only Join Top NIRF Private Engineering College- #namokaul #jee2023 #jee2024 #nirfranking,JEE PDF: Udaan droppers batch: JEE2023 Advanced Batch: .,BEWARE -Only Join Top NIRF Private Engineering College- #namokaul #jee2023 #jee2024 #nirfranking JEE PDF: Udaan droppers batch: JEE2023 Advanced Batch: .
Lu3IUki-xRk,Tripura University,rankings,NIRF,Tripura University NIRF,Tripura College Class 2023| Best Coaching for Geography Agartala| Tripura University|#tripuracollege,কলেজের মেজর মাইনর ইন্টারডিসিপ্লিনারী সাবজেক্টে কোচিং গাইডেন্স ।,School Of Learning Agartala,2023-07-07T16:05:17Z,2023,170,0,0,PT1M26S,unknown,https://www.youtube.com/watch?v=Lu3IUki-xRk,10,Relevant,Tripura College Class 2023| Best Coaching for Geography Agartala| Tripura University|#tripuracollege,কলেজের মেজর মাইনর ইন্টারডিসিপ্লিনারী সাবজেক্টে কোচিং গাইডেন্স ।,Tripura College Class 2023| Best Coaching for Geography Agartala| Tripura University|#tripuracollege কলেজের মেজর মাইনর ইন্টারডিসিপ্লিনারী সাবজেক্টে কোচিং গাইডেন্স ।
o5UQh7GqhWE,VIT Vellore,rankings,NIRF,VIT Vellore NIRF,NIRF 2025 Engineering Rankings | Colleges Ranked 11 to 20 Explained  #shorts,"WhatsApp ""Guide"" to 8585951111 and jumpstart your career today! NIRF 2025 Engineering Rankings | Colleges Ranked 11 to 20 ...",shiksha.com,2025-09-09T12:07:13Z,2025,1623,8,1,PT1M26S,unknown,https://www.youtube.com/watch?v=o5UQh7GqhWE,10,Relevant,NIRF 2025 Engineering Rankings | Colleges Ranked 11 to 20 Explained #shorts,"WhatsApp ""Guide"" to 8585951111 and jumpstart your career today! NIRF 2025 Engineering Rankings | Colleges Ranked 11 to 20 .","NIRF 2025 Engineering Rankings | Colleges Ranked 11 to 20 Explained #shorts WhatsApp ""Guide"" to 8585951111 and jumpstart your career today! NIRF 2025 Engineering Rankings | Colleges Ranked 11 to 20 ."
_AN43ja5eJs,VIT Vellore,rankings,NIRF,VIT Vellore NIRF,Top 5 Highest NIRF Ranked Institute Other than IIT and NIT |JU 10|VIT 11|AU 13|AVV 19|TIET 20,Top 5 Highest NIRF Ranked Institute/University in India |JU 10|VIT 11|AU 13|AVV 19|TIET 20 Top 5 Highest NIRF Ranked Institute ...,LearnEveryone,2023-11-17T11:01:44Z,2023,107,2,0,PT58S,unknown,https://www.youtube.com/watch?v=_AN43ja5eJs,10,Relevant,Top 5 Highest NIRF Ranked Institute Other than IIT and NIT |JU 10|VIT 11|AU 13|AVV 19|TIET 20,Top 5 Highest NIRF Ranked Institute/University in India |JU 10|VIT 11|AU 13|AVV 19|TIET 20 Top 5 Highest NIRF Ranked Institute .,Top 5 Highest NIRF Ranked Institute Other than IIT and NIT |JU 10|VIT 11|AU 13|AVV 19|TIET 20 Top 5 Highest NIRF Ranked Institute/University in India |JU 10|VIT 11|AU 13|AVV 19|TIET 20 Top 5 Highest NIRF Ranked Institute .
HANcCv7i6dY,VIT Vellore,rankings,NIRF,VIT Vellore NIRF,Top 10 Private Engineering Colleges in India 2025 | NIRF Ranked Best Institutes,Explore the top 10 private engineering colleges in India for 2025 based on the latest NIRF rankings. This list includes prestigious ...,JEE and CET admission info,2025-10-02T16:17:38Z,2025,167,1,0,PT1M15S,unknown,https://www.youtube.com/watch?v=HANcCv7i6dY,10,Relevant,Top 10 Private Engineering Colleges in India 2025 | NIRF Ranked Best Institutes,Explore the top 10 private engineering colleges in India for 2025 based on the latest NIRF rankings. This list includes prestigious .,Top 10 Private Engineering Colleges in India 2025 | NIRF Ranked Best Institutes Explore the top 10 private engineering colleges in India for 2025 based on the latest NIRF rankings. This list includes prestigious .
X08c1G3L3Ao,Sikkim University,rankings,NIRF,Sikkim University NIRF,NIT SIKKIM RANK CUT OFF PLACEMENT 🥶 #josaa #josaacounseling #jeeadvanced #neetresults #vedantu,"Thinking about NIT Sikkim? Here's everything you need to know – from JEE Main Rank cut-offs, placement stats, to campus life ...",Gyan Sagar ,2025-05-23T13:45:29Z,2025,138813,4023,55,PT1M,unknown,https://www.youtube.com/watch?v=X08c1G3L3Ao,10,Relevant,NIT SIKKIM RANK CUT OFF PLACEMENT 🥶 #josaa #josaacounseling #jeeadvanced #neetresults #vedantu,"Thinking about NIT Sikkim? Here's everything you need to know – from JEE Main Rank cut-offs, placement stats, to campus life .","NIT SIKKIM RANK CUT OFF PLACEMENT 🥶 #josaa #josaacounseling #jeeadvanced #neetresults #vedantu Thinking about NIT Sikkim? Here's everything you need to know – from JEE Main Rank cut-offs, placement stats, to campus life ."
Fq_x2DpSyFQ,Sikkim University,rankings,NIRF,Sikkim University NIRF,"World Earth Day celebration in Sikkim University, Department of Geology",,Soumya Shukla,2023-04-23T12:15:01Z,2023,164,5,4,PT2M20S,unknown,https://www.youtube.com/watch?v=Fq_x2DpSyFQ,10,Relevant,"World Earth Day celebration in Sikkim University, Department of Geology",,"World Earth Day celebration in Sikkim University, Department of Geology"
vVsDDczBNE0,Mysore University,rankings,NIRF,Mysore University NIRF,Top 10 COMEDK Colleges in 2026 as per NIRF  Ranks,"Top engineering colleges under COMEDK , based on the latest NIRF ranks are explained. If you're aiming for a good branch like ...",DVSK Lecturs ,2025-09-20T06:30:36Z,2025,4048,0,0,PT56S,unknown,https://www.youtube.com/watch?v=vVsDDczBNE0,10,Relevant,Top 10 COMEDK Colleges in 2026 as per NIRF Ranks,"Top engineering colleges under COMEDK , based on the latest NIRF ranks are explained. If you're aiming for a good branch like .","Top 10 COMEDK Colleges in 2026 as per NIRF Ranks Top engineering colleges under COMEDK , based on the latest NIRF ranks are explained. If you're aiming for a good branch like ."
7ieduFkba9g,SRM Institute of Science and Technology,rankings,NIRF,SRM Institute of Science and Technology NIRF,NIRF rankings: Tamil Nadu leads in higher education,"Source: https://www.nirfindia.org/Rankings/2024/Ranking.html Tamil Nadu remains a top higher education destination, as per the ...",Tamil SpaceTech ,2024-08-13T13:58:16Z,2024,42,0,0,PT1M52S,unknown,https://www.youtube.com/watch?v=7ieduFkba9g,10,Relevant,NIRF rankings: Tamil Nadu leads in higher education,"Source: Tamil Nadu remains a top higher education destination, as per the .","NIRF rankings: Tamil Nadu leads in higher education Source: Tamil Nadu remains a top higher education destination, as per the ."
CfdHdh7trj8,Central University of Karnataka,rankings,NIRF,Central University of Karnataka NIRF,Central University of Karnatka Review 2026 — Honest &amp; Detailed Campus Experience,Central University of Karnataka (CUK) is one of the leading Central Universities established through Central Universities Act 2009 ...,Prabhat Ranjan,2026-01-26T06:30:05Z,2026,8198,167,42,PT13M26S,unknown,https://www.youtube.com/watch?v=CfdHdh7trj8,10,Relevant,Central University of Karnatka Review 2026 — Honest & Detailed Campus Experience,Central University of Karnataka (CUK) is one of the leading Central Universities established through Central Universities Act 2009 .,Central University of Karnatka Review 2026 — Honest & Detailed Campus Experience Central University of Karnataka (CUK) is one of the leading Central Universities established through Central Universities Act 2009 .
NnRFT8A3Ihc,Jadavpur University,rankings,NIRF,Jadavpur University NIRF,Jadavpur University: খারাপ হচ্ছে যাদবপুরের ভাবমূর্তি?,যাদবপুর সম্পর্কে ধারণা নিয়ে একাধিক প্রশ্ন উঠছে। প্রশ্ন তুলতে ...,TV9 Bangla,2023-08-20T12:07:12Z,2023,1810,22,6,PT7M15S,unknown,https://www.youtube.com/watch?v=NnRFT8A3Ihc,10,Relevant,Jadavpur University: খারাপ হচ্ছে যাদবপুরের ভাবমূর্তি?,যাদবপুর সম্পর্কে ধারণা নিয়ে একাধিক প্রশ্ন উঠছে। প্রশ্ন তুলতে .,Jadavpur University: খারাপ হচ্ছে যাদবপুরের ভাবমূর্তি? যাদবপুর সম্পর্কে ধারণা নিয়ে একাধিক প্রশ্ন উঠছে। প্রশ্ন তুলতে .
sxHD13MFBNk,BML Munjal University,rankings,NIRF,BML Munjal University NIRF,Inside BMU&#39;s Gamified Learning Environment: A Modern Approach to MBA Education,"What does the future of MBA learning at BML Munjal University really look like? In this exclusive session, discover how BMU is ...",BML Munjal University,2025-12-21T19:47:18Z,2025,101,4,0,PT1H5M30S,unknown,https://www.youtube.com/watch?v=sxHD13MFBNk,10,Relevant,Inside BMU's Gamified Learning Environment: A Modern Approach to MBA Education,"What does the future of MBA learning at BML Munjal University really look like? In this exclusive session, discover how BMU is .","Inside BMU's Gamified Learning Environment: A Modern Approach to MBA Education What does the future of MBA learning at BML Munjal University really look like? In this exclusive session, discover how BMU is ."
YDlGR6S2rC0,Devi Ahilya Vishwavidyalaya Indore,rankings,NIRF,Devi Ahilya Vishwavidyalaya Indore NIRF,"IET DAVV Indore college review | admission, placement, cutoff, fee, campus",College Review Google Form: https://forms.gle/Kt541cKbLvRFnYRT8 College Review playlist: ...,Prabhat Ranjan,2024-03-21T06:30:09Z,2024,9927,142,99,PT5M38S,unknown,https://www.youtube.com/watch?v=YDlGR6S2rC0,10,Relevant,"IET DAVV Indore college review | admission, placement, cutoff, fee, campus",College Review Google Form: College Review playlist: .,"IET DAVV Indore college review | admission, placement, cutoff, fee, campus College Review Google Form: College Review playlist: ."
HtwLXnY0nVk,Banaras Hindu University,rankings,NIRF,Banaras Hindu University NIRF,Top 10 State Universities in India You Can’t Afford to Miss – NIRF 2024 Rankings! #nirf #2024,"Discover the Top 10 State Public Universities in India, ranked by NIRF 2024! ✨ From cutting-edge research to world-class ...",College Suggest,2024-08-29T13:30:07Z,2024,1280,29,0,PT1M,unknown,https://www.youtube.com/watch?v=HtwLXnY0nVk,10,Relevant,Top 10 State Universities in India You Can’t Afford to Miss – NIRF 2024 Rankings! #nirf #2024,"Discover the Top 10 State Public Universities in India, ranked by NIRF 2024! ✨ From cutting-edge research to world-class .","Top 10 State Universities in India You Can’t Afford to Miss – NIRF 2024 Rankings! #nirf #2024 Discover the Top 10 State Public Universities in India, ranked by NIRF 2024! ✨ From cutting-edge research to world-class ."
UccPQ5AtHP4,Dr Babasaheb Ambedkar Technological University,rankings,NIRF,Dr Babasaheb Ambedkar Technological University NIRF,Shoolini University😍 Review 2023 - Admission Open Apply Now || Placement || Campus Life Etc...,"Shoolini University Solan Kasauli Hills: NIRF 96 (Overall ) , World University Ranking - 1st Position in India , QS World Ranking ...",Premlata Institute,2023-03-18T05:49:35Z,2023,104,14,0,PT5M2S,unknown,https://www.youtube.com/watch?v=UccPQ5AtHP4,10,Relevant,Shoolini University😍 Review 2023 - Admission Open Apply Now || Placement || Campus Life Etc.,"Shoolini University Solan Kasauli Hills: NIRF 96 (Overall ) , World University Ranking - 1st Position in India , QS World Ranking .","Shoolini University😍 Review 2023 - Admission Open Apply Now || Placement || Campus Life Etc. Shoolini University Solan Kasauli Hills: NIRF 96 (Overall ) , World University Ranking - 1st Position in India , QS World Ranking ."
_bGpuLQUAto,Sikkim University,rankings,NIRF,Sikkim University NIRF,"FAREWELL . DEPARTMENT OF MATHEMATICS, SIKKIM UNIVERSITY. Batch of 2021-23.","""Great is the art of beginning, but greater is the art of ending"". 29th of August 2022 - 20th of July 2023. Hardly a year but the bond ...",Ramesh Chhetri,2023-09-01T03:52:46Z,2023,354,18,8,PT10M27S,unknown,https://www.youtube.com/watch?v=_bGpuLQUAto,10,Relevant,"FAREWELL . DEPARTMENT OF MATHEMATICS, SIKKIM UNIVERSITY. Batch of 2021-23.","""Great is the art of beginning, but greater is the art of ending"". 29th of August 2022 - 20th of July 2023. Hardly a year but the bond .","FAREWELL . DEPARTMENT OF MATHEMATICS, SIKKIM UNIVERSITY. Batch of 2021-23. ""Great is the art of beginning, but greater is the art of ending"". 29th of August 2022 - 20th of July 2023. Hardly a year but the bond ."
kSOHdQeYxg0,BML Munjal University,rankings,NIRF,BML Munjal University NIRF,Shaping the Future of Innovation | Propel Pitchfest26 &amp; EIS 4.0 at BMU,"BML Munjal University, a Hero Group initiative, hosted Propel Pitchfest26 and the 4th International Conference on ...",BML Munjal University,2026-03-10T08:07:42Z,2026,206,8,0,PT2M34S,unknown,https://www.youtube.com/watch?v=kSOHdQeYxg0,10,Relevant,Shaping the Future of Innovation | Propel Pitchfest26 & EIS 4.0 at BMU,"BML Munjal University, a Hero Group initiative, hosted Propel Pitchfest26 and the 4th International Conference on .","Shaping the Future of Innovation | Propel Pitchfest26 & EIS 4.0 at BMU BML Munjal University, a Hero Group initiative, hosted Propel Pitchfest26 and the 4th International Conference on ."
DVffmWq5WNs,Rajasthan Technical University,rankings,NIRF,Rajasthan Technical University NIRF,IIT Madras Tops NIRF 2025 Overall Rankings for 17 th Time! 🏆,"IIT Madras has once again been crowned the best in India, securing the top spot in the NIRF Overall Rankings 2025 for an ...",Unfiltered Robin,2025-09-04T16:34:19Z,2025,417,3,0,PT9S,unknown,https://www.youtube.com/watch?v=DVffmWq5WNs,10,Relevant,IIT Madras Tops NIRF 2025 Overall Rankings for 17 th Time! 🏆,"IIT Madras has once again been crowned the best in India, securing the top spot in the NIRF Overall Rankings 2025 for an .","IIT Madras Tops NIRF 2025 Overall Rankings for 17 th Time! 🏆 IIT Madras has once again been crowned the best in India, securing the top spot in the NIRF Overall Rankings 2025 for an ."
X4ZAGhAnJKk,BML Munjal University,rankings,NIRF,BML Munjal University NIRF,"AI, Innovation &amp; Industry Readiness | BMU AI Centre Launch with NVIDIA","The future of AI starts here. BML Munjal University inaugurates its AI & Advanced Data Computing Centre, powered by NVIDIA, ...",BML Munjal University,2026-04-13T12:35:11Z,2026,265,11,0,PT3M,unknown,https://www.youtube.com/watch?v=X4ZAGhAnJKk,10,Relevant,"AI, Innovation & Industry Readiness | BMU AI Centre Launch with NVIDIA","The future of AI starts here. BML Munjal University inaugurates its AI & Advanced Data Computing Centre, powered by NVIDIA, .","AI, Innovation & Industry Readiness | BMU AI Centre Launch with NVIDIA The future of AI starts here. BML Munjal University inaugurates its AI & Advanced Data Computing Centre, powered by NVIDIA, ."
Xl04I_W5IRE,Dr APJ Abdul Kalam Technical University,rankings,NIRF,Dr APJ Abdul Kalam Technical University NIRF,​JIIT Noida 2026: AKTU vs Jaypee ka Sach! 🚨 Low Rank par CSE kaise milegi? | Myth Burst!,"Life Craft JEE Mains Expert - Amresh Shukla Rank 1 Lakh+? Tension mat lijiye, sahi college milega! Humari Services: ✓ JOSAA ...","LIFE CRAFT JEE COUNSELLING
",2026-04-04T08:57:23Z,2026,382,5,2,PT12M26S,unknown,https://www.youtube.com/watch?v=Xl04I_W5IRE,10,Relevant,​JIIT Noida 2026: AKTU vs Jaypee ka Sach! 🚨 Low Rank par CSE kaise milegi? | Myth Burst!,"Life Craft JEE Mains Expert - Amresh Shukla Rank 1 Lakh+? Tension mat lijiye, sahi college milega! Humari Services: ✓ JOSAA .","​JIIT Noida 2026: AKTU vs Jaypee ka Sach! 🚨 Low Rank par CSE kaise milegi? | Myth Burst! Life Craft JEE Mains Expert - Amresh Shukla Rank 1 Lakh+? Tension mat lijiye, sahi college milega! Humari Services: ✓ JOSAA ."
cGvH1p8kktU,Dr APJ Abdul Kalam Technical University,rankings,NIRF,Dr APJ Abdul Kalam Technical University NIRF,Indira Gandhi National Tribal University Amarkantak | Campus Tour | Mini Vlog ❤️ #igntu #shorts #yt,Indira Gandhi National Tribal University Amarkantak | Campus Tour | Mini Vlog ❤️ #igntu #shorts #yt INDIRA GANDHI ...,TrekRoots,2023-04-08T01:30:18Z,2023,212,0,0,PT36S,unknown,https://www.youtube.com/watch?v=cGvH1p8kktU,10,Relevant,Indira Gandhi National Tribal University Amarkantak | Campus Tour | Mini Vlog ❤️ #igntu #shorts #yt,Indira Gandhi National Tribal University Amarkantak | Campus Tour | Mini Vlog ❤️ #igntu #shorts #yt INDIRA GANDHI .,Indira Gandhi National Tribal University Amarkantak | Campus Tour | Mini Vlog ❤️ #igntu #shorts #yt Indira Gandhi National Tribal University Amarkantak | Campus Tour | Mini Vlog ❤️ #igntu #shorts #yt INDIRA GANDHI .
M9q0HbqSrLI,BML Munjal University,rankings,NIRF,BML Munjal University NIRF,Shreya Khandelwal’s BMU Journey | &quot;From Recommendation to Finding Myself&quot;,"What truly shapes a university experience? For Shreya Khandelwal, a B.Tech student at BML Munjal University, the journey ...",BML Munjal University,2026-04-14T09:30:13Z,2026,547,35,0,PT2M52S,unknown,https://www.youtube.com/watch?v=M9q0HbqSrLI,10,Relevant,"Shreya Khandelwal’s BMU Journey | ""From Recommendation to Finding Myself""","What truly shapes a university experience? For Shreya Khandelwal, a B.Tech student at BML Munjal University, the journey .","Shreya Khandelwal’s BMU Journey | ""From Recommendation to Finding Myself"" What truly shapes a university experience? For Shreya Khandelwal, a B.Tech student at BML Munjal University, the journey ."
fMOnIXHGcpY,Dr APJ Abdul Kalam Technical University,rankings,NIRF,Dr APJ Abdul Kalam Technical University NIRF,"Lucknow University college review | admission, placement, cutoff, fee, campus","Our Divastra college, student counselling website: https://divastra.github.io/counselling College Review playlist: ...",Prabhat Ranjan,2024-05-12T05:43:15Z,2024,12158,201,99,PT8M18S,unknown,https://www.youtube.com/watch?v=fMOnIXHGcpY,10,Relevant,"Lucknow University college review | admission, placement, cutoff, fee, campus","Our Divastra college, student counselling website: College Review playlist: .","Lucknow University college review | admission, placement, cutoff, fee, campus Our Divastra college, student counselling website: College Review playlist: ."
xm26-CvbrCg,Jadavpur University,rankings,NIRF,Jadavpur University NIRF,Ajke amar engineering admission chilo jadavpur university....please subscribe this channel 🤞🤞♥️🤞...,,souvik Dutta,2023-08-03T03:36:00Z,2023,1869,22,2,PT6S,unknown,https://www.youtube.com/watch?v=xm26-CvbrCg,10,Relevant,Ajke amar engineering admission chilo jadavpur university.please subscribe this channel 🤞🤞♥️🤞.,,Ajke amar engineering admission chilo jadavpur university.please subscribe this channel 🤞🤞♥️🤞.
T4njLVdwYSs,Dr APJ Abdul Kalam Technical University,rankings,NIRF,Dr APJ Abdul Kalam Technical University NIRF,Applying for NBA Accreditation #nba #accreditation #applynow #technicalinstitutesmedia #aicte #pci,,Technical Institutes Media,2023-10-09T07:20:25Z,2023,3419,14,1,PT11S,unknown,https://www.youtube.com/watch?v=T4njLVdwYSs,10,Relevant,Applying for NBA Accreditation #nba #accreditation #applynow #technicalinstitutesmedia #aicte #pci,,Applying for NBA Accreditation #nba #accreditation #applynow #technicalinstitutesmedia #aicte #pci
cIA4xU1WiME,University of Mumbai,rankings,NIRF,University of Mumbai NIRF,Top 5 Engineering Colleges in India According to NIRF Rankings 1,Top 5 Engineering Colleges in India (2025) 1️⃣ Indian Institute of Technology (IIT) Madras 🏛️ ✔️ Ranked #1 in NIRF for ...,story teller,2025-03-06T06:24:49Z,2025,3,0,0,PT1M,unknown,https://www.youtube.com/watch?v=cIA4xU1WiME,10,Relevant,Top 5 Engineering Colleges in India According to NIRF Rankings 1,Top 5 Engineering Colleges in India (2025) 1️⃣ Indian Institute of Technology (IIT) Madras 🏛️ ✔️ Ranked #1 in NIRF for .,Top 5 Engineering Colleges in India According to NIRF Rankings 1 Top 5 Engineering Colleges in India (2025) 1️⃣ Indian Institute of Technology (IIT) Madras 🏛️ ✔️ Ranked #1 in NIRF for .
2FbNm08_Uxs,BML Munjal University,rankings,NIRF,BML Munjal University NIRF,Women Redefining Leadership | BMU WIL 4.0 Conference Highlights,"BML Munjal University (BMU), a Hero Group initiative, hosted its flagship Women in Leadership (WIL) Conference 4.0 on February ...",BML Munjal University,2026-04-05T15:28:29Z,2026,102,7,0,PT3M15S,unknown,https://www.youtube.com/watch?v=2FbNm08_Uxs,10,Relevant,Women Redefining Leadership | BMU WIL 4.0 Conference Highlights,"BML Munjal University (BMU), a Hero Group initiative, hosted its flagship Women in Leadership (WIL) Conference 4.0 on February .","Women Redefining Leadership | BMU WIL 4.0 Conference Highlights BML Munjal University (BMU), a Hero Group initiative, hosted its flagship Women in Leadership (WIL) Conference 4.0 on February ."
w74vWDyP_B0,BML Munjal University,rankings,NIRF,BML Munjal University NIRF,Champions on Court | BMU Secures Gold at IIT Roorkee Sports Fest,We are proud to share that BML Munjal University (BMU) won the Gold Medal in Badminton (Men's Category) at the IIT Roorkee ...,BML Munjal University,2026-02-09T07:15:04Z,2026,230,14,0,PT1M31S,unknown,https://www.youtube.com/watch?v=w74vWDyP_B0,10,Relevant,Champions on Court | BMU Secures Gold at IIT Roorkee Sports Fest,We are proud to share that BML Munjal University (BMU) won the Gold Medal in Badminton (Men's Category) at the IIT Roorkee .,Champions on Court | BMU Secures Gold at IIT Roorkee Sports Fest We are proud to share that BML Munjal University (BMU) won the Gold Medal in Badminton (Men's Category) at the IIT Roorkee .
ZnUamz67BJg,BML Munjal University,rankings,NIRF,BML Munjal University NIRF,Can Law School Change the Way You Think? | Divya&#39;s BMU Journey,"Can law school shape the way you think, speak, and see the world? For Divya Jayaram, studying at BML Munjal University's ...",BML Munjal University,2026-07-02T09:58:45Z,2026,308,31,0,PT3M55S,unknown,https://www.youtube.com/watch?v=ZnUamz67BJg,10,Relevant,Can Law School Change the Way You Think? | Divya's BMU Journey,"Can law school shape the way you think, speak, and see the world? For Divya Jayaram, studying at BML Munjal University's .","Can Law School Change the Way You Think? | Divya's BMU Journey Can law school shape the way you think, speak, and see the world? For Divya Jayaram, studying at BML Munjal University's ."
_gJLl6qQlmQ,BML Munjal University,rankings,NIRF,BML Munjal University NIRF,From Moot Courts to Internships | Life as a Law Student at BMU,"For D. Sharvesshwar, his time at BML Munjal University has been shaped by legal education, experiential learning, academic ...",BML Munjal University,2026-06-17T08:41:53Z,2026,460,48,0,PT3M41S,unknown,https://www.youtube.com/watch?v=_gJLl6qQlmQ,10,Relevant,From Moot Courts to Internships | Life as a Law Student at BMU,"For D. Sharvesshwar, his time at BML Munjal University has been shaped by legal education, experiential learning, academic .","From Moot Courts to Internships | Life as a Law Student at BMU For D. Sharvesshwar, his time at BML Munjal University has been shaped by legal education, experiential learning, academic ."
fqduMU8U7lg,University of Hyderabad,rankings,NIRF,University of Hyderabad NIRF,"NIRF INNOVATION INDIA RANKINGS 2023: Universities | Engineering Colleges in Hyderabad, Telangana","NIRF INNOVATION INDIA RANKINGS 2023: Universities | Engineering in Hyderabad, Telangana NIRF INDIA RANKINGS 2023: ...",Madana Mohana R's ICT Channel,2023-06-06T16:48:50Z,2023,508,12,0,PT5M10S,unknown,https://www.youtube.com/watch?v=fqduMU8U7lg,10,Relevant,"NIRF INNOVATION INDIA RANKINGS 2023: Universities | Engineering Colleges in Hyderabad, Telangana","NIRF INNOVATION INDIA RANKINGS 2023: Universities | Engineering in Hyderabad, Telangana NIRF INDIA RANKINGS 2023: .","NIRF INNOVATION INDIA RANKINGS 2023: Universities | Engineering Colleges in Hyderabad, Telangana NIRF INNOVATION INDIA RANKINGS 2023: Universities | Engineering in Hyderabad, Telangana NIRF INDIA RANKINGS 2023: ."
39eF000S-0I,University of Mumbai,rankings,NIRF,University of Mumbai NIRF,NIRF 2025 Rankings 🔥 | Top 5 Colleges in India | Best Universities &amp; Institutes,Wondering which colleges are leading the way in India's education system? The National Institutional Ranking Framework ...,V4 Science ( IIT & Medical ),2025-09-16T06:26:12Z,2025,450,25,0,PT21S,unknown,https://www.youtube.com/watch?v=39eF000S-0I,10,Relevant,NIRF 2025 Rankings 🔥 | Top 5 Colleges in India | Best Universities & Institutes,Wondering which colleges are leading the way in India's education system? The National Institutional Ranking Framework .,NIRF 2025 Rankings 🔥 | Top 5 Colleges in India | Best Universities & Institutes Wondering which colleges are leading the way in India's education system? The National Institutional Ranking Framework .
MY9PyUlVWbA,University of Allahabad,rankings,NIRF,University of Allahabad NIRF,Allahabad University FCI Building  🏢#barishstatus  #allahabaduniversity #AUClips #shorts #viral,"Allahabad University cut off,allahabad University BA cut off,allahabad University frist cut off,cut off ba,BA cut off,allahabad ...",Allahabad University  Clips,2023-09-19T03:17:15Z,2023,214,0,1,PT37S,unknown,https://www.youtube.com/watch?v=MY9PyUlVWbA,10,Relevant,Allahabad University FCI Building 🏢#barishstatus #allahabaduniversity #AUClips #shorts #viral,"Allahabad University cut off,allahabad University BA cut off,allahabad University frist cut off,cut off ba,BA cut off,allahabad .","Allahabad University FCI Building 🏢#barishstatus #allahabaduniversity #AUClips #shorts #viral Allahabad University cut off,allahabad University BA cut off,allahabad University frist cut off,cut off ba,BA cut off,allahabad ."
rkBANVOGisc,Savitribai Phule Pune University,rankings,NIRF,Savitribai Phule Pune University NIRF,Top 15 Private Medical Colleges in Maharashtra (2025 Ranking),"Explore the Top 15 Private Medical Colleges in Maharashtra (2025 Ranking), including Mumbai, Pune, Sangli, Kolhapur, and ...",Shad Aman Khan,2025-08-03T06:59:24Z,2025,121204,360,4,PT6S,unknown,https://www.youtube.com/watch?v=rkBANVOGisc,10,Relevant,Top 15 Private Medical Colleges in Maharashtra (2025 Ranking),"Explore the Top 15 Private Medical Colleges in Maharashtra (2025 Ranking), including Mumbai, Pune, Sangli, Kolhapur, and .","Top 15 Private Medical Colleges in Maharashtra (2025 Ranking) Explore the Top 15 Private Medical Colleges in Maharashtra (2025 Ranking), including Mumbai, Pune, Sangli, Kolhapur, and ."
N2IqnEzaJTU,Oriental Institute of Science and Technology Bhopal,rankings,NIRF,Oriental Institute of Science and Technology Bhopal NIRF,Bansal College (BIST) Bhopal College Review 2026 | Honest Campus &amp; Placement Details,"Bansal Institute of Science and Technology (BIST) is one of Bhopal's premier private engineering institutions, recognized for its ...",Prabhat Ranjan,2026-02-27T06:30:13Z,2026,4175,70,32,PT17M44S,unknown,https://www.youtube.com/watch?v=N2IqnEzaJTU,10,Relevant,Bansal College (BIST) Bhopal College Review 2026 | Honest Campus & Placement Details,"Bansal Institute of Science and Technology (BIST) is one of Bhopal's premier private engineering institutions, recognized for its .","Bansal College (BIST) Bhopal College Review 2026 | Honest Campus & Placement Details Bansal Institute of Science and Technology (BIST) is one of Bhopal's premier private engineering institutions, recognized for its ."
