university_name,category,keyword,video_id,video_title,channel_name,published_at
IIT Delhi,academics,faculty review,z7YedGT7iBs,IIT Delhi story I Om Pandey Sir I IIT Professors,Bipin Tiwari,2024-06-25T08:30:56Z
IIT Delhi,academics,faculty review,UrXN76EXUKo,IIT Delhi M.Sc. Physics Honest Review 🔥#Research#Placement#Faculty#Hostel &amp; Campus IIT Life#Viral###,Our Physics Lab,2025-06-18T20:25:19Z
IIT Delhi,academics,faculty review,WxWm35qXpbo," IIT Delhi MSc Mathematics Student Honest Review | Placements, Scholarship, Research, Fees, Cutoff ",Our Physics Lab,2026-06-03T08:27:34Z
IIT Delhi,academics,faculty review,AFhvjEaQVlQ,"Classroom view || Faculty of Technology, Delhi University #delhiuniversity #cuet2024 #jeemains",DuChhatra,2024-03-26T05:31:24Z
IIT Delhi,academics,faculty review,EGz-Tqv9mnU,IIT Delhi director Chatri leke nikal pade…#iitdelhi #iit #jee #minivlog  #motivation #iitlife #vlog,Jhand IITian,2025-08-19T15:32:19Z
IIT Delhi,academics,faculty review,QXT475sMD3c,IIT Delhi | College Review In Short🔥,Apna College,2023-01-24T18:06:48Z
IIT Delhi,academics,faculty review,ZjyShs0mPdg,Candid Conversation with IIT Delhi Director | Episode 1 | Prof. Rangan Banerjee,IITD OnAir,2022-11-01T13:11:57Z
IIT Delhi,academics,faculty review,2SVIIBHL0sM,"All About IIT Delhi | IIT Delhi Honest Review | Best Branch, Cut-Offs, Fees &amp; Placements​",Vedantu JEE Made Ejee,2023-05-31T01:15:39Z
IIT Delhi,academics,faculty review,aZX5ZJqgw1M,Reality of Life at IIT-DELHI 💯 || IIT-DELHI Classroom 🫶 || #iitdelhi #iit #jee #jee2024,Being IITian [IIT Delhi],2023-11-04T11:09:47Z
IIT Delhi,academics,faculty review,yJRhCEZ_JVE,Creators Spill Secrets in IIT Delhi! ​⁠| @madhurvirli ​@TheTaneeshow #iitfest #rendezvous,Aakarshan XP [IIT Delhi],2024-12-29T12:57:49Z
IIT Bombay,academics,faculty review,ZQnOPToC0Ug,IIT Bombay Professor ☠️💥🗿. IIT Motivation #jee #iit #iitjee #kota,IITian Edit,2024-12-19T10:30:12Z
IIT Bombay,academics,faculty review,mZg40hIGWnM,when JEE Adv AIR 1 Questions the Professor in IIT Bombay 🔥 #iitbombay #iit #air1 #iitjee #jee #pw,Elysium_IITBombay,2025-09-11T06:50:39Z
IIT Bombay,academics,faculty review,Hc5eCy6NDTw,Respect for IIT Bombay 📉📉📉 | IIT Status #jee2025 #iitbombay #iit,The Udaari,2024-12-12T13:35:56Z
IIT Bombay,academics,faculty review,OWe2F1qLg-E,IIT Bombay Name Is Enough 🗿🎀 | UPSC Interview,Learn With interview,2025-09-16T05:35:01Z
IIT Bombay,academics,faculty review,Yin8IghOuGQ,IIT Bombay Prof vs JEE Toppers 🫡🔥 IIT JEE Prep | IIT JEE | JEE Mains &amp; Advanced #iit #jee,RDS Vlogs [IIT Guwahati],2025-10-07T12:30:53Z
IIT Bombay,academics,faculty review,CrOlC1mwWkE,When It&#39;s Female Professor&#39;s Lecture in IIT Bombay 📍#iitbombay #iit #jee #iitjee #motivation #pw #pw,Elysium_IITBombay,2025-10-15T14:52:44Z
IIT Bombay,academics,faculty review,m6MkxNQ5x-w,Department of mathematics Supremacy 🔥 #iitstatus #jeemains #jee #iitjee #mathematics #iitbombay,Sfailure Editz,2025-01-02T16:01:24Z
IIT Bombay,academics,faculty review,vvmNWDdAZR4,🥶 IIT Bombay Showing Level 😎🔥|| IIT Motivation | #iit #jee #iits #iitjee #shortsfeed #shorts,Aashish Editz,2025-07-22T12:08:50Z
IIT Bombay,academics,faculty review,Typtkgne2As,IIT Professors Ka Real Teaching Style 🔥 | IIT Motivation Status #shorts #iitbombay,IIT Unfiltered,2024-09-25T14:06:41Z
IIT Bombay,academics,faculty review,mso2HrtBHNI,IIT Bombay vs IIT Delhi – Which is Better?🤔 #jee #jee2025 #iitbombay #iitdelhi #iit #iitjee #btech,Vedantu JEE Made Ejee,2024-10-01T03:30:19Z
IIT Madras,academics,faculty review,N1HID5dYuf8,Classrooms at IIT Madras||#iitmadras #iitmotivation,Vasu IITian,2024-08-01T06:04:39Z
IIT Madras,academics,faculty review,3ajh8TZDG5A,Uncle is not that much simple 🥲 #iitmadras #iitmadras #iitm #iitjee #gate #mech #civil #iitstatus,Sfailure Editz,2025-02-15T13:59:49Z
IIT Madras,academics,faculty review,eGE7IBFxBMw,Why IIT Madras is at rank 1 ? A day at IIT Madras #iit #iitbombay #iitmadras #garimabangar,Garima Bangar [ IIT Bombay ],2024-01-30T12:58:21Z
IIT Madras,academics,faculty review,woMR-yVTtvw,MIT Professor talks about IIT Madras | DAA - Srinivas Devadas | IIT Madras Alumnus,Office of Alumni and Corporate Relations IIT Madras,2025-02-13T11:00:51Z
IIT Madras,academics,faculty review,LCGsEj258j0,IIT Madras tops the nation again ✨#iitmadras #nirf #excellence #innovation #sustainability #jee #iit,Vaibhav Gujar [IIT Madras],2025-09-08T16:45:03Z
IIT Madras,academics,faculty review,i-3HRgftQAw,"&quot;Denied me BTech and Now Made me JEE Chairman&quot;, IIT Madras Director V.Kamakoti #jee_gate_motivation",RAJA BABU IITM,2024-01-29T04:02:31Z
IIT Madras,academics,faculty review,QPLgN_2FnRQ,🔥IIT Madras Record Placements😍 Biggest IITJEE Motivation for JEE Aspirants ❤️ IIT Bombay #shorts,Harshal [BITS Pilani] - 10Q Challenge,2024-12-08T14:34:19Z
IIT Madras,academics,faculty review,sH5u_Y7SKJc,"How Professor Andrew Thangaraj, IIT Madras Is Breaking India&#39;s Education Barriers| Ep 25 Teaser",Best Place To Build,2025-06-19T10:33:02Z
IIT Madras,academics,faculty review,hwJTJfeHEqg,Why IIT Madras Is the First Choice for Exchange Students,"Office of Global Engagement, IIT Madras",2025-10-22T05:37:18Z
IIT Madras,academics,faculty review,ID0-RbOEbvg,IIT Madras College Review in Short,Apna College,2023-02-04T14:38:51Z
IIT Kanpur,academics,faculty review,KATM9yf8tXM,IIT Kanpur College Review InShort,Apna College,2023-02-24T14:44:11Z
IIT Kanpur,academics,faculty review,rSQjxzFJlWo,ALL ABOUT IIT KANPUR MSc ECONOMICS PROGRAM | IIT GATE AIR 18 | CUET PG ECONOMICS | IIT JAM ECONOMICS,ArthaPoint -  One Stop Platform For Economics,2026-04-04T20:18:06Z
IIT Kanpur,academics,faculty review,yGEj7SUqSss,IIT Kanpur WEDS IIT Delhi 😆 #CollegeReview #IIT #Motivation,JEEfinity by Unacademy,2024-08-01T14:30:28Z
IIT Kanpur,academics,faculty review,NipRFolCti8,My Views on IITK &amp; IITKGP| #iit #jee2024 #jee2025,Nishant Jindal [IIT Delhi],2023-08-19T10:30:11Z
IIT Kanpur,academics,faculty review,Y_usRy6qprw,Itna accha🥵 IIT KANPUR ka Mess Food #iitbombay #rushikale #iitkanpur #jee2023 #iit,Rushi Kale Vlogs,2023-01-07T12:24:26Z
IIT Kanpur,academics,faculty review,sWeVTmyeJfY,IIT Kanpur🔥Complete Details !! 1 Cr. Package to 33 Students 🤩💪,JEE Wallah,2023-05-19T14:00:40Z
IIT Kanpur,academics,faculty review,kE7HJE1h97I,IIT Kanpur Campus *EXPOSED* 🥹  IIT-JEE Expectations vs Reality 😂 IIT Kanpur Campus Tour #iit,RDS Vlogs [IIT Guwahati],2025-05-11T09:00:53Z
IIT Kanpur,academics,faculty review,kgMoR5Obqjk,IIT Kanpur college review 2025 : Truth About Placements &amp; Campus Life,Prabhat Ranjan,2025-11-02T06:30:24Z
IIT Kanpur,academics,faculty review,VQBcBHc7cwU,"&quot;Exploring IIT Kanpur &#39;s MA Economics program | Placements, Faculty and more | EduSure Series",EduSure School,2023-09-20T12:11:50Z
IIT Kanpur,academics,faculty review,eaYjqShnxQQ,what&#39;s capacitor IIT KANPUR TOPPER 🤢,UPSC_ENGLISH2,2025-01-31T07:40:48Z
IIT Kharagpur,academics,faculty review,nppCVOy89dU,IIT Kharagpur scam explained 😱💔 |,Akash Gupta [ NITP ],2024-07-16T15:30:21Z
IIT Kharagpur,academics,faculty review,JlnkpZmhbSc,🤯IIT KHARAGPUR Review in 30 Secs!⚡️| Fees | Placement #jee #iit,selfPadhai - Rohit Nagar,2024-07-22T14:00:48Z
IIT Kharagpur,academics,faculty review,KMUf67ESmM0,IIT Kharagpur Professor 🔥 Pawan Kumar Sir #shorts #viral #iitkharagpur,Ujjwal Writes ,2025-08-23T14:14:41Z
IIT Kharagpur,academics,faculty review,YucsM_TIVEI,IIT Kharagpur Review in 1 Min | Inside IIT Kharagpur | Arvind Kalia Sir | #shorts #jee #iitkharagpur,Vedantu JEE,2022-12-02T06:00:11Z
IIT Kharagpur,academics,faculty review,A6S24Xoo5F8,Sundar Pichai&#39;s favourite professors at IIT Kharagpur | #medico #iitmotivation #sundarpur,Medico Editz,2023-07-31T18:30:07Z
IIT Kharagpur,academics,faculty review,myMUm7R1k94,Why He DROPPED Even After AIR 2 in JEE Advanced 😱 | IIT KGP Prof Aura is NEXT LEVEL 🚀 #jee #iit,RDS Vlogs [IIT Guwahati],2025-08-24T05:19:45Z
IIT Kharagpur,academics,faculty review,2wFLNOyacdg,IIT Kharagpur Bigger than a Country??😱😱#iit #jee #jee2025 #vaticancity #iitjee #iitkharagpur,Vedantu JEE Made Ejee,2024-07-05T05:30:01Z
IIT Kharagpur,academics,faculty review,Hu2UlulDGuI,IIT Kharagpur | College Review | All about IIT Kharagpur,Apna College,2021-06-30T16:41:50Z
IIT Kharagpur,academics,faculty review,YVCK91tCgCc,"Why IIT Kharagpur is a Top IIT in India | Placements, Rankings &amp; Campus Tour",ALLEN JEE,2025-08-31T05:30:15Z
IIT Roorkee,academics,faculty review,bkCJL4si0Eo,IIT Roorkee dares be like😂😭 #jeeadvanced #college #farewell,Shivna Rathore,2025-07-01T11:18:56Z
IIT Roorkee,academics,faculty review,933HV0jIhzw,VLSI GANG at IIT ROORKEE #iitroorke #teatimesnacks #professor #jeeadvanced #gate #JEE,The Hindustani Vlogger[IIT-R],2024-10-03T13:23:25Z
IIT Roorkee,academics,faculty review,61l3W-tMjzE,IIT ROORKEE Review in 30 secs!🔥| Campus | Placement | Fees #review,selfPadhai - Rohit Nagar,2024-07-13T14:58:27Z
IIT Roorkee,academics,faculty review,iIMW7P5mxJk,Mr &amp; Miss Thomso 🔥 performance at IIT Roorkee,Reels of Learning ,2025-06-11T08:19:54Z
IIT Roorkee,academics,faculty review,A_BNefjqbUY,IIT BHU x IIT ROORKEE #iitbhu #iitian #iitjee #iitroorkee #iitbombay #iitdelhi #iitkharagpur #iitkgp,Abhinandan Gaikwad [ IIT BHU ],2024-03-22T14:29:02Z
IIT Roorkee,academics,faculty review,cmPK2Al74jk,Best Online Most Demanding Courses Offered By IIT ROORKEE 🥵🥵🥶#skills #ai #course #iit,Your Path To Success ,2025-06-09T13:20:27Z
IIT Roorkee,academics,faculty review,IOo3Mj_0Gvo,IIT Roorkee में मिलती है Aisi PUNISHMENT 😨😨 #jee  #jeemains2024 #iitjee #jeemains #jeemotivation,Vedantu JEE Made Ejee,2023-08-13T13:30:12Z
IIT Roorkee,academics,faculty review,uzA-1Q_xaKQ,JEE 2026 ka Paper IIT ROORKEE banayega😱🔥 #jeewallah #shorts #pw #physicswallah,JEE Wallah,2025-08-19T11:01:30Z
IIT Roorkee,academics,faculty review,9fqhXyQ3ZnA,IIT Ropar Supremacy 🔥🙆🏻 | best iit convocation 🎓 #iitstatus #iitropar #iitconvocation #results #iit,Sfailure Editz,2025-07-21T11:22:55Z
IIT Roorkee,academics,faculty review,IOkNur7L_48,Honest Reality of M.Tech from IIT Through GATE | Honest Review &amp; Reality By IIT Roorkee Students,GATE Wallah,2026-06-07T05:30:33Z
IIT Guwahati,academics,faculty review,KEXDOHLotcg,IIT Guwahati | Convocation | Motivation| #iit #convocation #2023 #iitguwahati #iitjee #iitmotivation,IITG Collez Diaries,2023-07-05T05:25:00Z
IIT Guwahati,academics,faculty review,aAFj6Uv4lmw,IIT Guwahati Review in 1 Min | Inside IIT Guwahati | Arvind Kalia Sir | #shorts #jee #iitguwahati,Vedantu JEE,2022-12-25T05:30:01Z
IIT Guwahati,academics,faculty review,azZNKYhdYWM,Battle of the IITs: IIT Guwahati vs IIT Madras vs IIT Bombay 👀 #iitjee,Raise Your Potential,2025-05-23T11:13:32Z
IIT Guwahati,academics,faculty review,H9P6kEslQsw,"IIT Guwahati (IITG) Review : Courses, Fees, Rankings, Cutoff, Admissions 2024, Placements",shiksha.com,2024-04-15T07:22:13Z
IIT Guwahati,academics,faculty review,q3QIW-zGgS4,IIT-Hyderabad vs IIT-BHU vs IIT-Guwahati | Which one to Choose ? | Answered by ABJ Sir,Mohit Tyagi,2023-06-21T12:48:38Z
IIT Guwahati,academics,faculty review,1wFY3mqw1mQ,"🏫 IIT Guwahati Campus Tour 2025 🎥 | 🛏️ Hostel Life, 🎓 College Vibes &amp; 🌄 Scenic Views",shishant saraf,2025-05-31T08:55:14Z
IIT Guwahati,academics,faculty review,S8MPqtpfz5o,"Episode 7: All About IIT Guwahati | Honest Review | Best Branch, Cutoff, Fees &amp; Placement | Rankplus",IIT JEE Rankplus,2024-08-04T07:30:06Z
IIT Guwahati,academics,faculty review,z0pMf3yMz3w,Professor&#39;s Residence Area || IIT GUWAHATI || #iitjee #jeeadvance #ytshort #iit #iitguwahati,KANIKA GUPTA - IIT GUWAHATI ,2023-03-24T19:44:37Z
IIT Guwahati,academics,faculty review,dBIad-Lpkjk,IIT Guwahati College Review 2025 : Truth About Placements &amp; Campus Life,Prabhat Ranjan,2025-11-06T06:30:19Z
IIT Hyderabad,academics,faculty review,Ss0srhu9-pU,IIT Hyderabad Review: क्या बनाता है इसे Super Unique? | AI + Robotics Research Labs | NIRF Ranking,ALLEN JEE,2025-09-13T13:22:18Z
IIT Hyderabad,academics,faculty review,p_y5eJbK1Tw,How is IIT Hyderabad Performing?? Is it a good Option?🤔🤔#jee #jee2025 #iit #iitjee #iithyderabad,Vedantu JEE Made Ejee,2024-09-19T13:30:28Z
IIT Hyderabad,academics,faculty review,RfDVxZkhhL4,B.Tech in Artificial Intelligence(AI) at IIT Hyderabad | My Degree Experience,Sankho kun,2023-06-16T08:00:54Z
IIT Hyderabad,academics,faculty review,5RKvJwkuEJQ,IIT Hyderabad Review in 1 Min | Inside IIT Hyderabad | Arvind Kalia Sir | #shorts #jee #iithyderabad,Vedantu JEE,2022-12-03T06:00:01Z
IIT Hyderabad,academics,faculty review,r---CIbOKR0,IIT Hyderabad Campus Tour || #iithyderabad #iit #jee #jeeadvanced #subscribe,JEE Buddy ,2024-05-17T06:09:03Z
IIT Hyderabad,academics,faculty review,JgKoHDuoMqY,IIT HYDERABAD Academics యొక్క FULL INFORMATION తెలుగులో #iith #IITHyderabad @JhansiVtelugu#Btech #mtech,V Telugu by Jhansi,2023-02-21T03:23:00Z
IIT Hyderabad,academics,faculty review,W6QatuELdIc,Day 1 IIT Hyderabad 📚🫠 #day1 #iit #collegelife #iitstudents  #hyderabad #dailyvlog #fyp #iitians,Gaurkrishna ,2025-08-01T07:25:43Z
IIT Hyderabad,academics,faculty review,BNJEv9lGVv4,IIT Hyderabad College Review in One minute 🔥  #shorts #iithyderabad  #jeemains #iitmotivation,Ritik Meghwani,2022-10-17T15:00:09Z
IIT Hyderabad,academics,faculty review,gte7MGMwFLo,"IIT Hyderabad SURE Internship 2026 🚀 Application, Selection &amp; Research Experience Explained",Life of kittu kun,2026-02-14T15:24:18Z
IIT Indore,academics,faculty review,dr5Y-DVqmaQ,IIT INDORE College Review in One minute 🔥  #shorts #iitindore #jeemains #iitmotivation #iit,Ritik Meghwani,2022-10-12T15:00:09Z
IIT Indore,academics,faculty review,4SlVWpQb9SQ,IIT Indore Comparison,shiksha.com,2024-09-04T09:03:15Z
IIT Indore,academics,faculty review,p5hjZOvI38c,Which JEE Coaching I will join for JEE 2027 #jee #jeemains #coaching,Yash Mishra [IIT INDORE],2025-05-25T07:17:41Z
IIT Indore,academics,faculty review,Tk4opN3VZmM,IIT Indore Review | Fees | 56 LPA Placements | IIT Motivation | IIT Indore Campus,CAREERKICK JEE,2023-02-28T05:30:10Z
IIT Indore,academics,faculty review,qwstrKbudDI,IIT Delhi is BAAP of IIT Indore? #iit #iitjee,Nishant Jindal [IIT Delhi],2025-01-01T12:56:34Z
IIT Indore,academics,faculty review,wnzkwpS40wI,Highest package of all 28 IIIT colleges #iit #nit #iiit #nitt,CCSU notes,2025-01-09T05:27:05Z
IIT Indore,academics,faculty review,jrtFlF3ReLg,NIRF ranking of top 30 Engineering college in India #iit #iiit #nit #jeemains,CCSU notes,2025-01-16T15:16:45Z
IIT Indore,academics,faculty review,B2fhsEzMic0,😱NIT Trichy Alumni to Famous Actress😍 Beauty with Brain❤️ Best Motivation for JEE Aspirants #shorts,Harshal [BITS Pilani] - 10Q Challenge,2025-03-18T17:11:00Z
IIT Indore,academics,faculty review,K7QUMan0d6A,IIT Indore Campus Review in 1 min🔥 Best Campus Life of IITs/NITs | IITJEE Motivation #shorts,Harshal [BITS Pilani] - 10Q Challenge,2023-09-29T12:52:20Z
IIT BHU,academics,faculty review,-dU8ACJXu78,IIT BHU Ka Jalwa 🔥🥶 Highest Package Vs Average Package #iitmotivation #iitjee #placement,TSV Kota Shorts ,2024-11-19T12:19:31Z
IIT BHU,academics,faculty review,1pn_s5fSBME,IIT BHU College Review in One minute 🔥  #shorts #iitbhu #jeemains #iitmotivation,Ritik Meghwani,2022-10-13T15:45:07Z
IIT BHU,academics,faculty review,h8cDRVn2irc,Asking IIT BHU B.Tech student about campus placement | Himanshu Mishra,The Student Life,2022-11-06T05:06:36Z
IIT BHU,academics,faculty review,IWhM_Kuk0Uc,IIT BHU HONEST REVIEW |CAMPUS REVIEW,NK Vlogs  [ IIT BHU ],2024-07-07T15:30:45Z
IIT BHU,academics,faculty review,TTnCuvgiJ8s,IIT BHU Review 2026 — Honest &amp; Detailed Campus Experience &amp; Placement Details,Prabhat Ranjan,2026-01-29T06:30:15Z
IIT BHU,academics,faculty review,F2Iu9ClA6rY,Explore campus of IIT BHU &amp;🧑‍💻attended AI education classes at IT BHU | #41 | Shridharam,Shridharam,2025-03-13T13:28:17Z
IIT BHU,academics,faculty review,euZTpnYBEQI,Why IIT BHU is the Best IIT (Campus Tour + Comparison),Arpit Jain  IIT BHU,2022-09-20T14:32:10Z
IIT BHU,academics,faculty review,hyQ3FPkGXiA,"जो मुह में आया बोल दिये IIT BHU के छात्र, अब आपकी बारी | Himanshu Mishra | The Student Life",The Student Life,2022-06-13T07:22:47Z
IIT BHU,academics,faculty review,5Sg0KrSFBpA,IIT BHU || College Review ||,Ayush Tiwari,2022-10-15T11:10:41Z
NIT Trichy,academics,faculty review,7YRkQugpp3U,NIT Trichy College Review InShort,Apna College,2023-02-17T17:43:35Z
NIT Trichy,academics,faculty review,YfysllIxIPw,NIT Trichy Comparison,shiksha.com,2024-09-03T05:43:00Z
NIT Trichy,academics,faculty review,IVMNieOMen4,I left NIT Trichy #nittrichy #nittrichi #nit #nitrourkela #jeemains2023 #jeemains2024 #jeemain #jee,Anushka Pandey,2023-09-28T17:01:54Z
NIT Trichy,academics,faculty review,bAvpjihp06k,All About NIT - TRICHY ft. Saleem Sir 🔥 Complete Details !! 🤯 #OMTalks,JEE Wallah,2023-10-31T14:00:22Z
NIT Trichy,academics,faculty review,40c0sToZJKE,NIT Trichy Placements 2024 | How to get a Job in 2024 | NIT Trichy Review,Arsh Goyal,2024-04-08T13:10:13Z
NIT Trichy,academics,faculty review,19l410ubrSw,"தேசிய தொழில்நுட்ப நிறுவனம், திருச்சி - எவ்வாறு இருக்கும்? | NIT Campus Tour | NIT Trichy | TNSED",Tamil Nadu School Education Department ,2023-11-24T08:39:21Z
NIT Trichy,academics,faculty review,oW3QmHPyl4Q,50 Marks पर NIT Trichy 🤯| IIT JEE Story of Rohini | IIT Motivation #shorts,Rittik Baheti(IITIAN),2024-07-14T11:58:03Z
NIT Trichy,academics,faculty review,lXoHeyeYy_0,Highest of all NIT colleges in India 2024 in tabular form #nit #iit ii#jeemains,CCSU notes,2024-12-30T11:49:21Z
NIT Trichy,academics,faculty review,3u15FV5VJjU,Is NIT Trichy really Worth it 🤯?,Suman Mpm,2025-03-23T17:30:14Z
NIT Warangal,academics,faculty review,mft5UgJYAXU,NIT Warangal College Review In Short,Apna College,2023-02-10T16:11:46Z
NIT Warangal,academics,faculty review,jOgNAR0hJ08,NIT Tirchy  Vs NIT Warangal Hostel Rooms,A Mechanical Engineer,2023-06-14T18:52:42Z
NIT Warangal,academics,faculty review,_X14SHnR8xY,CLASSES AT NIT WARANGAL | #topnit #nitw #jee #freshers #college,Ayush Lakra,2022-11-02T08:35:39Z
NIT Warangal,academics,faculty review,xx9PopBfPtM,NIT Warangal College Review 2025: Truth About Placements &amp; Campus Life,Prabhat Ranjan,2025-09-20T06:30:36Z
NIT Warangal,academics,faculty review,YxZULPGTBC0,NIT Warangal || #nitwarangal  ||#messfood || #mess || #nitwarangalmess ||#nitw ||#topnit || #nit,Anuj Bind Vlogs,2023-02-19T10:56:44Z
NIT Warangal,academics,faculty review,QQZl-fkY_J8,Is NIT better than PRIVATE COLLEGES?,Broke Brothers,2023-04-10T12:01:34Z
NIT Warangal,academics,faculty review,qqfbJYi0ChE,😍Top 3 Largest NIT&#39;s of India🤯🤯 #shorts #jee2024 #jeemains #nit #nitbhopal #nitadmission #iitjee,Vedantu JEE Made Ejee,2023-09-06T06:30:24Z
NIT Warangal,academics,faculty review,uR-6fobUC2Y,"NIT Warangal College Review 🔥 Placements, Cutoff, Fees &amp; Campus Life | Complete Guide",JEE@Aakash ,2026-01-23T04:42:19Z
NIT Warangal,academics,faculty review,Im7KftVfhJk,National Institute of Technology (NIT) Warangal Review: What do students say about it?,shiksha.com,2022-12-20T06:07:10Z
NIT Warangal,academics,faculty review,Fc1JkiSZmhk,Nit Warangal College Review in One minute 🔥  #shorts #nit #iit #jeemains2022 #iitmotivation,Ritik Meghwani,2022-08-22T14:45:12Z
NIT Surathkal,academics,faculty review,islnOcPgEzk,NIT Surathkal 2022 | Placements | Salary | Campus | Faculty | Fee Structure,College Suggest,2022-09-20T10:26:27Z
NIT Surathkal,academics,faculty review,fVhiefwaLao,Nitk Surathkal Alumni Network !! #jee #iit #jeebatch #neet #jeeproblems,RAISEACAD(Yash Mishra Nitk Surathkal),2025-05-02T13:40:47Z
NIT Surathkal,academics,faculty review,_At0_NLTP6w,NIT Surathkal 2025 (NIT-k): CSE vs Core Branches 💻⚙️ ⋮ JEE Mains Cutoff &amp; Placement Comparison,The Rankers Vision,2025-04-11T13:30:34Z
NIT Surathkal,academics,faculty review,868eM3WOiW8,🏛 Classrooms in NITK 🏖 CIDS Classrooms ❤️‍🩹|#college #jee #nitk #popular #jeemains #iitjee #explore,Arjun M Kotari [ NITK ],2023-07-01T14:14:42Z
NIT Surathkal,academics,faculty review,tqs4JVrnbvs,My First Year at NIT Surathkal | College Life | NIT surathkal | NITK,JustAnotherKaushik,2023-09-24T06:45:33Z
NIT Surathkal,academics,faculty review,-jrRqdTyStU,"💥 NIT Karnataka, Surathkal 2025 Cutoff &amp; Closing Rank 📈 | Fees &amp; Placement | JEE Main 2025",Careers360,2025-04-28T09:59:06Z
NIT Surathkal,academics,faculty review,NL9mBwXMCPw,NIT Surathkal Placements 2025 | Highest Package 55 Lakhs &amp; Top Recruiters,Collegedunia,2025-09-09T12:45:03Z
NIT Surathkal,academics,faculty review,_FpJRsOcxDs,My first 6 months at NIT Surathkal (NITK) in 6 minutes | college life | NITK,Aryan Verma [NIT Surathkal],2022-10-17T15:02:52Z
NIT Surathkal,academics,faculty review,_Epm4PigAKs,NIT Surathkal( NIT K) MSC  Physics Honest Review 🔥#NIT Karnataka#PLACEMENT#faculty#Research#PHD#,Our Physics Lab,2025-06-03T08:44:22Z
NIT Surathkal,academics,faculty review,7L3oc9cm4-E,Welcome to NIT Surathkal | Complete campus view #jee #mnit #iitjee #nitsurathkal #campustour #viral,A Mechanical Engineer,2023-06-14T20:21:53Z
NIT Calicut,academics,faculty review,iSv9SAhd8HM,NIT Calicut B.Tech CSE Admission | Campus life | Academics | Placements &amp; opportunities!,Brilliant Pala - JEE Main & Adv,2026-05-22T14:36:00Z
NIT Calicut,academics,faculty review,XC2Q-6ked7c,NIT CALICUT Pros &amp; Cons 2026🔥 Honest Review You MUST Watch Before Admission!,Collegedunia,2025-10-24T03:30:19Z
NIT Calicut,academics,faculty review,6vGJPrA_HIc,"iit Bombay vs nit Calicut classrooms,iit vs nit ,one of many differences.",LIFE IN NIT Calicut,2022-10-05T18:48:44Z
NIT Calicut,academics,faculty review,5la4czlQ5Ko,NIT CALICUT REVIEW 💥💥💥| Amaljyothi issue,ABHIRAM R,2023-06-07T10:09:39Z
NIT Calicut,academics,faculty review,zJSqAFKmAzQ,പ്രതീക്ഷ എല്ലാം തെറ്റി😱 | NIT Calicut Visit🔥,Eduport SSLC ,2025-10-27T13:36:48Z
NIT Calicut,academics,faculty review,fqVlVHF5uMs,NIT Calicut Campus Tour || #nit #jee #nitcalicut,JEE Buddy ,2024-04-29T06:39:49Z
NIT Calicut,academics,faculty review,pJGZsqKqvBQ,NIT Calicut College Review in One minute 🔥  #shorts #nit #iit #jeemains #iitmotivation,Ritik Meghwani,2022-09-10T13:57:48Z
NIT Calicut,academics,faculty review,97zOYLsVA7Q,NIT Calicut College Review 2025: Truth About Placements &amp; Campus Life,Prabhat Ranjan,2025-09-19T09:29:47Z
NIT Calicut,academics,faculty review,-c57gOwFy-4,"Everything about NIT CALICUT in under 1 minute! Fees, Placement, Admission, Ranking, Cutoff, Reviews",Collegedunia,2025-10-24T05:00:00Z
NIT Calicut,academics,faculty review,MKHIwqEvCgQ,NIT Calicut - Department Tour |Mathematics| Physics |Chemistry #nitcalicutmathematics#nitcalicutpg,Ann Mariya Sunil,2023-05-03T15:41:21Z
NIT Rourkela,academics,faculty review,jjxcOPrm1B0,classes at NIT Rourkela #explore #fyp #trending #explore #funny #relatable,Kriti,2025-07-28T17:23:54Z
NIT Rourkela,academics,faculty review,V6yRWDptQuk,NIT Rourkela - I REGRET Joining 😭🥹,Anisha Behera,2025-06-10T06:38:35Z
NIT Rourkela,academics,faculty review,HgR7rBiAOXQ,Nit Rourkela Review in One Minute 😍 #Shorts #nitrourkela  #nit #iitmotivation,Ritik Meghwani,2022-08-01T14:00:14Z
NIT Rourkela,academics,faculty review,04AkIlE_kVQ,My 2 Years Experience At NIT Rourkela | Watch This Before Coming To This College,Alokit Says,2024-12-18T11:02:43Z
NIT Rourkela,academics,faculty review,0p3xwqkmOcI,Lecture hall of NIT ROURKELA,Badal Sahoo,2024-09-07T11:40:49Z
NIT Rourkela,academics,faculty review,IfMbDQdOJXg,NIT Rourkela College Review 2025: Truth About Placements &amp; Campus Life,Prabhat Ranjan,2025-09-17T06:30:19Z
NIT Rourkela,academics,faculty review,xgiu96eSVPA,NIT Rourkela College Review | Admission | Cutoff | Courses | Fees | Placement | Overall Campus,Indian Career Helpline,2026-01-28T06:30:34Z
NIT Rourkela,academics,faculty review,ezP4lIku06Q,I left NIT Rourkela #nit #nitrourkela #iitjee #cuet #jee #iit #advance #jeemain #jeeadvance #student,Anushka Pandey,2023-09-04T18:40:57Z
NIT Kurukshetra,academics,faculty review,30SfS_l2Ui8,My first day in NIT kurukshetra 😍#nitian #nitkkr,Nitian Priya ,2024-08-09T16:41:29Z
NIT Kurukshetra,academics,faculty review,u-SpMw5tEvY,"NIT Kurukshetra Telugu College Review 2026 | Placements, Cutoff, Fees, Hostel, admissions..|",HACKOVERSE EDU,2026-01-06T11:31:04Z
NIT Kurukshetra,academics,faculty review,8YYvwsfSJCw,Girls Gang &amp; Class Ka Neta 🤯😱 | NIT Kurukshetra Story| Sachin Sir College Story | Sachin Sir Story,PW Disciple,2024-09-02T10:07:40Z
NIT Kurukshetra,academics,faculty review,Dz-3o1g46bw,NIT Kurukshetra Review 2020 | Students | Faculty | Placements | Recruiters | Campus Life,College Suggest,2020-09-15T14:17:02Z
NIT Kurukshetra,academics,faculty review,WK8-LtXelD8,*IMPORTANT* msg for upcoming students 👩‍🎓 in NIT kkr #nitkurukshetra  #chemistry #msc #nitkkr,Nitian Priya ,2025-01-10T06:57:51Z
NIT Kurukshetra,academics,faculty review,vH6WGdcgHig,SACHIN SIR AT NIT KURUKSHETRA🥹♥️ #sachinsir #nitkurukshetra,The AlakhPedia,2025-02-23T08:09:33Z
NIT Kurukshetra,academics,faculty review,dBB-I8cOjho,"💼 NIT Kurukshetra Placements 2025 | Highest, Average &amp; Top Recruiters #nitk #nitplacement #lcc",shiksha.com,2025-09-29T06:22:01Z
NIT Kurukshetra,academics,faculty review,J07vi0kW2-8,NIT Kurukshetra Internship 2026 | Golden Opportunity For College Students | How to Apply #nit,DR abhishek.,2026-04-16T10:30:35Z
NIT Kurukshetra,academics,faculty review,JkbT9eeMTgA,All about NIT Kurukshetra😍😍#iit #iitjee #jee #jee2025 #jeemains #nit #nitkurukshetra #kurukshetra,Vedantu JEE Made Ejee,2024-08-09T11:30:14Z
NIT Jalandhar,academics,faculty review,5EvTzi-5Bvc,NIT JALANDHAR POWER 💪 #harshsir #nit #nitjalandhar #engineeringlife #VED #shorts,Study Circuit ,2025-10-19T05:47:59Z
NIT Jalandhar,academics,faculty review,aGc8HdGVTCs,Life at nit jalandhar #iit #nit #motivation,Puneet,2024-08-22T06:30:00Z
NIT Jalandhar,academics,faculty review,fnvtWlb9hPo,NIT Jalandhar College Review 2025: Truth About Placements &amp; Campus Life,Prabhat Ranjan,2025-09-27T06:30:24Z
NIT Jalandhar,academics,faculty review,oa6JIAJFeek,Pros and Cons of NIT Jalandhar,Aviral Pruthi,2022-09-01T08:29:28Z
NIT Jalandhar,academics,faculty review,2XOJnLXlRRY,"NIT Jalandhar Telugu College Review 2026 | Placements, Cutoff, Fees, Hostel, admissions, Highlights|",HACKOVERSE EDU,2026-03-10T04:30:03Z
NIT Jalandhar,academics,faculty review,tgZHXMKd-WQ,Junior Assistant#  NIT -2023#Full solved paper  for NIT Jalandhar# NIT Delhi# NIT Kurukshetra Exam,Shambhu Kripa,2025-09-26T08:56:42Z
NIT Jalandhar,academics,faculty review,GRes6Z2BLQM,❤️ NIT Jalandhar Complete Review🔥Best motivation for JEE Aspirants 😎 IIT-JEE / IIT Bombay #shorts,Harshal [BITS Pilani] - 10Q Challenge,2023-10-27T09:22:04Z
NIT Jalandhar,academics,faculty review,JtaeOQ6JYgw,NIT Jalandhar🤯 Cut Off JEE Mains 2025 | NIT Jalandhar Cut Off 2025 | NIT Jalandhar Placements #nit,College Counselling Help,2025-03-13T11:30:58Z
NIT Jalandhar,academics,faculty review,edbEN0LhJic,NIT Jalandhar🤯 Cut Off JEE Mains 2025 | NIT Jalandhar Cut Off 2025 | NIT Jalandhar Placements #nit,We Won Academy,2025-03-15T06:52:05Z
NIT Jalandhar,academics,faculty review,EBFInpcNLEc,NIT Jalandhar Student cracked Google 🤯 | core to tech  #nitjalandhar #google #52lpa,NITian Vlogs,2025-04-20T12:36:03Z
NIT Jaipur,academics,faculty review,miT4CK_5Sac,MNIT Jaipur College Review | InShort,Apna College,2023-03-17T15:18:42Z
NIT Jaipur,academics,faculty review,I9WRKcS9-fI,MNIT Jaipur College Review 2025: Truth About Placements &amp; Campus Life,Prabhat Ranjan,2025-09-21T07:05:00Z
NIT Jaipur,academics,faculty review,zbyOc9WdYIg,MBA From NIT Jaipur Review - Only 50 percent btach got placed | NIT Jaipur MBA Placements #mba,MBA with Arshi Khan,2026-02-02T06:30:08Z
NIT Jaipur,academics,faculty review,9aIr4I2BN1s,NIT Jaipur Complete College Review For MBA ✅ #nitmba,MBA with Arshi Khan,2025-02-24T13:15:00Z
NIT Jaipur,academics,faculty review,GVrt67Aohwg,MNIT Jaipur Why Best🔥 #shorts #physicswallah,IIT Roorkee,2024-09-01T16:10:16Z
NIT Jaipur,academics,faculty review,dbcJB66fYrc,MNIT JAIPUR STATUS #nitjaipur #mnitjaipur #mnit #josaa2025,A Mechanical Engineer,2025-06-02T08:29:00Z
NIT Jaipur,academics,faculty review,FjU-Y9MqQ24,MNIT Jaipur College: Cutoff Comparison,shiksha.com,2024-09-11T07:39:18Z
NIT Jaipur,academics,faculty review,PCpr-8rhEeU,Mnit Jaipur Beautiful Campus #mnitjaipur #engineering #nitjaipur #amechanicalengineer,A Mechanical Engineer,2025-05-28T09:54:00Z
NIT Jaipur,academics,faculty review,NF5hoEMn7rA,💥 MNIT Jaipur 2025 Cutoff &amp; Closing Rank 📈 | Fees &amp; Placement | JEE Main 2025,Careers360,2025-05-01T11:30:15Z
NIT Jaipur,academics,faculty review,U8gI8N_OiBA,MNIT JAIPUR Professor bad behaviour towards students protesting for improve mess food quality #jee,भारत,2024-08-11T20:54:13Z
NIT Nagpur,academics,faculty review,0vI_bNAG0LQ,VNIT NAGPUR College Review in One minute 🔥 #shorts #vnitnagpur #jeemains #iitmotivation #iit #nit,Ritik Meghwani,2022-11-16T15:45:10Z
NIT Nagpur,academics,faculty review,Dby8lmB5TNU,Is It Worth Joining? | VNIT Nagpur Placements Reality ,College Insider ,2026-05-31T20:40:37Z
NIT Nagpur,academics,faculty review,866hyH98vxU,"VNIT Nagpur Review: Placements, Fees, Courses &amp; Cutoff | NIT Nagpur Guide JEE 2026",Edu9 Career Guidance,2024-01-23T12:30:09Z
NIT Nagpur,academics,faculty review,6CHYkIDSdgw,"NIT Nagpur Placement Report 2025, BTech BArch MTech MSc Placement of NIT Nagpur",Ujjwal Kumar Sen Clips,2026-03-10T15:30:03Z
NIT Nagpur,academics,faculty review,4LQzaWBJE5Y,"Dr. R. Uddanwadikar, Assistant Professor, Department of Mechanical Engineering, VNIT, Nagpur",engineeringwatch,2014-03-12T14:48:00Z
NIT Nagpur,academics,faculty review,1nuAzMR82P4,VNIT Nagpur College Review | 64 LPA Package Reality + Campus Truth 2025,Prabhat Ranjan,2025-09-22T06:30:00Z
NIT Nagpur,academics,faculty review,sxgC8zG1fVY,How to become Professor at NIT? Listen to the Professor from NIT Nagpur,Simple Science,2023-05-25T06:39:58Z
NIT Nagpur,academics,faculty review,I8uAhShr-xc,"🔥 VNIT NAGPUR College Review 😱💸 | Placement, Campus Life, Fees &amp; Ranking 2025 💰🤯 | #JEE2026",COLLEGE TALKIES [NIAMT],2025-10-19T13:48:28Z
NIT Nagpur,academics,faculty review,Wbh751TDDqc,💥 VNIT Nagpur 2025 Cutoff &amp; Closing Rank 📈 | Fees &amp; Placement | JEE Main 2025,Careers360,2025-04-30T11:30:23Z
NIT Nagpur,academics,faculty review,rviE7gbmk3s,VNIT Nagpur College Review 😱|| Average Package 10 LPA ✅|| VJTI Mumbai vs VNIT Nagpur #jeemains,CollegeSearch,2025-12-18T13:01:42Z
NIT Allahabad,academics,faculty review,D1bvV2N-pIo,Mnnit allahabad |Swami Vivekananda boys hostel 1st year boys hostel|Room tour IIT/ NIT| Ashmit Gupta,Nitian Ashmit,2024-08-23T10:00:13Z
NIT Allahabad,academics,faculty review,i_CP1T8OL38,⚡️Dark Reality ‼️of MNNIT Allahabad🚨#shorts,Karishma Verma ,2025-06-05T13:57:47Z
NIT Allahabad,academics,faculty review,f86RNkVDbLY,Girls dressed up for MNNIT Ms. Fresher Round 1 💃🌟 #mnnit #mnnitallahabad #nitallahabad,Khanak Patwari,2023-01-01T11:18:48Z
NIT Allahabad,academics,faculty review,ioNaJv40k9s,MNIT Jaipur Vs MNNIT Allahabad Classrooms #mnit #iit #mnnitallahabad #mnitjaipur #iitbombay #jee,A Mechanical Engineer,2022-12-20T19:33:57Z
NIT Allahabad,academics,faculty review,S3sKM5cAZqU,MNNIT Allahabad - Review | Students | Faculty | Placements | Recruiters | Campus Life,College Suggest,2020-08-14T04:29:48Z
NIT Allahabad,academics,faculty review,Hf-sVWWjlCA,🎓MY FIRST YEAR AT NIT ALLAHABAD[MNNIT ALLAHABAD ] #nitallahabad #mnnita #JOSSA #engineeringadmission,VIVEK YADAV [NIT-ALLAHABAAD],2025-06-09T14:00:32Z
NIT Allahabad,academics,faculty review,CPBjo3B8wEg,All about MNNIT Allahabad✅✅#shorts #mnnit #mnnitallahabad #allahabad #jee #jee2024 #btech #college,Vedantu JEE Made Ejee,2024-04-23T07:30:02Z
NIT Allahabad,academics,faculty review,9KW15MoJON8,Top 10 NIT Colleges In India #careerwithriwas #nit #nitcollege #topcollege #nitian #shorts #college,Career With Riwas ,2023-03-26T09:49:27Z
NIT Allahabad,academics,faculty review,bGbo42gjSng,MNNIT Allahabad College Review 2025: Truth About Placements &amp; Campus Life,Prabhat Ranjan,2025-09-28T06:30:22Z
IIM Ahmedabad,academics,faculty review,8wjRkowQS0I,IIM AHMEDABAD CLASSROOM #iim #iimahmedabad #clas #motivation #room #iim,ROAD TO CAT 99,2023-09-16T23:14:05Z
IIM Ahmedabad,academics,faculty review,CSaEPcHKOHY,Khan sir from IIM Ahmedabad 😱 | What did Khan Sir read about? #shorts,ALL IN ONE,2025-04-20T12:38:38Z
IIM Ahmedabad,academics,faculty review,pMHNowlpvYI,"Dr Saral Mukherjee, Associate Professor, IIM Ahmedabad: IMC 2019 - Plenary 1 - Faculty Effectiveness",MBAUniverse.com,2019-08-12T12:23:56Z
IIM Ahmedabad,academics,faculty review,5G9MKCdeVzA,IIM A Expectation Vs Reality,Keerthana Chandrasekhar,2022-09-10T11:51:21Z
IIM Ahmedabad,academics,faculty review,yTVZ2MEAINc,IIMA vs ISB vs FMS- India’s Top MBA programs compared! #mba #iimahmedabad #isb #fms #ranking #salary,Priyanshi Sharma,2024-10-26T14:18:06Z
IIM Ahmedabad,academics,faculty review,GH8Ow9vH-8M,IIM-Ahmedabad Prof REACTS To Nikhil Kamath&#39;s &quot;MBA at 25 is for IDIOTS!” Comment,Naman Pandey,2025-11-24T12:00:27Z
IIM Ahmedabad,academics,faculty review,1jAGkTCxWwc,Interview Questions at IIM’s✨ | Kushal Lodha #shorts,Kushal Lodha,2024-05-23T08:38:12Z
IIM Ahmedabad,academics,faculty review,rD4AUJ4TteE,Minimum Academics To Get In IIM Ahmedabad | MBA Preparation Guide #mba #iim #mbapreparation,CATKing,2024-09-19T09:30:18Z
IIM Ahmedabad,academics,faculty review,MlN-eVJxSdU,IIM Ahmedabad vs Harvard! Kiski hai better ROI? | Warikoo Careers Hindi,warikoo careers,2025-07-07T06:30:15Z
IIM Ahmedabad,academics,faculty review,1LRyJsTEat8,IIM Ahmedabad Vs IIM Calcutta | Unveiling the Oldest College in India #shorts #iimcalcutta,SuperGrads CAT Coaching by Toprankers,2024-03-05T09:00:16Z
IIM Bangalore,academics,faculty review,u0BDGUkKOEg,"Life at IIM Bangalore | Late Class, 9 PM Grinding",Rohit Rawat,2025-09-21T08:28:57Z
IIM Bangalore,academics,faculty review,6_HQoy4M820,Life at IIM Bangalore | IIM B | MBA | CAT,The Top Percentile - MBA,2024-04-20T12:30:05Z
IIM Bangalore,academics,faculty review,e4Os0GGhEZg,"Rakesh Godhwani, Faculty, Management Communication at IIMB, speaks on ‘Secrets of Life’ at VISTA &#39;18",IIM Bangalore,2018-10-08T09:14:16Z
IIM Bangalore,academics,faculty review,E29s8mLFnNo,"IIM Bangalore PLACEMENT Reality | Salary, Recruiters &amp; ROI",The IIM Guy,2025-05-31T13:30:24Z
IIM Bangalore,academics,faculty review,R-EicA7RZpU,Why is the first term at IIM Bangalore so demanding?,WhyBhanshu,2024-07-03T10:19:01Z
IIM Bangalore,academics,faculty review,glXOfZciaiw,35 Lakhs for BSc Degree at IIM Bangalore | Unaffordable Education by Government Institutes,IIT-IIM Unfiltered,2025-07-24T12:31:35Z
IIM Bangalore,academics,faculty review,lAI82LhQ0UE,My first day at IIM Bangalore - my new home.Gratitude in my heart and a smile I can’t hide.,Ritwik Mehta,2025-06-17T10:09:10Z
IIM Calcutta,academics,faculty review,Lkr6iqWvSgU,Life and placements at IIM Calcutta,IIM Ke Baad,2024-08-15T10:34:08Z
IIM Calcutta,academics,faculty review,ZUnw5eZx95c,"My first year of IIM Calcutta (MBA) | Placements, Academics | CAT Exam 2025",AfterGrad - CAT MBA Prep,2025-09-05T05:59:52Z
IIM Calcutta,academics,faculty review,YSvsHpnMSjA,Is IIM Calcutta Better Than IIM A &amp; B? | A Conversation Inside IIM Calcutta Campus | iQuanta,CAT Preparation - iQuanta,2026-03-21T15:30:20Z
IIM Calcutta,academics,faculty review,4-vcnQwz3Mw,"IIM Calcutta Placements 2025 | Average &amp; Highest Salary, Packages, Top Recruiters &amp; Alumni",MBA360,2025-12-12T08:26:20Z
IIM Calcutta,academics,faculty review,wDBIMVSTB4w,"IIM Calcutta Interview Experience | What Questions Can You Expect? Ft. Tushar, CAT - 99.8%ile",CATKing,2026-01-14T14:15:39Z
IIM Calcutta,academics,faculty review,PBRy5_HzPs4,Discover Why IIM Calcutta is the Mecca of Finance! 💰📈| #shorts,SuperGrads CAT Coaching by Toprankers,2024-10-20T01:30:17Z
IIM Calcutta,academics,faculty review,2vFUk-ypJ9E,"IIM Calcutta PLACEMENT Reality | Salary, Recruiters &amp; ROI",The IIM Guy,2025-08-07T13:30:05Z
IIM Calcutta,academics,faculty review,1JtOthi_wd4,Top MBA Colleges with Low Academics and high placements | IIM Calcutta &amp; FMS Selection Criteria,Ananta Chhajer,2023-11-28T13:08:55Z
IIM Calcutta,academics,faculty review,rUYFFzr-AVk,Salary of an IIM graduate,Per Annum Money,2025-10-11T13:34:54Z
IIM Calcutta,academics,faculty review,JPl_9OnqG1Q,IIM|Calcutta|😍❤#iim#calcutta#campus#tour#mba#cat2025#motivation#verbal#quant#goal#viral#target#love,Lalit Gupta,2025-07-19T14:47:52Z
IIM Lucknow,academics,faculty review,M661JoKTy30,"IIM LUCKNOW Placement Reality | Salary, Recruiters &amp; ROI",The IIM Guy,2025-07-23T13:30:18Z
IIM Lucknow,academics,faculty review,qjdffS2U8A4,"IIM Lucknow MBA Honest Review 🔎| Fees, Packages, Campus, Fests &amp; NIRF Ranking 📝| #shorts",SuperGrads CAT Coaching by Toprankers,2025-07-07T12:03:38Z
IIM Lucknow,academics,faculty review,tviHfuhz9RY,IIM Lucknow – Why is it called a Living Hell? #upsc #upscmotivation #upscexam #shorts #iim,UPSC Topper's Talk,2023-07-24T11:48:39Z
IIM Lucknow,academics,faculty review,asdn0ByQt1s,FMS Delhi VS IIM Lucknow Comparison | FMS Delhi &amp; IIM Lucknow: Which B-School Fits You Best #shorts,SuperGrads CAT Coaching by Toprankers,2024-05-14T01:30:01Z
IIM Lucknow,academics,faculty review,zv1GKAlJDFs,IIM Lucknow Final Placement Report 2026 | Highest Package 1 Crore? 😳 | Average CTC &amp; Top Recruiters,SuperGrads CAT Coaching by Toprankers,2026-03-24T14:12:11Z
IIM Lucknow,academics,faculty review,O5V2zxMlIKQ,Only work experience candidates can make it? The Truth about IIM Lucknow MBA Selection Criteria,Ananta Chhajer,2024-09-04T13:55:21Z
IIM Lucknow,academics,faculty review,1AnQM0vroUY,Life at IIM Lucknow | IIM Life | IIM Campus,The Top Percentile - MBA,2025-01-16T07:12:21Z
IIM Lucknow,academics,faculty review,_LVOJUKKHNc,IIM Lucknow Vs FMS | Which one is Better?,CAT2CET (C2C) MENTORS,2024-05-16T06:30:11Z
IIM Lucknow,academics,faculty review,CBKtcoWkk38,"IIM Lucknow Placement Reality | Salary, Recruiters &amp; ROI",Ankit Verma - MBAshala,2025-09-17T03:45:58Z
IIM Lucknow,academics,faculty review,DRbFSE6hB60,IIM Lucknow Campus | Welcoming New Batch | IIM | CAT,The Top Percentile - MBA,2025-01-29T12:30:13Z
IIM Kozhikode,academics,faculty review,Ci1NSIrXnus,Why You SHOULD (and Should NOT) Do IIM Kozhikode EPGP | Executive MBA Honest Review 2025,Career Saga,2025-05-10T18:27:12Z
IIM Kozhikode,academics,faculty review,NZw_d2CiBQY,IIM Kozhikode Interview experience | Must Watch | 97.32%ler| CAT 2024,Mba_walk,2025-03-16T08:54:15Z
IIM Kozhikode,academics,faculty review,CwgEEXIhdYg,"What Makes IIM Kozhikode Different from Other Top IIMs? Ft. Prof. Debashis, Director IIM Kozhikode",CATKing,2025-06-21T09:57:11Z
IIM Kozhikode,academics,faculty review,5yxsYY2GvYw,NO CAT | 2025 Batch Details released | IIM Kozhikode Executive MBA,Jyotiee Nihalani,2025-04-26T13:15:08Z
IIM Kozhikode,academics,faculty review,OkWHN-yjk4A,💥Reality of IIM Kozhikode MBA Placement 2025 #MBA #CAT2025 #IIMKozhikode #IIMPlacements,MBA Fundas by Sunstone,2025-03-14T12:30:20Z
IIM Kozhikode,academics,faculty review,1ArM5Umm0A4,Tips To Get Through IIM Kozhikode Interview,Konversations By InsideIIM,2024-08-15T12:30:00Z
IIM Kozhikode,academics,faculty review,1W_yPNLg0pg,IIM|Kozhikode|😍❤#cat2024#iim#goals#motivation#iima#quant#verbal#mba#cat#campus#shorts#youtube#views,Lalit Gupta,2024-06-25T06:41:49Z
IIM Kozhikode,academics,faculty review,CmPO0rYKrzQ,IIM Indore vs IIM Kozhikode: Which is Better for Freshers? | #CAT2025,SuperGrads CAT Coaching by Toprankers,2025-09-21T04:25:44Z
IIM Kozhikode,academics,faculty review,i4D9JKgBVAc,IIM Life Exposed: The Harsh Realities of Student Life at IIM! Shocking Truths You Need to Know!,Shubhangi Aryan [IIMK],2025-01-21T11:36:24Z
IIM Indore,academics,faculty review,R5AKjlrER8E,🚨 IIM Indore Placement Reality 2025 | Highest vs Average Package Explained #iim #cat2025,MBA360,2025-09-11T13:20:58Z
IIM Indore,academics,faculty review,GH1-QzWwD_E,IIM Indore Campus | IPMAT Indore Motivation | IPM Indore Batch,"AfterBoards - IPMAT, CUET & BBA Entrance Exams",2023-02-26T14:21:09Z
IIM Indore,academics,faculty review,osLaoWtNhoc,IIM INDORE Placement REALITY | A Candid Inside Look,CollegeSearch,2022-12-23T12:30:30Z
IIM Indore,academics,faculty review,nYqWeihjWdc,IIM|Indore|What i eat in a day❤😍#iim#campus#tour#mba#vlog#cat2024#iit#campus#shorts#youtube#goal#you,Lalit Gupta,2024-08-17T17:53:30Z
IIM Indore,academics,faculty review,VDlx8H8SiZk,Please DON&#39;T GIVE IPMAT | Reality Check for 5 Year Integrated Programs,Kavach Khanna,2025-02-17T10:42:21Z
IIM Indore,academics,faculty review,cxo9PP6BarM,CAMPUM LIFE @ IIM INDORE ♥️,College Review Unfiltered,2023-12-02T07:03:07Z
IIM Indore,academics,faculty review,6G770eyoUoQ,IIM Indore VS IIM Kozhikode 🤔| Which MBA College is Better 🔥| MBA from IIMs | #shorts,SuperGrads CAT Coaching by Toprankers,2024-06-14T01:30:01Z
IIM Indore,academics,faculty review,N-NUxWUo60Q,None Hostel from any IITs can BEAT this !😖 #rushikale #china,Rushi Kale Vlogs,2023-09-06T17:00:48Z
IIM Indore,academics,faculty review,rW5sCjXwv4E,IPMAT IIM INDORE 📓👩🏻‍🎓,College Review Unfiltered,2023-11-23T14:21:23Z
IIM Shillong,academics,faculty review,Sl3UdyhrFqk,IIM Shillong vs MDI vs IIFT | Which one to choose for PGDM? | MBA Bschool Guide,CATKing,2024-05-06T15:30:10Z
IIM Shillong,academics,faculty review,8L1NxKjloH8,IIM SHILLONG INTERVIEW EXPERIENCE 2024 | Must Do EXTEMPORE Topics &amp; Questions | Mistakes to Avoid,Muktadeep Saha MBA,2024-04-11T16:40:07Z
IIM Shillong,academics,faculty review,nQevEloJRYo,IIM Shillong Calls Out | Shillong taking GDs? | Interview Preparation | Batch Profile | Placements,CAT2CET (C2C) MENTORS,2026-01-17T06:01:56Z
IIM Shillong,academics,faculty review,0Nl0BMRcTf8,"IIM Shillong MBA Honest Review 🔎| NIRF Ranking, Fees, Packages, Campus &amp; Fests 🎓| #shorts",SuperGrads CAT Coaching by Toprankers,2025-07-05T11:30:01Z
IIM Shillong,academics,faculty review,d_S0EGt6au8,Research Scholar at IIM Shillong | Working Professional | Part- Time Phd |Coursework | Faculty,All about phd by Dr Ritika Gauba,2025-07-26T14:30:33Z
IIM Shillong,academics,faculty review,2qrojXpQxf0,"IIM Shillong PLACEMENT Reality | Salary, Recruiters &amp; ROI",The IIM Guy,2025-05-24T13:30:03Z
IIM Shillong,academics,faculty review,wNJzqOe1bUI,Life at IIM Shillong | MBA | Placements | Campus Life | Course | Best Companies | Best New IIMs,Life Beyond Business,2026-05-09T07:52:15Z
IIM Shillong,academics,faculty review,KEOrHUubZhg,IIM Shillong Calls Out | How to Crack Interviews ? | WATPI Way Ahead | CATKing Alumni Connect,CATKing,2026-01-20T04:22:28Z
IIM Shillong,academics,faculty review,aWXL0j8eylM,Interview Experience | IIM Shillong | MBA | CAT 2024 | Bhoomi Gupta | IIM Rohtak,Bhoomi Gupta (IIM ROHTAK),2024-12-01T14:51:09Z
IIM Shillong,academics,faculty review,JiRe1mBeFCk,Was the IIM Shillong 2026 Interview Harder Than Expected? Unexpected Questions &amp; Insights Ft Kartik,MBA GYAAN with Akash,2026-03-15T22:05:05Z
IIM Udaipur,academics,faculty review,q79NqaMD5AQ,Why IIM Udaipur Left the CAP Process | New MBA Admission Criteria,CATKing,2025-09-18T06:40:47Z
IIM Udaipur,academics,faculty review,DpNK7255agQ,IIM Udaipur Interview Experience 2026 | My Shocking MBA Interview,Jatin Chandoliya,2026-03-14T04:30:12Z
IIM Udaipur,academics,faculty review,gFzlg3d1mDw,"IIM Trichy vs IIM Ranchi vs IIM Udaipur: Fees, Placements, Scholarship, ROI &amp; More",Collegedunia MBA,2025-10-05T16:47:57Z
IIM Udaipur,academics,faculty review,hToepnyN0ms,IIM Udaipur Comparison,shiksha.com,2024-10-21T10:43:54Z
IIM Udaipur,academics,faculty review,7AOm3a1wMZs,"IIM Udaipur Admissions 2026 | Safe CAT Score? Cutoffs, Fees, Placements Explained 🎓",The MBA Career Coach,2025-10-27T13:30:14Z
IIM Udaipur,academics,faculty review,yKtrEFgJPew,"IIM Udaipur vs IIM Kashipur vs IIM Nagpur | Placements, Fees &amp; ROI Compared",SuperGrads CAT Coaching by Toprankers,2025-12-14T07:21:24Z
IIM Udaipur,academics,faculty review,Z-wBcruFjYs,"IIM Udaipur: The Shocking Truth About Placements, Campus, &amp; More! | MBA 2025 Pros &amp; Cons Revealed!",Collegedunia MBA,2025-09-15T15:00:07Z
IIM Udaipur,academics,faculty review,FH2tOFQ63rM,My Honest MBA Experience at IIM Udaipur | Was it Worth it?,anushka makwana,2025-03-10T09:56:42Z
IIM Udaipur,academics,faculty review,wbDKYhCb_xQ,IIM Udaipur Review 2023 : HIghest Package 35 Lakhs,MBA with Arshi Khan,2023-12-01T13:00:49Z
IIM Ranchi,academics,faculty review,hGZ-d10xFxg,First Lecture at IIM Ranchi❤️ #iim  #iimranchi #iimdream,Priyanshu_IIM Ranchi,2025-06-18T15:59:15Z
IIM Ranchi,academics,faculty review,vGus54xEA7U,IIM Ranchi Placement Overview | 50.39 LPA Highest Package | Top Recruiters,CATKing,2025-05-15T11:09:38Z
IIM Ranchi,academics,faculty review,d8jk30Pv8uw,IIM Ranchi vs IIM Rohtak: 2 Key Advantages &amp; Which One&#39;s Better? 🤔 | #shorts,SuperGrads IPMAT Coaching by Toprankers,2024-11-30T07:34:02Z
IIM Ranchi,academics,faculty review,OuU6NZmURB8,What I eat in a day at IIM Ranchi 🍛🤤 #iimranchi #iimlife #iim #iimfood,Meena Choudhary,2025-09-09T16:08:33Z
IIM Ranchi,academics,faculty review,YlaVT-KWiBw,IIM Ranchi Placement Report | CAT 2025 Results | Average Package Analysis,Vivek [IIT KGP],2025-12-24T13:31:10Z
IIM Ranchi,academics,faculty review,KkwsFddlF3Y,"IIM Ranchi: Fees, Placement, Courses, Selection Explained! #iimranchi #iimplacements",Learn4Exam,2024-08-29T15:17:44Z
IIM Ranchi,academics,faculty review,LKYcQCI900E,"IIM Ranchi | Batch, Fees, Placement and Campus Life | Should You Join IIM Ranchi ?",The MBA Truth,2025-08-24T06:30:23Z
IIM Ranchi,academics,faculty review,bNfZ8XV9kP4,IIM Ranchi Review : Highest Package 67 Lakhs ROI ⬆️,MBA with Arshi Khan,2023-11-17T13:00:25Z
IIM Ranchi,academics,faculty review,Z3G9BQ3ichc,"IIM Ranchi Placements 2025 | Average &amp; Highest Salary, Packages, Top Recruiters &amp; Alumni",MBA360,2026-01-04T10:22:29Z
IIM Ranchi,academics,faculty review,YpFiHEdu2L4,"IIM Ranchi (IIMR) Review : Courses, Fees, Admission 2024, Ranking, Cut Off, Placements",shiksha.com,2024-05-30T09:15:02Z
IIM Rohtak,academics,faculty review,Dg567yFcNIo,Inside IIM Rohtak Campus | Students Reveal the Real Campus Life &amp; Experience | IIM Rohtak Review,IPMAT Preparation - LPT,2026-03-08T13:30:06Z
IIM Rohtak,academics,faculty review,omjrxhpr1VE,Why IIM Rohtak Students Are Called &#39;KATHOR&#39; | Uncover the Story! 🔍📚| #shorts,SuperGrads CAT Coaching by Toprankers,2024-09-05T16:00:59Z
IIM Rohtak,academics,faculty review,exy_YxbL_H8,"IIM Rohtak Placements | Average &amp; Highest Salary, Packages, Top Recruiters &amp; Alumni",MBA360,2026-01-13T12:52:33Z
IIM Rohtak,academics,faculty review,813dBe3Uu_Y,"Honest Review of IIM Rohtak College 🚀🔎| College Ranking, Campus Life &amp; Placements 🏫",SuperGrads IPMAT Coaching by Toprankers,2024-09-16T15:00:19Z
IIM Rohtak,academics,faculty review,yFQ8fELGgVc,IIM Rohtak Interview Experience 2026 | Deep Academic Grilling (Maths) #interview #iimrohtak #kolkata,Journey of a Dreamer,2026-02-24T09:31:46Z
IIM Rohtak,academics,faculty review,IlBDWOHTPiY,IIM Rohtak Interview: What They Actually Ask in MBA Interviews (Real Questions),Jatin Chandoliya,2026-02-14T16:48:40Z
IIM Rohtak,academics,faculty review,PopP79IQb0k,IIM Rohtak Interview Experience|| Converted|| CAT 2024|| IIM Interview || GDPI,Jayshree Sultania,2025-02-24T02:54:35Z
IIM Rohtak,academics,faculty review,asrpKj7MN-Y,IIM Shillong vs IIM Rohtak vs IIM Ranchi: Which IPM Program is Better and Why? 🤔| #shorts,SuperGrads IPMAT Coaching by Toprankers,2025-04-11T05:00:03Z
IIM Rohtak,academics,faculty review,dpMe5eKc7hc,IIM Rohtak Interview Experience - 2024 | Actual Questions Asked | Extempore Round | MBA WAT &amp; GDPI,Muktadeep Saha MBA,2024-02-27T14:30:20Z
Delhi University,academics,faculty review,bko0xYEsBx0,Told him I’m in Delhi University | #delhiuniversity #college #university #ducolleges #dustudents,Campus News,2025-06-08T11:07:19Z
Delhi University,academics,faculty review,ypvFeWpW9gs,Why Delhi University don&#39;t have girls hostel  | UPSC interview | #upsc #upscinterview #iasinterveiw,UPSC Daily ,2024-10-31T13:30:29Z
Delhi University,academics,faculty review,E9kE7oMxGNU,Reality of B TECH in DU! || Students REVIEW || Which option is better?? #jee #jee2025,DU Buddy (Officially Backed by DU Udhmodaya),2025-04-18T07:43:06Z
Delhi University,academics,faculty review,M-YG96LWcS8,A day in my life at DELHI UNIVERSITY ||Maitreyi college😮‍💨#delhiuniversity#southcampus#northcampus,Jhoom Baba,2023-11-29T12:30:11Z
Delhi University,academics,faculty review,Zqu86Nnw8ck,"Benefits of Pursuing law from faculty of law, Delhi University! Advantages!Disadvantages!Clc!LC2!lc1",know_ur_kanoon,2024-07-06T11:19:00Z
Delhi University,academics,faculty review,-XUr6vI-Uu4,DU colleges with hostel facilities 🏠✨ #delhiuniversity #cuet2024 #priyanshijain #cuet,Forensic Science by Priyanshi ,2024-07-30T06:30:00Z
Delhi University,academics,faculty review,nwXJBts2KGc,NET Qualified के बाद इन steps से बने DU की Guest Faculty | My Delhi University Teaching Journey 🚀!,NETJRF Gyan,2025-02-21T05:25:08Z
Delhi University,academics,faculty review,YF0l-ZkUmhY,Delhi university law faculty | Law faculty dehli university | dehli university | law faculty | LLB,Voice Of DU Tak ,2025-04-05T01:30:20Z
Delhi University,academics,faculty review,nDJwUvg3bJw,Do not consider these colleges at University of Delhi❗️ #preferencelist #delhiuniversity #college,Ashi Yadav,2025-07-11T08:57:39Z
Jawaharlal Nehru University,academics,faculty review,dmjyapw91JE,JNU College Review,thisisalaska,2025-06-28T13:38:57Z
Jawaharlal Nehru University,academics,faculty review,Ygskh_bPpG8,JNU के बारे में क्या बोले khan sir 😯😳 || #khansir #viral #trending #shorts #motivation #jnu #india,ABC VIDEOS ,2025-07-02T11:14:57Z
Jawaharlal Nehru University,academics,faculty review,nMnSRhjRVOU,Truth About JNU - What The News Never Tells You - JNU Professor Anand Ranganathan,Life Of BeerBiceps,2023-06-30T15:30:18Z
Jawaharlal Nehru University,academics,faculty review,hNNPyKaIm_s,JNU me Bhi Attendance Ka chakkar Ladki sharma gyi#shortsfeed #jnu #short #reels,JNU with A kay,2025-08-31T02:43:56Z
Jawaharlal Nehru University,academics,faculty review,-9qGqgeYSlw,Jaishankar 🇮🇳 about JNU #jaishankar #india #bjp,India Nation,2023-06-30T09:35:00Z
Jawaharlal Nehru University,academics,faculty review,uLlRt2fl9mY,📢 JNU Delhi से CSE और ECE Through JEE Mains!😱😱 #shorts #jee2024 #jeemains #cse #ece #jnu #iit,Vedantu JEE Made Ejee,2023-10-22T06:30:14Z
Jawaharlal Nehru University,academics,faculty review,H--2zkrL1BI,JNU vs DELHI University 🔥💀 Mahima Kasana ❤️ | Rank-141 | UPSC interview,UPSC Affairs,2024-11-29T13:30:09Z
Jawaharlal Nehru University,academics,faculty review,TOBQOUj8I0s,JNU Delhi Review 2025: Truth About Placements &amp; Campus Life,Prabhat Ranjan,2025-11-21T06:30:16Z
Jawaharlal Nehru University,academics,faculty review,8e7dMelcOfk,JNU Hostel (Shipra) special dinner #jnu #trending #shorts,ISHA IN DELHI,2024-11-19T15:44:57Z
Jawaharlal Nehru University,academics,faculty review,2xjF8WRynFI,JNU Campus fee #ShortsFeed,The Student Life,2024-04-10T12:02:13Z
Banaras Hindu University,academics,faculty review,omBwVMym8Ek,BHU : My Honest Review | BHU Student | Social Science Faculty #bhu #cuet #banarashinduuniversity,Vedant Gupta - Humanities,2025-05-31T13:39:59Z
Banaras Hindu University,academics,faculty review,X2J0DghRkeg,BHU College Review,thisisalaska,2025-06-27T13:32:14Z
Banaras Hindu University,academics,faculty review,RxylY5lXfz8,🛕 Why BHU is BETTER than DU! | CUET 2024 | #delhi #varanasi #bhu #cuet #delhiuniversity,GrandAcad,2024-04-08T15:58:45Z
Banaras Hindu University,academics,faculty review,ai5w0NXrsFY,Asking CUET 2025 Score in Faculty of Commerce BHU || Minimum cutoff for general category #cuet2025 ,CUET by - Abhishek Singh ,2025-08-31T10:34:23Z
Banaras Hindu University,academics,faculty review,A6VLiFktDqQ,Rating Central Hindu School (CHS) | Banaras Hindu University | Himanshu Mishra,The Student Life,2022-07-24T04:07:27Z
Banaras Hindu University,academics,faculty review,xqWtq0kgXhY,Student reaction on BHU law faculty || honest review ❤️,Shantanu Chaubey bhu,2025-01-13T08:51:28Z
Banaras Hindu University,academics,faculty review,boikCv8OuDQ,expectations vs reality| BHU | honest talk| hostel,Priyanshu_Mathpal5,2022-12-25T07:51:01Z
Banaras Hindu University,academics,faculty review,FB_N7XmbmC8,"BHU Judge Factory की कहानी छात्रों की ज़ुबानी! | BALLB, LLB &amp; LLM | Himanshu Mishra",The Student Life,2022-06-30T04:37:39Z
Banaras Hindu University,academics,faculty review,vqetYkvr5WM,Honest Feedback of BHU Girls Hostel🔥| Triveni Hostel Tour BHU | Shalini pal,Life of Shalini,2023-10-20T12:18:07Z
Banaras Hindu University,academics,faculty review,AidZyG1KBSE,"BHU में पढ़ने के फायदे 😍📚 | LIFE AT BANARAS HINDU UNIVERSITY | LIBRARY, VT DARSHAN, FACULTY VIEW","Prasoon Kumar, PhD",2025-07-27T11:55:44Z
Aligarh Muslim University,academics,faculty review,rZC4JWr5URU,पढ़ाई के लिए Aligarh Muslim University पहुंचे Anubhav Sinha क्या हुआ जो हैरान रह गए? GITN,The Lallantop,2025-02-15T12:01:14Z
Aligarh Muslim University,academics,faculty review,bDhkuRiYU_o,Celebration Time 🎉 After Selection in Aligarh Muslim University #aligarhmuslimuniversity #shorts,Victor Classes,2025-06-17T05:16:06Z
Aligarh Muslim University,academics,faculty review,SBW7si0NOWA,AMU की हिन्दू प्रोफ़ेसर ने बताया युनिवर्सिटी का अन्दर का पूरा सच !! Aligarh Muslim University,Rang De Basanti,2026-01-09T07:36:33Z
Aligarh Muslim University,academics,faculty review,7DsO_s-RU40,AMU Famous Alumni | Aligarh Muslim University Vlog | Prime Vlog,Prime Vlog ,2025-05-02T09:23:36Z
Aligarh Muslim University,academics,faculty review,N_oS-QOXQEE,Aligarh Muslim University Girls Power #amuprotest #aligarhmuslimuniversity,Shafi Siddiqui Vlogs,2025-08-20T13:00:52Z
Aligarh Muslim University,academics,faculty review,hYo_Wgj9ZUA,AMU Bsc Entrance #students #review #aligarhmuslimuniversity #amubsc #aligarh #jamiamilliaislamia,Victor Classes,2025-04-13T08:16:44Z
Aligarh Muslim University,academics,faculty review,4yVQ38E1Hy4,"Aligarh Muslim University ( AMU ) | Eligibility, Courses, Placements and Admission Process",Adda247 CUET,2025-06-05T09:30:06Z
Aligarh Muslim University,academics,faculty review,-qs-MURQOgk,AMU Vs JAMIA Which one is better Honest Review|AMU Vs JMI,Study Gang,2024-12-26T13:30:06Z
Aligarh Muslim University,academics,faculty review,BH7x0yltP10,Aligarh Muslim University - AMU Review | Student&#39;s Review | Aligarh Muslim university review,shiksha.com,2019-07-09T06:19:01Z
Aligarh Muslim University,academics,faculty review,W8adaTc8pS4,Aligarh Muslim University    | AMU | status #shorts #youtubeshorts #litpassion #viral #trending #amu,Lit Passion,2022-02-26T04:52:13Z
Jamia Millia Islamia,academics,faculty review,PIheLGxc36s,JMI Delhi College Review 2025 : Truth About Placements &amp; Campus Life,Prabhat Ranjan,2025-11-27T06:30:12Z
Jamia Millia Islamia,academics,faculty review,Rxq7qJHL_rs,All about JMI Delhi✅✅#shorts #jmi #jamiamilliaislamia #delhi #engineering #college #btech,Vedantu JEE Made Ejee,2024-05-09T03:30:17Z
Jamia Millia Islamia,academics,faculty review,odIFkW-Fq04,Jamia Millia Islamia University || Entrance Batch for 11th Bsc Btech | #jamiamilliaislamia #shorts,Victor Classes,2024-04-19T15:34:49Z
Jamia Millia Islamia,academics,faculty review,PWzWjDYnXzo,Faculty of engineering Jamia Millia Islamia | JMI FET | Jamia engineering,Web Review,2022-09-09T10:21:00Z
Jamia Millia Islamia,academics,faculty review,QBO4RG2d1Mc,"Jamia Millia Islamia B.Tech Review 2026 🔥 | Fees, Placements, Cutoff, Reality Check | Video -47/365",College Drisya,2026-02-17T17:27:55Z
Jamia Millia Islamia,academics,faculty review,jrDF0Iju1AU,Jamia Millia Islamia Law Courses Review || Campus || Placement || Fees || ROI #jmi,LAW Studentkhabri,2024-12-23T13:30:32Z
Jamia Millia Islamia,academics,faculty review,w3P69n7G-eE,Jamia Milia Islamia University Review,thisisalaska,2025-06-29T05:42:37Z
Jamia Millia Islamia,academics,faculty review,cSBhxYuOet8,What I eat in #jamia girls hostel?#hostel food review #hostel life#viralvideo#explore#jamia hostel,Shahnaz,2025-02-19T11:50:00Z
Jamia Millia Islamia,academics,faculty review,h7Lu3oMD7JY,All you need to know about Jamia Millia Islamia University New Delhi - JMI Info #jmi #jamia,Asim Vlogs,2024-03-18T11:37:08Z
Jamia Millia Islamia,academics,faculty review,6J354VaS8Yc,Is it Safe for  Hindu students at Jamia Millia Islamia? #reality #jamiamilliaislamia #hindu,Tejasvi Sharma,2025-06-06T07:51:19Z
University of Hyderabad,academics,faculty review,Kkh7XKcIPQw,"University of Hyderabad, Why it is famous?",College Mentor,2025-08-23T05:35:57Z
University of Hyderabad,academics,faculty review,Fio3NNDOxeI,Ph.D life in University of Hyderabad 🧫| #university #universityofhyderabad #vlog #minivlog #student,Mansi Kalonia ,2024-12-24T14:15:04Z
University of Hyderabad,academics,faculty review,-pvL8qMtRX4,Facts about Hyderabad University 😛 #universityofhyderabad #phd #research #campus,Reet Gupta,2025-09-03T02:25:29Z
University of Hyderabad,academics,faculty review,Edmo44K7jng,BTech at University of Hyderabad 🔥 3 Lakh Fees &amp; 15 LPA Average Package! Worth It in 2026?,BoringMentor,2025-11-16T15:50:00Z
University of Hyderabad,academics,faculty review,tSIjmsuRUVE,"University of Hyderabad SCIS, Engineering college review | admission, placement, cutoff, fee, campus",Prabhat Ranjan,2023-12-22T06:30:11Z
University of Hyderabad,academics,faculty review,gSDi3J5-3eQ,"&quot;MA Economics at University of Hyderabad (UOH)  | Courses, Placements, Faculty Review 2025!&quot;",EconGlow Institute,2025-05-04T08:08:22Z
University of Hyderabad,academics,faculty review,oj03-X0NMHE,Must watch before taking admission at UOH | MCA @UOH | HCU,Rohit kumar,2026-05-10T11:12:22Z
University of Hyderabad,academics,faculty review,VpO6Prj7X_Y,"HCU MBA 2026 #University of HYDERABAD #PLACEMENTS upto 10 Lakh , Total FEES &amp; Hostels",Navneet Mishra NviNomics,2026-01-18T09:17:47Z
University of Hyderabad,academics,faculty review,TFHqP3QQ7ng,"University of Hyderabad Review 😳 | Reality, Campus &amp; Placements",AkCollegeReview,2026-04-23T12:58:01Z
University of Hyderabad,academics,faculty review,75exelDGSrA,"“University of Hyderabad History Department Review | Faculty Experience,Courses &amp; Campus Life!” #uoh",Uoh Diaries,2025-04-29T23:21:14Z
Pondicherry University,academics,faculty review,kQsT3GjmJQY,PONDICHERRY UNIVERSITY | CAMPUS TOUR | REVIEW | 2026 CUET ADMISSION | CENTRAL UNIVERSITY COMPARISON,ibnuber,2024-04-25T10:12:30Z
Pondicherry University,academics,faculty review,ftIWDZBHC_M,Degree Courses At Pondicherry University | CUET UG 2025 | Best Courses | Eduport,Eduport CUET,2024-10-23T11:30:24Z
Pondicherry University,academics,faculty review,UlYEl9eIllg,5 Things to Know about Pondicherry University,shiksha.com,2023-04-18T15:30:05Z
Pondicherry University,academics,faculty review,5zPeMxzqHb4,Pondicherry University MBA Review,shiksha.com,2024-10-21T08:00:25Z
Pondicherry University,academics,faculty review,fLF30INleqU,Pondicherry University: Campus Guide | CUET 2026 | Eduport CUET,Eduport CUET,2026-02-03T11:30:49Z
Pondicherry University,academics,faculty review,Ado7giBLH8s,📍 How is Pondicherry University? #pondicherryuniversity #love #viral #tamil#lifestyle #studentlife,Sai Banoth ,2024-02-03T06:03:11Z
Pondicherry University,academics,faculty review,m8epzmtoFtA,Pondicherry University tour with singaram travels,SINGARAM TRAVEL S,2023-04-18T11:19:19Z
Pondicherry University,academics,faculty review,Gd9ZADrEi80,Pondicherry University Campus Tour | Eduport CUET,Eduport CUET,2024-08-21T13:30:06Z
Pondicherry University,academics,faculty review,GifJQwGt5E0,central university Pondicherry / cuet ug 2026 / Pondicherry central university,BIOLOGY ACADEMY TAMIL ,2026-01-15T06:05:24Z
Pondicherry University,academics,faculty review,3skQWdqGiBw,Pondicherry University - Overview !,Blooms Academy Of SICC,2025-07-15T12:02:50Z
Tezpur University,academics,faculty review,z-IqS7Rgs1g,🔥 100% Honest Review of TEZPUR UNIVERSITY 🏫 Students Spill the Truth  #CampusLife #facilities,Collegedunia,2025-10-29T11:31:09Z
Tezpur University,academics,faculty review,Ut2-9OOODfM,"🏆 TEZPUR UNIVERSITY Collegedunia, NIRF Rankings 😱 Shocking Position Revealed 📈 #MBA",Collegedunia,2025-10-29T12:30:45Z
Tezpur University,academics,faculty review,TC8FoT5gq3A,Welcome to Tezpur University || Central University || NAAC A+,Tezpur University,2022-09-28T12:35:22Z
Tezpur University,academics,faculty review,SZKHzbJ1JqQ,A random day in my department. Tezpur University. #minivlog #randomdayinmylife,Susmita paul,2024-05-02T13:53:45Z
Tezpur University,academics,faculty review,Pv5EdU6Hed8,Tezpur University College Review 2025: Truth About Placements &amp; Campus Life,Prabhat Ranjan,2025-10-06T07:16:21Z
Tezpur University,academics,faculty review,S8KNEOqBZYE,"All about Tezpur University, Assam😍😍#jee #jee2025 #iitjee #tezpuruniversity #tezpur #btech",Vedantu JEE Made Ejee,2024-11-11T07:30:07Z
Tezpur University,academics,faculty review,DmSJCuqWyko,Mini vlog ✨| Tezpur University .#minivlog #tezpuruniversity #atifaslam #merikahaani #dayinmylife,gloria gogoi,2025-09-06T16:16:47Z
Tezpur University,academics,faculty review,MRKykeyXKNI,"Tezpur University MBA Honest Review 2026 | Placement Reality, Fees, ROI &amp; Red Flags Exposed! 🚨",Swasata Ghosh,2026-05-24T04:07:09Z
Tezpur University,academics,faculty review,wgW5TS2F84Q,Talk with Tezpur University Students | Honest Opinions on Life at TU 🎓,Nitishaa Bora,2025-11-15T04:30:48Z
Tezpur University,academics,faculty review,WRqDw-tml9A,"Tezpur University Review: A Student&#39;s Perspective - 🌟 Unveiling Campus Life, Academics, and More! 📚",Rohan GUPTA,2023-08-04T03:08:25Z
Visva Bharati University,academics,faculty review,yuy9nqGYyEw,HOW IS MASTERS DEGREE FROM VISHVA BHARATI UNIVERSITY? My personal experience #masterdegree #pgdp,SOURAV SIR'S CLASSES,2025-01-04T08:00:47Z
Visva Bharati University,academics,faculty review,ck0NNQPJ6RI,My First Salary as an Assistant Professor in India |Full PaySlip Reveal#shortvideo#ytshorts#ytshorts,Lecture Lifestyle,2025-08-26T11:27:23Z
Visva Bharati University,academics,faculty review,IPTAK8EkM4Y,VISVA-BHARATI లో ఎన్ని డిపార్ట్మెంట్ ఉన్నాయి..? | Prime9 Education,Prime9 Education,2024-11-20T14:55:43Z
Visva Bharati University,academics,faculty review,JTRFSp1Vtck,Visva Bharati University MSc Review,shiksha.com,2025-01-22T11:04:20Z
Visva Bharati University,academics,faculty review,NL2Ots0YQoY,"Visva Bharati University Admission 2024 | Reviews, Eligibility, Placements, Courses | Full Details 🔥",Adda247 CUET,2024-06-26T11:15:07Z
Visva Bharati University,academics,faculty review,D9UVg0Rx1NU,"आप assistant professor है, already ?🔥 ias interview 🎯#shorts #drishtiias #drvikasdivyakirti #ias",Times of Motivation,2022-09-18T13:30:02Z
Visva Bharati University,academics,faculty review,db9tEPe3zfw,how to become assistant professor  #assistantprofessor #teacherlife #assistantprofessorkaisebane,Aanchal Pawar,2025-07-02T06:20:39Z
Visva Bharati University,academics,faculty review,rcHWLY94yEc,"Visva Bharati University फिर विवादों में, 11 फैकल्टी सस्पेंड, क्या है पूरा मामला? | वनइंडिया हिंदी",Oneindia Hindi | वनइंडिया हिंदी,2021-09-09T14:30:13Z
Visva Bharati University,academics,faculty review,V6mfJWNH-6s,Decision To Hold Lecture On &#39;Kali Poja&#39; Raises Question On Visva-Bharati University,India Today,2022-07-23T05:56:34Z
Visva Bharati University,academics,faculty review,eEZ0hnNjsf8,1st day of college (3rd year)😛 📍Vivekananda institute of professional studies tour #vips #tour,Bhavya Kamra,2022-09-23T07:34:39Z
Central University of Rajasthan,academics,faculty review,Dl9KrwejpYM,REGULAR FACULTY POSITION IN CENTRAL UNIVERSITY OF RAJASTHAN || RECRUITING ASSISTANT PROFESSORS ||,Vacancygate,2023-07-20T16:12:18Z
Central University of Rajasthan,academics,faculty review,_2lfTInyXDs,🍛 CURAJ Mess Facilities Review | Daily Meals &amp; Student Experience #LCC #rajasthan #students,shiksha.com,2025-08-26T06:00:35Z
Central University of Rajasthan,academics,faculty review,Hwno37Y0wjg,"Central university of Rajasthan Complete Info | Courses, Eligibility, Admission, Seats, Fee, Hostel",Basic Siksha -CUET Exam,2024-06-29T06:30:05Z
Central University of Rajasthan,academics,faculty review,HG8xwFCLo7w,"Central University of Rajasthan (CURAJ) Honest Review 2026 | Placements, Campus &amp; Fees!",AkCollegeReview,2026-02-19T06:42:55Z
Central University of Rajasthan,academics,faculty review,NLqzVNYd12A,Department of Statistics CURAJ Review | How is Central University of Rajasthan,Mr Estimator,2024-04-03T02:45:55Z
Central University of Rajasthan,academics,faculty review,57VZglJLaMI,"All About Central University of Rajasthan 🏫| Courses, Admission, Eligibility &amp; Placements Explained🎯",SuperGrads CUET by Toprankers,2025-03-07T14:30:07Z
Central University of Rajasthan,academics,faculty review,uAVuXONTufc,"Central University of Rajasthan CURAJ PhD Admission 2025-26 Notification | Seats, Eligibility &amp; Fees",Neucademy,2025-12-27T18:22:46Z
Central University of Rajasthan,academics,faculty review,BQkPaatmgpc,"Central University of Rajasthan | Campuses, Courses &amp; Eligibility | Full Details By Aakanksha Ma&#39;am",CUET Utkarsh,2023-08-19T13:30:10Z
Central University of Rajasthan,academics,faculty review,Smk-1K1w_Fs,Central University of Rajasthan 😍💓#curaj #ajmer #jaipur #university #campustour,Amit Yadav,2024-09-08T02:24:04Z
Central University of Rajasthan,academics,faculty review,0PZixZDToiM,Central University Of Rajasthan Honest Review | Placements &amp; Courses #cuetug #cuet #colleges #cuet,College Jaankaar,2022-10-26T03:45:07Z
Mumbai University,academics,faculty review,IVJYRoVBNkA,Mumbai University  Faculty positions #faculty #mu #university #phd #research #professor #scientist,Trippy__phd,2024-07-13T11:48:42Z
Mumbai University,academics,faculty review,6LlBD26rAaM,college life ?? first year vs final year #shorts #minivlog #collegelife,CONCEPT SIMPLIFIED ,2023-06-09T12:25:39Z
Mumbai University,academics,faculty review,Usq19oeTWd8,POV: You are in Flame University Pune | MHT-CET | Private Colleges of Pune #shorts #college #mhtcet,CONCEPT SIMPLIFIED ,2024-12-18T14:01:36Z
Mumbai University,academics,faculty review,BwZm2959_Tg,Bombay University 🇮🇳 #mumbai #bombay #universityofmumbai,Safar with Atul,2025-04-11T07:37:58Z
Mumbai University,academics,faculty review,drUOynB8DmE,"A day in NMIMS, Mumbai Campus 😍🤩 NMIMS College Campus #shorts #viral #nmimsmumbai #nmims #mba #cet",CONCEPT SIMPLIFIED ,2024-02-28T14:57:12Z
Mumbai University,academics,faculty review,rTlyYpcA2fY,College Fest in St. Xavier&#39;s Mumbai | College Life #shorts #college #concert #class12 #mumbai,CONCEPT SIMPLIFIED ,2024-08-23T04:43:28Z
Mumbai University,academics,faculty review,nKfgSSrgt_Q,&quot;Most Over-rated College : Mumbai&#39;s Street Talk!&quot; #things2doinmumbai #mumbai #ytshorts #college,Things2do,2023-08-24T12:30:26Z
Mumbai University,academics,faculty review,hnMlv-J-k5s,college Aisa choose 😁😍Karo ki ..... #college #funny #classroom,Unexpected Lawyer,2023-08-22T13:09:17Z
Mumbai University,academics,faculty review,cmy9BvWrNiM,Reality of KC College Mumbai | Cutoff | Attendance | Crowd | Faculty | Mumbai University,Harshit Chauhan,2022-06-25T08:02:27Z
University of Calcutta,academics,faculty review,NeN36WJ21DI,"Calcutta University Review 2026 | Placement, Fees, Campus, Hostel",Prabhat Ranjan,2026-04-01T06:30:16Z
University of Calcutta,academics,faculty review,Jd1GkH9XNP8,What is the most overrated place in Kolkata ? Ft. Jadavpur University #jadavpuruniversity #trending,Simply Tiyasa ,2025-04-04T02:59:41Z
University of Calcutta,academics,faculty review,Z7L25P9pQOk,Calcutta University is Danger 💀 | Subscribe for more | #trending #explore #shortsvideo #subscribe,Subbhadeep,2024-05-15T15:45:32Z
University of Calcutta,academics,faculty review,hBgfJiLrL5c,Top 15 College Under Calcutta University #calcuttauniversity #college,Know Your College,2024-09-15T04:30:18Z
University of Calcutta,academics,faculty review,LdhzhjSFjEY,"Calcutta University Placement, Ranking, Courses, Fees, 🔥 | কম ফি High Packages😱!! | WBJEE 2025",PW Bangla,2025-05-13T13:08:51Z
University of Calcutta,academics,faculty review,LA1Uf-b4FGo,"All About University of Calcutta | Review | Courses, Fees, Ranking &amp; Placement | Rahul Sir",CUET by Rankplus,2024-08-07T15:30:07Z
University of Calcutta,academics,faculty review,WKOEQ5We494,CALCUTTA UNIVERSITY COLLEGE REVIEW | WBJEE,Vivek [IIT KGP],2023-07-11T04:30:09Z
University of Calcutta,academics,faculty review,DG_bDsbjceQ,UNIVERSITY OF CALCUTTA COLLEGE REVIEW🔥| CU REVIEW |Fees|Placements| Infrastructure |Cut off ✅|Wbjee,STUDY WITH ADITYA,2023-07-16T21:28:02Z
University of Calcutta,academics,faculty review,_OemI2wHYyQ,All about University of Calcutta✅😍#shorts #wbjee #universityofcalcutta #kolkata #btech #college,Vedantu JEE Made Ejee,2024-04-14T03:30:12Z
University of Calcutta,academics,faculty review,s9CkI7D2g_A,"University Of Calcutta Review : Courses, Fees, Ranking, Placement",shiksha.com,2023-03-17T13:30:18Z
Osmania University,academics,faculty review,DepRXyTpXBw,JNTU AFFILIATED COLLEGE VS OU AFFILIATED COLLEGE|JNTU VS OU #btech #ou #jntuh #jntuhresults,RS ACADEMY,2022-11-09T04:08:41Z
Osmania University,academics,faculty review,PZB5qHZf9gk,Osmania Medical College Memories #manazoomintv #telugupodcast #osmania_university,Mana Zoomin TV,2025-06-02T15:52:38Z
Osmania University,academics,faculty review,4Qoj7so4J9E,A day in Osmania university ❤️ #minivlog #trending #osmaniauniversity #food #university #college,Dharmika vlogs,2024-11-14T15:15:00Z
Osmania University,academics,faculty review,f8WHOwyliZ8,#TelanganaElections2023 | Osmania University students on campus infrastructure problems.,newslaundry,2023-11-28T10:27:24Z
Osmania University,academics,faculty review,nxGQsunsu1k,Department of Mass communication and journalism at Osmania University (UCA&amp;SS) | Review by students,Reethika Surisetty,2024-05-15T11:00:51Z
Osmania University,academics,faculty review,TyKd-o7XgTg,Osmania ante only naam? Real facts you should know!  #vedantutelugu,Vedantu Telugu,2025-06-22T05:30:13Z
Osmania University,academics,faculty review,VkvN2KEmdhs,What I eat in a day😋#osmaniauniversity #hostel #hostellife #shorts #fyp,Sanghavi!!,2023-12-22T17:53:10Z
Osmania University,academics,faculty review,RQjo3Vf6Tyc,My Experience at OSMANIA UNIVERSITY COLLEGE OF ENGINEERING II My Teaching Days at OUCE II,Moniker Vlogs,2021-06-10T03:30:02Z
Osmania University,academics,faculty review,qi6m68ms6oI,"Osmania university Review : Courses , Fees, Result, Ranking, Placements",shiksha.com,2023-03-15T12:30:32Z
Anna University,academics,faculty review,O127ik4Sv4c,ANNA UNIVERSITY CHENNAI పూర్తి వివరాలు,GBR TV Education & More,2024-12-12T02:29:06Z
Anna University,academics,faculty review,fkRNC6eJ4jA,Tamil Nadu top most university Anna university Visit📚❤️‍🔥 |#CEG🙌🏼 |College of Engineering Guindy,RTR Vlogs,2025-05-11T13:30:27Z
Anna University,academics,faculty review,UnDu-PVicqo,Anna University CEG Review: Honest Student Experience (Is It Worth It?),WHY NOT ?,2026-05-11T14:00:47Z
Anna University,academics,faculty review,ATVYZEELo0c,🔥 Tamil Nadu Colleges Rating 2025,Namma College™,2025-07-26T15:06:35Z
Anna University,academics,faculty review,xYGow5eTsyA,"Anna University,CEG Campus|One Minute Review|College of Engineering,Guindy #TNEA2025#annauniversity",DINESH PRABHU,2025-06-08T08:30:35Z
Anna University,academics,faculty review,LePqVGJKmuQ,"👩‍🎓👨‍🎓 ANNA UNIVERSITY | Placements, college life, hostel, fees HONEST REVIEW",Sapna's Homemaker Diary ,2020-12-09T11:30:31Z
Anna University,academics,faculty review,8bYBZWfMJUU,ANNA UNIVERSITY LATEST NEWS 🎓📒 | #shorts #tamil,Cheran Academy,2022-06-06T12:30:03Z
Anna University,academics,faculty review,UyLZn3JardI,🛑CEG Anna University Campus Review | Placement |Salary |Admission | Fees Campus Tour &amp; Honest Review,TheGoatRealm,2026-02-17T17:21:09Z
Anna University,academics,faculty review,X2PWE8_uaIM,I Investigated the TN Top No 1 University Students,Suman Mpm,2025-04-10T05:52:16Z
Jadavpur University,academics,faculty review,P4K43hUVBo8,how much her outfit costs ? Jadavpur University #streetinterview #jadavpuruniversity #campus #trend,Simply Tiyasa ,2025-03-28T07:16:49Z
Jadavpur University,academics,faculty review,HfaCF7eWefw,Jadavpur University College Review Inshort,Apna College,2023-02-20T16:07:52Z
Jadavpur University,academics,faculty review,jsJq4TdGeAg,Jadavpur University | college reality,EDU ADVISORS,2025-08-27T15:07:20Z
Jadavpur University,academics,faculty review,3Zkb_Ox_sB0,JU Mechanical Engineering honest review #wbjee #mechanical #mechanicalengineering #jadavpur,Bibaswan Mukherjee,2025-08-01T07:00:03Z
Jadavpur University,academics,faculty review,gI1tqsL8LJU,Hrishita Ghosh shares her Experience in MA Economics from Jadavpur University(JU) | College Ghumo #1,EduSure School,2021-02-26T13:30:03Z
Jadavpur University,academics,faculty review,UsEm6Dt8hUE,All about Jadavpur University in 1 minute✅✅#jee #jee2025 #jadavpur #wbjee #jadavpuruniversity,Vedantu JEE Made Ejee,2024-10-17T03:30:17Z
Jadavpur University,academics,faculty review,0LwqXne8WuA,Jadavpur University ❤️ #jadavpuruniversity #class #tranding #viral #trandingsong #ju #electrical,Bordar Lifestyle ,2023-10-09T18:58:59Z
Jadavpur University,academics,faculty review,biJBCl5SprM,WBJEE ( Jadavpur University ) #wbjee #shorts #iit #jadavpuruniversity,Ritik Meghwani,2024-01-26T14:07:02Z
Jadavpur University,academics,faculty review,krSz7nnw5uU,Jadavpur University ❤️ || 1.8 Cr Package 🔥 WBJEE || Best College Review Series,JEE Wallah,2023-02-18T14:40:40Z
Savitribai Phule Pune University,academics,faculty review,k_tQ1k7oIgE,"Savitribai Phule Pune University (SPPU) | Check Courses, Campus, Hostel, Admission &amp; Placements",shiksha.com,2025-07-28T13:02:44Z
Savitribai Phule Pune University,academics,faculty review,XPw9viViH0E,"Honest Review on Savitribai Phule Pune University | Campus, Courses &amp; Facilities | #SPPU",SOURAV SIR'S CLASSES,2025-04-10T06:08:41Z
Savitribai Phule Pune University,academics,faculty review,koX3LkuIR58,Savitribai Phule Pune University Worth It Or Not ? | Placements | Faculty | Facilities &amp; More,Manoeuvre MCA - CET TO NIMCET Preparation,2023-09-08T12:30:24Z
Savitribai Phule Pune University,academics,faculty review,1wGgKz8wa18,Honest Review of Savitribai Phule Pune University | Courses &amp; Campus #PuneUniversity #Education,SOURAV SIR'S CLASSES,2025-09-20T12:50:00Z
Savitribai Phule Pune University,academics,faculty review,fonU4EQCTOQ,"Savatribai Phule Pune University (Full Review)II Courses, Ranking, Campus, Fee, Structure, Placement",Student Khabri,2020-08-23T11:30:55Z
Savitribai Phule Pune University,academics,faculty review,TX6haqIV88w,BOYS HOSTEL MESS|PUNE UNIVERSITY|UNIPUNE #sppu #unipune #shorts #pune,saurabh times,2022-08-21T11:39:26Z
Savitribai Phule Pune University,academics,faculty review,1nAXfh40l6c,"SPPU MCA Cutoffs 2024 | Department of Computer Science, Savitribai Phule Pune University MCA Cutoffs",Knowledge Seekers,2024-05-07T13:58:27Z
Savitribai Phule Pune University,academics,faculty review,ZQ2aS7JXCGM,"Savitribai Phule Pune University Complete Guide 2025: Review, Ranking, Fees &amp; Admission Explained",shiksha.com,2025-07-12T06:00:26Z
Savitribai Phule Pune University,academics,faculty review,ER0gwtPJJlk,Pune University Engineer&#39;s Situation🥲 | SPPU | Pune University |,Dhananjay Gund,2023-01-20T09:31:05Z
Savitribai Phule Pune University,academics,faculty review,9XV2YzS5DVU,Savitribai Phule Pune University,Travel With Prerana,2023-03-24T06:30:03Z
University of Madras,academics,faculty review,tV57OGN9pgY,Madras University Sneak-inn😱🤩| #chennai oldest college University of Madras❤️‍🔥📈,RTR Vlogs,2025-06-18T15:38:53Z
University of Madras,academics,faculty review,k9ni2Pe2wX8,First rank in the university of Madras (M.Sc. Electronic Media ) Praise be to God!!!,Monisha Blessy,2023-08-06T09:54:48Z
University of Madras,academics,faculty review,l3-NiUyPwIQ,💢🤯 Madras University ADMISSION Kuu-இவளோ பேரா‼️🤯 #madrasuniversity #collegeadmission #shorts #leo,Mr.ShanVlogger,2023-08-29T17:34:36Z
University of Madras,academics,faculty review,RpXcb6XLwDE,University of Madras : Infrastructure Review #minutecollegereview #madrasuniversity,shiksha.com,2024-09-20T06:11:46Z
University of Madras,academics,faculty review,MqOiwhEfvjs,Uncovering Madras University’s Historic Past! 👨‍🎓👩🏻‍🎓 #madrasuniversity #madrasmeter,Madras Meter,2025-07-10T11:34:53Z
University of Madras,academics,faculty review,R54EJV0KZJI,Madras University|Free Education|2023|UG Courses|No Fee’s|Tamil|Muruga MP#murugamp#madras#tamil,Open Your Mind With Muruga MP,2023-05-05T13:00:30Z
University of Madras,academics,faculty review,bXkXzigSMe0,Best college in Chennai? #collegelife #shorts #bviews,Bratlin's View,2024-05-01T06:20:18Z
University of Madras,academics,faculty review,rnNUroeduUY,Overrated SRM College😡⁉️| #thatmadrasguys,That Madras Guys,2025-03-30T14:36:06Z
Andhra University,academics,faculty review,wbJRqVRRr4o,&quot;🤷HARSH🤯 TRUTH&#39;s ABOUT 🏫ANDHRA UNIVERSITY&quot; | 😰EVERY EAMCET 👨‍🎓STUDENT&#39;s MUST WATCH |,DevVlogs,2025-10-14T13:01:57Z
Andhra University,academics,faculty review,GKCkdPAeOEU,Andhra University Review |Andhra University Vizag | Andhra University Visakhapatnam | AP EAMCET 2026,The Iconic Faculty,2026-05-23T13:54:52Z
Andhra University,academics,faculty review,6mNZGivFfGc,Andhra University Campus Placements  || College of Arts &amp; Commerce ||  Ramya Sri  ||  7.0 LPA,AU LOOKS,2023-05-16T12:30:05Z
Andhra University,academics,faculty review,rwMlzQk-HdU,Transformation at Andhra University  //  Ravi Mahadasyam,AU LOOKS,2023-11-21T04:30:22Z
Andhra University,academics,faculty review,NR04hDU-TfI,College lo exams kastaluu 🥺 #andhrauniversity ❤️,Happy Queen Official,2024-01-30T03:30:08Z
Andhra University,academics,faculty review,Vk786enkxok,ANDHRA UNIVERSITY MESS FOOD EP1#appgcet#andhrauniversity #food#chicken#bestfoodie#msc#andhrafood,Hodophileats,2025-07-17T01:12:18Z
Andhra University,academics,faculty review,ofgCbcL1n7s,JNTUK vs Andhra University – Which is the Best Engineering College? | Full Comparison 2025,SaiSanju Talks,2025-06-27T11:30:44Z
Andhra University,academics,faculty review,PgGQzNM8fCQ,ANDHRA UNIVERSITY college full details ( must watch before joining ) Eapcet counselling 2025,Rithik Dude,2025-07-08T11:43:04Z
Andhra University,academics,faculty review,kIugLNtTOes,Honest Reviews| Andhra Online University| Is Andhra Online University worth it?,College Vidya Talks,2022-05-11T12:50:02Z
Andhra University,academics,faculty review,Gr74AvZr2Tk,Top 10 Engineering Colleges in Andhra Pradesh 2026 |Best Engineering Colleges in Andhra Pradesh 2026,The Iconic Faculty,2026-04-22T12:45:05Z
University of Kerala,academics,faculty review,Q2xj52JbrmQ,Life at Central University of Kerala 🫶| #cuk #centraluniversityofkerala #university #trending #new,Bhavana S,2025-08-09T10:35:49Z
University of Kerala,academics,faculty review,pk_TVi3-Lt8,University college or Campus ! Difference ?? #kariavattom #universityofkerala #tvm ,Sathiaiswarya,2026-04-06T04:30:35Z
University of Kerala,academics,faculty review,XiTaTcQmrZs,Private Universities in Kerala | Universities in Kerala | Central | State | Deemed  University,Sreevidhya Santhosh,2024-04-27T12:30:20Z
University of Kerala,academics,faculty review,IEnEJtxj2Ak,"Kerala University MA Review | Fees, Admission, Placements, Cutoff",shiksha.com,2025-03-10T11:25:55Z
University of Kerala,academics,faculty review,Huwt90tbKTU,Kerala University Review &amp; Verdict 2024| In Depth Analysis &amp; Insights| CollegeDekho,CollegeDekho,2024-02-18T08:45:09Z
University of Kerala,academics,faculty review,5Pn9XcejbaY,Top Engineering College in Kerala | Best Placement Engineering Colleges in Kerala | Engineering 2025,Campusways,2025-06-14T17:09:37Z
University of Kerala,academics,faculty review,qEa_4s0LyRQ,Day in my Life as an Assistant Professor #shorts,Harshita Sharma ,2025-05-14T16:34:11Z
University of Kerala,academics,faculty review,BCzd-dqN4k0,"Top 5 Govt. Engineering Colleges in Kerala | 💥Fees, Placements &amp; Ranking!",Careers360,2025-05-19T06:59:27Z
University of Kerala,academics,faculty review,YBdhu8X8yaM,"Most beautiful college ? Yeah, of course!!! | #chinthanjyosh #shorts #medical #cdsimer #ytshorts",Chinthan Jyosh,2022-12-14T12:35:08Z
University of Kerala,academics,faculty review,UUwrpnhAyPU,Online Degree Courses in Kerala University | Best Online Degree University | Online Degree Admission,Campusways,2025-05-01T17:21:08Z
Maharaja Sayajirao University,academics,faculty review,bMD69inEmUE,tag a MSU student 😎 #baroda #msu #collage #vadodara,Azhar VLOG,2023-05-24T16:51:36Z
Maharaja Sayajirao University,academics,faculty review,3WYxq6j6bVI,Honest Review about MSU Baroda | 2025 | MSU Hostel | THE MAHARAJA SAYAJIRAO UNIVERSITY OF BARODA,Sandhya- College Review ,2023-08-28T14:39:51Z
Maharaja Sayajirao University,academics,faculty review,mzXwp_mJpLE,MSU Baroda College Review 2026 | Honest Campus &amp; Placement Details,Prabhat Ranjan,2026-02-26T06:30:25Z
Maharaja Sayajirao University,academics,faculty review,sDhEaQLY9QY,MSU BARODA UNIVERSITY CAMPUS Orientation Program#baroda #msu #sayaji #msubaroda #gujrat #university,Pavan Yayavar | पवन यायावर,2024-11-26T19:35:24Z
Maharaja Sayajirao University,academics,faculty review,tpgZocT5Hpc,"MSU BARODA, FACULTY OF SCIENCE ESPECIALLY PHYSICS.         #msu #college #freefire #funny #minivlog",Prince Bordia,2022-09-06T15:49:40Z
Maharaja Sayajirao University,academics,faculty review,LMT4cJqj7bM,M.S. University | GUJCET + BOARD cut off | JEE CUT OFF | Fees | List of branch,it's me - yamee,2023-03-29T15:02:58Z
Maharaja Sayajirao University,academics,faculty review,Yj-CJ1XZxXk,Everyone vibed!! #msu #baroda #msubaroda #fiesta #fashion,SAMMO,2025-04-25T10:36:54Z
Maharaja Sayajirao University,academics,faculty review,vEw0XbYGOOM,faculty of pharmacy | The Maharaja Sayajirao University Of Baroda | MS UNIVERSITY OF BARODA #msu,Vrunda Doshi ,2023-10-11T12:07:12Z
Maharaja Sayajirao University,academics,faculty review,_N_V5JsSuqk,"MSU College Reviews: Placement, Cutoff, Rankings",Knowledge Time,2023-05-16T08:30:08Z
Maharaja Sayajirao University,academics,faculty review,uGqmqZbotLQ,Went to fine art college of GUJRAT (ft. MSU Baroda ) 🌟💌.  #artvlog #artcollege #therapy,priyankatheartist,2025-07-17T04:59:46Z
BML Munjal University,academics,faculty review,fMgaU96l4i8,"Is BML Munjal University good for BTech CSE? | Comparing JIIT, Noida and BMU, Gurgaon.",Tanvi Sharma,2024-07-03T09:46:19Z
BML Munjal University,academics,faculty review,jADtb8cZpyI,BML Munjal SHOCKING Facts REVEALED 🤯 #harshsir #bmlmunjal #college #shorts,NextGenAspirants ,2025-06-18T11:59:28Z
BML Munjal University,academics,faculty review,rHkDlilSnOg,A little view of my college | BML Munjal University #tanvisharmayt,Tanvi Sharma,2024-06-22T13:26:47Z
BML Munjal University,academics,faculty review,oxyrUJm78Ug,BML Munjal Harsh Reality Revealed 🤬 | Honest Review for BTech CSE 2026 ✅,Boring Bing,2024-12-03T14:09:27Z
BML Munjal University,academics,faculty review,X7w1zBh_CFQ,BML Munjal University 🔥 - Full Campus &amp; Hostel Tour ,Kavach Khanna,2026-04-28T08:27:41Z
BML Munjal University,academics,faculty review,wutx6pY-Bx0,"BML Munjal University MBA Review 2026 | Fees, Placements, ROI, Scholarships, | Honest Analysis 🔥",Sanjay Chaudhary (Dreamz India Education),2026-02-22T04:30:42Z
BML Munjal University,academics,faculty review,94tll9mNfmQ,"Is BML Munjal Worth It for BBA 2026? 💸 Fees, ROI &amp; Placement Reality!",Everything For BBA,2026-03-31T11:30:05Z
BML Munjal University,academics,faculty review,3w-08PEttog,"BML Munjal University BBA: Fees, Placements &amp; Reality Check!",Everything For BBA,2025-11-20T15:00:08Z
BML Munjal University,academics,faculty review,e1c6Cj4YkbU,"BML Munjal University EXPOSED 🤬 | Real Placements, Fees &amp; Honest Review 2026",Management Guy,2026-05-05T05:46:30Z
BML Munjal University,academics,faculty review,Ia6v1c2UYM8,BML Munjal University- Review- MBA,BML Munjal University,2019-06-13T04:56:34Z
Ashoka University,academics,faculty review,8uWJbVgZccA,Meet the World-Class Faculty at Ashoka University,Ashoka University,2025-09-09T10:25:36Z
Ashoka University,academics,faculty review,YnF6V41g3SM,4 drawbacks of studying at Ashoka University | 2024 #highereducation #collegecounseling #shorts,Evolving Being,2023-12-15T12:00:29Z
Ashoka University,academics,faculty review,7Wc8PZZQHH4,"Ashoka University vs Delhi University | Academics, Placements, Campus Life &amp; More! #shorts",shiksha.com,2025-08-26T10:06:20Z
Ashoka University,academics,faculty review,G2wH3dCG58E,"Thinking about Ashoka university? Final-year Students Talk about Admissions, Life &amp; Academics",Cospire,2026-01-01T15:00:29Z
Ashoka University,academics,faculty review,YEybl55Dhag,ASHOKA University Student Experience  | Ashoka University,Harshit Chauhan,2023-06-29T11:09:35Z
Ashoka University,academics,faculty review,9g-6pLSUTqs,Ashoka University Dark Side 😳 | REAL TRUTH No One Talks About 2026,Sandhya- College Review ,2025-12-08T18:43:23Z
Ashoka University,academics,faculty review,DdVKPQj5Dpc,"EVERYTHING you need to know about applying to Ashoka, Krea, OP Jindal (My experience)",Nishka,2023-05-25T03:12:44Z
Ashoka University,academics,faculty review,KRvnNoBEMsE,&quot;Ashoka Gave Me Everything That I Wanted&quot; | Why I Chose Ashoka,Ashoka University,2025-03-28T03:45:02Z
Ashoka University,academics,faculty review,dg16JJ_x1S0,बिट्टू बजरंगी के देश में अशोका यूनिवर्सिटी | Ashoka University: Academic freedoms under question,Ravish Kumar Official,2023-08-17T13:26:31Z
Ashoka University,academics,faculty review,4bIznhgoeYE,Modi Government Controlling Universities? Ashoka University Controversy,Harshit Chauhan,2023-10-26T14:11:03Z
Amity University,academics,faculty review,9kOoavJp5cE,All about AMITY UNIVERSITY NOIDA 🎓✨| College review| Fees 💸 | Admission| Hostels and much more 🎓✨,Hey Divya,2024-07-20T16:30:02Z
Amity University,academics,faculty review,zESGtUUCL_w,Amity University Noida Review🔥| College life😍| #noida #amity #collegereview,College Wali Didi,2024-07-03T12:43:43Z
Amity University,academics,faculty review,tgrU-RX19nQ,Amity University Review,thisisalaska,2025-07-01T13:41:32Z
Amity University,academics,faculty review,NVGBxb7XPP0,Amity University Noida BTech Review 🤯 | Coding Culture | Scholarship | Admission Process | Placement,College Insider Aqsa,2026-03-17T10:47:21Z
Amity University,academics,faculty review,jNhCeP-3dtw,Unboxing My Amity University Congratulations Kit 🎁 | M.Tech Journey Begins! #Shorts #YouTubeShorts,theamityengineer,2025-06-18T10:48:58Z
Amity University,academics,faculty review,mLNhC8b9RCQ,Amity University Noida MBA Review,shiksha.com,2024-12-31T06:12:51Z
Amity University,academics,faculty review,sU62brDq-l8,Ye kaun batata hai? | Pranit More | #shorts #standup #youtubeshorts #amity #rjpranit,Pranit More Official,2023-02-07T10:44:32Z
Amity University,academics,faculty review,s2czfxdA6uQ,SCAM/Fraud Universities in India | Amity University | Lpu | Bennett university | OP Jindal,Harshit Chauhan,2023-09-16T13:13:02Z
Amity University,academics,faculty review,8JQVGkUR0Ig,"Amity University Honest Review 2026 | Placements, Fees &amp; Campus Reality",Boring Bing,2026-05-08T15:54:10Z
Amity University,academics,faculty review,-UgxV9mP7t4,Amity University Noida MA Review,shiksha.com,2025-01-15T10:57:48Z
Sharda University,academics,faculty review,72uewFIMVho,Sharda University 1-Minute Review| Best Private college?😍 #jee #btech #sharda #jeemains,College Wali Didi,2024-07-02T12:53:12Z
Sharda University,academics,faculty review,ody_l955J04,"Sharda university exposed 📚❌, Honest review, College admissions, Greater noida #collegereview",Next Engineer 🎓,2025-04-11T05:57:58Z
Sharda University,academics,faculty review,xussB3qB7u0,Sharda University... A Worst University 🤬 Worth it in 2026? | Placement | Fees | Campus Life ❎,Boring Bing,2024-08-17T13:30:27Z
Sharda University,academics,faculty review,UG8_30tMs28,Is Sharda University Worth It for BTech? Full Honest Review | JEE Cutoff &amp; Fees | Fees &amp; Scholarship,Collegehike Jee,2026-05-20T13:30:20Z
Sharda University,academics,faculty review,LrxIzpfaff8,Sharda University,Baldev Gautam,2022-11-16T15:10:00Z
Sharda University,academics,faculty review,HEEp56tQTtI,"Sharda University Students Review | Experience, Infrastructure, Labs &amp; Faculty #campuscheck",shiksha.com,2025-09-11T08:53:30Z
Sharda University,academics,faculty review,Uom-YbsiW_s,Sharda University | Matriculation Day | 2023-2024 | #youtubeshort,Sharda University,2023-08-09T05:20:47Z
Sharda University,academics,faculty review,VkaMg0ehk8M,"SHARDA UNIVERSITY  Review 2026 | Campus, Placements, Hostels &amp; Reality",Prabhat Ranjan,2026-02-10T06:30:14Z
Sharda University,academics,faculty review,57br3-6s3ek,Sharda University Agra | Campus Tour | Students  Reviews  | Hiring Partners Fees &amp; Salary Package,Sharda University Agra (SUA),2026-04-23T11:18:38Z
Sharda University,academics,faculty review,8GAVNCSc07c,"Honest Sharda University Review 2025 | Student Interview | Campus Life, Fees &amp; Placements ",Sandhya- College Review ,2025-12-15T05:52:05Z
Galgotias University,academics,faculty review,LTnPbIcMqXg,THE BRUTAL REALITY | Galgotias University Honest Review,Ayush Garg Classes,2025-05-09T12:30:28Z
Galgotias University,academics,faculty review,9rRTGNFlG_E,Galgotia College Student Review 📝 | Placements &amp; Real Experiences 💼 | Honest Insights,College Khabri ,2025-05-18T16:32:14Z
Galgotias University,academics,faculty review,8yjw0v1yWnY,"Galgotias University Fake Placements 😱 | What No One Tells You! College Review, Fees &amp; Placement",Tricky Man,2026-05-19T14:21:27Z
Galgotias University,academics,faculty review,MzjSo2eIM6w,Galgotias university campus tour ❤️ ||#shorts #galgotiauniversity #campustour,KIETian SUMIT,2023-07-01T11:30:04Z
Galgotias University,academics,faculty review,nQ_IHuc5cWw,‘Chinese Degree मत देना’ Galgotia University के छात्रों ने ही AI intelligence Robot की पोल खोल दी,News Pinch,2026-02-18T15:42:30Z
Galgotias University,academics,faculty review,j8NvGO892PU,"Galgotias College Review 2026 | Honest Student Review 🔥| Placements, Fees | Placement Reality 😱",College Insider Aqsa,2026-04-21T17:00:26Z
Galgotias University,academics,faculty review,TqTLJbvhu4E,AI Summit: Is Galgotias Professor Neha Singh Fired? Galgotias Responds | Galgotias AI Summit Row,DNAIndiaNews,2026-02-20T13:57:42Z
Galgotias University,academics,faculty review,LwWI3xJMnWY,"Reality of Galgotias University | Largest campus , Highest package and Robots?😱",Yashvi Bagga,2024-05-23T06:48:56Z
Galgotias University,academics,faculty review,Tn8d5__yx44,"Should You Join GALGOTIAS UNIVERSITY in 2026?🤔Placement, Fees &amp; Reality Check ! JEE 2026 | Harsh Sir",Vedantu JEE Made Ejee,2026-05-07T14:40:36Z
Galgotias University,academics,faculty review,XrUzrmIxYcM,Galgotias University ने AI Summit का सत्यानाश किया? आंख मूंदकर सरकार ने दिया स्टॉल? | Chinese Robot,News Pinch,2026-02-18T12:08:56Z
Chandigarh University,academics,faculty review,sHR_CsxfFvg,Chandigarh University placement 🔥🔥 #college #students #engineering #admission #btechcse,College Review Unfiltered,2023-12-07T04:21:27Z
Chandigarh University,academics,faculty review,z8qg-tx8gtE,Is Chandigarh University good ? #shorts,Shye Musa,2025-02-28T16:01:08Z
Chandigarh University,academics,faculty review,_Pgis6JgU3g,Honest Review about Chandigarh University #chandigarhuniversity,Sandhya- College Review ,2024-09-27T13:23:33Z
Chandigarh University,academics,faculty review,BQ31f9aNJzA,Chandigarh University student review | Fresher review of BTech CSE at Chandigarh University 😍✨,Vivek Nirwan,2025-03-23T13:00:12Z
Chandigarh University,academics,faculty review,t3qXo2qFThM,Chandigarh University Review 2026 — Honest Campus &amp; Placement Experience,Prabhat Ranjan,2026-02-23T06:30:24Z
Chandigarh University,academics,faculty review,8CEo9iEJDm8,Chandigarh University Reality check 🫣 #convocationday #chandigarhuniversity #collegestudents #short,Imran Vlogs,2025-04-18T11:10:02Z
Chandigarh University,academics,faculty review,lyxzHD5ug2g,Reality of Chandigarh University🔥Students Review After 1 Year in College😳,MG MHJN,2026-03-08T09:10:01Z
Chandigarh University,academics,faculty review,uEjZsH3x5aw,Should You Join Chandigarh University in 2026 ??🤔 | JEE 2026 | Harsh Sir,Vedantu JEE Made Ejee,2026-04-17T12:31:12Z
Chandigarh University,academics,faculty review,39mt-NoULyg,Chandigarh University Reality😱 Real Students Review | Good or Bad?,MG MHJN,2026-04-03T16:01:38Z
Chandigarh University,academics,faculty review,IlXdeFrGgEk,"LLB &amp; LLM ⚖️ IN CHANDIGARH UNIVERSITY 😱 | LAW STUDENT REVIEW On Fee, Hostel, Faculty 🤩",Vivek Nirwan,2023-06-30T14:23:22Z
Lovely Professional University,academics,faculty review,CwWkt91Acb4,Lovely Professional University (LPU) Harsh Reality Exposed by Professor Adityam Dutta Sir MUST WATCH,World of coding,2021-09-17T06:13:38Z
Lovely Professional University,academics,faculty review,rnCwg26Ttpg,LPU GIRLS HOSTEL OVERVIEW ALL DETAIL #lpu #hostel #shorts #lovelyprofessionaluniversity,LOLcano R,2024-04-08T18:04:46Z
Lovely Professional University,academics,faculty review,WnHnPeWY1Ow,"LPU BTech CSE Reality Check🔥✅ | Faculty Review, Student Reviews &amp; Placement Truth #lpu#btechcse",Nihal Unplugged ,2025-12-30T09:23:08Z
Lovely Professional University,academics,faculty review,1Nha7CW5mKA,Lovely Professional university exposed🙂 #lpu #shorts #funny,Competishun JEE INFORMATION ,2023-05-31T17:15:00Z
Lovely Professional University,academics,faculty review,wtnWO1zyAws,LPU must Think about 🙅🏻‍♂️🙅🏻‍♂️Student Review #lpu #lpunest 50%OFF COUPON CODE - LPUUBS276,College Review Unfiltered,2023-12-18T12:39:04Z
Lovely Professional University,academics,faculty review,n_GuX6KsBiE,Should You Join LPU in 2026 ?? Lovely Professional University Reality | JEE 2026 | Harsh Sir,Vedantu JEE Made Ejee,2026-04-13T14:30:42Z
Lovely Professional University,academics,faculty review,aZTr-i3Y27I,LPU&#39;s EduRevolution &amp; 2.5 Cr Placement |,Lovely Professional University - LPU,2025-04-25T11:48:12Z
Lovely Professional University,academics,faculty review,Wxf8RWVqpqY,LOVELY PROFESSIONAL UNIVERSITY | BEST  COLLEGE | UNIVERSITY | 2024 | TELUGU | LPU ADMISSIONS | LPU,Spoorthi Reddy,2024-07-09T13:48:52Z
Lovely Professional University,academics,faculty review,icK-uOeOzl4,Student Review about LPU | LPUNEST Reality? #lpunest #lpuadmission #LPU,commerce point,2024-12-03T12:30:45Z
Lovely Professional University,academics,faculty review,T0Cj_ywKaGY,LPU Reality Exposed 🔥 | Honest Student Review | Worth It or Not?,MG MHJN,2026-01-09T13:39:02Z
VIT University,academics,faculty review,mOqQh2Y0dIc,VIT - Vellore Institute of Technology   Honest Review 🚨 | Must Join or Big Mistake?  | Campus life,CampusLens,2026-04-07T09:07:17Z
VIT University,academics,faculty review,AA2vlasups0,Is VIT Vellore Worth it?😱😱#jee #vit #viteee #vitvellore #vellore #viteee2025 #velloreinstitute,Vedantu JEE Made Ejee,2024-11-17T11:30:05Z
VIT University,academics,faculty review,k3TSGrgjqTc,"Complete Guide to VIT || Part 3 || All FAQs Answered VIT | Hostel, Faculty &amp; Campus Life | VIT AP",Verma Academics,2026-06-16T03:30:09Z
VIT University,academics,faculty review,GDn1nbDfBAU,"Complete Guide to VIT || Part 2 || All FAQs Answered VIT | Hostel, Faculty &amp; Campus Life | VIT AP",Verma Academics,2026-06-15T03:30:13Z
VIT University,academics,faculty review,vZE9uF4TGg0,I Asked VIT Students 🤯Is It Worth ₹20 Lakhs? VIT Vellore reality | Suman Mpm ,Suman Mpm,2026-04-21T12:11:55Z
VIT University,academics,faculty review,JOIc7AS2FWQ,"Complete Guide to VIT || Part 1 || All FAQs Answered VIT | Hostel, Faculty &amp; Campus Life | VIT AP",Verma Academics,2026-06-14T03:30:06Z
VIT University,academics,faculty review,dy_HR0mFxkg,VIT Vellore Classroom | Morning schedule | VIT | #shorts,Amar [VIT-V],2023-08-08T07:57:11Z
VIT University,academics,faculty review,4AgR0D0wZvY,"Is VIT Chennai Worth ₹20+ Lakhs? | Fees, Placements &amp; Student Reviews",Suman Mpm,2026-04-07T15:09:52Z
VIT University,academics,faculty review,YIZkIGJYfYQ,SRM VS VIT university | Quick review in tamil  ⭐ #shorts #SRMuniversity #VITVellore #Southcolleges,CollegeChalo,2024-05-17T08:06:58Z
VIT University,academics,faculty review,uq4hFvdhu4Q,"Is VIT Chennai Worth It in 2025?😱 Placement, Hostel, fees &amp; More | Suman Mpm",Suman Mpm,2025-06-01T15:45:19Z
SRM University,academics,faculty review,a9wfv8Yf-_c,SRM UNIVERSITY 🙏🏻😭 | College or Heaven ❤️🤣 #shorts #srmuniversity #srmist,SHAKTHI ,2024-05-17T12:53:45Z
SRM University,academics,faculty review,JQBYY1C9e2w,About #SRM Kattankulathur in one line❤️‍🔥🤩 | Students review🙌🏼 | #srmist #srmktr |#rtr #rtrvlogs,RTR Vlogs,2025-06-04T15:13:01Z
SRM University,academics,faculty review,kWsN08guFR8,The Most Hated College on Internet ( SRM Review ),Ritik Meghwani,2025-01-06T14:00:07Z
SRM University,academics,faculty review,cnlOvEAtwoE,Campus Placement Salary at SRM?💰,Suman Mpm,2025-05-08T07:04:49Z
SRM University,academics,faculty review,Tn23GjMxphc,Dr. Banupriya. D | Journey to SRM IST Ramapuram | Department of Biotechnology,"SRM Institute Of Science And Technology, Ramapuram",2025-05-24T07:12:16Z
SRM University,academics,faculty review,VZqGIRA5esw,I asked SRM KTR Students 🤯 ₹25 Lakhs Worth It or Biggest Mistake?,Suman Mpm,2026-04-19T06:29:08Z
SRM University,academics,faculty review,Jfg8nl4n0Bg,I Explored the Most Overrated University (SRM University Reviews),Suman Mpm,2025-05-14T14:19:04Z
SRM University,academics,faculty review,xICfvMXZQf4,Is SRM University Chennai worth it?,Suman Mpm,2025-03-14T16:43:34Z
SRM University,academics,faculty review,OsnNq-av7Rc,"SRM University Campus Review | Placements, Fees &amp; Honest Student Opinion | Chennai",Suman Mpm,2026-04-05T11:55:42Z
Manipal University,academics,faculty review,zOLTNOpO33w,"Manipal University Review 🔥| Reality Explained 🤨| MIT placement, Campus life | Fee Structure.",CAREERKICK JEE,2024-05-02T11:30:34Z
Manipal University,academics,faculty review,kZyFWGF9xSE,Online Manipal Univesirty worth it or not? | Dark Reality of Online Manipal University,Guru Chakachak,2025-07-21T13:10:52Z
Manipal University,academics,faculty review,Y9B6DEGCkik,My college campus👩‍🎓🏫| Manipal University Jaipur #transition #met #muj #mit,Anushka Thakkar,2025-05-18T07:36:09Z
Manipal University,academics,faculty review,iutStdnI6QU,Manipal University Jaipur 💪😃 #jee #jee2025 #jeeadvanced #jeemains #trending #learning #iitjee #cbse,Harsh Priyam Sir Fans🔥,2024-07-24T14:11:31Z
Manipal University,academics,faculty review,XOtdLQ1aw38,"Manipal University (MAHE) Review : Courses, Fees, Ranking, Placements",shiksha.com,2023-05-11T11:30:11Z
Manipal University,academics,faculty review,31dHXGGusO0,Is Manipal Actually Safe ⁉️ #manipal #campussafety #collegesecurity #udupi,Shrek treks,2025-07-06T13:49:38Z
Manipal University,academics,faculty review,jkVAFlVkyUk,Tell Us You’re a MAHE Bengaluru Student Without Telling Us You are | Campus Chronicles,MAHE Bengaluru,2024-11-22T11:30:31Z
Manipal University,academics,faculty review,Nj3e6IWFOfE,Amity University VS Manipal University review in 1 minute | #collegechalo  #amity #manipal #shorts,CollegeChalo,2024-05-28T06:37:55Z
Manipal University,academics,faculty review,CdSRLxgP_to,Manipal University Review 😶|Manipal placements 🔥#jee2025 #manipaluniversity #college,Mritunjay [MJK Sir],2025-06-13T14:23:51Z
Manipal University,academics,faculty review,halW2VT4HmE,MY HONEST MANIPAL UNIVERSITY REVIEW! (i am from bits pilani),Curious Harish,2023-02-27T05:21:41Z
Bennett University,academics,faculty review,fx-yygNLLtE,This video might be taken down! The Ground Reality of Bennett University,Ayush Garg Classes,2025-05-10T04:59:10Z
Bennett University,academics,faculty review,-QCkIwf0NKY,Bennett University BTech Student Review | Highest Package ₹1.37 Cr😱 | Scholarship | Fees &amp; Admission,Mantasha Saifi,2026-05-02T12:30:36Z
Bennett University,academics,faculty review,rakqmJol0Qo,Bennett university insights | Reality of Bennett University😂 | Bennett University Campus #minivlog,Nandini Agarwal,2023-11-28T13:43:41Z
Bennett University,academics,faculty review,GYhT3_ADfTk,WHY Bennett University 😲| Bennett University Review | Bennett Greater Noida Honest Review | Fee,College Khabri ,2025-04-11T11:17:07Z
Bennett University,academics,faculty review,JxyY7IWQxq8,"Bennett University Honest Review 2026 | Campus, Placements, Hostel &amp; Student Life",Prabhat Ranjan,2026-04-23T06:30:08Z
Bennett University,academics,faculty review,ATjroCxCebA,Bennett University BTech CSE Student Review 🎓 | Bennett University Worth It or Not? 🤔 | Scholarship,Collegehike Jee,2026-05-07T13:30:12Z
Bennett University,academics,faculty review,dD5yCatLi9w,"Bennett University Review 2026 😱 Hidden Truth, Fees, Placements, Campus Reality | B.Tech/BBA/BCA",Sanjay Chaudhary (Dreamz India Education),2026-04-11T11:20:23Z
Bennett University,academics,faculty review,F_2vlCo_mUY,"Bennett University Reality Check 🔥 Is It WORTH in 2026? Fees, Placements &amp; Campus Life!",Boring Bing,2025-03-08T15:48:42Z
Bennett University,academics,faculty review,_SMhO4uszyg,"Bennett University Academic Reality🔥 | BTech Student Review👨‍🎓 | Faculty👨‍🏫,Exams📝 &amp; Study Pressure📚",College Khabri ,2026-05-29T11:44:33Z
Bennett University,academics,faculty review,Cjs08-AbvvI,Bennett University Student Review 2026 🔥 Honest Experience | Admission Process 🤔 Fee 💸Placements,College Khabri ,2026-01-17T04:30:14Z
UPES Dehradun,academics,faculty review,v5LBG2Fd_gA,What&#39;s Wrong with UPES Dehradun ?,Ritik Meghwani,2025-04-30T14:45:07Z
UPES Dehradun,academics,faculty review,B3XyU4F6-vY,UPES Dehradun EXPOSED? 😳 Real Student Review | Worth It or Not,College Insider ,2026-04-18T03:03:01Z
UPES Dehradun,academics,faculty review,9jI1LO4H1cY,UPES Dehradun 100% Honest review | Harsh reality | Fees | Placement | Campus life,College Khabri ,2024-12-26T11:30:09Z
UPES Dehradun,academics,faculty review,I5VFn_3628w,UPES-యూనివర్సిటీ అఫ్ పెట్రోలియం &amp; ఎనర్జీ స్టడీస్ #DrTCS Career Guidance,Dr TCS Career Guidance and Counseling ,2024-02-19T02:27:00Z
UPES Dehradun,academics,faculty review,Ux4T8OMjUN8,"UPES MBA Worth It or Not? My Honest Experience — Placement, Faculty, ROI Reality",Neha Bisht ,2026-05-12T04:39:15Z
UPES Dehradun,academics,faculty review,3qgI3ntcKPM,UPES UNIVERSITY DEHRADUN REVIEW 2026 | COURSES | FEE | ADMISSION | PLACEMENT | RANKING #upesdehradun,vidhyaa.in,2025-01-28T15:30:01Z
UPES Dehradun,academics,faculty review,BaH-AwKy3xA,First Day At UPES University 🔥 My UPES College Experience | Upes Reality #upesdehradun,UPES Diaries  ,2025-01-22T16:34:08Z
UPES Dehradun,academics,faculty review,q_ZHbUBHvjw,"UPES Dheradun BCA  Review 2026 🔥 Placements, Fees &amp; Admission Process✅",Management Bing,2025-12-11T13:11:59Z
UPES Dehradun,academics,faculty review,gbVNuVK7G6w,UPES | Private University in Dehradun Uttarakhand | Review | Placements,Edu9 Career Guidance,2024-02-28T13:30:09Z
UPES Dehradun,academics,faculty review,b51fRGnFQhg,A campus tour of UPES,UPES,2023-06-10T16:11:35Z
KIIT University,academics,faculty review,Rtgz5pXC8zQ,KIIT odisha | kiit university odisha | #kiiten #vedantu #iitbombay #iitdelhi,Harsh Priyam Sir Fans🔥,2025-10-13T07:47:33Z
KIIT University,academics,faculty review,8ajf2sHdlCI,KIIT University 😱| Why worst college😡 #jee #jee2024 #30days30collegesinIndia,Yash Garg,2024-03-19T11:54:46Z
KIIT University,academics,faculty review,q6ylCLgIHno,Is KIIT University Worth It? Honest Review by a Student | KIIT Bhubaneswar,Aakash Verma,2026-03-11T10:00:06Z
KIIT University,academics,faculty review,7uG38TeoAog,KIIT College Review in 1 minute 🔥 #Shorts,Ritik Meghwani,2022-04-20T13:00:13Z
KIIT University,academics,faculty review,_mlDx8cwLTY,"LAMBO IN KIIT UNIVERSITY,PATIA #short #kiituniversity #shortvideo #kiitlaptop #kiiten #lamborghini",COCO🐶,2022-10-13T13:31:42Z
KIIT University,academics,faculty review,lyfI2u02Fb0,KIIT University Case (3D Animation) - Explained by Professor Of How,Professor Of How,2025-02-24T02:35:46Z
KIIT University,academics,faculty review,YR2xXMdmKQg,Mess food of kiit university #kiituniversity #campus #collegecampus #bhubaneswar #fitness #gym,Without_edited,2023-09-20T06:30:45Z
KIIT University,academics,faculty review,pBIuykgkyWk,KIIT 2026 Placements: My Honest 4th Year Experience (Truth Only),Aakash Verma,2026-05-06T06:35:06Z
KIIT University,academics,faculty review,QXxInHeCD04,"KIIT Bhubneshwar College Review 2026  | Placements, Campus &amp; Reality",Prabhat Ranjan,2026-03-05T06:30:11Z
KIIT University,academics,faculty review,xoHWxmnRNTs,#KIIT UNIVERSITY BOYS HOSTELI KP 26| KIIT HOSTEL ROOM TOUR 2024|INTERNATIONAL STUDENTS ROOMS,Dear MD,2024-11-22T16:30:13Z
Kalinga University,academics,faculty review,sQbVXB0KjHo,Kalinga University: B.Tech Program Review,shiksha.com,2024-07-03T09:00:49Z
Kalinga University,academics,faculty review,eJnxlrtWQ8s,Kalinga University Review: B.Tech for Working Professionals Full Details,College Vidya,2025-08-28T14:15:06Z
Kalinga University,academics,faculty review,Q1l0FNE3dpU,"Kalinga University, Raipur संपूर्ण जानकारी! आपके सभी सवालों के जवाब👍",UNIVERSITY INDIA,2023-06-10T10:59:31Z
Kalinga University,academics,faculty review,gp7eUE9_FLU,"Kalinga University, Raipur | (Detailed Review) | Kalinga University Btech Admission | Kalinga Review",Kapil Samuel,2025-08-09T14:35:13Z
Kalinga University,academics,faculty review,K2KHKdyKc8I,Kalinga University Distance Education | Kalinga University Approved By DEB or Not? #distanceedu,Online Education Consultant,2022-09-01T13:51:18Z
Kalinga University,academics,faculty review,Yu8sf7380MU,Kalinga University Admission Is It Worth It  Is Kalinga University Worth it for B Tech,vpmantra,2025-08-27T13:11:43Z
Kalinga University,academics,faculty review,M9ZepmvUvh8,Kalinga University B.Tech Specialisations | Complete Details | Btech Admission | Kalinga University,Kapil Samuel,2025-08-30T14:40:54Z
Kalinga University,academics,faculty review,pBRfM-vC2lE,Kalinga University Review | kiit bhubaneswar review | kiit college review 2024,College Khabri ,2024-04-17T02:24:46Z
Kalinga University,academics,faculty review,2nMxatib6nM,"कौन हैं विनय कुमार सिंह,अपनी ही यूनिवर्सिटी पर गंभीर आरोप लगाए|Kalinga university Raipur",Education For Bharat,2021-03-13T02:57:22Z
O.P. Jindal Global University,academics,faculty review,egjGkB81PwU,Op Jindal University SCAM,Harshit Chauhan,2023-09-01T11:40:40Z
O.P. Jindal Global University,academics,faculty review,U7r1-wZTrBY,O.P. JINDAL GLOBAL UNIVERSITY SONIPAT REVIEW | Courses | Fee Structure | Benefits,Edu9 Career Guidance,2024-03-22T08:30:07Z
O.P. Jindal Global University,academics,faculty review,QG1eJMYIQT0,OP Jindal Global University&#39;s Faculty Interview | Procedure and Questions with DIRECT RECORDINGS,Journeyteaches,2021-06-09T20:13:44Z
O.P. Jindal Global University,academics,faculty review,NDlo1dqyUS8,"O P Jindal School of International Affairs 📚 | Placement, Hostel, Fees, Admission | Student Review |",shiksha.com,2022-09-08T07:04:00Z
O.P. Jindal Global University,academics,faculty review,iARqukUQUFE,"OP Jindal Global University Student Experience | OP Jindal  - Hostel, Fees, Hookups, crowd, drugs |",Harshit Chauhan,2023-03-10T10:33:33Z
O.P. Jindal Global University,academics,faculty review,Nwn0bGZQUqI,OP Jindal college life | #collegelife #cuet2025 #clatpreparation,CHIA speaks,2025-04-13T08:12:09Z
O.P. Jindal Global University,academics,faculty review,5qv-OmW5c3Y,OP Jindal Honest Review 2025 #opjindal #collegereview,Sandhya- College Review ,2025-04-27T06:50:41Z
O.P. Jindal Global University,academics,faculty review,nRJv1AxpE5g,Op jindal global University #college #collegelife #jindal #jgu #university #collegememes #student,Shubhanjali Singh,2024-02-17T13:34:02Z
O.P. Jindal Global University,academics,faculty review,3wnfGI6AYLk,O.P JINDAL GLOBAL UNIVERSITY | COURSES | COLLEGE REVIEW | VLOG | 2023 | CareerGuide.com,CareerGuide.com,2022-12-17T09:29:49Z
Symbiosis International University,academics,faculty review,9SJ_GoqYQjQ,"All About BBA from Symbiosis University🏫| Fees, Eligibility, Curriculum, Placements &amp; ROI Explained🎓",SuperGrads IPMAT Coaching by Toprankers,2024-12-07T12:30:06Z
Symbiosis International University,academics,faculty review,sbc1IMxAbhw,Pune Colleges Drug Culture | Symbiosis pune,Harshit Chauhan,2023-09-15T08:29:37Z
Symbiosis International University,academics,faculty review,jNQoZWbQ2Hs,The TRUTH About SYMBIOSIS MBA | SIBM Pune Placement REALITY,CollegeSearch,2025-02-26T12:30:44Z
Symbiosis International University,academics,faculty review,NrYLUTJEHmY,"Is Symbiosis Pune REALLY Worth the Hype? | Fees, Eligibility, Campus Life &amp; Placements",SuperGrads IPMAT Coaching by Toprankers,2025-11-19T14:23:36Z
Symbiosis International University,academics,faculty review,6IpGIBGhn3c,Symbiosis pune |SIBM |SIT | SCON |SCOP | SIHS #symbiosis #symbiosispune #SIT #sibmpune #collegelife,Aman Jaxx,2025-09-02T03:51:16Z
Symbiosis International University,academics,faculty review,BvVJYDFqWlU,The countdown begins! #symbiutsav2023 #symbiosis #events #culturalevent ##explore #fyp,symbiosis katta,2023-12-05T00:00:52Z
Symbiosis International University,academics,faculty review,VQSoMV78ErU,Christ Vs NMIMS Vs Symbiosis? Best option to choose for BBA #christuniversity #bbacourses,SuperGrads IPMAT Coaching by Toprankers,2024-04-14T12:30:21Z
Symbiosis International University,academics,faculty review,CzeASZrU5jk,"Symbiosis Pune BCA Review 🔥 Reality EXPOSED! | Placements, Fees &amp; Campus Life",Management Bing,2025-02-17T15:32:19Z
Symbiosis International University,academics,faculty review,yMR3gfG7jDg,Symbiosis College Tour! Canteen &amp; Campus Vibes &amp; Why Everyone Finds Love Here 😍,Shenaz Treasury,2025-12-12T11:30:55Z
Symbiosis International University,academics,faculty review,AFL9hQDVWPA,SIT Pune College Review 2026 — Honest &amp; Detailed Campus Experience,Prabhat Ranjan,2026-02-21T06:30:04Z
NMIMS University,academics,faculty review,6jMAtKGw9fk,"🎓 NMIMS University Review | Reality Of NMIMS! | Admission, Courses, Placements? | Top BSchools",Kapil Samuel,2024-09-05T15:09:14Z
NMIMS University,academics,faculty review,vLxA1co8Cvo,😲NMIMS MBA 2025: Placement REALITY!💥#mba #nmims #nmat #cat #iim,MBA Fundas by Sunstone,2025-05-03T05:55:01Z
NMIMS University,academics,faculty review,_jJhXEeJGvI,"BTech + MBA from NMIMS Worth it in 2025? | Placements, Fees &amp; Reality Check | Harsh Sir",Vedantu JEE Made Ejee,2025-05-10T13:53:44Z
NMIMS University,academics,faculty review,-c3OgpzhzEs,NMIMS can take a joke! #nmims #mbalife #comedyshorts #jokesvideoshort #standupcomedy #englishcomedy,Kaushal Dayani,2022-12-04T12:47:19Z
NMIMS University,academics,faculty review,TYrQCJEM-Jw,NMIMS Online Honest Review 2026🎓 || Online UG and PG Courses🏛️ || NMIMS Admissions || Ankit Sharma,Ankit Sharma,2025-07-16T14:04:05Z
NMIMS University,academics,faculty review,EiuWXEJ4IHY,Nmims Mumbai Campus Tour | Nmims Campus Reality | College Campus Tour Vlog | Harshit Chauhan,Harshit Chauhan,2022-01-14T09:53:39Z
NMIMS University,academics,faculty review,o5WKchy-NZg,All about NMIMS Mumbai ✅,CAT Preparation - iQuanta,2024-10-15T15:52:14Z
NMIMS University,academics,faculty review,kdRJEv9aUzE,NMIMS Hyderabad Exposed 🤬 Real Placements | ROI | Fees | Hostel Life | NMIMS Hyderabad Review 🔥,Management Guy,2024-09-03T13:03:32Z
NMIMS University,academics,faculty review,PssiibLgaLM,NMIMS study material is here!     #mba #onlinemba #nmimsmumbai,Zee,2025-07-31T17:55:14Z
Christ University,academics,faculty review,Z3VnQptfYKM,Christ University Banglore Exposed!!! #christuniversity #bangalore #ratracelife #cuet,Vipul Wanders,2023-12-22T23:33:12Z
Christ University,academics,faculty review,iZZ91c1qVjM,I am very disappointed with christ University and its rules and regulations. Watch till end!,Aakriti Rastogi,2025-01-07T11:16:17Z
Christ University,academics,faculty review,495AuQBA5ro,Christ University Bengaluru might ban me for this !,Kiran Kumar,2025-09-13T06:00:15Z
Christ University,academics,faculty review,mqxCiQLef0k,Student Exposed Christ University Bangalore | Christ University MBA Review,MBA with Arshi Khan,2026-04-01T06:45:37Z
Christ University,academics,faculty review,WJ-XlcpzKWU,Reality of placements in Christ university? #college #placement #christuniversity #youtube #students,Nishika speaks,2025-08-22T06:52:39Z
Christ University,academics,faculty review,EBtK5oFX0lU,Three Reasons Why you should not join CHRIST UNIVERSITY | CHRIST UNIVERSITY,Lakshmi and Thejus,2024-01-15T08:19:07Z
Christ University,academics,faculty review,P8vEGxVz1m4,Christ University’s New BBA + MBA (5 Years): Pros &amp; Cons? | Honest Review,Kavach Khanna,2026-01-16T13:33:42Z
Christ University,academics,faculty review,1h-d63Q3A9E,Top 3 courses of Christ university with good placement #admission  #christuniversity #yeshwanthpur,Nishika speaks,2025-01-16T17:25:28Z
Christ University,academics,faculty review,vPvB0jblBsk,Christ University vs Mount Carmel College || Student Ratings Challenge 🎓🔥,propelld,2025-09-04T15:30:39Z
Christ University,academics,faculty review,GbICe77sDT8,Ethnic day Christ university😍 #bengaluru #christuniversity #ethnicday #collegedays,Aravin vlogs,2023-09-27T16:34:23Z
Jain University,academics,faculty review,zrF_7uCE0i4,🎯JAIN University Bangalore BTech Review | Engineering Colleges Bangalore #JainUniversity #BTech #CSE,B. Tech Fundas by Sunstone,2025-11-09T11:40:43Z
Jain University,academics,faculty review,dlAwZRBEKz0,Jain University or Christ University? Watch Students Spill the Truth in Ratings!,propelld,2025-04-23T15:30:20Z
Jain University,academics,faculty review,JwE-NA-O_Hg,Jain University Bangalore 🤔 Low Score Admissions – Worth It or Not? 🔥 Honest Review,Boring Bing,2025-08-25T16:02:36Z
Jain University,academics,faculty review,osIZ33MGRMc,"Jain University Bangalore MBA Review🔥 Fees, Placement Reality, ROI &amp; Admission Truth – Must Watch",Everything For MBA,2025-12-29T15:01:41Z
Jain University,academics,faculty review,EiDvv8JTgYY,"Jain University Bangalore Review 2026 | Fees, Placements, Ranking, Campus Reality",Prabhat Ranjan,2026-03-14T06:30:14Z
Jain University,academics,faculty review,r3e0ccw0fEE,Jain University Bangalore Review🎓 | Is Jain University Worth It? 🤔 | Admission | Fees &amp; Placements,College Disha,2026-02-14T12:39:15Z
Jain University,academics,faculty review,uJbfvVyI4ng,Jain University Bangalore MCA Review,shiksha.com,2025-01-16T05:48:14Z
Jain University,academics,faculty review,9nwQyRiaovU,Jain University Student Experience | Jain University Bangalore,Harshit Chauhan,2023-07-01T08:53:13Z
Jain University,academics,faculty review,vZiTSAwkSYc,jain university bangalore full details telugu 2025,Vamsi Mamidi,2025-05-08T13:38:43Z
Jain University,academics,faculty review,DBdhSOgUNQs,Jain University Bangalore 2025 | Honest Review | Placements | ROI #jainuniversity  #trending,Swastik Mehta,2025-06-20T04:41:00Z
Graphic Era University,academics,faculty review,qCJGZ95dZzo,Graphic era university || Experience &amp; Review || placements &amp; reality|| Btech Biotechnology||college,Whois.ekta27,2024-08-08T12:23:04Z
Graphic Era University,academics,faculty review,Lcq-YuFRrtg,"Graphic ERA Dehradun Exposed 🤬 | Placements, Fees &amp; Campus Reality✅",Boring Bing,2025-01-13T13:23:06Z
Graphic Era University,academics,faculty review,9hj0RpaaX0I,"Graphic Era Dehadun btech CSE Honest review by Ex Student | Average placements, faculty, fees ? GEU",Dehradun colleges,2026-03-30T12:00:06Z
Graphic Era University,academics,faculty review,KF90UsEqKA4,"Graphic Era University 2026 Honest Review | Placement, Admission and Hostel",Prabhat Ranjan,2026-03-18T06:30:10Z
Graphic Era University,academics,faculty review,9IEiYIQenr8,Graphic Era University Tour and Review | Graphic Era ka Asli Sach  | College Vlog,Sushant World,2026-06-04T14:30:11Z
Graphic Era University,academics,faculty review,qwnRy01x61o,Graphic Era University Dehradun | Direct Admission on 12th Marks | Placements &amp; Fees,College Dost Hindi,2025-05-25T05:30:21Z
Graphic Era University,academics,faculty review,Ju52nIrhrTU,"Graphic Era University (GEU), Dehradun B.Tech CSE Review:  Insights on Fees, Placements, Internship",College Review Unfiltered,2024-05-15T14:20:42Z
Graphic Era University,academics,faculty review,Ri5yEBHMNDo,"Graphic era, Dehradun - Ugly Reality",Collegedekho with Hritik,2023-09-27T11:26:35Z
Graphic Era University,academics,faculty review,zylN7rhynQ8,"Graphic Era University (GEU), Dehradun Review | Fees, Placements, Courses, Cutoff",shiksha.com,2023-08-29T11:30:32Z
Graphic Era University,academics,faculty review,pL_4Ce6Tgu0,Graphic Era Deemed Medical College| MBBS in India 2024,Yukti Belwal,2024-08-05T11:17:15Z
PES University,academics,faculty review,zHusKCaD2j4,"PESU Bangalore Review 2026 l Direct Admissions, Expected KCET Cut-Offs, Mngt. Quota Fees I #PESU2026",Careermudhra,2026-02-16T07:34:12Z
PES University,academics,faculty review,GWGzhlEOW-s,"Inside PES University BTech CSE: Placements, Admission, Coding Culture &amp; Campus Life!",College Review Unfiltered,2025-02-21T07:54:40Z
PES University,academics,faculty review,a1xevN46xLQ,₹68LPA at PES University ?! | The Honest Review You Need for 2026,Anurag Thakur : College Review,2026-02-02T15:46:49Z
PES University,academics,faculty review,KxgbPNC7f_8,"PES University Review 🔥 | Placements, Campus Life, Fees &amp; Reality Check (2026)💯",Bhumika Singh Vlogs,2026-03-17T16:44:47Z
PES University,academics,faculty review,F5Se0K4TbMY,PES boys hostel warden lost his control 🤬 Bengaluru 2024 #pes, M I R A N,2024-08-10T03:33:32Z
PES University,academics,faculty review,NijZeQJTENU,#justiceforadityaprabhu | PES student&#39;s mother speaks to Deccan Herald about his death | Bengaluru,Deccan Herald,2023-07-21T17:23:22Z
PES University,academics,faculty review,Mz1eAbcz-DI,"PES University Bangalore Review 2026 | Placements, Fees, Campus &amp; Admission Process | Honest Review",FutureU,2026-02-16T04:00:28Z
PES University,academics,faculty review,kVzdYDWU774,A Day in the Life at PES University #pesuniversity #campustour#btech,Proove-it,2024-09-05T13:16:35Z
PES University,academics,faculty review,fMlDTFFhJFw,PES University Engineering College Review | Bangalore alli Top Competitive College? 💪,KCET Counselling by SimplifiedMinds ,2026-03-31T11:00:00Z
PES University,academics,faculty review,GvaLJcETM2w,A Day in the Life of a B.Tech (CSE) Student,PES University,2025-09-01T14:30:27Z
Reva University,academics,faculty review,-Y5E-7n3f6s,REVA University Review | Honest Opinion by a Graduate - Everything you need to know before joining.,CampusLens,2026-05-12T08:48:31Z
Reva University,academics,faculty review,xR5G3rT8oy0,"REVA University, Bangalore Review : Cutoff, Fees, Ranking, Courses",shiksha.com,2023-04-28T11:30:17Z
Reva University,academics,faculty review,OgtE-1Hso5E,A Day in the Life of REVA Teachers | Inspiring Futures Every Day!,REVA University,2025-09-13T11:39:36Z
Reva University,academics,faculty review,zJxsBGoiJaI,"Reva University Bangalore 2026 | Campus Life, Courses &amp; Everything You Must Know!",Collegedunia,2025-09-16T17:18:31Z
Reva University,academics,faculty review,90RpeWr_OAI,"REVA University, Bangalore Review : Cutoff, Fees, Ranking, Courses",My College Buddy,2023-08-09T14:00:12Z
Reva University,academics,faculty review,AEToELJrU_k,TRUTH ABOUT REVA UNIVERSITY BANGALORE #bangalore #revauniversity #bangalorecollege,College Guruji,2024-11-23T10:20:13Z
Reva University,academics,faculty review,u1vxqKaWL7o,REVA University - Department of Psychology,REVA University,2024-03-18T04:10:07Z
Reva University,academics,faculty review,iSCG2UxfS_k,Faculty of Law | REVA University | Admissions Open,REVA University,2026-04-09T07:08:57Z
Reva University,academics,faculty review,VtMrMSJM2LE,Should You consider joining REVA UNIVERSITY?,Alemari Ganesha,2024-01-23T11:12:36Z
Reva University,academics,faculty review,Hlit6d5brqk,#reva #banglore #revauniversity #collegelife #peaceful #namma_college  #banglorebloggers,REVA UNIVERSITY ,2022-11-11T03:12:28Z
SASTRA University,academics,faculty review,OwwwKil4xgM,"Sastra University 2026 College Review | Honest Insights on Placements, Campus &amp; Academics",Prabhat Ranjan,2026-05-05T06:30:11Z
SASTRA University,academics,faculty review,0VXiw-6Rlcc,"All about Sastra University, Thanjavur✅✅#shorts #sastra #thanjavur #btech #engineeringcollege",Vedantu JEE Made Ejee,2024-05-13T15:30:00Z
SASTRA University,academics,faculty review,fHF9C5kdfaE,"sastra university admission, placements, fees, hostel fee. Sastra vs amritha, sastra vs vit, vs SRM",Manabadi Videos,2023-11-30T06:17:26Z
SASTRA University,academics,faculty review,ZF5p38BORRk,SASTRA University. 🎉💞⭐#explore #SASTRAUniversity #CampusTour #AcademicExcellence #CampusVibes,RV vlogs,2024-12-25T07:47:24Z
SASTRA University,academics,faculty review,L4cxbo7l9QA,Is SASTRA Law &amp; Engineering Worth It? 🤔 Students Reveal the Truth!,Suman Mpm,2026-05-02T11:52:06Z
SASTRA University,academics,faculty review,FsKRDBXWHF0,Top 5 Deeemed universities of tamilnadu #tamilnadu #vit #srm #sastra #sathyabama #amritha,Master Talks with Kishore ,2022-10-27T07:04:51Z
SASTRA University,academics,faculty review,w2dDXG9HDDE,SASTRA UNIVERSITY THANJAVUR Review | Placements? Courses,Edu9 Career Guidance,2024-03-20T14:45:07Z
SASTRA University,academics,faculty review,Q-r__2UOoE4,Top University in india | SASTRA UNIVERSITY 🤯,Career With Suman,2025-07-10T05:08:35Z
SASTRA University,academics,faculty review,XDmp2p3yVkQ,"SASTRA University Review ⋮ Admission Process 2024: Cutoff, Fees, Placements ⋮ The Rankers Vision",The Rankers Vision,2024-05-11T07:29:00Z
SASTRA University,academics,faculty review,zNFblaftmmo,SASTRA UNIVERSITY REVIEW 2023 | ADMISSION | ELIGIBILITY CRITERIA,CollegeTour,2023-04-14T12:16:25Z
Shiv Nadar University,academics,faculty review,VbblcjAib2k,Things I don&#39;t like about Shiv Nadar University,Shubham Kejriwal,2022-08-11T05:45:12Z
Shiv Nadar University,academics,faculty review,AU-TR0fw1hk,Don&#39;t Join SHIV NADAR University Right Now ! SNU Review,Ritik Meghwani,2026-02-17T07:00:07Z
Shiv Nadar University,academics,faculty review,022ZyFwqw2o,"Shiv Nadar University Worth It in 2026? 🤔 | Placements, Fees &amp; Honest Review✅",Boring Bing,2025-12-15T14:25:49Z
Shiv Nadar University,academics,faculty review,ebyiwYVEHDI,We are Trend 😂🔥 By Shiv Nadar University Chennai students #shorts #trending #ssncollege #shortsfeed,Mithuuu here,2024-04-07T12:23:26Z
Shiv Nadar University,academics,faculty review,vhPandIsgjc,Shiv Nadar University 🤐|#cuet #sat #college #jee #jeemains #12th #jeeadvanced #shivnadaruniversity,Tushar Singh,2025-01-04T05:07:11Z
Shiv Nadar University,academics,faculty review,GVW4oPSuIOs,Shiv Nadar University Noida Review | Better than VIT Vellore? 😱 | Admission Process 2025,MindCreed,2024-12-05T10:06:33Z
Shiv Nadar University,academics,faculty review,n9LZDJzPBs8,Explore Shiv Nadar University Noida:Tour of World-Class Infrastructure &amp; State-of-the-Art Facilities,Collegedunia,2025-09-18T17:01:09Z
Shiv Nadar University,academics,faculty review,FUaoTWas6Ok,SSN vs Shiv Nadar University Chennai 😱 Don’t Choose Before Watching | Real Student Reviews,Suman Mpm,2026-04-14T14:25:14Z
Shiv Nadar University,academics,faculty review,DikaUWrlzDc,Bennett vs shiv nadar University | which one is better?|#bennett #shivnadaruniversity #collegereview,Arnav Gupta,2023-05-20T14:14:15Z
Shiv Nadar University,academics,faculty review,_8ldv9jLOCI,"Shiv Nadar University Review 2026 🔥 Fees, Placements &amp; Real Truth!",vidhyaa.in,2026-04-16T15:00:59Z
FLAME University,academics,faculty review,lbI4w4yvL5o,Flame University College Review #collegeadmissions #flameuniversity #collegereview,Sandhya- College Review ,2025-04-05T11:25:35Z
FLAME University,academics,faculty review,-dYcpMNK09E,"Flame University Pune Exposed 🤬 Placements, Fees &amp; Honest Review!",Management Guy,2026-03-21T08:30:00Z
FLAME University,academics,faculty review,tBmU9iooGE8,Why MBA ? | Voices of FLAME Students | FLAME University Pune ,Cetking,2025-12-25T14:30:57Z
FLAME University,academics,faculty review,WmooLjEoOzE,Part 1 - Campus Insider FLAME University | Honest Review ft. Sanika Mate,IPMAT BBA Prep with IMS,2026-02-15T17:44:41Z
FLAME University,academics,faculty review,vnxhqBHHwvk,"All About FLAME University MBA Program | ft. Prof. Dinesh Shenoy, Dean", IMS CAT Prep,2023-11-29T04:44:17Z
FLAME University,academics,faculty review,xmzHIQImRgY,"Flame University Pune Student Experience | Hookups, Party, Drugs, crowd, placements",Harshit Chauhan,2024-03-25T06:20:00Z
FLAME University,academics,faculty review,4xgTjJE75Pw,"FLAME University Pune Review | Programs, Admissions, Fees, Placements, ROI",Shiksha Nerd,2025-11-04T12:30:10Z
FLAME University,academics,faculty review,6UYW_gMKkik,"FLAME University MBA/PG Programs | MBA, M.Sc. (Eco), &amp; PGPEI | Curriculum, Placements, ROI &amp; More",2IIM CAT Preparation,2025-11-18T14:13:00Z
FLAME University,academics,faculty review,SxuNpKy-ZRo,Introduction to FLAME University’s Doctoral Program,FLAME University,2024-04-12T09:07:14Z
MIT World Peace University,academics,faculty review,fkbs51FRHMw,"MIT World Peace University Pune MBA Review | Fees, Placement, ROI &amp; Admission Reality – Must Watch!",Everything For MBA,2025-12-28T15:01:14Z
MIT World Peace University,academics,faculty review,xhTp55-rd8c,"MIT WPU is amazing 😍 Placements, Fees &amp; BTech CSE Honest Review!",Boring Bing,2025-05-11T14:40:17Z
MIT World Peace University,academics,faculty review,nssU9ahh90M,"Is MIT-WPU Pune Worth? Honest Review: ROI, Hostels &amp;  Admission",College Review Unfiltered,2025-01-08T07:43:51Z
MIT World Peace University,academics,faculty review,h3cnqWvpd6k,MIT-WPU RSOL Students Achieve Career Milestone with Deloitte Placements,MIT World Peace University,2025-09-22T06:41:54Z
MIT World Peace University,academics,faculty review,delJRre6fX0,MIT WPU Pune Review 2026 | Honest Student Review | Is It Worth It❓| Placement &amp; ROI Analysis,College Samadhan,2026-02-25T11:26:25Z
MIT World Peace University,academics,faculty review,gXUyrkbtzsQ,"MIT World Peace University Pune BTech Review | Eligibility Criteria | Admission, Fees &amp; Placements",Collegehike Jee,2026-03-13T13:30:48Z
MIT World Peace University,academics,faculty review,mIkFzuYRyiY,Mit - Wpu Engineering review by 4th year student| Mit Kothrud engineering review by student|,18UP - Careers,2025-05-16T06:37:20Z
MIT World Peace University,academics,faculty review,VlMBXf9NVuc,MIT Life 🥲 From Hate to Love at First Sights #shorts #college #mitwpu #mhtcet #pune #class12 #cet,CONCEPT SIMPLIFIED ,2024-09-04T04:18:30Z
MIT World Peace University,academics,faculty review,bLOi1-03Vxw,MIT PUNE COLLEGE REVIEW 🔥 PLACEMENT RECORD 😱 #college #iit #mitpune #iitbombay #VED,ScholarlySteps,2025-08-03T12:18:33Z
MIT World Peace University,academics,faculty review,6TtZOuXZCTM,"MIT WPU Pune 2026 Review: Admissions, Fees &amp; Placements | Campus Life &amp; Cutoff Insights",The Rankers Vision,2024-05-27T08:22:03Z
ICFAI University,academics,faculty review,BFH5F8RMVcU,"ICFAI UNIVERSITY, Dehradun Exposed | BA+LLB (5 Year Program) | ICFAI UNIVERSITY, Dehradun - Review",Collegedekho with Hritik,2023-10-14T14:30:11Z
ICFAI University,academics,faculty review,c9OWAB3-ohc,"ICFAI University Jharkhand Law College Review 2025 | Admission, Fees &amp; Placements | BALLB | LLB |",LAW Studentkhabri,2025-09-14T07:30:17Z
ICFAI University,academics,faculty review,3rSUsxDC1io,This guy exposed the truth of ICFAI University Tripura!,DebangshuKiBaate,2025-02-07T12:30:03Z
ICFAI University,academics,faculty review,kCbMBl3iKxI,ICFAI University - Reviews by BBA and BCA students,Ram Jain,2015-02-20T12:51:26Z
ICFAI University,academics,faculty review,poAuAn04xwU,ICFAI UNIVERSITY Distance MBA | FEES| Placement #icfai #mba #shorts,CollegeTour,2021-10-04T12:18:52Z
ICFAI University,academics,faculty review,kqOLk5S1yN8,"ICFAI Business School (IBS) All Campuses Review 2024 | Courses, Fees, Placements &amp; Faculty Details",College Review Unfiltered,2024-10-06T10:13:35Z
ICFAI University,academics,faculty review,IEMhmEj92YM,ICFAI University Tripura Review 2026 | BTech CSE Honest Review After 2 Years | Worth It or Not?,Deepjoy Bhowmik vlogs,2026-06-09T13:00:10Z
ICFAI University,academics,faculty review,fbIJM_PIdfQ,College Review: ICFAI Business School Hyderabad | Commerce College,CareerGuide.com,2021-05-29T09:31:47Z
ICFAI University,academics,faculty review,yJDST6EwRvg,"ICFAI UNIVERSITY, Dehradun - Reality",Collegedekho with Hritik,2023-09-25T18:23:28Z
Parul University,academics,faculty review,ELmMjZjHwEQ,Parul university reality 😩😱|| Minivlog-82 || #shorts #college #tranding,JI PANDEY JI,2024-05-05T03:30:08Z
Parul University,academics,faculty review,Pk45h-TJ-uU,Is Parul University a Scam? 🤬 Honest BTech CSE Review 2026 ✅ Fees vs Placements!,Boring Bing,2024-11-24T12:30:19Z
Parul University,academics,faculty review,FVnl5D1yeeY,Parul University reality | hostel Tour| Attendance | placement’s |personal review,CrazyPY,2025-06-23T06:20:08Z
Parul University,academics,faculty review,XQm2h2MC6UI,✅ Parul University Vadodara Review | Parul University Reality | Should You Join..?,The Rankers Vision,2023-06-20T05:30:06Z
Parul University,academics,faculty review,wTJ5T3-isKc,Parul University Review 2026 — Honest &amp; Detailed Campus Experience,Prabhat Ranjan,2026-01-28T06:30:35Z
Parul University,academics,faculty review,EI-Q_M840Q4,Parul university review😡|| Minivlog-84 || #shorts #college #tranding,JI PANDEY JI,2024-05-23T11:49:00Z
Parul University,academics,faculty review,OuH0OEwLSMs,"Parul University Vadodara Latest Placements: Highest Package, Average Package, Top Recruiters",Collegedunia,2025-08-10T12:56:00Z
Parul University,academics,faculty review,eHwvOFK5ics,Is Parul University a Scam? 🤬 Honest BTech CSE Review 2025 | Fees vs Placements Exposed!,Sahil Panwar ,2025-05-09T06:30:20Z
Parul University,academics,faculty review,p3rVOlNVjdY,"Parul University Review: Placements, Courses, Fees, Ranking",shiksha.com,2023-02-21T12:30:32Z
Parul University,academics,faculty review,BsN9tjO9Wus,Parul University!Faculty of Design School #student #review #topuniversity #india,traveler bird,2024-05-19T03:24:15Z
Chitkara University,academics,faculty review,8hEFLQ6s3Bc,The Dark Side of Chitkara University Exposed 😱 | Chitkara university reviews #shorts,Crazee reviews,2024-05-20T11:40:29Z
Chitkara University,academics,faculty review,mgCNg9nXJZE,Chitkara University mai itni hoti hai placement | Standup Comedy,LaughWithShivansh,2023-08-02T17:40:06Z
Chitkara University,academics,faculty review,Vz6H3rTIO7s,Chitkara Culinary Arts Student Shares Her Global Hospitality Internship Journey,Chitkara University,2025-07-29T09:51:48Z
Chitkara University,academics,faculty review,pJD1H5yV72M,"Chitkara University Honest Review 2026 | Campus, Placements &amp; Student Life",Prabhat Ranjan,2026-03-07T06:30:18Z
Chitkara University,academics,faculty review,H_Adkt_7oes,"Chitkara University BBA Reality Check | Fees, Campus &amp; Career Scope",Everything For BBA,2026-04-06T11:30:14Z
Chitkara University,academics,faculty review,6sc0EbD10Eg,"In Conversation with Students at Chitkara University, Chandigarh",Ashneer Grover,2023-09-12T15:30:49Z
Chitkara University,academics,faculty review,iaDZuXElF60,Chitkara University...an Honest Review😡 Worth it in 2026?🤔,Boring Bing,2024-08-10T13:30:31Z
Chitkara University,academics,faculty review,JJe-H3v1N-s,"Chitkara University Better than LPU &amp; CU? 😳 Honest Review | Placements, Fees, Campus Reality✅",Boring Bing,2025-06-17T15:11:43Z
Chitkara University,academics,faculty review,rqE33yauDNQ,Living the Chitkara life!✨🕊️ #ytshorts #collegedays #chitkarauniversity #relatable,Manya Khurana,2025-04-09T12:00:24Z
Chitkara University,academics,faculty review,9mjNmltXCYE,Exploring the world of justice at Chitkara Law School!  #ChitkaraLawSchool,Chitkara University,2023-09-26T10:12:42Z
Alliance University,academics,faculty review,_K-spIaUwrg,Alliance University - Real Student&#39;s Review - Watch before you Join,Kavach Khanna,2024-01-17T07:34:09Z
Alliance University,academics,faculty review,nfsqeDEv78g,Alliance University BTech Complete Review | Scholarship | Admission Process &amp; Placement | JEE Cutoff,Mantasha Saifi,2026-04-07T12:54:06Z
Alliance University,academics,faculty review,lLUe1mXqWYo,"Alliance University Bangalore MBA Review 2026 | Fees, Placement, ROI &amp; Admission Reality–Must Watch!",Everything For MBA,2025-12-18T15:01:32Z
Alliance University,academics,faculty review,AgRpsBV0EUU,"Alliance University MBA 2026 Full Info | Fees, Hostel, Scholarship, Admission, Placements",Shiksha Nerd,2026-01-26T12:30:24Z
Alliance University,academics,faculty review,bDFU0bfermE,"LL.B  at Alliance University 2026 | Admission Process, Fees, Placements &amp; Honest Review",Management Bing,2026-01-05T12:01:23Z
Alliance University,academics,faculty review,nU_6sVxY4MU,Alliance University - Faculty of Engineering Bangalore | Complete Review 2026,Campus Wala,2026-05-22T05:30:31Z
Alliance University,academics,faculty review,dzpXIZwuk08,ALLIANCE UNIVERSITY🏛️.                        #bengaluru #alliance,Lucky,2023-09-28T15:23:26Z
Alliance University,academics,faculty review,ZUyXBK4m_Rg,Alliance University for MBA ✅ | Worth it in 2025? 🤔 Honest Review!,Management Guy,2024-12-19T13:04:39Z
Alliance University,academics,faculty review,QernHhAWeeA,"Alliance University Bangalore Review : Courses, Fees, Ranking, Placements",shiksha.com,2023-02-09T08:30:05Z
Alliance University,academics,faculty review,Y3PYKQnN8GU,"Alliance University Honest College Review | Campus, Placements, Academics &amp; Student Life",Prabhat Ranjan,2026-03-22T06:30:24Z
IIIT Hyderabad,academics,faculty review,aj_WyzR2arc,IIIT Hyderabad Freshers&#39; Introduction 2022 | Decore | Felicity&#39;23,"Felicity, IIIT Hyderabad",2023-01-25T14:30:10Z
IIIT Hyderabad,academics,faculty review,379s_WzePts,"IIIT Hyderabad | Research, Academics and Innovation",IIIT Hyderabad,2016-03-08T16:49:00Z
IIIT Hyderabad,academics,faculty review,7dIB5D_wmPI,"All About IIIT Hyderabad | Admission, Life &amp; Beyond! | Abhirup M.Tech (CSE) IIIT Hyderabad",GO Classes for GATE CS,2025-04-16T11:30:06Z
IIIT Hyderabad,academics,faculty review,mO2y97OBcKU,RESEARCH POINT OF VIEW లో IIIT HYDERABAD TOP 5 IN THE COUNTRY | Dr Satish | prime9 Education,Prime9 Education,2023-06-08T06:55:25Z
IIIT Hyderabad,academics,faculty review,8lF7uBJda70,IIIT Hyderabad Review in 1 minute #shorts,shiksha.com,2023-04-29T03:30:02Z
IIIT Hyderabad,academics,faculty review,nk2uQvBvPmk,"IIIT Hyderabad Student Life EXPOSED! 🎙️ Hostel Struggles, DSA Grind &amp; Real Placements | Podcast",VectorX Academy,2025-06-21T15:18:13Z
IIIT Hyderabad,academics,faculty review,aL_QJtMv8PI,IIIT Hyderabad College Review 2025 : Truth About Placements &amp; Campus Life,Prabhat Ranjan,2025-11-07T06:30:01Z
IIIT Hyderabad,academics,faculty review,voiKbnAlXpw,Secret Way to get into IIIT Hyderabad😱😱#jee2025 #jee #ugee #iiithyderabad #iiit #hyderabad,Vedantu JEE Made Ejee,2024-12-03T03:30:26Z
IIIT Hyderabad,academics,faculty review,RKmcqK5_FQk,IIIT Hyderabad Review in One Minute 🔥 #shorts #iiitmotivation #iiithyderabad,Ritik Meghwani,2022-07-09T15:30:13Z
IIIT Hyderabad,academics,faculty review,f1BSqGvoN5E,IIIT Hyderabad CSE vs Top NITs CSE – Which One to Choose? #jeemains #iitjee,Nishant Jindal [IIT Delhi],2025-02-02T14:31:03Z
IIIT Bangalore,academics,faculty review,MkhKbaja7gg,Graduation Ceremony 2023 Batch | Priyanka Bhaduria #trendingshorts #iiitb #iiitbangalore #graduation,Priyanka & Rishabh Vlogs,2023-11-02T17:01:02Z
IIIT Bangalore,academics,faculty review,eyPGnIkoL4s,IIIT BANGALORE Review|Placement Details|Highest Salary 65 LPA #iiit #iiitbangalore #iitmotivation,UKV TAMILA,2024-06-03T02:30:22Z
IIIT Bangalore,academics,faculty review,dMN7wsDLks4,IIIT -Bangalore కొత్తగా Start చేసిన B.Tech Courses {Golden Opportunity} | Prime9 Education,Prime9 Education,2024-05-22T13:26:56Z
IIIT Bangalore,academics,faculty review,XFgAgJ3fLk8,Why Choose B.Tech. &amp; M.Tech in AI&amp;DS at IIIT-Bangalore? Insights from HoD Prof. Dinesh Babu Jayagopi,IIIT-Bangalore,2025-03-06T07:35:58Z
IIIT Bangalore,academics,faculty review,aMSp_s66ErI,IIIT Bangalore college review 2025 : Truth About Placements &amp; Campus  Life,Prabhat Ranjan,2025-11-09T06:30:00Z
IIIT Bangalore,academics,faculty review,Ctu8lJd6490,IIIT Bangalore is Government or Private ?,CareerKul,2026-06-04T14:00:00Z
IIIT Bangalore,academics,faculty review,Wop29MU9FII,"IIIT- Bangalore లో కొత్త మార్పులు ( B.Tech, Integrated M.Tech ) -Admissions- 2025 | Prime9 Education",Prime9 Education,2025-06-02T16:32:21Z
IIIT Bangalore,academics,faculty review,W5idbqypnL8,IIIT BANGALORE College Review 2021 🔥| Better than NIT Trichy ? | Placement | Cutoff | Campus life 😍,Ritik Meghwani,2021-02-08T06:30:12Z
IIIT Bangalore,academics,faculty review,S83aCgXBluc,IIIT Bangalore Complete Review | Placements | Hostel | Mess | Curriculum | Maitri Trivedi,Mansi Somani,2025-05-18T12:10:15Z
IIIT Bangalore,academics,faculty review,F_-25Qm39_w,IIIT Bangalore M.S ECE Honest Review | Best opportunities Without Gate | MS vs MTech#gate #ms #mtech,IITian Akhil jha,2024-05-06T03:30:08Z
IIIT Delhi,academics,faculty review,17ISx8YraR4,IIIT Delhi College Review in 60 Seconds 🔥 | #shorts #iiitd #jee,Mahatva Kaushik,2025-05-29T11:52:13Z
IIIT Delhi,academics,faculty review,n46-KTF7F3A,IIIT Delhi Honest College Review #iiit #iiitdelhi #engineering #iitjee #college #iitmotivation #jee,Kampus Katha,2024-10-03T12:53:26Z
IIIT Delhi,academics,faculty review,Lu-QLpaUDP0,"IIIT Delhi Honest College Review 2025🔥 | Placements,Fees, Workload,Admission Process #iiitd #jee2025",Harshit Thriving,2025-05-24T10:35:46Z
IIIT Delhi,academics,faculty review,8oo5F1Y2uYQ,IIIT Delhi MTech. CSE Course fees,Amit Raj,2024-02-17T18:13:41Z
IIIT Delhi,academics,faculty review,mrTTNNCVMZ8,"IIIT Delhi College Review 2026: Better than DTU, NSUT, Reality of Coding Culture, Placement &amp; Cutoff",Education Side,2026-03-14T14:40:55Z
IIIT Delhi,academics,faculty review,6IgFZ1B7WkI,IIIT Delhi College Review 2025: Truth About Placements &amp; Campus Life,Prabhat Ranjan,2025-11-08T06:30:03Z
IIIT Delhi,academics,faculty review,lOclDL2NAVY,IIITD Complete Admission Process | with gate and without gate Both #mtech #iiitd #gate2023,Pradeep Kumar IIITD,2023-03-17T03:14:48Z
IIIT Delhi,academics,faculty review,6SiIHwp6DVk,IIIT Hyderabad vs IIIT Delhi vs IIIT Bangalore: Key Differences &amp; Career Opportunities! 🚀 #shorts,GeeksforGeeks GATE,2025-03-01T14:00:07Z
IIIT Delhi,academics,faculty review,b5bVkbVzou4,MOST LUXURIOUS COLLEGE 😱 in Delhi | JEE MAINS 2025 CUET #jeeadvanced #pw #iit IIIT Delhi review 2025,Bout Creation,2025-03-20T13:14:25Z
IIIT Delhi,academics,faculty review,K3nFR2MGZHE,IIIT DELHI ALL BRANCH EXPLAIN .FT. Pradeep kumar | Pradeep Kumar IIITD | BRANCH at IIITD | ECE,Pradeep Kumar IIITD,2021-10-24T08:34:56Z
IIIT Allahabad,academics,faculty review,CR9P6rM0H9o,IIIT Allahabad College Review | In Short,Apna College,2023-03-15T06:24:50Z
IIIT Allahabad,academics,faculty review,I7ChGT58zSs,IIIT Allahabad: The Truth! | IIT JEE,GuptaJi,2024-05-29T06:57:06Z
IIIT Allahabad,academics,faculty review,QsgmvoR8K_0,IIIT Allahabad CSE or 2nd Gen IITs - Where to Go?? #iitjee #jeemains,Nishant Jindal [IIT Delhi],2025-02-04T14:30:11Z
IIIT Allahabad,academics,faculty review,uuRQa_C-8DM,"MBA From IIIT ALLAHABAD ➡️ All About CAT/CMAT Cutoff , Average Package , Campus , Total Fees  , ROI",MBA with Arshi Khan,2025-02-28T15:30:23Z
IIIT Allahabad,academics,faculty review,elNSn5oX0O0,"💥 All About IIIT Allahabad 2025 | Fees, Ranking, Placement &amp; Admission Process! #IIIT",Careers360,2025-06-06T08:05:46Z
IIIT Allahabad,academics,faculty review,Ha0lIJF9ct8,"Life at IIIT Allahabad – Reality of Placements, Coding &amp; Hostel Life | Campus Podcast",College Insider ,2026-02-15T02:59:29Z
IIIT Allahabad,academics,faculty review,7Knwf20lnoE,IIIT Allahabad college review 2025 : Truth About Placements &amp; Campus  Life,Prabhat Ranjan,2025-11-11T06:30:03Z
IIIT Allahabad,academics,faculty review,GKhVFb4GHCQ,IIIT Allahabad Review in One minute 🔥  #shorts #iiit #iit #jeemains2022 #iitmotivation,Ritik Meghwani,2022-08-04T16:30:11Z
IIIT Allahabad,academics,faculty review,OGGmB5yllxg,"IIIT Allahabad (IIITA) BTech Review | Fees, Admission, Placements, Cutoff",shiksha.com,2024-09-26T11:36:30Z
IIIT Allahabad,academics,faculty review,61d6YYPtXjA,IIIT Allahabad College Review 2026😍 | Better than NIT ?😁 | Fees | Placements | Sports | NIT Delhi,TRI-PATH ACADEMY,2025-11-27T07:19:15Z
IIIT Gwalior,academics,faculty review,PWDoaXxqvjY,IIITM Gwalior (ABV IIITM) : B.Tech Program Review,shiksha.com,2024-07-04T06:17:51Z
IIIT Gwalior,academics,faculty review,GieqV7Hbm-g,"IIITM Gwalior: The Real Story of Placements, Academics &amp; Campus Life Students Don’t Tell You 🎓",Collegedunia,2026-01-13T15:12:10Z
IIIT Gwalior,academics,faculty review,rcpVVr-9vrQ,Everything u need to know about IIITM Gwalior #viral #shorts #college #iit #jee #josaa #shortsvideo,igouravi_,2024-07-10T11:57:13Z
IIIT Gwalior,academics,faculty review,VmSYge-JEJw,IIIT Gwalior Expected Cutoff &amp; Placement #engineeringcollege #education #btech #CSE #viralvideo #JEE,Admission Counseling,2026-02-11T12:45:05Z
IIIT Gwalior,academics,faculty review,pMTWV2DIlho,IIITM Gwalior: Everything You Need to Know 😃 #jee #jeemains #jeeadvanced #shorts #education #iit,Vedantu JEE Made Ejee,2025-03-11T07:31:31Z
IIIT Gwalior,academics,faculty review,D1dfNZFROhY,IIIT HOSTEL ROOM TOUR | IIITM GWALIOR | COST? | DO AND DONTS,Raghav Bagdi,2025-06-23T08:06:19Z
IIIT Gwalior,academics,faculty review,1uVpLcmTbA4,IIIT Gwalior: Last 3 years Cutoff Comparison for MTech Courses,shiksha.com,2024-09-19T10:41:26Z
IIIT Gwalior,academics,faculty review,1Kq61HfGKWQ,India&#39;s Union minister Jyotiraditya Scindia in IIIT GWALIOR,Ayush Saxena,2025-01-25T10:06:11Z
IIIT Gwalior,academics,faculty review,A1VWpJkOHYw,IIITM Gwalior college review 2025 : Truth About Placements &amp; Campus  Life,Prabhat Ranjan,2025-11-10T08:30:09Z
IIIT Gwalior,academics,faculty review,Q1ZoWE0T3Pw,IIIT Gwalior CAMPUS TOUR  IIIT Gwalior CUT OFF COLLEGE REVIEW PLACEMENTS #jeemain #josaa #iiit IIT,Rajesh Pandita,2023-03-23T05:27:20Z
IIIT Lucknow,academics,faculty review,V4yPOzn53Bk,Indian Institute Of Information Technology (IIIT) Lucknow Review. #iiitlucknow #collegetour #iiit,CollegeTour,2022-06-28T10:30:54Z
IIIT Lucknow,academics,faculty review,CDPfPGX4k8o,IIIT Lucknow Review | IIIT Lucknow college Review | Placements | IIIT Lucknow Campus Review,The Insights Room ,2024-09-15T03:30:05Z
IIIT Lucknow,academics,faculty review,BcZjNkB3UEc,"IIIT Lucknow Review 2025 | Placement, ROI &amp; Reality – By Harsh Sir 🚀 #placementreview #nitie #mits",Study shorts,2025-10-30T05:43:55Z
IIIT Lucknow,academics,faculty review,NV3WGiJN45A,💻 CSE Department at IIIT Lucknow | Student Review #LCC #cse #iiit #trending #engineering #lucknow,Shiksha Engineering,2025-08-29T13:00:47Z
IIIT Lucknow,academics,faculty review,6NhIsgxVGMs,Games(boys) in IIIT Lucknow #apnacollage,Universe Ahead,2022-09-29T06:06:42Z
IIIT Lucknow,academics,faculty review,UP3mI-K13ig,IIIT Lucknow Review ❤️|  Unbelievable Placements 😱| Cutoff | Hostel | Fest | College Review 2021|,Ritik Meghwani,2021-02-27T12:30:03Z
IIIT Lucknow,academics,faculty review,ejqmefrh8gk,"The REAL IIIT Lucknow MBA Experience: Placements, Life, and Advice for Freshers",Harshita,2026-06-07T06:20:13Z
IIIT Lucknow,academics,faculty review,F3RbAx7PA9k,"IIIT Lucknow Dark Side 2026 😳 | Placement, Pressure &amp; Reality Check⚠️ All Category Cutoff #iiit ",AC Study Centre,2026-05-25T08:57:51Z
IIIT Lucknow,academics,faculty review,fNJn4hxcT8E,IIIT Lucknow Review in One Minute 🔥 #shorts #iiitmotivation #iiitlucknow,Ritik Meghwani,2022-08-23T14:41:47Z
IIIT Lucknow,academics,faculty review,cXBZmoeLojg,🌟 Campus Life at IIIT Lucknow | Student Experience #LCC #campuslife #fun #studentlife  #trending,shiksha.com,2025-08-29T15:30:33Z
IIIT Jabalpur,academics,faculty review,Z3PwqWpUqQc,Biryani in IIIT Jabalpur 🍛#studentlife #iiit #hostellife #studyvlog #collegelife #dailyvlog #shorts,Apana Safar ,2025-10-08T14:15:52Z
IIIT Jabalpur,academics,faculty review,rujr7Jc7VbY,"IIIT Kanchepuram Vs IIIT Jabalpur Which Is Better? Average Package, Fee Structure, Highest Placement",Ujjwal Kumar Sen Clips,2023-01-05T14:07:49Z
IIIT Jabalpur,academics,faculty review,86QdoznxjsI,IIITDM Jabalpur College Review : Truth About Placements &amp; Campus  Life,Prabhat Ranjan,2025-11-12T06:30:12Z
IIIT Jabalpur,academics,faculty review,6jumeKIy3Ss,IIIT Jabalpur #careeradvice #careercounseling #careerguidance #job #jobsearch  #jeemains,CareerKul,2025-02-27T17:40:29Z
IIIT Jabalpur,academics,faculty review,AC-wVO47-zs,IIIT jabalpur|Faculty|BITSvsTHAPARvsLNMIIT|Career Counselling in Lucknow,CareerKul,2020-02-28T11:45:00Z
IIIT Jabalpur,academics,faculty review,xbwiu6V1evk,IIITDM Jabalpur 🔥 Highest CTC Upto 44 Lakhs🤩💪 #PWShorts #PhysicsWallah,JEE Wallah,2023-04-21T13:30:24Z
IIIT Jabalpur,academics,faculty review,zNglH4r4ZjY,Lecture Hall and Tutorial Complex IIITDM Jabalpur | #iiitdmj #shorts,Bhavik Agarwal,2022-08-11T16:30:09Z
IIIT Jabalpur,academics,faculty review,SrWULIuNrxs,IIITDM Jabalpur | Electronics &amp; Communication ECE Review | Campus | Rajat Kumar | HAT26 AJP Official,AJP Official,2026-03-02T16:58:42Z
IIIT Jabalpur,academics,faculty review,k2c7jLi3eXA,"IIITDM Jabalpur Full Review 2026 🔥 | Placement, Cutoff, Fees, Campus Reality 😱 (Honest Review)",Career Margdharshan ,2026-03-28T09:30:15Z
IIIT Jabalpur,academics,faculty review,WFMXlNIV4fk,"IIIT Jabalpur Vs IIIT Lucknow Which is Better? Average Package, Fee Structure, Highest Placement",Ujjwal Kumar Sen Clips,2022-12-25T04:00:08Z
IIIT Kottayam,academics,faculty review,sG6fEErbAHs,IIIT Kottayam in the Monsoon! God&#39;s Own Country | Kerala | IIITK Campus #iiitkottayam #iiit,SANJAY ,2023-07-03T14:59:23Z
IIIT Kottayam,academics,faculty review,jNvAFBf2uhI,IIIT Kottayam: Last 3 years Cutoff Comparison for Top BTech Courses,shiksha.com,2024-09-19T10:52:00Z
IIIT Kottayam,academics,faculty review,QfT5MqrkZfw,IIIT കോട്ടയം: അറിയേണ്ടതെല്ലാം 📌 | Everything about IIIT Kottayam #iiit #iiitkottayam,XandY Learning,2025-05-15T13:30:18Z
IIIT Kottayam,academics,faculty review,_z12ehL-4YM,"IIIT Kottayam Review : Ranking, Fees, Courses, Admission 2024, Placements",shiksha.com,2024-04-02T11:54:27Z
IIIT Kottayam,academics,faculty review,8ruQKW0_LXo,"IIIT Kottayam Honest Review 2026 | Placements, Fees, Hostel Reality &amp; Cutoffs 🔴",ItsHarsha,2026-06-01T06:30:10Z
IIIT Kottayam,academics,faculty review,XMqq5PvUXBU,IIIT Kottayam- కొట్టాయం  Rank🆚 category cutoff  || Jee Mains 2023,Dr TCS Career Guidance and Counseling ,2023-05-24T02:30:11Z
IIIT Kottayam,academics,faculty review,W70zI4vHDD0,IIIT Kottayam #iiitkottayam #iiit,SANJAY ,2025-01-14T20:16:48Z
IIIT Kottayam,academics,faculty review,5nsscKDbMUE,IIIT Kottayam Comparison,shiksha.com,2024-11-27T07:18:24Z
IIIT Kottayam,academics,faculty review,C9II4sy03f8,IIIT Kottayam I Value for money ? I From the perspective of a father and son I NIRANJAN,Brilliant Pala - JEE Main & Adv,2025-06-01T16:05:17Z
IIIT Kottayam,academics,faculty review,Pylh0Bo2tCw,IIIT north vs IIIT south ?,CareerKul,2022-06-02T08:14:03Z
BITS Pilani,academics,faculty review,s7dRJ7joVqI,IIT vs BITS Pilani 🏫 which one is better ? #iit #jee #bitspilani #bitsat,CareerGuide.com,2025-06-21T07:19:09Z
BITS Pilani,academics,faculty review,uXn85kgphuA,BITS Pilani College Review | In Short,Apna College,2023-02-11T14:56:02Z
BITS Pilani,academics,faculty review,DxjNsnIpYMc,😱BITS Pilani better than IIT Bombay? Joining BITS Pilani Worth it? 😍 BITSAT 2024 #shorts #iitbombay,Harshal [BITS Pilani] - 10Q Challenge,2024-04-24T11:50:19Z
BITS Pilani,academics,faculty review,d76A4bnJ3Vk,Assistant professor job @ BITS Pilani | Interview experience| Panel |difficulty level| Manjesh,Anilam Academy,2023-09-27T16:13:36Z
BITS Pilani,academics,faculty review,XaPttHaJwM4,BITS Pilani Comparison,shiksha.com,2024-08-27T05:25:58Z
BITS Pilani,academics,faculty review,VItqaivC_7E,BITS Pilani ka ASLI SACH!!🔥| Worth it in 2025?😱,Yash Garg,2025-05-03T11:30:23Z
BITS Pilani,academics,faculty review,ymwsSSZLITo,"BITS Pilani College Review 🔥 | Reality, Placements, Fees &amp; Campus Life (Must Watch!) Fees, Hostel",The Pharma World,2026-03-17T08:47:41Z
BITS Pilani,academics,faculty review,wH0kUsg4aIo,Reality Of BITS Pilani 😱 #iitbombay #iitdelhi #commerce #iimahmedabad #bitspilani #jee #cat#Ca,Keshavvv,2023-10-07T01:30:22Z
BITS Pilani,academics,faculty review,dIbg6EgMRy4,"BITS - PILANI, GOA, HYDERABAD College Review 2026 | Placement, Fees, Campus, Reality Check 🔥",Prabhat Ranjan,2025-12-30T06:30:20Z
BITS Pilani,academics,faculty review,JPe_NUJvl_o,What inside Hostel Rooms at BITS PILANI ?? #bitspilani #bitspilanihostel #bitsat2025 #bitshyderabad,Ankit-BITS PILANI,2025-01-18T10:30:09Z
BITS Goa,academics,faculty review,bCBzWIe4nFU,5 Worst Things about BITS Pilani,Achyut Madhira,2024-11-24T04:00:23Z
BITS Goa,academics,faculty review,xtuv5_slIsI,"HONEST REALITY OF ELECTRICAL ENGINEERING ft.final year ECE student from BITS Pilani,Goa.", BITS To Bytes,2023-06-21T05:45:10Z
BITS Goa,academics,faculty review,V_BzKHL7amE,Beauty of BITS Pilani Goa Campus ❤️ #bitsians #iit #motivation,Somrat Dutta,2024-03-31T14:08:34Z
BITS Goa,academics,faculty review,IovunrI-jrE,"BITS Goa BE Review | Fees, Admission, Placements, Cutoff",shiksha.com,2024-08-29T12:01:36Z
BITS Goa,academics,faculty review,RPqyadRZqUI,BITS Goa ka Asli Sach!😂 #shorts| Yash Garg,Yash Garg,2021-01-27T13:42:19Z
BITS Goa,academics,faculty review,rSl6macvPtY,Bits Goa College Review🔥 | All about BITS PILANI GOA,Pratham Jiwnani,2023-07-05T14:32:13Z
BITS Goa,academics,faculty review,dG535tld1IQ,"BITS Pilani BTech CSE Honest Review 🤯 | Pilani vs Goa vs Hyderabad | Fees, JEE Cutoff &amp; Placement",Mantasha Saifi,2026-04-03T12:44:47Z
BITS Hyderabad,academics,faculty review,n3bDPbHMM8A,"Faculty Accommodation, BITS-Pilani Hyderabad Campus",Aki&Roy,2023-04-19T15:09:07Z
BITS Hyderabad,academics,faculty review,JwWSLluO55k,Ankur Warikoo Reveals The Reality of BITS Pilani #shorts #bitspilani @warikoo,Yatharth Gairola,2023-06-14T09:03:21Z
BITS Hyderabad,academics,faculty review,CnX1WvJG_H0,BITS Pilani vs BITS Goa vs BITS Hyderabad,shiksha.com,2024-10-25T10:16:44Z
BITS Hyderabad,academics,faculty review,7ablzgmaUyY,A day in our life at BITS || college fun||BITS HYD 🤧,Gaurangg Moonndra,2024-11-17T12:43:54Z
BITS Hyderabad,academics,faculty review,QMTOTGGbTgk,1000 Rs challenge : BITS Hyd Edition #shorts #physics #college,Ajay Decodes,2024-02-23T03:52:00Z
BITS Hyderabad,academics,faculty review,5MunwsCyBdo,BITS Hyderabad Beautiful Campus Life😍 BITS Pilani Motivation🔥 BITSAT 2023 Exam |BITSAT 1st attempt,Harshal [BITS Pilani] - 10Q Challenge,2023-05-09T15:19:59Z
BITS Hyderabad,academics,faculty review,aNegHxJw_yQ,BITS Pilani Hyderabad Integrated MSc Review,shiksha.com,2024-12-04T11:25:31Z
BITS Hyderabad,academics,faculty review,kAMvMTNgjfI,Bits Hyderabad College Review 🤩 | All About BITS PILANI HYDERABAD,Pratham Jiwnani,2023-07-13T12:05:13Z
DTU Delhi,academics,faculty review,7x9tD3p9JK4,"DTU vs NIT Delhi: Which is better? Compare Ranking, Courses, Salary, Campus, Alumni #dtu #nitdelhi",shiksha.com,2025-07-22T10:55:10Z
DTU Delhi,academics,faculty review,8coNOZ6hCKs,Why DTU? Hidden Power of Delhi Technological University! 💥 #harshsir #dtu #studentlife #VED #shorts,StudyChampion,2025-07-28T14:20:02Z
DTU Delhi,academics,faculty review,gVdAieKpK-c,DTU Convocation&#39;23 | #dtu #engineering,Aditi and Anoushka,2023-11-21T05:16:18Z
DTU Delhi,academics,faculty review,aVh8VGP1ZLk,Delhi Technological University Review #delhitechnologicaluniversity #dtu #dtu2022 #collegetour,CollegeTour,2022-05-24T10:01:33Z
DTU Delhi,academics,faculty review,KbIi_0T-FDY,Everything About Delhi Technical University in 1 Minute😍😍 #shorts #jee2024 #dtu #dtucutoff #jeeprep,Vedantu JEE Made Ejee,2023-12-06T03:30:05Z
DTU Delhi,academics,faculty review,mT3eepWnzTY,#dtu #delhi #technology #university #campus #classroom #class #lecture #campuslife #dtugaming,Nomadic naksh,2023-08-07T14:06:44Z
DTU Delhi,academics,faculty review,c4eIe6XK_CM,DTU campus at 7 AM ❤️ | #dtu #engineering #collegelife,Aditi and Anoushka,2023-03-05T11:49:31Z
DTU Delhi,academics,faculty review,rvpe66XjDEU,DTU College Review in 60 Seconds 🔥 | What JEE Rankers Should Know! #shorts #dtu,Mahatva Kaushik,2025-05-27T14:01:24Z
DTU Delhi,academics,faculty review,jxwELBx4Q60,DTU MSc Maths Student Review | Worth It or Not? 🤔 #dtu #cuetpg #addmission,Suryapratik Unfiltered,2026-05-27T06:00:00Z
NSUT Delhi,academics,faculty review,lVaRk-wZ6AU,Inside NSUT Delhi 🏫 | Honest Campus Tour &amp; Engineering College Review #engineering, Dekho_College ,2026-04-13T11:30:06Z
NSUT Delhi,academics,faculty review,sRxrOH-PSss,🎓 NSUT Delhi: Facts You Didn&#39;t Know! #lightscameracampus,shiksha.com,2025-06-10T04:57:33Z
NSUT Delhi,academics,faculty review,qCTs6FBPcdk,"NSUT DELHI College Review 2026 | Placement, Fees, Campus, Reality Check 🔥",Prabhat Ranjan,2025-12-22T06:30:28Z
NSUT Delhi,academics,faculty review,jTlCBMopfwU,NSUT Review in One minute 🔥  #shorts #nsut #nsit #jeemains2022 #iitmotivation,Ritik Meghwani,2022-08-03T07:30:12Z
NSUT Delhi,academics,faculty review,qKb8IPxXh2M,NSUT classroom mini video | College Life | Motivation | Classroom vlogs | #jee #nsut #Dtu #iit # nit,Siddharth Shaurya Vlogs,2024-07-06T17:54:44Z
NSUT Delhi,academics,faculty review,HI8VMBRTkvE,Surprising facts about JEE 😱| NSUT review 2024 | Netaji Subhas University of Technology,Bout Creation,2024-09-25T07:09:41Z
NSUT Delhi,academics,faculty review,hegaB3h6Uy4,This Is Why I Picked NSUT over DTU! DTU vs NSUT,College Insider ,2025-04-11T13:57:33Z
NSUT Delhi,academics,faculty review,9U2OFxMughc,NSUT Academic Secrets Revealed🤫🔥#dtu#nsut#jacdelhi#jac2024#jeemains2024#iiitd#pw#shorts,JEE Nerds,2024-07-13T12:30:07Z
Punjab University,academics,faculty review,4JaHMWoHIHA,What about your crush? 😍 | Panjab University | @Unfiltered_beings #chandigarh #pu #elantemall,Unfiltered beings,2024-02-16T11:10:45Z
Punjab University,academics,faculty review,vQ8hkb2gaOc,Is PU Chandigarh Worth It? | Panjab University 2026 Admissions Guide Review | Watch Before Applying,Bibliophile Maniac aka Lokeshna Bulani,2026-03-31T06:14:07Z
Punjab University,academics,faculty review,0conc6ndJx4,UIET CHANDIGARH College Review 2025 : Truth About Placements &amp; Campus Life,Prabhat Ranjan,2025-11-25T06:30:00Z
Punjab University,academics,faculty review,adfJkgGEg7g,"Department of Laws, Panjab University, UILS, PU| Legacy of Law Department| proud PU student",PU Pulse,2025-04-09T14:38:00Z
Punjab University,academics,faculty review,RchvvInKOfE,Worst College in Chandigarh ?? || Aashna Unnie,Aashna Unnie,2024-08-23T07:30:08Z
Punjab University,academics,faculty review,q3ZKe2EI8Hw,Canada से टकराव और Punjab University को फ़ायदा? #shorts #trending #india,CA Rahul Malodia,2025-03-06T14:00:59Z
Punjab University,academics,faculty review,M3MxH1DrE9o,Watch This Before You Take Admission In Panjab University Chandigarh 2026-27 All Information Reality,Bibliophile Maniac aka Lokeshna Bulani,2025-06-28T05:48:22Z
Punjab University,academics,faculty review,y01gYtZSgug,"Top 5 colleges in Punjab 2025 | Best university in Punjab | Complete Details, Admissions, Placements",Guidance Guruji - SBJ,2025-06-07T11:00:11Z
Punjab University,academics,faculty review,PTyy7ngCkrE,"Panjab University,Chandigarh",Shubhangi Malhi - Travel & Lifestyle,2021-06-27T14:22:39Z
Guru Gobind Singh Indraprastha University,academics,faculty review,L2H__tEnzwM,GGSIPU CAMPUS TOUR || IP University || Careerthirst | Campus Tour || IPUCET,Career Thirst,2021-07-14T20:35:20Z
Guru Gobind Singh Indraprastha University,academics,faculty review,l1Bsxa5Ieq0,#ipu students can relate 😂 #ggsipu #reels #create #youtube #shorts #viral #trending #delhi #college,Simple boiii,2023-01-25T16:12:32Z
Guru Gobind Singh Indraprastha University,academics,faculty review,nazsQWPC4aY,Guru Gobind Singh Indraprastha University (GGSIPU) Review,shiksha.com,2023-12-20T09:28:32Z
Guru Gobind Singh Indraprastha University,academics,faculty review,U4JoTEXW0Tg,University School of Law &amp; Legal Studies | Is BA LLB/BBA LLB at GGSIPU Worth It?,Get Admission,2025-12-31T03:30:32Z
Guru Gobind Singh Indraprastha University,academics,faculty review,cG0dFw_M8z8,"Guru Gobind Singh Indraprastha University Review For Law Courses || Campus , Roi , Faculty , Fees ✅",LAW Studentkhabri,2024-12-28T12:30:28Z
Guru Gobind Singh Indraprastha University,academics,faculty review,MqE9pgL9njY,GGSIPU Top 5 Colleges to Target for CLAT 2024 Aspirants! 🎓🏛️  GGSIPU Choice Filling 2024 #GGSIPU,LegalEdge CLAT Coaching by Toprankers,2024-07-04T08:46:33Z
Guru Gobind Singh Indraprastha University,academics,faculty review,DRUiE7mcttk,Guru Gobind Singh Indraprastha University #youtubeshorts #explore #trending #college #ytshorts,Astha Bhardwaj explore,2023-05-31T16:49:31Z
Guru Gobind Singh Indraprastha University,academics,faculty review,4m3v6gc4j9A,Guru Gobind Singh Indraprastha University (GGSIPU) Review in 1 minute #shorts,shiksha.com,2023-12-23T15:30:01Z
Guru Gobind Singh Indraprastha University,academics,faculty review,VvuTsBLqTmU,"All About GGSIPU ( IP University ) 📚 Admission Process, Eligibility, Placements, Courses",Adda247 CUET,2024-06-08T05:15:01Z
Guru Gobind Singh Indraprastha University,academics,faculty review,Bsn6QLbAbkY,Guru Gobind Singh Indraprastha University | GGSIPU Delhi | Admission | Courses | Fees | Full Review,Unacademy IPMAT BBA & Hotel Management,2021-06-22T19:22:29Z
Thapar Institute of Engineering and Technology,academics,faculty review,kHjOdwFs9sI,Thapar isn&#39;t Thapar without  😀🤣😛🤐. #thaparuniversity #Tiet #thapar #university #engineering,LOLcano R,2024-09-28T18:45:02Z
Thapar Institute of Engineering and Technology,academics,faculty review,P1xNHJGmyfA,"Thapar University Review | Reality of Fees, Campus &amp; Placements",Prabhat Ranjan,2026-01-08T06:30:24Z
Thapar Institute of Engineering and Technology,academics,faculty review,4IDX5cGErj8,Thapar University Review in One Minute 🔥 #Shorts #thaparuniversity,Ritik Meghwani,2022-07-12T14:32:07Z
Thapar Institute of Engineering and Technology,academics,faculty review,GaoH5YD4wYk,Thapar Institute in 1 Min | Inside Thapar Institute | Arvind Sir | Vedantu #shorts #thapar #viral,Vedantu JEE,2023-05-15T08:53:34Z
Thapar Institute of Engineering and Technology,academics,faculty review,q9jsK7wkYok,Thapar University Patiala BTech CSE Review | Placements 20 LPA? 🤔 | Admission Process &amp; Placement,Mantasha Saifi,2026-04-08T12:36:15Z
Thapar Institute of Engineering and Technology,academics,faculty review,0oGtn7oMz1A,Thapar Institute of Engineering &amp; Technology Review | FEE | CUTOFF | PLACEMENT | THAPAR UNIVERSITY,Edu9 Career Guidance,2024-03-13T13:30:07Z
Thapar Institute of Engineering and Technology,academics,faculty review,Ydczma26CLI,"Thapar University BTech Review | Fees, Admission, Placements, Cutoffs",shiksha.com,2024-12-24T12:32:22Z
Thapar Institute of Engineering and Technology,academics,faculty review,npIfk_xx7k0,Thapar University VS BITS Pilani?TIET VS BITS #shorts #BTech #TIET #BITS #BITSPilani #Admission,B. Tech Fundas by Sunstone,2024-07-11T05:50:54Z
Thapar Institute of Engineering and Technology,academics,faculty review,hyWReNIGTF4,"All about Thapar Institute, Patiala✅✅#thapar #patiala #btech #engineering #engineeringcollege",Vedantu JEE Made Ejee,2024-05-13T13:30:17Z
Thapar Institute of Engineering and Technology,academics,faculty review,Urm4kwHfMyw,Is Thapar Really Worth Your Money? #jee2026 #jeemains #jeeadvanced #jeepreparation #iitjee #vedantu,Vedantu JEE Made Ejee,2025-06-28T03:30:23Z
Birla Institute of Technology Mesra,academics,faculty review,8dLOxRZKAp0,"All About MBA From BIT MESRA ➡️ Honest Review , Placements , Faculty , Campus #mba",MBA with Arshi Khan,2025-03-11T11:30:05Z
Birla Institute of Technology Mesra,academics,faculty review,CmrtrSc6Wa4,BIT Mesra Ranchi Review: What students say? | Birla Institute of Technology Mesra Ranchi Placement,shiksha.com,2022-12-17T13:30:07Z
Birla Institute of Technology Mesra,academics,faculty review,E2opnAgJdQI,All about BIT Mesra✅✅#bit #bitmesra #bitsat #btech #jee #jeeaspirant #bits #mesra #btech #college,Vedantu JEE Made Ejee,2024-11-02T11:30:07Z
Birla Institute of Technology Mesra,academics,faculty review,pfTOOCqE824,BIT MESRA College Review 2025: Truth About Placements &amp; Campus Life,Prabhat Ranjan,2025-11-15T06:30:35Z
Birla Institute of Technology Mesra,academics,faculty review,EgoiuCrFA0I,"BIT Mesra Civil Engineering Review: Placements, Labs &amp; Research | Dr. R. Naresh Interview","Birla Institute of Technology, Mesra",2026-03-10T06:59:04Z
Birla Institute of Technology Mesra,academics,faculty review,UraabWJTAVw,"Birla Institute of Technology Mesra, Ranchi | BIT Mesra | Review",Sharmajee Vlogs ,2024-03-29T08:13:50Z
Birla Institute of Technology Mesra,academics,faculty review,5giuzpLjwRA,Is BIT Mesra Worth ₹20 Lakh? 🤔 Honest Review (Placements + Campus),Education Ji,2026-03-21T11:48:15Z
Birla Institute of Technology Mesra,academics,faculty review,WMIg8EpmvTY,"Visit my college with me ! BITS MESRA,Ranchi #littleglove #ashortaday #shorts",LittleGlove,2022-06-08T08:54:19Z
Birla Institute of Technology Mesra,academics,faculty review,U9vE53NyhSA,BIT MESRA Review in 1 minute ❤️ #Shorts #bitmesra #iit #iitmotivation,Ritik Meghwani,2023-11-27T14:00:17Z
Birla Institute of Technology Mesra,academics,faculty review,1y9M-hJ_XDk,"BIT Mesra Worth in 2025? ⚠️ Reality Exposed! | Placements, Fees &amp; Campus Life",Boring Bing,2025-03-05T14:05:33Z
Ramaiah Institute of Technology,academics,faculty review,Rj39i96R8f0,MS Ramaiah 2025 Cutoff | Branch-Wise Ranks &amp; Seats Breakdown,Apka Siddharth,2025-08-11T14:41:30Z
Ramaiah Institute of Technology,academics,faculty review,a0byPxuRnTE,MS Ramaiah College Placement😮 | MSRIT College Placement | MS Ramaiah Student Review ✅ #msrit,College Khabri ,2025-02-21T06:50:50Z
Ramaiah Institute of Technology,academics,faculty review,6sVtpAzwgyU,"MSRIT Bangalore Review 2026 🔥 Pros, Cons &amp; Hidden Truths | Ramaiah Institute of Technology",Vaibhaw Siddharth 2.0,2026-04-24T17:27:18Z
Ramaiah Institute of Technology,academics,faculty review,cP-mr1CA9yc,"M S Ramaiah Institute of Technology | Courses, Salary Package, KCET 2025 Cutoff Ranks | Top Branches",PePTalk Info,2025-04-27T05:27:10Z
Ramaiah Institute of Technology,academics,faculty review,2ZgfWgJg2iE,MS Ramaiah Institute of Technology (MSRIT) Bangalore – Honest College Review 2026,Prabhat Ranjan,2026-02-05T06:30:03Z
Ramaiah Institute of Technology,academics,faculty review,i3zvQ_gAAXg,MS Ramaiah College Reviews 😍| MSRIT Honest Reviews by Btech Student 🤯| MS Ramaiah Bangalore | Comedk,Tauqeer Zakaria,2025-03-10T04:30:06Z
Ramaiah Institute of Technology,academics,faculty review,txbWU0-zwXg,MSRIT Bangalore BTech Review🎯 | Ramaiah Institute of Technology JEE Cutoff ✅ | Admission &amp; Placement,Collegehike Jee,2026-02-26T13:31:05Z
Ramaiah Institute of Technology,academics,faculty review,ZE2WEQ4vBl4,MSRIT Honest Reviews by Btech Student 🤯| MS Ramaiah College Reviews 😍| MS Ramaiah Bangalore | Comedk,Tauqeer Zakaria,2025-04-17T15:22:08Z
Ramaiah Institute of Technology,academics,faculty review,thJlGbix9uo,Ramaiah College v/s Ramaiah University | BBA &amp; BCOM | College Review | Anurag Thakur,Anurag Thakur : College Review,2023-03-10T07:07:16Z
Ramaiah Institute of Technology,academics,faculty review,y0OGtBnWTPg,"Ramaiah Institute of Technology, Bengaluru | Review | Placements",Edu9 Career Guidance,2024-03-05T12:30:07Z
Nirma University,academics,faculty review,TMo8b5-wrgw,"MBA Bschool Guide | Is NIRMA Worth it? Should you Apply or not? Ft. Nina, Assistant Prof Nirma",CATKing,2025-12-20T06:40:37Z
Nirma University,academics,faculty review,aP4kd5-GuqA,"NIRMA University MBA 1st Year Student Review | HONEST Experience, Program, Campus Life, Placements.",Shiksha Nerd,2026-03-29T13:30:00Z
Nirma University,academics,faculty review,P-WiZaxJcLY,NIRMA University MBA | ROI | Placements | Fee | Should I apply or not?,CATKing,2026-01-14T15:02:17Z
Nirma University,academics,faculty review,ytKF87frLaM,NIRMA University MBA 2nd Year Student Review | Final Year Students Reveal the Truth...,Shiksha Nerd,2026-04-12T10:30:39Z
Nirma University,academics,faculty review,Se5gZgR-jLw,NIRMA University for MBA? Honest Review 🔥| Placement | Fees | ROI | Hostel Reality ✅,Management Guy,2024-10-05T11:33:27Z
Nirma University,academics,faculty review,N0lwM2y66pA,Is NIRMA University Law worth it? | CLAT 2026 | #clat2026  #clat #nlu #shorts,CHIA speaks,2025-01-10T15:22:16Z
Nirma University,academics,faculty review,8OdvVUtjz-A,Choose this law college above NLU | NIRMA university Law | #clat,CHIA speaks,2024-02-08T06:30:02Z
Nirma University,academics,faculty review,ZZkxoUQy8O0,"Nirma University MBA 2026 Explained (Beyond Brochure) | TDP, PI Prep, Placements",Shiksha Nerd,2026-02-04T14:14:15Z
Nirma University,academics,faculty review,IK6f2KVmgsc,Nirma University Review | All you need to know about Nirma University | True Review | Nirma Btech,College Incognito,2024-06-11T14:00:56Z
Nirma University,academics,faculty review,JYiTc3aqU1E,"Nirma University MBA Review 2026 🔥 Worth It? Placements, Fees &amp; ROI Reality",Management Guy,2025-12-15T16:07:08Z
MDU ROHTAK,academics,faculty review,h00rrFP247k,MDU University Rohtak Live Show 🤩,MDU Rohtak • 3.1 M views • 1 hour ago...,2024-11-28T15:46:33Z
MDU ROHTAK,academics,faculty review,kKwyngjUH3A,MDU Rohtak Answer Sheet 🤗😱 Haryana aala ki sheet😃🤣 #comedyvideo #funny #mdu,Khwaish Mishti Khinchi 🥰🤩,2023-07-18T02:30:31Z
MDU ROHTAK,academics,faculty review,ygHVC0-Asi4,क्या B.ed from MDU ROHTAK GOVERNMENT JOBS के लिए valid है? क्या MDU ROHTAK NCTE APPROVED है?,Education Guru ,2023-07-26T17:30:21Z
MDU ROHTAK,academics,faculty review,mOPAUaFklyQ,क्या B.ed from MDU Rohtak NCTE से मान्यता प्राप्त है? MDU Rohtak is NCTE approved or not?,Education Guru ,2023-10-08T13:31:08Z
MDU ROHTAK,academics,faculty review,iLEzeHeWYQQ,MDU ROHTAK😍 #mdu #mdurohtak #mduupdate #mduresult #viral #trending #ytshorts #delhiuniversity #love,Unfiltered Aspirant😎,2023-09-06T20:10:13Z
MDU ROHTAK,academics,faculty review,WGZMC2Iv7Y0,MDU Library || Reading Hall #mdurohtak #mdulibrary #vivekanandalibrary #mdu #shorts #viralshort,Akshu Dagar Vlogs (AD Vlogs),2023-08-22T07:01:50Z
MDU ROHTAK,academics,faculty review,46KpfW7syQg,Maharshy Dayanand University Rohtak || Maharshy Dayanand University || MDU ROHTAK || MDU HARYANA,UNIVERSITY INDIA,2022-07-23T12:12:12Z
MDU ROHTAK,academics,faculty review,V0dchiS15Lg,MSc Physics Department MDU Rohtak #mdu #mdurohtak #education #funny #haryana #motivation,Harshu,2023-03-06T04:03:28Z
MDU ROHTAK,academics,faculty review,jMu8xsTlsC0,mdu University ka sch 😂😂🤣#mdu,Darshan Rohilla,2023-04-09T16:11:01Z
MDU ROHTAK,academics,faculty review,h9aazj92KlU,mdu university rohtak views  #mdu #mdurohtak #mducampus #mducee2023 #mducee,Academia Biology,2023-06-12T08:18:45Z
