university_name,category,keyword,video_id,video_title,channel_name,published_at
IIT Delhi,fees,fees review,kW6JmXy7evc,IIT Delhi FEES Structure (4 Year - UG/B.Tech) | Tuition+ Hostel+ Mess Fees &amp; Seat Matrix 2025!,"Mechenzi - Placements, Colleges & Career",2025-06-24T09:30:33Z
IIT Delhi,fees,fees review,n9URGnN1ZvA,IIT Delhi M.Tech Fees 2025 | Total Cost of Doing M.Tech from IIT Delhi   #iitdelhi #mtech #gate #iit,Sonu Yadav [ IIT-Delhi ],2025-03-19T09:15:03Z
IIT Delhi,fees,fees review,rFS4Zei2rX0,How much is IIT Fees🤔🤔#jee #jee2025 #iit #iitjee #iitfees #fees #iitcollege #money #jeepreparation,Vedantu JEE Made Ejee,2024-10-23T03:30:29Z
IIT Delhi,fees,fees review,KorbSUkxgvI,💥 IIT Delhi JEE Advanced 2025 | B.Tech Fees &amp; Placement Package Revealed!,Careers360,2025-05-16T13:26:55Z
IIT Delhi,fees,fees review,GqSy_t0590o,MTech Through GATE From IIT DELHI | College Fees | Hostel Fee | Stipend | Full Details,GATE Wallah,2023-12-08T10:39:08Z
IIT Delhi,fees,fees review,GOnEPiHYwCc,IIT Delhi College Review 2025: Truth About Placements &amp; Campus Life,Prabhat Ranjan,2025-10-30T14:35:54Z
IIT Delhi,fees,fees review,jigLrK9b9IY,IIT Fees and Scholarship | IIT me kitna paisa lagta hai🤔| IIT Motivation #shorts,Rittik Baheti(IITIAN),2024-08-05T05:48:11Z
IIT Delhi,fees,fees review,RSN_aNtOOyg,"IIT Delhi Machine Learning &amp; Data Science Course 🔥 | Fees, Certificate, Placement &amp; Full Reality",Rivn Tech,2026-02-17T08:28:04Z
IIT Delhi,fees,fees review,wnzkwpS40wI,Highest package of all 28 IIIT colleges #iit #nit #iiit #nitt,CCSU notes,2025-01-09T05:27:05Z
IIT Delhi,fees,fees review,QXT475sMD3c,IIT Delhi | College Review In Short🔥,Apna College,2023-01-24T18:06:48Z
IIT Bombay,fees,fees review,6AoFldmVjgw,Shocking Fee of IIT Bombay #jee1 #jee2026 #jee2027,JEE One,2024-09-21T15:53:37Z
IIT Bombay,fees,fees review,aJDzidrB564,IIT Bombay FEES Structure (4 Year - UG/B.Tech) | Tuition+ Hostel+ Mess Fees &amp; Seat Matrix 2025!,"Mechenzi - Placements, Colleges & Career",2025-07-03T15:30:00Z
IIT Bombay,fees,fees review,GBJfCzqZQrA,💥IIT Bombay JEE Advanced 2025 | B.Tech Fees &amp; Placement Package Revealed!,Careers360,2025-05-17T12:30:28Z
IIT Bombay,fees,fees review,JN0eFU77n84,"IIT BOMBAY 🔥 No.1 ❤️ Complete Details- Cut Off, Fees &amp; Placement",JEE Wallah,2023-03-22T14:30:06Z
IIT Bombay,fees,fees review,bzDgjV06w0M,"iit Bombay 🤩 fee structure 😱😱 || iit JEE advanced motivation , IIT Bombay motivation #iitbombay",Guider JEE,2021-08-25T09:33:28Z
IIT Bombay,fees,fees review,QGnWK2PAUmI,"IIT Bombay MTech Review | Fees, Admission, Placements, Cutoff",shiksha.com,2025-02-11T10:09:16Z
IIT Bombay,fees,fees review,HW8jOjrd_h4,MTech Fees Structure at IIT Bombay | #mtech  #iitjourney #education,Tausif [IIT Bombay],2024-04-15T15:11:00Z
IIT Bombay,fees,fees review,4TvNm5fFjQk,IIT Bombay Fee Structure | B.Tech 1st Year Fees | #Shorts,Exam Update By Ashish Sir,2021-05-23T12:50:57Z
IIT Madras,fees,fees review,MljgPkA0nJw,IITM BS New Fees 2026 😱 Old vs New Fee Structure + Fee Waiver Explained #iitmadrasbs #iitmadras,Datalogy,2025-12-26T08:30:06Z
IIT Madras,fees,fees review,D5pf8Fy0yog,IIT MADRAS ONLINE DEGREE WORTH IT? FEES ? #iit #iitm #iitmadras  #minivlog #iittm #bhulife #bhuvlog,Anushka Pandey,2025-10-17T10:50:00Z
IIT Madras,fees,fees review,8ddVZn-u4NM,IIT Madras FEES Structure (4 Year - UG/B.Tech) | Tuition+ Hostel+ Mess Fees &amp; Seat Matrix 2025!,"Mechenzi - Placements, Colleges & Career",2025-07-01T09:30:04Z
IIT Madras,fees,fees review,2uK8kJ1smbI,IIT Madras Per Semester Fees #iit #iitjee #iitmadras,Your JEE Saathi,2023-04-23T04:00:02Z
IIT Madras,fees,fees review,OG_qhdKIiDg,ALL IIT MTech Fees 2026 🔥 Total Cost vs Stipend Explained | Post GATE Guidance 2026,GATE Wallah,2026-04-06T02:11:53Z
IIT Madras,fees,fees review,hHFs_sZiWD0,"IIT MADRAS FEES STRUCTURE | IIT MADRS | B.TECH, M.TECH, MBA, MA, MSC, PhD ALL BRANCHES COVERED",Freshers Gate,2022-05-03T11:00:16Z
IIT Madras,fees,fees review,QUeJbHUtDxQ,IIT Madras BSc Fees Structure✅✅#iit #iitmadras #iitwithoutjee #bsc #fees #feesstructure #madras,Vedantu JEE Made Ejee,2024-04-05T12:30:16Z
IIT Madras,fees,fees review,RVy-GjlZaBo,"IIT Madras Fee Structure 2025 | B.Tech, M.Tech, Ph.D. #shorts #iitmadarsfee #iitmadras #gfg",GeeksforGeeks GATE English,2025-03-30T07:30:17Z
IIT Madras,fees,fees review,924Ks1HYASg,IIT Chennai Fees Structure part 1 👍         #iit #iitchennai #jee #jeemain #jeeadvance,MAAS Academy,2025-01-29T02:37:31Z
IIT Madras,fees,fees review,V0K6t823kNw,💥 IIT Madras JEE Advanced 2025 | B.Tech Fees &amp; Placement Package Revealed!,Careers360,2025-05-17T05:12:06Z
IIT Kanpur,fees,fees review,n0Bqgk4O-vg,IIT Kanpur FEES Structure (4 Year - UG/B.Tech) | Tuition+ Hostel+ Mess Fees &amp; Seat Matrix 2025!,"Mechenzi - Placements, Colleges & Career",2025-07-03T09:30:35Z
IIT Kanpur,fees,fees review,6E7vee1AHLM,💥 IIT Kanpur JEE Advanced 2025 | B.Tech Fees &amp; Placement Package Revealed!,Careers360,2025-05-16T14:30:04Z
IIT Kanpur,fees,fees review,KATM9yf8tXM,IIT Kanpur College Review InShort,Apna College,2023-02-24T14:44:11Z
IIT Kanpur,fees,fees review,nxWbClC6Cis,"IIT Kanpur M.Tech Placements, Fees And Cutoff | CE | ME | XE Branch | Complete Guidance","GATE Wallah - ME, CE, XE, CH, PI & ES",2025-04-02T01:01:27Z
IIT Kanpur,fees,fees review,sWeVTmyeJfY,IIT Kanpur🔥Complete Details !! 1 Cr. Package to 33 Students 🤩💪,JEE Wallah,2023-05-19T14:00:40Z
IIT Kanpur,fees,fees review,CfoGsQEEh2o,IIT KANPUR Review in One minute 😍 #shorts #iitmotivation,Ritik Meghwani,2022-05-25T15:01:05Z
IIT Kanpur,fees,fees review,kgMoR5Obqjk,IIT Kanpur college review 2025 : Truth About Placements &amp; Campus Life,Prabhat Ranjan,2025-11-02T06:30:24Z
IIT Kanpur,fees,fees review,kE7HJE1h97I,IIT Kanpur Campus *EXPOSED* 🥹  IIT-JEE Expectations vs Reality 😂 IIT Kanpur Campus Tour #iit,RDS Vlogs [IIT Guwahati],2025-05-11T09:00:53Z
IIT Kanpur,fees,fees review,e9jruj1EMUQ,IIT KANPUR PLACEMENT 2024-25 🔥 || HIGHEST PACKAGE 🤑 || AVERAGE PACKAGE 😳 #shorts,Tarkar vlog,2025-05-12T12:18:11Z
IIT Kanpur,fees,fees review,0bGlKpGQ7zU,"🎓 “IIT Kanpur MSc Fee Structure | Tuition, Hostel, Mess &amp; Total Cost Explained”",Formula zone,2025-10-17T18:51:25Z
IIT Kharagpur,fees,fees review,NNtORESMDic,IIT Kharagpur FEES Structure (4 Year - UG/B.Tech) | Tuition+ Hostel+ Mess Fees &amp; Seat Matrix 2025!,"Mechenzi - Placements, Colleges & Career",2025-06-24T15:30:09Z
IIT Kharagpur,fees,fees review,v9corvnsiEg,All About IIT Kharagpur | NCET ITEP Exam | Complete information | Best IIT For ITEP NCET | NCET 2026,NCET CONCEPT ,2025-10-06T10:06:51Z
IIT Kharagpur,fees,fees review,ITqABc695so,"IIT Kharagpur M.Tech Admission | Placements, Fees, Cutoff | CE | ME | XE Branch | Complete Guidance","GATE Wallah - ME, CE, XE, CH, PI & ES",2025-04-03T01:01:59Z
IIT Kharagpur,fees,fees review,hSOWgSYv5mw,"IIT Kharagpur M.Tech Admission 2026 | Courses, Cutoff, Fees &amp; Placement, Admission | Complete Guide",GATE Wallah CSE & DA,2026-04-04T03:34:09Z
IIT Kharagpur,fees,fees review,981ZdDgGIhs,"IIT Kharagpur M.Tech Admission 2026 | ME | Fees, Courses, Cutoff, Placement | Post GATE Guidance","GATE Wallah - ME, CE, XE, CH, PI & ES",2026-04-04T04:10:29Z
IIT Kharagpur,fees,fees review,f4OhlALW5fg,"IIT Kharagpur With Average GATE Score | Placement, Cutoff, Popular Courses, Fees | Complete Details",GATE Wallah,2025-04-01T07:30:16Z
IIT Kharagpur,fees,fees review,EGDUei3bXYg,💥 IIT Kharagpur JEE Advanced 2025 | B.Tech Fees &amp; Placement Package Revealed!,Careers360,2025-05-23T10:30:16Z
IIT Kharagpur,fees,fees review,upYEbAvQrxs,"IIT Kharagpur MBA &amp; MHRM😍 | Cutoff, Fees &amp; Placements | Worth It or Not? | Admission 2026",Ankit Verma - MBAshala,2026-01-13T06:46:15Z
IIT Kharagpur,fees,fees review,JlnkpZmhbSc,🤯IIT KHARAGPUR Review in 30 Secs!⚡️| Fees | Placement #jee #iit,selfPadhai - Rohit Nagar,2024-07-22T14:00:48Z
IIT Kharagpur,fees,fees review,nppCVOy89dU,IIT Kharagpur scam explained 😱💔 |,Akash Gupta [ NITP ],2024-07-16T15:30:21Z
IIT Roorkee,fees,fees review,61l3W-tMjzE,IIT ROORKEE Review in 30 secs!🔥| Campus | Placement | Fees #review,selfPadhai - Rohit Nagar,2024-07-13T14:58:27Z
IIT Roorkee,fees,fees review,r16Unbz8Fcw,IIT Roorkee FEES Structure (4 Year - UG/B.Tech) | Tuition+ Hostel+ Mess Fees &amp; Seat Matrix 2025!,"Mechenzi - Placements, Colleges & Career",2025-06-27T15:30:36Z
IIT Roorkee,fees,fees review,19EPj27jbNo,"All About IIT Roorkee | IIT Roorkee Honest Review | Best Branch, Cut-Offs, Fees &amp; Placements​",Vedantu JEE Made Ejee,2023-06-06T02:37:14Z
IIT Roorkee,fees,fees review,ZKL_szaLsPE,💥 IIT Roorkee JEE Advanced 2025 | B.Tech Fees &amp; Placement Package Revealed!,Careers360,2025-05-24T06:30:19Z
IIT Roorkee,fees,fees review,t_ZUsYZhiT8,IIT Roorkee Fee Structure | B.Tech 1st Year Fee | #Shorts,Exam Update By Ashish Sir,2021-05-24T11:30:07Z
IIT Roorkee,fees,fees review,IOo3Mj_0Gvo,IIT Roorkee में मिलती है Aisi PUNISHMENT 😨😨 #jee  #jeemains2024 #iitjee #jeemains #jeemotivation,Vedantu JEE Made Ejee,2023-08-13T13:30:12Z
IIT Roorkee,fees,fees review,cmPK2Al74jk,Best Online Most Demanding Courses Offered By IIT ROORKEE 🥵🥵🥶#skills #ai #course #iit,Your Path To Success ,2025-06-09T13:20:27Z
IIT Roorkee,fees,fees review,4XQT_AUgugA,"IIT Roorkee Review | Admission, Hostel, Placements | My Clg!! VIDEO 214/365",Dheeraj Mourya,2024-06-13T15:20:00Z
IIT Guwahati,fees,fees review,f4R7LMeYr6g,IIT Guwahati FEES Structure (4 Year - UG/B.Tech) | Tuition+ Hostel+ Mess Fees &amp; Seat Matrix 2025!,"Mechenzi - Placements, Colleges & Career",2025-07-02T09:30:23Z
IIT Guwahati,fees,fees review,DqOzMUstVg8,IIT Guwahati Campus Review | Placements | Fees | NIRF Ranking | 2.4 Crore Highest Package 🤑,CAREERKICK JEE,2023-03-20T05:29:01Z
IIT Guwahati,fees,fees review,2tconj9E940,💥 IIT Guwahati  JEE Advanced 2025 | B.Tech Fees &amp; Placement Package Revealed!,Careers360,2025-05-21T11:35:21Z
IIT Guwahati,fees,fees review,1Q0yA2K_Ohs,"IIT Roorkee, IIT Guwahati MTech Admission 2026 | ME | Fees, Courses, Cutoff | Post GATE Guidance","GATE Wallah - ME, CE, XE, CH, PI & ES",2026-04-06T04:09:11Z
IIT Guwahati,fees,fees review,UEaTdB7EaCw,"IIT Guwahati M.Tech Admission 2025 | Cutoff, Fees, Placement | Complete Details Based On RTI Reply",GATE Wallah CSE & DA,2025-04-10T16:22:30Z
IIT Guwahati,fees,fees review,njrXxSQ0HG8,IIT Guwahati With Low GATE Score | Placement | Cutoff | Popular Courses | Fees | Complete Details,GATE Wallah,2025-03-29T05:30:18Z
IIT Guwahati,fees,fees review,pDeUrGdYwi0,"IIT Guwahati MTech Admission 2026 | CSE | Course, Cutoff, Fees &amp; Placement, Admission | Full Guide",GATE Wallah CSE & DA,2026-04-08T06:13:10Z
IIT Guwahati,fees,fees review,dBIad-Lpkjk,IIT Guwahati College Review 2025 : Truth About Placements &amp; Campus Life,Prabhat Ranjan,2025-11-06T06:30:19Z
IIT Guwahati,fees,fees review,H9P6kEslQsw,"IIT Guwahati (IITG) Review : Courses, Fees, Rankings, Cutoff, Admissions 2024, Placements",shiksha.com,2024-04-15T07:22:13Z
IIT Guwahati,fees,fees review,1dsrf2wrnqo,IIT Guwahati Admission Without JEE Advanced 😱| BS in Data Science and Artificial Intelligence,Vedantu JEE Made Ejee,2026-03-15T14:30:01Z
IIT Hyderabad,fees,fees review,VMxECL4-iDk,IIT Hyderabad FEES Structure (4 Year - UG/B.Tech) | Tuition+ Hostel+ Mess Fees &amp; Seat Matrix 2025!,"Mechenzi - Placements, Colleges & Career",2025-06-27T09:30:26Z
IIT Hyderabad,fees,fees review,EDF-ZMXdimk,IIT Hyderabad BTech Review,shiksha.com,2025-02-18T09:36:17Z
IIT Hyderabad,fees,fees review,p_y5eJbK1Tw,How is IIT Hyderabad Performing?? Is it a good Option?🤔🤔#jee #jee2025 #iit #iitjee #iithyderabad,Vedantu JEE Made Ejee,2024-09-19T13:30:28Z
IIT Hyderabad,fees,fees review,ckdLx54JMn4,"IIT Hyderabad Full Details in Telugu | Courses, Fees, Placements | JEE 2026 ",Yours Media,2026-02-06T06:21:03Z
IIT Hyderabad,fees,fees review,SevHtRimHYI,"💥 All About IIIT Hyderabad 2025 | Fees, Ranking, Placement &amp; Admission Process! #IIIT",Careers360,2025-05-19T11:43:13Z
IIT Hyderabad,fees,fees review,R3qmfG109_Y,IIT Hyderabad College Review 2025 : Truth About Placements &amp; Campus Life,Prabhat Ranjan,2025-11-05T06:30:24Z
IIT Hyderabad,fees,fees review,5RKvJwkuEJQ,IIT Hyderabad Review in 1 Min | Inside IIT Hyderabad | Arvind Kalia Sir | #shorts #jee #iithyderabad,Vedantu JEE,2022-12-03T06:00:01Z
IIT Hyderabad,fees,fees review,p9_CJf45ZKo,"IITs, NITs lo Fees enta Untundi🤔? Fee Waivers?? #btech #iit",Harsha Verse,2024-05-20T13:53:52Z
IIT Hyderabad,fees,fees review,Mjgt7Fks1cc,❤️IIT HYDERABAD PLACEMENTS 2022 in తెలుగు❤️IIT HYDERABAD PLACEMENTS AND FEE STRUCTURE 2022 ❤️#iithyd,Ananya Gurukulam,2022-09-27T06:41:20Z
IIT Hyderabad,fees,fees review,BNJEv9lGVv4,IIT Hyderabad College Review in One minute 🔥  #shorts #iithyderabad  #jeemains #iitmotivation,Ritik Meghwani,2022-10-17T15:00:09Z
IIT Indore,fees,fees review,Tk4opN3VZmM,IIT Indore Review | Fees | 56 LPA Placements | IIT Motivation | IIT Indore Campus,CAREERKICK JEE,2023-02-28T05:30:10Z
IIT Indore,fees,fees review,nEinvAnnz3Q,"🔥IIT Indore Review 2025📈 | Admission, Courses Fees, Placement, Facilities | Full Information",Career Margdharshan ,2025-02-25T11:30:29Z
IIT Indore,fees,fees review,1jr5-_JjuvY,"IIT Indore Review 2026 🔥 Placement, Fees, Cutoff, Campus Tour | Full Honest Review in Hindi",Career Margdharshan ,2026-04-21T10:30:01Z
IIT Indore,fees,fees review,qyyO0crChCk,IIT Indore FEES Structure (4 Year - UG/B.Tech) | Tuition+ Hostel+ Mess Fees &amp; Seat Matrix 2025!,"Mechenzi - Placements, Colleges & Career",2025-07-01T15:30:41Z
IIT Indore,fees,fees review,dr5Y-DVqmaQ,IIT INDORE College Review in One minute 🔥  #shorts #iitindore #jeemains #iitmotivation #iit,Ritik Meghwani,2022-10-12T15:00:09Z
IIT Indore,fees,fees review,iCE_9ehyMpw,"IIT Indore Courses &amp; Placements | Campus, Scholarships &amp; More",JEE@Aakash ,2025-03-17T10:43:03Z
IIT Indore,fees,fees review,Wg8rxPowUio,"💥 IIT Indore 2025: Cutoff 📉 |  JEE Advanced 2025 Cutoff, Placement, Fees, Seats &amp; Ranking #IITIndore",Careers360,2025-06-02T06:45:18Z
IIT Indore,fees,fees review,BC6K96Wzhzc,"IIT Indore college review | admission, placement, cutoff, fee, campus",Prabhat Ranjan,2023-11-15T12:30:08Z
IIT Indore,fees,fees review,DJ64GjJXZEY,"IIT Indore Hindi College Review 2026 | Placements, Cutoff, Fees, Hostel, admissions..|",HACKOVERSE EDU,2026-03-06T03:30:06Z
IIT Indore,fees,fees review,mZzHhfhJbLk,IIT Indore Placement 2025 REALITY - ₹1.37 Cr Package Par 83 Students UNPLACED | JEE 2026 Must Watch,Ayush Garg Classes,2025-11-22T07:46:07Z
IIT BHU,fees,fees review,Pp_-K8XWMq4,All About BHU and IIT BHU | Fees | Admission | Cutoff | Placement  @VedantuMath,Vedantu JEE Made Ejee,2024-05-26T08:30:07Z
IIT BHU,fees,fees review,1dMQQ-_fjsA,IIT BHU Varanasi FEES Structure (4 Year - UG/B.Tech) | Tuition+ Hostel+ Mess Fees &amp; Seat Matrix 2025,"Mechenzi - Placements, Colleges & Career",2025-07-04T03:30:04Z
IIT BHU,fees,fees review,PWMif2q5fgw,IIT BHU में Admission के लिए Loan तक लेना पड़ सकता है ? | IIT BHU Fee Structure | The Student Life,The Student Life,2022-06-07T13:05:37Z
IIT BHU,fees,fees review,TTnCuvgiJ8s,IIT BHU Review 2026 — Honest &amp; Detailed Campus Experience &amp; Placement Details,Prabhat Ranjan,2026-01-29T06:30:15Z
IIT BHU,fees,fees review,9daPTVsN32I,IIT-BHU Campus Review | 2.05 Crore Highest Package 🤑 | Fees | NIRF Ranking | IIT-BHU Placement,CAREERKICK JEE,2023-03-17T05:58:17Z
IIT BHU,fees,fees review,1pn_s5fSBME,IIT BHU College Review in One minute 🔥  #shorts #iitbhu #jeemains #iitmotivation,Ritik Meghwani,2022-10-13T15:45:07Z
IIT BHU,fees,fees review,iA6a3I4FWUA,IIT BHU Fee Structure | B.Tech 1st Year Fee | #Shorts,Exam Update By Ashish Sir,2021-05-25T04:30:10Z
IIT BHU,fees,fees review,-dU8ACJXu78,IIT BHU Ka Jalwa 🔥🥶 Highest Package Vs Average Package #iitmotivation #iitjee #placement,TSV Kota Shorts ,2024-11-19T12:19:31Z
IIT BHU,fees,fees review,kx_Q9v6KEUw,CUET 2023: Admission to IIT BHU | Harsh sir #shorts #cuet #cuet2023,Vedantu JEE Made Ejee,2023-04-02T14:30:13Z
IIT BHU,fees,fees review,3Njcv0TtXzY,All about BHU and IIT BHU| major difference between bhu and iitbhu #shorts,IamRavinaaa,2024-05-31T09:30:00Z
NIT Trichy,fees,fees review,1T4-j6idty8,"🛑NIT,TRICHY|2025-FEES STRUCTURE|JEE MAINS-2025|No Fees for OBC-NCL,SC,ST Students😮Dineshprabhu",DINESH PRABHU,2024-11-25T12:40:21Z
NIT Trichy,fees,fees review,Nx4P5A10Whc,"All About NIT TRICHY | Admission, Eligibility, Cutoff, Fees, Placement, Students Review | Harsh Sir",Vedantu JEE Made Ejee,2025-10-08T13:45:20Z
NIT Trichy,fees,fees review,2MWAidr0D3s,NIT Trichy Fees &amp; Rank 2025 REVEALED | INSIDE Campus Tour | Top Engineering College India #nittrichy,College Dost Tamil,2025-05-16T15:22:53Z
NIT Trichy,fees,fees review,7YRkQugpp3U,NIT Trichy College Review InShort,Apna College,2023-02-17T17:43:35Z
NIT Trichy,fees,fees review,e4C6147mgLE,"NIT Trichy 🔥 No.1 NIT | Fees, Placement, Cutoffs &amp; Other Details",JEE Wallah,2023-03-12T14:30:12Z
NIT Trichy,fees,fees review,YfysllIxIPw,NIT Trichy Comparison,shiksha.com,2024-09-03T05:43:00Z
NIT Trichy,fees,fees review,t6eZ66LUJ2s,NIT Trichy M.tech Admission 2025 | Placement | Cutoff | Fees | Low GATE Score Option | Full Details,GATE Wallah,2025-05-19T05:53:03Z
NIT Trichy,fees,fees review,qz-9T1jI-lg,NIT TRICHY🔥Upto 72 Lakhs Annual Package #Shorts #PhysicsWallah,JEE Wallah,2023-03-07T14:30:14Z
NIT Trichy,fees,fees review,FjWhJ5qvKBY,JEE MAIN 2026 | NIT Trichy | ✅ EXPECTED MARKS &amp; PERCENTILE | ALL Branch Wise &amp; Category Wise,Career Guidance ASHWIN,2025-12-03T04:30:08Z
NIT Trichy,fees,fees review,QTUUg8Of9o0,This is the fee structure at NIT Trichy #lightscameracampus #fees #scholarship #jee #nit #income,shiksha.com,2025-01-30T05:31:01Z
NIT Warangal,fees,fees review,GjprGMsJCe0,NIT Warangal FEES Structure (4 Year - UG/B.Tech) | Tuition+ Hostel+ Mess Fees &amp; Seat Matrix 2025!,"Mechenzi - Placements, Colleges & Career",2025-06-28T09:30:16Z
NIT Warangal,fees,fees review,Pd2WBLbJZUA,"NIT Warangal: Fee, Scholarship, Campus, Quota, Placements, Salary, admission, cutoff, alumni, review",Manabadi Videos,2023-12-11T02:29:40Z
NIT Warangal,fees,fees review,O1B7UhCQb48,All About NIT Warangal in 60 Secs #nitwarangal #nitw #nitlife #collegelife #telugu,Vedantu Patashala 9 & 10,2025-09-03T13:29:17Z
NIT Warangal,fees,fees review,uR-6fobUC2Y,"NIT Warangal College Review 🔥 Placements, Cutoff, Fees &amp; Campus Life | Complete Guide",JEE@Aakash ,2026-01-23T04:42:19Z
NIT Warangal,fees,fees review,-HiWAK5LiZg,"NIT Trichy vs NIT Warangal 2025: Fees, Packages, Campus Life Comparison!",shiksha.com,2025-06-13T13:30:00Z
NIT Warangal,fees,fees review,dNQW06JAvfQ,"NIT , Warangal Fee Structure | Fee | #Shorts",Exam Update By Ashish Sir,2021-05-25T08:08:11Z
NIT Warangal,fees,fees review,Q-uxuYI0FjI,"NIT Warangal | National Institute of Technology Warangal | Placements, Campus, Fees &amp; Reality Check",Campus Wala,2026-05-26T05:30:06Z
NIT Warangal,fees,fees review,kFgANe86zVQ,"NIT Warangal Review 2025 |  Cut-off, Placement, Fees | JEE Mains 2025",AAS - JEE ,2025-04-18T12:49:53Z
NIT Warangal,fees,fees review,7c8qB5fHAS8,"All About: NIT Warangal 🔥| NIT Warangal Complete Information | NIT Warangal Review | Fees, Cut off",V2 Academy - Manish Verma,2023-12-30T02:30:06Z
NIT Warangal,fees,fees review,mft5UgJYAXU,NIT Warangal College Review In Short,Apna College,2023-02-10T16:11:46Z
NIT Surathkal,fees,fees review,k8Z4_X-1vjc,NIT Surathkal FEES Structure (4 Year - UG/B.Tech) | Tuition+ Hostel+ Mess Fees &amp; Seat Matrix 2025!,"Mechenzi - Placements, Colleges & Career",2025-06-27T03:30:38Z
NIT Surathkal,fees,fees review,-jrRqdTyStU,"💥 NIT Karnataka, Surathkal 2025 Cutoff &amp; Closing Rank 📈 | Fees &amp; Placement | JEE Main 2025",Careers360,2025-04-28T09:59:06Z
NIT Surathkal,fees,fees review,nf1G6X_tSE0,"NIT Surathkal Review 2025 | Cut off, 54 LPA Highest Placement, Fees | JEE Mains 2025",AAS - JEE ,2025-04-17T15:16:49Z
NIT Surathkal,fees,fees review,icTHXLTew4s,NIT Surathkal College Review 2025: Truth About Placements &amp; Campus Life,Prabhat Ranjan,2025-09-18T06:30:19Z
NIT Surathkal,fees,fees review,Eig_Uu1UnW0,"“NIT Surathkal Placements, Fees &amp; Hostel Charges 2025 | Complete Guide”",NIMCET Preparation,2025-10-14T09:58:47Z
NIT Surathkal,fees,fees review,MZLZknF6Fno,"NIT Surathkal 2025 🔥 Admission, Eligibility, Cutoff, Fees &amp; Placements | Complete NITK Review",Bodmas Engineering Careers,2026-05-29T10:24:52Z
NIT Surathkal,fees,fees review,HaAiPVx02M0,Fee structure of Nit #feedshorts #jee #fee #iit #nit #motivation #how,Vishal Vedan,2023-09-02T14:26:45Z
NIT Surathkal,fees,fees review,DjEyZLx4QeA,"NIT Surathkal vs NIT Trichy Which is Better? Ranking, Fees, Campus Life | #nitsurathkal #nittrichy",shiksha.com,2025-06-10T07:51:10Z
NIT Surathkal,fees,fees review,XWJ_7Lxir7w,"NIT Trichy vs NIT Surathkal Which is Better, Average Highest Package Total Fee Structure, Campus",Ujjwal Kumar Sen Clips,2023-04-10T11:42:58Z
NIT Surathkal,fees,fees review,Lg8WtupE6YQ,Nit Surathkal Review in One Minute 🔥 #Shorts #nitsurathkal  #nit #iitmotivation,Ritik Meghwani,2022-07-29T14:00:11Z
NIT Calicut,fees,fees review,H6wvBLl-NXs,💵 NIT CALICUT Fees 2026 📖 Full Course Details + ROI Worth It or Not? 🤔,Collegedunia,2025-10-29T07:12:18Z
NIT Calicut,fees,fees review,-c57gOwFy-4,"Everything about NIT CALICUT in under 1 minute! Fees, Placement, Admission, Ranking, Cutoff, Reviews",Collegedunia,2025-10-24T05:00:00Z
NIT Calicut,fees,fees review,ILfxxvDXdQ8,IIT Fees and Scholarship | IIIT Fees and Scholarship | NIT Fees and Scholarship | Malayalam,Sreevidhya Santhosh,2025-03-19T13:30:22Z
NIT Calicut,fees,fees review,2lHqnouWE3w,🎓 NIT Calicut Fees Structure 2025 | Complete Breakdown for B.Tech Students 🏫💸 | Watch Now, Ayan Speaks [NIT CALICUT],2025-06-04T12:51:21Z
NIT Calicut,fees,fees review,Vx7HCam6Ckk,NIT Calicut - MBA Fee - 5L(Fee+Hostel) - Average Placement?,Collegedekho with Hritik,2025-02-09T16:15:22Z
NIT Calicut,fees,fees review,lzoqaC0A40M,NIT Calicut FEES Structure (4 Year - UG/B.Tech) | Tuition+ Hostel+ Mess Fees &amp; Seat Matrix 2025!,"Mechenzi - Placements, Colleges & Career",2025-06-25T15:30:33Z
NIT Calicut,fees,fees review,bSMHBHEeT90,"NIT Calicut (NITC) Review : Ranking, Cut off, Placements, Courses, Fees",shiksha.com,2024-04-12T11:50:02Z
NIT Calicut,fees,fees review,o1LnU-YRBPM,Are IITs and NITs really affordable colleges? Fees at IITs and NITs  #iitlife #nitlife #iitfees,XandY-Universal JEE,2024-08-12T12:30:37Z
NIT Calicut,fees,fees review,0pnvybCrVEQ,"All About NIT Calicut: Fees, Cutoff, Placements &amp; Campus Life | NIT Calicut Complete Review",Education Ji,2025-11-01T19:19:09Z
NIT Calicut,fees,fees review,Wf2PZuAdf4o,"NIT Calicut MBA (DOMS) 2026🔥| Eligibility,Fees, Cutoff &amp; Placement Reality Worth it to Apply in NIT?",Ankit Verma - MBAshala,2026-01-31T16:20:03Z
NIT Rourkela,fees,fees review,xgiu96eSVPA,NIT Rourkela College Review | Admission | Cutoff | Courses | Fees | Placement | Overall Campus,Indian Career Helpline,2026-01-28T06:30:34Z
NIT Rourkela,fees,fees review,IfMbDQdOJXg,NIT Rourkela College Review 2025: Truth About Placements &amp; Campus Life,Prabhat Ranjan,2025-09-17T06:30:19Z
NIT Rourkela,fees,fees review,l8Zr2Kkh5tI,💥 NIT Rourkela 2025 Cutoff &amp; Closing Rank 📈 | Fees &amp; Placement | JEE Main 2025,Careers360,2025-04-28T13:30:41Z
NIT Rourkela,fees,fees review,nQ4xiof_FUQ,"All About: NIT Rourkela 🔥| NIT Rourkela Complete Information | NIT Rourkela Review | Fees, Cut off",V2 Academy - Manish Verma,2024-01-19T04:05:26Z
NIT Rourkela,fees,fees review,9GB8JCBsTPY,NIT ROURKELA | NIT ROURKELA PLACEMENTS | NIT ROURKELA FEES | NIT ROURKELA CUTOFF,Freshers Gate,2022-11-30T01:30:03Z
NIT Rourkela,fees,fees review,HgR7rBiAOXQ,Nit Rourkela Review in One Minute 😍 #Shorts #nitrourkela  #nit #iitmotivation,Ritik Meghwani,2022-08-01T14:00:14Z
NIT Rourkela,fees,fees review,jcT5Mcuqc9c,"NIT Rourkela Review 2025 | CSE Cut off, Highest Placement, Fee | #NITRourkela",AAS - JEE ,2025-04-17T12:59:17Z
NIT Rourkela,fees,fees review,VVYNh4B8L7s,"NIT Rourkela B Tech 4 Years Fees, M Tech Fees of NIT Rourkela |",Ujjwal Kumar Sen Clips,2023-03-16T04:45:02Z
NIT Rourkela,fees,fees review,kJ9b6dfdpqM,Finally Secure NIT Rourkela | My IIT-JEE Story | Krishrajvikram | #shorts #feed #trend #iitjee#viral,Kriscap Vlogs,2024-02-14T21:22:15Z
NIT Kurukshetra,fees,fees review,bBwjWnzi2gs,NIT Kurukshetra FEES Structure (4 Year - UG/B.Tech) | Tuition+ Hostel+ Mess Fees &amp; Seat Matrix 2025!,"Mechenzi - Placements, Colleges & Career",2025-07-07T15:30:20Z
NIT Kurukshetra,fees,fees review,JkbT9eeMTgA,All about NIT Kurukshetra😍😍#iit #iitjee #jee #jee2025 #jeemains #nit #nitkurukshetra #kurukshetra,Vedantu JEE Made Ejee,2024-08-09T11:30:14Z
NIT Kurukshetra,fees,fees review,9sH5V1Jt3co,"NIT Kurukshetra Review 2025 | JEE Mains Cutoff, Placement, Fees #nitkurukshetra",AAS - JEE ,2025-04-29T11:18:59Z
NIT Kurukshetra,fees,fees review,01uC2y4nWmc,"NIT KURUKSHETRA PLACEMENTS | NIT KURUKSHETRA FEES, CUTOFF | NIT KURUKSHETRA CAMPUS",Freshers Gate,2025-02-04T13:30:01Z
NIT Kurukshetra,fees,fees review,9gdyz00jBEQ,NIT KURUKSHETRA | NIT KURUKSHETRA PLACEMENTS | NIT KURUKSHETRA FEES | NIT KURUKSHETRA CUTOFF,Freshers Gate,2022-12-06T01:30:02Z
NIT Kurukshetra,fees,fees review,z3q1y5RRpa8,Should You Apply for NIT Kurukshetra MBA?🤔Honest Review | Fees | Cutoff | Placement,Ankit Verma - MBAshala,2026-03-14T13:32:37Z
NIT Kurukshetra,fees,fees review,lvThWPWn2To,&quot; Total fee structure of NIT KKR explained&quot;. #dirghvritvanvasi #nitians #nitkkr,Dirghvasi,2025-08-10T03:30:38Z
NIT Kurukshetra,fees,fees review,vH6WGdcgHig,SACHIN SIR AT NIT KURUKSHETRA🥹♥️ #sachinsir #nitkurukshetra,The AlakhPedia,2025-02-23T08:09:33Z
NIT Kurukshetra,fees,fees review,dBB-I8cOjho,"💼 NIT Kurukshetra Placements 2025 | Highest, Average &amp; Top Recruiters #nitk #nitplacement #lcc",shiksha.com,2025-09-29T06:22:01Z
NIT Kurukshetra,fees,fees review,fAoxwqvdwXM,"All About NIT Kurukshetra: Fees, Cutoff, Placements &amp; Campus Life | NIT Kurukshetra Complete Review",Education Ji,2025-11-12T19:24:02Z
NIT Jalandhar,fees,fees review,LX3HpIrTmbY,"NIT Jalandhar BTech Review  | Fees, Admission, Placements, Cutoff",shiksha.com,2024-09-19T10:58:08Z
NIT Jalandhar,fees,fees review,C5cH9ffJMjY,"NIT Jalandhar College Review 2026 🔥 Cutoff, Placement, Fees, Hostels | Worth It?",Apka Siddharth,2026-01-09T03:30:06Z
NIT Jalandhar,fees,fees review,fnvtWlb9hPo,NIT Jalandhar College Review 2025: Truth About Placements &amp; Campus Life,Prabhat Ranjan,2025-09-27T06:30:24Z
NIT Jalandhar,fees,fees review,5EvTzi-5Bvc,NIT JALANDHAR POWER 💪 #harshsir #nit #nitjalandhar #engineeringlife #VED #shorts,Study Circuit ,2025-10-19T05:47:59Z
NIT Jalandhar,fees,fees review,B6_fu7xnwYs,"NIT Jalandhar Review 2025 | JEE Mains Cutoff, Placement, Fees #nitjalandhar",AAS - JEE ,2025-04-26T16:08:35Z
NIT Jalandhar,fees,fees review,epWSUCcmUsk,NIT Jalandhar Fees Structure &amp; Courses Explained | Complete Tech Admission Guide! #lcc #shiksha,Shiksha Engineering,2025-11-18T07:31:44Z
NIT Jalandhar,fees,fees review,58Ibbd_-Drs,NIT Jalandhar MBA 2026 Form Out🔥Eligibility | Fees | Last Date | Cutoffs 🤔| Honest Review,Ankit Verma - MBAshala,2026-03-11T14:26:55Z
NIT Jalandhar,fees,fees review,HD3CSHPvg68,"All About NIT Jalandhar: Fees, Cutoff, Placements &amp; Campus Life | NIT Jalandhar Complete Review",Education Ji,2025-11-16T19:20:08Z
NIT Jalandhar,fees,fees review,2HzLsGxZNCg,Fees structure at NIT Jalandhar | Details video 2022 🐒 #nitianvlogs,NITian Vlogs,2022-11-02T05:44:18Z
NIT Jalandhar,fees,fees review,T9jyU1hqeoQ,NIT Jalandhar FEES Structure (4 Year - UG/B.Tech) | Tuition+ Hostel+ Mess Fees &amp; Seat Matrix 2025!,"Mechenzi - Placements, Colleges & Career",2025-06-26T15:30:26Z
NIT Jaipur,fees,fees review,kfn91Ey6Ho0,NIT Jaipur FEES Structure (4 Year - UG/B.Tech) | Tuition+ Hostel+ Mess Fees &amp; Seat Matrix 2025!,"Mechenzi - Placements, Colleges & Career",2025-06-26T09:30:36Z
NIT Jaipur,fees,fees review,FjU-Y9MqQ24,MNIT Jaipur College: Cutoff Comparison,shiksha.com,2024-09-11T07:39:18Z
NIT Jaipur,fees,fees review,miT4CK_5Sac,MNIT Jaipur College Review | InShort,Apna College,2023-03-17T15:18:42Z
NIT Jaipur,fees,fees review,UrAHY4GREKc,"MNIT Jaipur Review 2026 🔥 Placements, Cutoff, Fees, Hostel &amp; Reality Check | Worth It or Not?",Career Margdharshan ,2026-05-02T09:30:27Z
NIT Jaipur,fees,fees review,zbyOc9WdYIg,MBA From NIT Jaipur Review - Only 50 percent btach got placed | NIT Jaipur MBA Placements #mba,MBA with Arshi Khan,2026-02-02T06:30:08Z
NIT Jaipur,fees,fees review,I9WRKcS9-fI,MNIT Jaipur College Review 2025: Truth About Placements &amp; Campus Life,Prabhat Ranjan,2025-09-21T07:05:00Z
NIT Jaipur,fees,fees review,dH5h6z4_4Gw,"MNIT Jaipur Review 2025 | CSE Cut off, Placement, Fees | JEE Mains 2025",AAS - JEE ,2025-04-23T15:06:38Z
NIT Jaipur,fees,fees review,NF5hoEMn7rA,💥 MNIT Jaipur 2025 Cutoff &amp; Closing Rank 📈 | Fees &amp; Placement | JEE Main 2025,Careers360,2025-05-01T11:30:15Z
NIT Jaipur,fees,fees review,ApAgLX2IlDw,"All About MNIT Jaipur 😱🔥| Fees, Placemnet #shorts #jee2026 #engineeringcollege",Vedantu College Connect,2026-04-15T09:29:46Z
NIT Jaipur,fees,fees review,79tnT0bMduE,Marks Required to Get MNIT Jaipur CSE Branch! #jeemain2025 #mnitjaipur #jee #nit #shortsfeed,IIT JEE Rankplus - Hindi Medium,2024-12-14T07:48:24Z
NIT Nagpur,fees,fees review,rdzVL1Wwz48,"Is VNIT Nagpur Worth It? 🤔 | NIT Nagpur Review | Fees, Cutoff, Placement, Campus",Apka Siddharth,2026-01-14T03:30:06Z
NIT Nagpur,fees,fees review,eV8HhaQJRv0,NIT Nagpur FEES Structure (4 Year - UG/B.Tech VNIT) | Tuition+ Hostel+ Mess Fees &amp; Seat Matrix 2025!,"Mechenzi - Placements, Colleges & Career",2025-07-07T09:30:34Z
NIT Nagpur,fees,fees review,RnpGg1xmE_c,"VNIT Nagpur Review 2025 | CSE Cut off, Placement, Fees | JEE Mains 2025",AAS - JEE ,2025-04-24T15:04:42Z
NIT Nagpur,fees,fees review,1nuAzMR82P4,VNIT Nagpur College Review | 64 LPA Package Reality + Campus Truth 2025,Prabhat Ranjan,2025-09-22T06:30:00Z
NIT Nagpur,fees,fees review,PwUyWafhHng,"VNIT NAGPUR PLACEMENT | VNIT NAGPUR PLACEMENTS, CUTOFF, FEES | NIT NAGPUS CAMPUS",Freshers Gate,2023-08-30T01:30:10Z
NIT Nagpur,fees,fees review,bYhmGxvfiiM,"All About VNIT Nagpur: Fees, Cutoff, Placements &amp; Campus Life | VNIT Nagpur Complete Review 2025",Education Ji,2025-11-09T20:22:15Z
NIT Nagpur,fees,fees review,YsCqXwBlLWs,"VNIT Nagpur MSc Review | Fees, Admission, Placements, Cutoff",shiksha.com,2025-01-29T09:08:51Z
NIT Nagpur,fees,fees review,rviE7gbmk3s,VNIT Nagpur College Review 😱|| Average Package 10 LPA ✅|| VJTI Mumbai vs VNIT Nagpur #jeemains,CollegeSearch,2025-12-18T13:01:42Z
NIT Nagpur,fees,fees review,Wbh751TDDqc,💥 VNIT Nagpur 2025 Cutoff &amp; Closing Rank 📈 | Fees &amp; Placement | JEE Main 2025,Careers360,2025-04-30T11:30:23Z
NIT Nagpur,fees,fees review,3ywdpFZoMfA,"VNIT NAGPUR| VNIT NAGPUR PLACEMENTS 2025 | VNIT NAGPUR CUTOFF, FEES | NIT NAGPUR",Freshers Gate,2025-03-05T13:30:03Z
NIT Allahabad,fees,fees review,7ip19pgPtSo,NIT ALLAHABAD FEES STRUCTURE 2025 #nitallahabad #nit #nitfees #fees,ᴩʀꫝꜱʜꫝɴᴛ[NIT ALLAHABAD],2025-07-12T08:46:09Z
NIT Allahabad,fees,fees review,w-2HISUNFUU,"NIT Allahabad MBA 2026 Forms Out🔥| Cutoff, Fees, Placement &amp; Selection Process | Is It a Worth it?",Ankit Verma - MBAshala,2026-03-02T18:27:22Z
NIT Allahabad,fees,fees review,lSUaDiPjRt8,Fee structure of NIT ALLAHABAD || 10 LAKH + REALITY #nitallahabad #mnnitallahabad #feesteucture,VIVEK YADAV [NIT-ALLAHABAAD],2025-03-27T04:07:30Z
NIT Allahabad,fees,fees review,l3VRUbxQHe8,"nit allahabad review 2026 | mnnit prayagraj full details | fees, placement, hostel, cutoff",Career Margdharshan ,2026-01-22T11:30:47Z
NIT Allahabad,fees,fees review,Dkaf8H3F4sI,All About NIT Allahabad #nitallahabad #harshsir #nit,Vedantu JEE Made Ejee,2025-10-21T14:30:10Z
NIT Allahabad,fees,fees review,b4qn1PM1cWQ,"NIT Allahabad Placements, Fees &amp; Hostel Life 2025 | Full Reality Check 🔥",INPS CLASSES,2025-10-14T10:15:04Z
NIT Allahabad,fees,fees review,CPBjo3B8wEg,All about MNNIT Allahabad✅✅#shorts #mnnit #mnnitallahabad #allahabad #jee #jee2024 #btech #college,Vedantu JEE Made Ejee,2024-04-23T07:30:02Z
NIT Allahabad,fees,fees review,tmmL7r7O0Xw,27 Lakhs Average Package 🔥|| MNNIT Allahabad College Review ✅|NITs at low rank in JEE Mains #jee2026,CollegeSearch,2025-11-12T13:31:04Z
NIT Allahabad,fees,fees review,lJTMvORL59c,NIT Allahabad FEES Structure (4 Year - UG/B.Tech) | Tuition+ Hostel+ Mess Fees &amp; Seat Matrix 2025!,"Mechenzi - Placements, Colleges & Career",2025-06-24T07:02:47Z
NIT Allahabad,fees,fees review,bGbo42gjSng,MNNIT Allahabad College Review 2025: Truth About Placements &amp; Campus Life,Prabhat Ranjan,2025-09-28T06:30:22Z
IIM Ahmedabad,fees,fees review,TGcu0WUYAuY,💥Top 5 IIM’s in India- Fees 2024! 😱IIM Fees Structure for MBA💥#shorts #mba #iim #fees2024 #viral,MBA Fundas by Sunstone,2024-05-20T11:30:12Z
IIM Ahmedabad,fees,fees review,NThy3U_sn14,Highest Package of all IIM colleges in tabular form #iim #iima,CCSU notes,2024-12-27T02:30:12Z
IIM Ahmedabad,fees,fees review,Lo1LYm7TaRA,IIM Ahmedabad vs Harvard | Salary Revealed 💰,Aspyre With Abhijay,2026-01-19T12:56:29Z
IIM Ahmedabad,fees,fees review,6UZdJ2R6dAM,"IIM Ahmedabad Selection Process, Eligibility, Fees &amp; Average Package 2025 #LRDIWithGouravSir",MBA Wallah,2025-09-17T07:30:05Z
IIM Ahmedabad,fees,fees review,MlN-eVJxSdU,IIM Ahmedabad vs Harvard! Kiski hai better ROI? | Warikoo Careers Hindi,warikoo careers,2025-07-07T06:30:15Z
IIM Ahmedabad,fees,fees review,OkRBekxdQRI,IIM fees for mba through CAT | Full Breakdown of IIM Fees structure for MBA,CAT Preparation - iQuanta,2025-04-18T12:17:55Z
IIM Ahmedabad,fees,fees review,5s4PO3ExeTk,All about IIM Online MBA programs | No CAT Score Required,Ananta Chhajer,2025-03-19T12:36:12Z
IIM Ahmedabad,fees,fees review,CSaEPcHKOHY,Khan sir from IIM Ahmedabad 😱 | What did Khan Sir read about? #shorts,ALL IN ONE,2025-04-20T12:38:38Z
IIM Ahmedabad,fees,fees review,pR63LZ5u6Iw,MBA At IIMA Costs ₹34 lakhs😱 #shorts #kushallodha #iim,Kushal Lodha,2025-03-13T12:30:53Z
IIM Ahmedabad,fees,fees review,EUpCmytqXmg,Total Budget Required For MBA Through IIMs | Top IIMs Fees Structure ✅,MBA with Arshi Khan,2024-09-01T17:30:02Z
IIM Bangalore,fees,fees review,Gj9gUbZbG8U,IIM Bangalore Full Review: Courses | Fees | Admission Process | Eligibility Criteria! #iimbangalore,My College Buddy,2024-09-27T14:30:05Z
IIM Bangalore,fees,fees review,voEAccfa09k,IIM Bangalore Selection Process: The most difficult MBA college to get in!,Ananta Chhajer,2024-07-18T13:00:35Z
IIM Bangalore,fees,fees review,0GP7Vn1b7A8,"IIM Bangalore Undergraduate Program | Admission, Eligibility &amp; Fees Explained | Harsh Sir |",Vedantu College Connect,2026-03-13T12:30:01Z
IIM Bangalore,fees,fees review,Nfe4bW0GTDs,"Is IIM fees really worth it ? from IIM Bangalore to Tokyo, Japan | Summer Internship Diaries","Gunai Tarde | MBA, Work & Life",2025-07-01T16:55:52Z
IIM Bangalore,fees,fees review,EbCPS_WMC7w,"IIM Bangalore Admission Guide 2025: Selection Process, Cutoff, Fees &amp; Placements",MBA Wallah,2026-04-11T14:30:21Z
IIM Bangalore,fees,fees review,Al_EwCiRkSA,Financing  my 34L IIM Bangalore MBA Loan (27 fees + 7 foreign exchange) #finance #MBA #iim,Riyalizations,2025-03-24T05:41:22Z
IIM Bangalore,fees,fees review,sUsx5Na75Ak,IIM Bangalore Selection Criteria: Why was I rejected at 99.91 CAT Percentile?,Ananta Chhajer,2025-07-10T15:01:19Z
IIM Bangalore,fees,fees review,guJCevDpd_U,IIM BANGALORE B.S ADMISSIONS 2026 ELIGIBILTY AND LAST DATE,Satish IRSE,2025-11-14T12:30:05Z
IIM Bangalore,fees,fees review,aPwKifKJaXA,IIM Bangalore Launches NEW CAMPUS &amp; UG Courses 🔥✅,Kavach Khanna,2025-07-25T07:47:44Z
IIM Calcutta,fees,fees review,jAdtHRbgfCg,IIM Calcutta MBA Admission Process &amp; Fees 2025 | Complete College Review,Aman Chaudhary (AmanXVlogs),2025-09-27T05:30:26Z
IIM Calcutta,fees,fees review,_fF_JCU5gow,IIM Calcutta Full Review: Courses | Fees | Admission Process | Eligibility Criteria! #iimcalcutta,My College Buddy,2024-09-28T14:00:36Z
IIM Calcutta,fees,fees review,DeV4i4vm_ho,All about IIM Calcutta | Fees | Package #iimcalcutta,collegeology,2024-12-16T10:27:11Z
IIM Calcutta,fees,fees review,mc7FCUZY1kY,"Is IIM Calcutta Worth ₹27 Lakh? Full Breakdown | | Fees, Placements &amp; Pressure Reality #shorts",SuperGrads CAT Coaching by Toprankers,2026-02-25T13:27:29Z
IIM Calcutta,fees,fees review,4-vcnQwz3Mw,"IIM Calcutta Placements 2025 | Average &amp; Highest Salary, Packages, Top Recruiters &amp; Alumni",MBA360,2025-12-12T08:26:20Z
IIM Calcutta,fees,fees review,IWKEMNUTLlg,"IIM Calcutta MBA Honest Review: Fees, ROI, Campus Life &amp; Placements in 60 Sec 🔎| #shorts",SuperGrads CAT Coaching by Toprankers,2025-06-27T12:50:39Z
IIM Calcutta,fees,fees review,Lkr6iqWvSgU,Life and placements at IIM Calcutta,IIM Ke Baad,2024-08-15T10:34:08Z
IIM Calcutta,fees,fees review,2vFUk-ypJ9E,"IIM Calcutta PLACEMENT Reality | Salary, Recruiters &amp; ROI",The IIM Guy,2025-08-07T13:30:05Z
IIM Lucknow,fees,fees review,jpJjURv-Zi0,"IIM Lucknow PGP ABM 2026 | Fees, Placements, Campus Tour &amp; CAT Cutoff by @Agrivimal",AgriVimal,2025-11-21T09:50:52Z
IIM Lucknow,fees,fees review,rx91Qjn8jVo,IIM Lucknow MBA: Course Structure &amp; Fees Explained 💼💰#LCC #iim #iimlucknow,shiksha.com,2025-07-27T16:15:05Z
IIM Lucknow,fees,fees review,M661JoKTy30,"IIM LUCKNOW Placement Reality | Salary, Recruiters &amp; ROI",The IIM Guy,2025-07-23T13:30:18Z
IIM Lucknow,fees,fees review,XHxYBKHlRRM,🚀 IIM Lucknow MBA Fees ₹20.75 Lakhs vs ₹75 LPA Package | Real ROI Truth (2026),Collegedunia MBA,2026-01-11T13:35:10Z
IIM Lucknow,fees,fees review,zv1GKAlJDFs,IIM Lucknow Final Placement Report 2026 | Highest Package 1 Crore? 😳 | Average CTC &amp; Top Recruiters,SuperGrads CAT Coaching by Toprankers,2026-03-24T14:12:11Z
IIM Lucknow,fees,fees review,jV0DIsZxkaU,IIM Lucknow | Admission | Eligibility | Placements | Courses | Fees Structure | Ranking | Cutoff,MBA with Arshi Khan,2022-02-19T04:30:05Z
IIM Lucknow,fees,fees review,rK2MeWlJA4I,"IIM Lucknow Placements | Average &amp; Highest Salary, Packages, Top Recruiters &amp; Alumni #iimlucknow",MBA360,2026-01-23T12:03:41Z
IIM Lucknow,fees,fees review,qjdffS2U8A4,"IIM Lucknow MBA Honest Review 🔎| Fees, Packages, Campus, Fests &amp; NIRF Ranking 📝| #shorts",SuperGrads CAT Coaching by Toprankers,2025-07-07T12:03:38Z
IIM Lucknow,fees,fees review,TdLq3m5K8RY,"IIM Lucknow MBA &amp; PGDM | Fees, Placements, Admission, Average Package &amp; Career Growth 2025",Lock My College,2025-09-10T14:15:03Z
IIM Kozhikode,fees,fees review,gk880zwaSmA,IIM Kozhikode Comparison,shiksha.com,2024-09-23T10:26:14Z
IIM Kozhikode,fees,fees review,mxbYCcnrVwo,IIM Kozhikode BMS Fees Too High - Is it Worth the Investment? 🤔| Should You Apply? 🔎| #shorts,SuperGrads IPMAT Coaching by Toprankers,2025-05-27T06:12:07Z
IIM Kozhikode,fees,fees review,poGUTtOROmw,IIM Kozhikode FEES Structure 2026 - 2028 (2 Year - PGP) | Tuition + Hostel + Mess + Other Fees,"Mechenzi - Placements, Colleges & Career",2026-05-28T03:08:25Z
IIM Kozhikode,fees,fees review,OkWHN-yjk4A,💥Reality of IIM Kozhikode MBA Placement 2025 #MBA #CAT2025 #IIMKozhikode #IIMPlacements,MBA Fundas by Sunstone,2025-03-14T12:30:20Z
IIM Kozhikode,fees,fees review,4uiEpxRiLXk,IIM Kozhikode Admission Criteria ❤️,CAT Preparation - iQuanta,2024-08-23T17:35:08Z
IIM Kozhikode,fees,fees review,Q3sAFLClqhc,All about IIM Kozhikode | Admission process- Fees structure- Cut Offs- Placements,Studybuzz Education - MBA preparation,2018-08-26T12:14:26Z
IIM Kozhikode,fees,fees review,kCpZeehBjao,IIM Kozhikode PLACEMENT Reality,The IIM Guy,2025-05-17T13:30:38Z
IIM Kozhikode,fees,fees review,jjBDKG-D_Yk,"IIM Kozhikode BMS Full Review in 1 Min - Is It Worth 🤔| Fees, Campus, Course, Internships | #shorts",SuperGrads IPMAT Coaching by Toprankers,2025-06-30T11:30:50Z
IIM Kozhikode,fees,fees review,ChGVYBqdUUw,IIM Kozhikode Admission 2026 With Low GATE Score | Stipend &amp; Other Benefits | Complete Information,GATE Wallah,2025-12-27T05:30:16Z
IIM Indore,fees,fees review,AV2AdXC0IYg,"IIM Indore 2026: Safe CAT Score? Cutoffs, Fees, Avg CTC",The MBA Career Coach,2025-10-03T14:00:16Z
IIM Indore,fees,fees review,74Klnr2sfUk,"IIM Indore IPM Fees 2026–31 😱 | Total Cost, Year-Wise Details",IPMAT Wallah,2026-01-22T07:30:06Z
IIM Indore,fees,fees review,0hV946SNP8s,IIM Indore Fees &amp;  Placements #bbaentrance #iimindore,Manoeuvre MBA - CAT TO CET Preparation,2024-03-13T08:30:00Z
IIM Indore,fees,fees review,cUm4UVU1XAc,"IIM Fees &amp; Scholarships: High Cost, High ROI? | Explained with IPM Indore Example",Myprepway IPMAT ,2024-02-28T13:00:10Z
IIM Indore,fees,fees review,dxRpXIMgv00,"IIM Fees &amp; Scholarships: High Cost, High ROI? | Explained with IPM Indore Example",Myprepway IPMAT ,2024-02-29T12:30:32Z
IIM Indore,fees,fees review,R5AKjlrER8E,🚨 IIM Indore Placement Reality 2025 | Highest vs Average Package Explained #iim #cat2025,MBA360,2025-09-11T13:20:58Z
IIM Indore,fees,fees review,3hSpZQXMFg4,IIM Indore FEES Structure 2026 - 2028 (2 Year - PGP) | Tuition + Hostel + Mess + Other Fees,"Mechenzi - Placements, Colleges & Career",2026-04-25T05:09:17Z
IIM Indore,fees,fees review,EfskGYWNZlU,IIM Indore Placement Report 2025 | Highest Package ₹70 LPA,SuperGrads IPMAT Coaching by Toprankers,2025-10-03T14:33:10Z
IIM Indore,fees,fees review,ic3pHE-sSyE,IPM IIM Indore honest Placements,educaptain- Commerce & Management,2022-05-20T09:30:08Z
IIM Indore,fees,fees review,osLaoWtNhoc,IIM INDORE Placement REALITY | A Candid Inside Look,CollegeSearch,2022-12-23T12:30:30Z
IIM Shillong,fees,fees review,0Nl0BMRcTf8,"IIM Shillong MBA Honest Review 🔎| NIRF Ranking, Fees, Packages, Campus &amp; Fests 🎓| #shorts",SuperGrads CAT Coaching by Toprankers,2025-07-05T11:30:01Z
IIM Shillong,fees,fees review,5blM2ru_nRI,"IIM Shillong: Campus Review, Placements, Courses, Fees, Eligibility, Admission Criteria, &amp; more",MBA Fundas by Sunstone,2023-03-14T13:30:01Z
IIM Shillong,fees,fees review,V8f0HkUbWkQ,"IIM Indore’s IPM vs IIM Shillong’s IPM | Fees, Packages, ROI, Campus Life",SuperGrads IPMAT Coaching by Toprankers,2025-12-12T07:54:45Z
IIM Shillong,fees,fees review,vRCJZu8Exw8,"IIM Shillong an Honest Review 🤬 | Fees, Placements &amp; ROI EXPOSED ✅",Management Guy,2024-09-11T13:30:38Z
IIM Shillong,fees,fees review,d2Y_aVnaOXs,"IIM Shillong: Campus Review, Placements, Courses, Fees, Eligibility, Admission Criteria, &amp; more",MBA Fundas by Sunstone,2023-02-28T13:30:14Z
IIM Shillong,fees,fees review,7Ll7EwlGkd8,🎓 Honest Review of IIM Shillong | Must Know Before Apply for IIM Shillong&#39;s IPM Program 🚨 #shorts,SuperGrads IPMAT Coaching by Toprankers,2025-04-13T05:00:14Z
IIM Shillong,fees,fees review,4tL1Hi44ktY,"IIM Shillong MBA: Fees, Admissions, Placements, Cut-offs, Faculty &amp; Student Life [Not Sponsored",Learn4Exam,2024-08-22T03:30:03Z
IIM Shillong,fees,fees review,GRa16oY6HhE,"All About IIM Shillong&#39;s IPM Program 2025-26 🏫| Course, Fees, Eligibility, Admission &amp;  Placements 🔎",SuperGrads IPMAT Coaching by Toprankers,2025-05-08T15:30:22Z
IIM Shillong,fees,fees review,CLg-BqP_PSQ,"IIM Shillong Placements | Average &amp; Highest Salary, Packages, Top Recruiters &amp; Alumni",MBA360,2026-01-15T13:04:38Z
IIM Shillong,fees,fees review,2qrojXpQxf0,"IIM Shillong PLACEMENT Reality | Salary, Recruiters &amp; ROI",The IIM Guy,2025-05-24T13:30:03Z
IIM Udaipur,fees,fees review,7AOm3a1wMZs,"IIM Udaipur Admissions 2026 | Safe CAT Score? Cutoffs, Fees, Placements Explained 🎓",The MBA Career Coach,2025-10-27T13:30:14Z
IIM Udaipur,fees,fees review,Ad304y4cGSw,MBA from IIM Udaipur | Is it worth joining ?Highest Package 43.69 Lakhs | fees | Companies on Campus,CATKing,2025-05-13T11:26:08Z
IIM Udaipur,fees,fees review,C8CiuuK_SsQ,IIM Udaipur Fees Breakdown: MBA Starting at 22 Lakh | Executive PhD &amp; More!,Collegedunia MBA,2025-09-16T09:00:17Z
IIM Udaipur,fees,fees review,CtkxTc4vv5c,IIM Udaipur | Stand-up Comedy by Abijit Ganguly #shorts #indiancomedy #iim,Abijit Ganguly,2023-04-13T13:00:08Z
IIM Udaipur,fees,fees review,LcP004kv6_U,IIM Udaipur FEES Structure 2026 - 2028 (2 Year - PGP) | Tuition + Hostel + Mess + Other Fees,"Mechenzi - Placements, Colleges & Career",2026-04-25T08:30:00Z
IIM Udaipur,fees,fees review,AQ2czLeViNY,"IIM Udaipur BBA 2026 Honest Review😱| Fees, Eligibility, Placement, Campus Life &amp; ROI | Must Watch!",Everything For BBA,2025-12-02T15:00:16Z
IIM Udaipur,fees,fees review,h2Aka7nzzt0,"All About IIM Udaipur BBA 2026 🎓 Admission, Eligibility, Exam Pattern &amp; Course Structure",SuperGrads IPMAT Coaching by Toprankers,2026-02-25T09:53:15Z
IIM Udaipur,fees,fees review,x4yH-ecUIM4,IIM Udaipur Executive MBA | All About IIM Udaipur EMBA |Eligibility | Entrance | Admission | Fees,Jyotiee Nihalani,2024-02-17T14:30:21Z
IIM Udaipur,fees,fees review,cTPJsTujidU,"IIM UDAIPUR Placement Reality | Salary, Recruiters &amp; ROI - the best NEW IIM? ",The IIM Guy,2025-08-09T13:30:40Z
IIM Udaipur,fees,fees review,WyrD8BW4WfE,"IIM Udaipur vs IIM Rohtak MBA | Placements, Fees, Seats, Admission #iimudaipur #iimrohtak #shorts",shiksha.com,2024-02-06T13:30:20Z
IIM Ranchi,fees,fees review,KkwsFddlF3Y,"IIM Ranchi: Fees, Placement, Courses, Selection Explained! #iimranchi #iimplacements",Learn4Exam,2024-08-29T15:17:44Z
IIM Ranchi,fees,fees review,YpFiHEdu2L4,"IIM Ranchi (IIMR) Review : Courses, Fees, Admission 2024, Ranking, Cut Off, Placements",shiksha.com,2024-05-30T09:15:02Z
IIM Ranchi,fees,fees review,PyA3oi9quJ8,IIM Ranchi Detailed Information Admission Process and Eligibility Criteria | IIM Special Series,CUET Wallah ,2023-11-26T05:30:07Z
IIM Ranchi,fees,fees review,8QDT1vCLe3Y,IIM Ranchi Category-wise CAT 2025 Expected Percentile Cutoff | Selection Criteria Explained,MBA360,2025-11-26T06:30:06Z
IIM Ranchi,fees,fees review,vGus54xEA7U,IIM Ranchi Placement Overview | 50.39 LPA Highest Package | Top Recruiters,CATKing,2025-05-15T11:09:38Z
IIM Ranchi,fees,fees review,YlaVT-KWiBw,IIM Ranchi Placement Report | CAT 2025 Results | Average Package Analysis,Vivek [IIT KGP],2025-12-24T13:31:10Z
IIM Ranchi,fees,fees review,wSKcf0cA4Ew,"IIM Ranchi MBA: Fees, Admissions, Placements, Cut-offs, Faculty &amp; Student Life [Not Sponsored]",Learn4Exam,2024-08-16T03:30:22Z
IIM Ranchi,fees,fees review,a_qswTeymFc,"IIM Ranchi IPM Program Honest Review 🔎| Curriculum, Seats, Fees &amp; Placements Insights | #shorts",SuperGrads IPMAT Coaching by Toprankers,2025-07-03T13:51:31Z
IIM Ranchi,fees,fees review,CkiEALqS3uI,"Top 9 MBA Colleges in Ranchi- Rankings, Fees, Entrance Exam, Specializations, Placements!",My College Buddy,2024-04-29T13:50:00Z
IIM Ranchi,fees,fees review,LKYcQCI900E,"IIM Ranchi | Batch, Fees, Placement and Campus Life | Should You Join IIM Ranchi ?",The MBA Truth,2025-08-24T06:30:23Z
IIM Rohtak,fees,fees review,t0BloXk-AfM,IIM Rohtak FEES Structure 2026 - 2028 (2 Year - PGP) | Tuition + Hostel + Mess + Other Fees,"Mechenzi - Placements, Colleges & Career",2026-04-25T12:30:00Z
IIM Rohtak,fees,fees review,CrZzIoI7jms,🎓 IIM Rohtak Courses and Fees Overview 🔥,Collegedunia MBA,2025-09-21T12:10:00Z
IIM Rohtak,fees,fees review,9ZWu9bCy7dQ,IIM Rohtak Comparison,shiksha.com,2024-09-25T07:53:38Z
IIM Rohtak,fees,fees review,exy_YxbL_H8,"IIM Rohtak Placements | Average &amp; Highest Salary, Packages, Top Recruiters &amp; Alumni",MBA360,2026-01-13T12:52:33Z
IIM Rohtak,fees,fees review,M2SuyP9hz4E,"IIM Ranchi vs IIM Rohtak 💥 Fees, ROI, Campus, Placements — FULL Breakdown!",SuperGrads IPMAT Coaching by Toprankers,2025-11-29T15:30:15Z
IIM Rohtak,fees,fees review,BbLPM9lniFg,Courses and Fees at IIM Rohtak #shorts,shiksha.com,2023-09-13T06:55:24Z
IIM Rohtak,fees,fees review,UIR6BfWT9Jo,Updated IIM Rohtak Fee Details for IPM 2026 | IPMAT Admission Cost &amp; Structure #shorts,SuperGrads IPMAT Coaching by Toprankers,2026-01-22T09:45:16Z
IIM Rohtak,fees,fees review,k8xwH00wwsY,💸 IIM Rohtak Fees Breakdown for Top Courses 🎓,Collegedunia MBA,2025-09-21T13:45:06Z
IIM Rohtak,fees,fees review,_FNlKGnTIMg,"💥IIM Rohtak MBA Form Out | IIM Rohtak Fees, Courses, Seats &amp; Placement #shorts #MBA2024 #cat2024",MBA Fundas by Sunstone,2024-12-27T05:40:42Z
IIM Rohtak,fees,fees review,csd1N-QHgfQ,IIM Rohtak Placement Report | Salaries in New IIMs | Is there a 100 percent placements in IIMs ?,CATKing,2022-07-26T05:13:58Z
Delhi University,fees,fees review,NH4JQqJVKJo,Delhi University Fee Structure 2026 | DU Fees + Hostel + PG Total Cost Explained #delhiuniversity,shiksha.com,2026-03-15T07:14:59Z
Delhi University,fees,fees review,f2hMvJm_Fm0,Expenses In Delhi As Student! Delhi University,Anshika Jais | CUET & Careers ,2023-06-28T07:38:15Z
Delhi University,fees,fees review,Nv8Urat71I8,Delhi University Fees Structure 2026 😱 | एक साल का पूरा खर्चा कितना? सच जान लो!,CUET Hindi Medium,2024-06-13T06:14:04Z
Delhi University,fees,fees review,-P2YkXdmhKU,Can You Really Afford DU?💰| Cost of Living Explained | Delhi University,Pranjal Gunsatiya,2025-09-21T11:11:25Z
Delhi University,fees,fees review,3sqEtgct6mk,Total Expenses for a student in Delhi University | SRCC Specific | Must Watch,Rajat Arora Talks,2024-10-22T11:30:02Z
Delhi University,fees,fees review,ZPMc0HNWC18,B.Tech in Delhi University without JEE 🔥 DU  B.Tech Admission ✅️| Harsh Sir,Vedantu JEE Made Ejee,2025-06-03T12:30:43Z
Delhi University,fees,fees review,QjRn3gq6AX4,"Delhi University No. Of Colleges Provide Hostels | Fee Structure , Eligibility &amp; How to Apply✅📝",Adda247 CUET,2023-08-12T02:30:08Z
Delhi University,fees,fees review,-XUr6vI-Uu4,DU colleges with hostel facilities 🏠✨ #delhiuniversity #cuet2024 #priyanshijain #cuet,Forensic Science by Priyanshi ,2024-07-30T06:30:00Z
Delhi University,fees,fees review,bko0xYEsBx0,Told him I’m in Delhi University | #delhiuniversity #college #university #ducolleges #dustudents,Campus News,2025-06-08T11:07:19Z
Delhi University,fees,fees review,2BVPtrgo5VI,"Delhi University (FOT) College Review 2026 | Placement, Fees, Campus, Reality Check 🔥",Prabhat Ranjan,2025-12-25T06:30:01Z
Jawaharlal Nehru University,fees,fees review,2xjF8WRynFI,JNU Campus fee #ShortsFeed,The Student Life,2024-04-10T12:02:13Z
Jawaharlal Nehru University,fees,fees review,CC9uOJmK70s,"JNU का पूरा सच 😱 Fees, Placement, Campus Life | Full Review 2026",Careers360,2026-03-26T10:40:53Z
Jawaharlal Nehru University,fees,fees review,b2tMQpixsRs,"JNU B.Tech Admission 2026 and Review | Fees, Placement, JEE Mains Cutoff, Eligibility | Is It Worth?",The Social Class,2026-02-11T03:30:27Z
Jawaharlal Nehru University,fees,fees review,-iJLN6Nk-k4,JAWAHARLAL NEHRU UNIVERSITY CUET UG REVIEW | COURSES | FEES | CUT OFF | PLACEMENT | EVERYTHING 👍✅,CUET by Studentkhabri,2024-11-27T10:30:00Z
Jawaharlal Nehru University,fees,fees review,grriUwXKaMY,Jawaharlal Nehru Technological University | Fees at only ₹18k/year | Review | Harsh Priyam,Vedantu JEE Made Ejee,2023-05-14T12:00:09Z
Jawaharlal Nehru University,fees,fees review,ByWrnB_OrLM,JNU hostel allotment #cuetprepration #cuet2024 #cuetentranceexam #zulekha,Edify by Zulekha,2024-01-20T13:25:20Z
Jawaharlal Nehru University,fees,fees review,dmjyapw91JE,JNU College Review,thisisalaska,2025-06-28T13:38:57Z
Jawaharlal Nehru University,fees,fees review,cE97atrEJLw,"JNU Mein Kitna Kharcha Hota Hai? | Hostel, Mess, Fees Reality | JNU Campus Life",Political Affairs,2025-02-06T10:45:05Z
Jawaharlal Nehru University,fees,fees review,t6bEzpuqBmg,"CUET 2026 | JNU Admission Process, Cutoff, Seats, Fees, Courses | All About JNU University",CUET CONCEPT,2025-10-26T14:35:26Z
Jawaharlal Nehru University,fees,fees review,etRh3IdKE8Y,"Jawaharlal Nehru University  University Review | Admission Process, Cutoff ,Courses | All Details",CUET PG Wallah,2025-06-13T10:55:50Z
Banaras Hindu University,fees,fees review,gESa6qFV2Rk,BHU में पढ़ाई करने पर कितना खर्च आएगा || Room लें या Hostel|| Students Expense ,BEAUTY OF BANARAS,2025-07-23T14:05:35Z
Banaras Hindu University,fees,fees review,0i_iauj_wks,BHU Admission Fee &amp; Hostel fee for all courses| BHU में पढ़ने &amp; रहने का कितना खर्च? BHU Fee Structure,Basic Siksha -CUET Exam,2024-06-30T02:30:02Z
Banaras Hindu University,fees,fees review,zJpi7Hruohg,"BHU,DU,AU Fee structure : Course , Hostel , Mess expenses | cuet 2025 admission",Malviya Academy ,2025-06-10T15:42:59Z
Banaras Hindu University,fees,fees review,7vMRSz0ezPM,"CUET UG 2025 | BHU Admission, Fees, Courses &amp; Hostel Details | बनारस हिंदू यूनिवर्सिटी Full Guide",RWA TUITION CLASSES,2025-06-23T12:56:33Z
Banaras Hindu University,fees,fees review,X2J0DghRkeg,BHU College Review,thisisalaska,2025-06-27T13:32:14Z
Banaras Hindu University,fees,fees review,Xkn5PCICH2g,BHU hosteler k per month k kharcha😱🙄🏠💵 | Must Watch Before You Join #bhu #hostelworld #bhulife,Unsocial Anku ,2025-06-16T13:44:28Z
Banaras Hindu University,fees,fees review,rv-UJC7oios,"All About BHU for CUET 2026 Aspirants 🏛️ | Courses, History, Subjects, Eligibility &amp; Placements",SuperGrads CUET by Toprankers,2025-10-06T17:04:00Z
Banaras Hindu University,fees,fees review,sgBSx1mjkSg,&#39;BHU में BA Arts (Hons) की फीस कितनी होगी&#39; | Himanshu Mishra | #shorts #CUET #BHU,The Student Life,2023-02-19T09:43:40Z
Banaras Hindu University,fees,fees review,OTkmFLivDFE,"All About BHU Admission 2026 | Eligibility Criteria, Subject Combination, Courses &amp; Merit list",Adda247 CUET,2025-09-06T11:15:06Z
Aligarh Muslim University,fees,fees review,pfhXz_DviN8,"Aligarh Muslim University 2025 : Course, Seats, Fee, Hostel, Facilities &amp; Placement #CUET",Basic Siksha -CUET Exam,2025-06-15T10:57:18Z
Aligarh Muslim University,fees,fees review,R4F9qlj2O1s,"Aligarh Muslim University vs Jamia Millia Islamia | Which One is Better? Fees, Placement, Review",The Social Class,2026-01-12T03:30:31Z
Aligarh Muslim University,fees,fees review,8jVmfxRWwGo,Aligarh Muslim University Fee Structure | B Tech 1st Year Fee | #Shorts,Exam Update By Ashish Sir,2021-06-03T07:30:01Z
Aligarh Muslim University,fees,fees review,SOycaVqtcrw,"AMU Admission Form 2026 Released | Courses, Eligibility, Fees &amp; Dates Explained",Manish Kaushik,2026-02-03T17:56:21Z
Aligarh Muslim University,fees,fees review,4yVQ38E1Hy4,"Aligarh Muslim University ( AMU ) | Eligibility, Courses, Placements and Admission Process",Adda247 CUET,2025-06-05T09:30:06Z
Aligarh Muslim University,fees,fees review,wXFIJB17p50,"Aligarh Muslim University Distance Education Review: Admission, Courses, Fees! #distanceeducation",My College Buddy,2024-07-20T16:00:58Z
Aligarh Muslim University,fees,fees review,w-NbaSzHKBg,"AMU B.Tech Admission Process 2026 | Exam Date, Seats, Syllabus, Fees | ‪@UniversityWorld",University World,2026-02-09T15:15:44Z
Aligarh Muslim University,fees,fees review,0gyzkMj037Q,"Everything About AMU B.Tech |AMUEEE 2026 Eligibility, Cutoff, Syllabus, Fees, Admission &amp; Placements",Set time - Bound goal,2025-09-23T11:33:32Z
Aligarh Muslim University,fees,fees review,_xOWfVsNiCE,Top Engineering colleges without 75% in jee with Low fees | #AMUBtech | Aligarh Muslim university,Set time - Bound goal,2024-09-29T08:46:56Z
Aligarh Muslim University,fees,fees review,zlIa2JC7tDY,Hostel &amp; School Fees Structure | class 11th| Free Hostel ?!😯🤯|| Aligarh Muslim University,shazialig,2025-03-09T11:03:47Z
Jamia Millia Islamia,fees,fees review,RszhKreYCEI,Jamia Millia Islamia New Delhi | Fees at only ₹17k/year | Review | Harsh Priyam,Vedantu JEE Made Ejee,2023-05-14T12:30:09Z
Jamia Millia Islamia,fees,fees review,PIheLGxc36s,JMI Delhi College Review 2025 : Truth About Placements &amp; Campus Life,Prabhat Ranjan,2025-11-27T06:30:12Z
Jamia Millia Islamia,fees,fees review,PH5wP3bzpE8,"All about Jamia Millia Islamia University | Courses, fees, Placement, Admission Process 2026, CUET",The Social Class,2025-12-10T12:30:39Z
Jamia Millia Islamia,fees,fees review,qbFFkYp-yYM,"Jamia Millia Islamia MBA 2026🔥Fees, Cutoff, Placement &amp; Admission Process 😲Worth It?",Ankit Verma - MBAshala,2026-02-20T07:19:51Z
Jamia Millia Islamia,fees,fees review,zJbt34BAvZw,"Jamia Millia Islamia B. Ed Admission 2026 Complete Details | Fees, Eligibility, Admission Process",The Social Class,2025-12-03T12:31:35Z
Jamia Millia Islamia,fees,fees review,uWkI2d5aEfY,"Jamia Millia Islamia Central University Admission Details Out | Form ,Pattern ,Exam Date ,Fees",CUET PG Wallah,2026-02-23T06:45:06Z
Jamia Millia Islamia,fees,fees review,QBO4RG2d1Mc,"Jamia Millia Islamia B.Tech Review 2026 🔥 | Fees, Placements, Cutoff, Reality Check | Video -47/365",College Drisya,2026-02-17T17:27:55Z
Jamia Millia Islamia,fees,fees review,jrDF0Iju1AU,Jamia Millia Islamia Law Courses Review || Campus || Placement || Fees || ROI #jmi,LAW Studentkhabri,2024-12-23T13:30:32Z
Jamia Millia Islamia,fees,fees review,dSq3FEa2d-E,Jamia Millia Islamia B.Tech Review 2026 | Best ROI B.Tech College? All About JMI B.Tech 2026,The Social Class,2025-12-23T12:30:58Z
Jamia Millia Islamia,fees,fees review,1JxY0QVCbh8,All About Jamia Millia Islamia University Courses Fees Placements Admission Process Complete Details,Higher Education -Career Guide By Rahul Chandrawal,2024-11-08T14:30:00Z
University of Hyderabad,fees,fees review,Edmo44K7jng,BTech at University of Hyderabad 🔥 3 Lakh Fees &amp; 15 LPA Average Package! Worth It in 2026?,BoringMentor,2025-11-16T15:50:00Z
University of Hyderabad,fees,fees review,70n0S_Bllvk,"University यात्रा : Ep.14 - Hyderabad University :Course,CUET Eligibility,Seats,Hostel,Fee structure",Malviya Academy ,2024-06-25T15:08:36Z
University of Hyderabad,fees,fees review,vnOQ7Eyzv7g,HCU Hostel fee ₹3800 or 500 only? University of Hyderabad,Navneet Mishra Vlog,2025-07-13T21:16:16Z
University of Hyderabad,fees,fees review,G57Ey3-TeYI,"University of Hyderabad detailed review, Fee/Hostel/Placement #hyderabaduniversity",Royal Parth Vlogs,2024-12-13T03:35:00Z
University of Hyderabad,fees,fees review,tSIjmsuRUVE,"University of Hyderabad SCIS, Engineering college review | admission, placement, cutoff, fee, campus",Prabhat Ranjan,2023-12-22T06:30:11Z
University of Hyderabad,fees,fees review,Ozsw1mqFaiY,University of Hyderabad | University of Hyderabad Fees | University of Hyderabad Review,Student Khabri,2020-08-31T10:30:05Z
University of Hyderabad,fees,fees review,kHigPzTvTN4,"All About University of Hyderabad | Courses, Fees, Campus &amp; Placements",Next Toppers - CUET,2026-06-09T13:02:16Z
University of Hyderabad,fees,fees review,meCkhzYMA98,Hyderabad Central University JEE mains Cutoff ranks and placements,Dr TCS Career Guidance and Counseling ,2025-04-16T02:30:40Z
University of Hyderabad,fees,fees review,Kkh7XKcIPQw,"University of Hyderabad, Why it is famous?",College Mentor,2025-08-23T05:35:57Z
Pondicherry University,fees,fees review,MT-qqLBSDZU,Pondicherry University CUET UG Review 🎓 |Courses 📚 | Fees 💰 | Cut Off 📊 | Placement 💼 | Everything 🌟,CUET by Studentkhabri,2024-12-10T10:30:10Z
Pondicherry University,fees,fees review,vUJwlhty_Ec,"Pondicherry University Admission 2025 - FAQ’s , Hostel , mess , Fee",Life with Krithika,2025-05-03T12:20:06Z
Pondicherry University,fees,fees review,kQsT3GjmJQY,PONDICHERRY UNIVERSITY | CAMPUS TOUR | REVIEW | 2026 CUET ADMISSION | CENTRAL UNIVERSITY COMPARISON,ibnuber,2024-04-25T10:12:30Z
Pondicherry University,fees,fees review,iADyQzI48bY,"Pondicherry University 2025 Admissions CUET UG Full Details | Courses, Fees &amp; Cut Offs| RGR ACADEMY",RGR Academy,2025-07-16T12:52:48Z
Pondicherry University,fees,fees review,z2-Zh6vjn9M,"All About Pondicherry University 2026 Admission | Fees, Courses, Hostel, Campus, CUET, B.Tech",The Social Class,2026-01-19T11:30:56Z
Pondicherry University,fees,fees review,Xzm-W6Du73I,Pondicherry University application 2021/ Courses and fees / hostel fees,The University Connection,2021-07-17T15:13:00Z
Pondicherry University,fees,fees review,C7EGSPQIRAg,"Pondicherry University B.Tech Admission 2026 Complete Details | CUET Cutoff, Fees, Eligibility",The Social Class,2026-05-22T12:30:17Z
Pondicherry University,fees,fees review,ftIWDZBHC_M,Degree Courses At Pondicherry University | CUET UG 2025 | Best Courses | Eduport,Eduport CUET,2024-10-23T11:30:24Z
Pondicherry University,fees,fees review,GifJQwGt5E0,central university Pondicherry / cuet ug 2026 / Pondicherry central university,BIOLOGY ACADEMY TAMIL ,2026-01-15T06:05:24Z
Pondicherry University,fees,fees review,pSHQjd3EpcQ,Pondicherry University🔥 || Eligibility👍 || Fees 66K😱 || Scholarship😍 || 🔝Ranking || MBA Review✅,MBA with Arshi Khan,2022-10-23T07:21:04Z
Tezpur University,fees,fees review,Pv5EdU6Hed8,Tezpur University College Review 2025: Truth About Placements &amp; Campus Life,Prabhat Ranjan,2025-10-06T07:16:21Z
Tezpur University,fees,fees review,qvFJY7eMauc,"Tezpur University B.Tech Review 2026 🔥 | Fees, Placement, Cutoff &amp; Hostel Truth | Video-48/365",College Drisya,2026-02-18T13:40:08Z
Tezpur University,fees,fees review,S8KNEOqBZYE,"All about Tezpur University, Assam😍😍#jee #jee2025 #iitjee #tezpuruniversity #tezpur #btech",Vedantu JEE Made Ejee,2024-11-11T07:30:07Z
Tezpur University,fees,fees review,_3mBd-pfTRg,"Everything About TEZPUR UNIVERSITY in 1 Min | Fees, Ranking, Scholarship, Admission, Campus &amp; More",Collegedunia,2025-10-29T10:50:01Z
Tezpur University,fees,fees review,Ql2ZZ2IdksM,"Tezpur University CUET Admission 2026 🔥 UG &amp; PG Courses, Fee Structure, Hostel &amp; Low Cutoff",CSM classes ,2026-05-19T13:00:42Z
Tezpur University,fees,fees review,MSWSUz0GbsI,Tezpur University PG fees structure | Tezpur University Admission fees structure 2023,Help for Assam,2023-04-19T05:38:57Z
Tezpur University,fees,fees review,P5Etkuev7Oc,TEZPUR UNIVERSITY HONEST REVIEW🎓| COURSES📚 | FEES💰| CUT OFF📊 | ELIGIBILITY✅| PLACEMENT💼| EVERYTHING🌟,CUET by Studentkhabri,2024-12-21T10:30:10Z
Tezpur University,fees,fees review,-qRWlxtWQ5U,"Tezpur University B.Tech Review 2026 | Fees, Placement, Cutoff JEE Mains, CUET, Hostel, Admission",The Social Class,2026-02-26T05:18:42Z
Tezpur University,fees,fees review,GoN0TMkDHFA,Tezpur University Full Review: Fees | Courses | Admission | Eligibility | Specialization #university,My College Buddy,2024-12-22T14:30:05Z
Tezpur University,fees,fees review,q-OWy2WkCCQ,Tezpur University MA / BA /BEd/PhD/MEd Fee Structure 2026 |  Course Fee and Admission fee,Learn English with Sakil,2026-03-23T05:28:12Z
Central University of Rajasthan,fees,fees review,HG8xwFCLo7w,"Central University of Rajasthan (CURAJ) Honest Review 2026 | Placements, Campus &amp; Fees!",AkCollegeReview,2026-02-19T06:42:55Z
Central University of Rajasthan,fees,fees review,-fQxVC2u0fA,"Central University Of Rajasthan College Review 2026 | Placements, Campus &amp; Reality",Prabhat Ranjan,2026-03-02T06:30:00Z
Central University of Rajasthan,fees,fees review,uAVuXONTufc,"Central University of Rajasthan CURAJ PhD Admission 2025-26 Notification | Seats, Eligibility &amp; Fees",Neucademy,2025-12-27T18:22:46Z
Central University of Rajasthan,fees,fees review,xGReRb46x8E,"Central University of Rajasthan Review 2025 | Fees, Hostel, Placement, Pros &amp; Cons 🔥 | Video -56/365",College Drisya,2026-02-26T17:20:00Z
Central University of Rajasthan,fees,fees review,cqV3WbdG6wo,"CUET 2026: Central University of Rajasthan – Courses, Eligibility, Placements &amp; Admission",SuperGrads CUET by Toprankers,2025-11-09T12:30:06Z
Central University of Rajasthan,fees,fees review,GC3SPCz69DU,"CENTRAL UNIVERSITY RAJASTHAN | PLACEMENTS, FEES, CUTOFF | CU RAJASTHAN CAMPUS",Freshers Gate,2025-11-15T13:30:26Z
Central University of Rajasthan,fees,fees review,GjBGgxhcniM,"Central University of Rajasthan (B.Tech) college review | admission, placement, cutoff, fee, campus",Prabhat Ranjan,2023-12-23T09:30:05Z
Central University of Rajasthan,fees,fees review,57VZglJLaMI,"All About Central University of Rajasthan 🏫| Courses, Admission, Eligibility &amp; Placements Explained🎯",SuperGrads CUET by Toprankers,2025-03-07T14:30:07Z
Central University of Rajasthan,fees,fees review,51kCfJiMHac,"Central University of Rajasthan Full Details 🔥 | Fees, Hostel, Placement &amp; Cutoff 2026",CSM classes ,2026-05-18T18:30:13Z
Central University of Rajasthan,fees,fees review,Hwno37Y0wjg,"Central university of Rajasthan Complete Info | Courses, Eligibility, Admission, Seats, Fee, Hostel",Basic Siksha -CUET Exam,2024-06-29T06:30:05Z
Mumbai University,fees,fees review,Wp3f3ENkvbs,"All About University of Mumbai | Review | Courses, Fees, Ranking and Placements | Rahul Sir",CUET by Rankplus,2024-08-24T05:30:06Z
Mumbai University,fees,fees review,jP8ZPC6tFbo,"Mumbai University Overview | Ranking, Top Courses, Fees &amp; Placement Details #mumbaiuniversity",shiksha.com,2025-10-01T15:30:34Z
Mumbai University,fees,fees review,XT341iAwlR4,"Mumbai University IDOL Full Review: Admissions, Courses, Fees, Faculty #mumbaiuniversitydistance",My College Buddy,2024-07-06T15:30:09Z
Mumbai University,fees,fees review,hahRx4_EPzA,Universal AI University Mumbai MBA Review 2026 🔥 Fees vs Placement Reality,Everything For MBA,2026-03-02T15:30:32Z
Mumbai University,fees,fees review,VRtYt1CR0u0,"Universal AI University Review 2026 🎓 | Honest Placements, Fees &amp; Reality Check ! UBS Mumbai",FAJLE JEE-CAT,2026-02-04T13:28:18Z
Mumbai University,fees,fees review,FspTji_ktnc,"All about Mithibai College ( Mumbai University ) - Admission procedure, Fees, Placement, Cut Offs",Campus Safari,2024-03-21T08:31:27Z
Mumbai University,fees,fees review,2WOFZ9mrtMs,Mumbai&#39;s Top 15 Engineering Colleges 2023 | Best Engineering Colleges in Mumbai Rankings &amp; Reviews,Employed Engineers,2020-07-24T04:55:30Z
Mumbai University,fees,fees review,PT7or6w2izM,"Atlas SkillTech University Mumbai Review 2026 – Fees, Placements &amp; Admission Guide!",Sanjay Chaudhary (Dreamz India Education),2025-11-29T11:19:37Z
Mumbai University,fees,fees review,lUSTdom4r6w,"Universal AI University ( UBS MUMBAI )  Complete Review For MBA 👉🏻 All About Placements, Fees , ROI✅",MBA with Arshi Khan,2025-02-13T14:30:31Z
Mumbai University,fees,fees review,AMNYFy0TUIs,"Universal Ai University MBA Review 2026 | UBS Mumbai | Fees, Eligibility, Placements &amp; Reality Check",Shiksha Nerd,2025-12-10T12:30:17Z
University of Calcutta,fees,fees review,NeN36WJ21DI,"Calcutta University Review 2026 | Placement, Fees, Campus, Hostel",Prabhat Ranjan,2026-04-01T06:30:16Z
University of Calcutta,fees,fees review,s9CkI7D2g_A,"University Of Calcutta Review : Courses, Fees, Ranking, Placement",shiksha.com,2023-03-17T13:30:18Z
University of Calcutta,fees,fees review,DG_bDsbjceQ,UNIVERSITY OF CALCUTTA COLLEGE REVIEW🔥| CU REVIEW |Fees|Placements| Infrastructure |Cut off ✅|Wbjee,STUDY WITH ADITYA,2023-07-16T21:28:02Z
University of Calcutta,fees,fees review,LA1Uf-b4FGo,"All About University of Calcutta | Review | Courses, Fees, Ranking &amp; Placement | Rahul Sir",CUET by Rankplus,2024-08-07T15:30:07Z
University of Calcutta,fees,fees review,_OemI2wHYyQ,All about University of Calcutta✅😍#shorts #wbjee #universityofcalcutta #kolkata #btech #college,Vedantu JEE Made Ejee,2024-04-14T03:30:12Z
University of Calcutta,fees,fees review,Kuo1yCJI8iM,"Jadavpur University Kolkata Review 2026 | Admission, Fees, Cutoff &amp; Placement! | Btech360",My Channel,2026-03-30T11:24:26Z
University of Calcutta,fees,fees review,8FjE-XNA5eM,All Government &amp; Private Law Colleges Fees 💸structure under Calcutta University।।@Adv_Riya_Paul,Riya Bolchi,2025-03-23T17:06:26Z
University of Calcutta,fees,fees review,LdhzhjSFjEY,"Calcutta University Placement, Ranking, Courses, Fees, 🔥 | কম ফি High Packages😱!! | WBJEE 2025",PW Bangla,2025-05-13T13:08:51Z
University of Calcutta,fees,fees review,PoQ4ys3j0e4,University of Kolkata detailed review 🔥Fee/Hostel/Placement#wbjee2025,Royal Parth Vlogs,2024-12-21T03:30:19Z
University of Calcutta,fees,fees review,nCDomdHzrAg,"Techno India University Kolkata Review 2026 🔥 😍| Fees, Placement, Campus &amp; Reality Check💯",Bhumika Singh Vlogs,2026-02-24T16:18:03Z
Osmania University,fees,fees review,s66tWkKORT4,Osmania University Hyderabad | Oucet | Admission Procedure | Courses | Fee | Placements,Student Khabri,2019-06-05T16:30:02Z
Osmania University,fees,fees review,TyKd-o7XgTg,Osmania ante only naam? Real facts you should know!  #vedantutelugu,Vedantu Telugu,2025-06-22T05:30:13Z
Osmania University,fees,fees review,q3feEKy8t7I,osmania university lo mba? #trending #shortsfeed #osmaniauniversity #mbaplacements #teluguvlogs,Dharmika vlogs,2025-09-04T09:34:19Z
Osmania University,fees,fees review,mgMCw-v75ZE,Degree Admission Process in Osmania University@StudentUpdates247,Student Updates ,2025-05-04T07:57:09Z
Osmania University,fees,fees review,y0NTCPekInE,All about Osmania University in Telugu || #Lokaghnani,Lokhagnani,2021-05-07T15:00:17Z
Osmania University,fees,fees review,wlmkK9O-UAE,"Osmania University BTech Review | Fees, Admission, Placements, Cutoff",shiksha.com,2024-08-22T10:50:01Z
Osmania University,fees,fees review,mc82G-5EN90,Department of Pharmacy at Osmania University (OUCT) | honest review by students | #BPharma  #MPharma,Reethika Surisetty,2024-04-24T13:07:09Z
Osmania University,fees,fees review,qi6m68ms6oI,"Osmania university Review : Courses , Fees, Result, Ranking, Placements",shiksha.com,2023-03-15T12:30:32Z
Osmania University,fees,fees review,tTb1b1xuBSU,"Osmania University College Full Review 2025 | Placements, Cutoff, Fees,Campus Tour-Review in telugu",Hello Mastaruu..,2025-06-02T12:48:34Z
Osmania University,fees,fees review,dBAwyLMXbP8,Degree admission process in Osmania University | campus | integrated degree | degree | Ou campus,Chemistry concepts by venkatesh ,2021-06-29T14:55:53Z
Anna University,fees,fees review,STB7l6Cj1G0,Anna University Guindy Fees &amp; Rank Cutoff 2025 EXPLAINED | Exclusive Campus Tour,College Dost Tamil,2025-05-16T16:35:18Z
Anna University,fees,fees review,O127ik4Sv4c,ANNA UNIVERSITY CHENNAI పూర్తి వివరాలు,GBR TV Education & More,2024-12-12T02:29:06Z
Anna University,fees,fees review,rCHv_Nanjro,(Best University in Chennai) Interview With TN&#39;s Top 1% College Students | CEG Campus review,Suman Mpm,2024-04-22T09:30:13Z
Anna University,fees,fees review,-aJ8oQYuBX0,"Chennai Zone Fees Structure|Part-1|Anna University,Chennai|CEG,MIT,ACT Campus|1.4L Yearly Feesஆ😮TNEA",DINESH PRABHU,2024-07-03T13:30:07Z
Anna University,fees,fees review,sCUi8oLdGEg,ANNA UNIVERSITY|Full details in Tamil|Cutoff|Fees|Courses,MCP masters,2021-06-07T05:00:12Z
Anna University,fees,fees review,xYGow5eTsyA,"Anna University,CEG Campus|One Minute Review|College of Engineering,Guindy #TNEA2025#annauniversity",DINESH PRABHU,2025-06-08T08:30:35Z
Anna University,fees,fees review,fkRNC6eJ4jA,Tamil Nadu top most university Anna university Visit📚❤️‍🔥 |#CEG🙌🏼 |College of Engineering Guindy,RTR Vlogs,2025-05-11T13:30:27Z
Anna University,fees,fees review,BNzTRb63f5k,Anna University లో 12th marks తో Admission | IIT-JEE | Dr satish | Prime9 Education,Prime9 Education,2023-06-09T12:41:57Z
Anna University,fees,fees review,TLVyZzpTf2k,Anna University Top Government Colleges | Low Fees | 2023 | TTG,Trending Tamil Gobi,2023-07-09T07:45:09Z
Anna University,fees,fees review,8bYBZWfMJUU,ANNA UNIVERSITY LATEST NEWS 🎓📒 | #shorts #tamil,Cheran Academy,2022-06-06T12:30:03Z
Jadavpur University,fees,fees review,JuNuPkRo12M,Jadavpur University  ||  Package | WBJEE || Best College Review || jee mains 2025,College Ka Gyan - Mrinal Kashyap ,2025-03-21T13:12:12Z
Jadavpur University,fees,fees review,N_pu1jAgvec,"Jadavpur University B.Tech Review 2026 | Fees, Placement, WBJEE Cutoff, Admission Process, Branches",The Social Class,2026-03-04T03:30:15Z
Jadavpur University,fees,fees review,UsEm6Dt8hUE,All about Jadavpur University in 1 minute✅✅#jee #jee2025 #jadavpur #wbjee #jadavpuruniversity,Vedantu JEE Made Ejee,2024-10-17T03:30:17Z
Jadavpur University,fees,fees review,1EQRvkAV8fg,"Jadavpur University 2026 Review | Reality of Fees, Campus &amp; Placements",Prabhat Ranjan,2026-02-03T13:58:30Z
Jadavpur University,fees,fees review,tU2yu5TIx8o,All About Jadavpur University | Fees | Admission | Placements | WBJEE 2024 | Harsh Sir @VedantuMath,Vedantu JEE Made Ejee,2023-08-29T13:17:05Z
Jadavpur University,fees,fees review,lbovdHK87sI,All About Jadavpur University 2026 | Fees | Admission | Placements | WBJEE 2026 | Harsh Sir,Vedantu College Connect,2026-01-13T11:50:47Z
Jadavpur University,fees,fees review,HfaCF7eWefw,Jadavpur University College Review Inshort,Apna College,2023-02-20T16:07:52Z
Jadavpur University,fees,fees review,UPQTXoLyTfY,"Jadavpur University vs IIT Kharagpur Which is Better?, Courses, Fees Comparison &amp; Placement Details",shiksha.com,2025-10-10T04:30:24Z
Jadavpur University,fees,fees review,krSz7nnw5uU,Jadavpur University ❤️ || 1.8 Cr Package 🔥 WBJEE || Best College Review Series,JEE Wallah,2023-02-18T14:40:40Z
Savitribai Phule Pune University,fees,fees review,k_tQ1k7oIgE,"Savitribai Phule Pune University (SPPU) | Check Courses, Campus, Hostel, Admission &amp; Placements",shiksha.com,2025-07-28T13:02:44Z
Savitribai Phule Pune University,fees,fees review,fonU4EQCTOQ,"Savatribai Phule Pune University (Full Review)II Courses, Ranking, Campus, Fee, Structure, Placement",Student Khabri,2020-08-23T11:30:55Z
Savitribai Phule Pune University,fees,fees review,ZQ2aS7JXCGM,"Savitribai Phule Pune University Complete Guide 2025: Review, Ranking, Fees &amp; Admission Explained",shiksha.com,2025-07-12T06:00:26Z
Savitribai Phule Pune University,fees,fees review,DSkDsu5Uxr0,"SPPU Fees Structure and Courses (UG,PG,PHD,DIPLOMA)of Savitribai Phule Pune University [SPPU],",Shubham Bhakat,2021-08-13T11:55:46Z
Savitribai Phule Pune University,fees,fees review,koX3LkuIR58,Savitribai Phule Pune University Worth It Or Not ? | Placements | Faculty | Facilities &amp; More,Manoeuvre MCA - CET TO NIMCET Preparation,2023-09-08T12:30:24Z
Savitribai Phule Pune University,fees,fees review,ncYUqfN0udY,TOP 6 BBA COLLEGE IN PUNE | BEST BBA COLLEGES IN PUNE | ADMISSION 2025 | FEES | PLACEMENTS | #bba,PMK Campus,2025-06-13T05:16:37Z
Savitribai Phule Pune University,fees,fees review,ZGEaw1SXMRo,Savitribai Phule Pune University Application Form Out 2026 | Admission Complete Details,Adda247 CUET PG ,2026-05-07T10:45:08Z
Savitribai Phule Pune University,fees,fees review,2GuwEuu4GWQ,"Top 5 B.Ed Colleges in Pune| Admission Process, Approvals, Eligibility &amp; Fees!",My College Buddy,2024-06-24T15:30:00Z
Savitribai Phule Pune University,fees,fees review,1wGgKz8wa18,Honest Review of Savitribai Phule Pune University | Courses &amp; Campus #PuneUniversity #Education,SOURAV SIR'S CLASSES,2025-09-20T12:50:00Z
Savitribai Phule Pune University,fees,fees review,B-iUtxfqhag,Top 10 Engg Colleges in Pune😍😍#btech #engineeringcollege #engineering #colleges #pune #college,Vedantu JEE Made Ejee,2024-06-19T11:30:06Z
University of Madras,fees,fees review,l3-NiUyPwIQ,💢🤯 Madras University ADMISSION Kuu-இவளோ பேரா‼️🤯 #madrasuniversity #collegeadmission #shorts #leo,Mr.ShanVlogger,2023-08-29T17:34:36Z
University of Madras,fees,fees review,-tE6UePUPW0,"University of Madras Distance Education |Admission Process, Approvals, Rankings &amp; Eligibility!",My College Buddy,2024-06-11T15:30:00Z
University of Madras,fees,fees review,R54EJV0KZJI,Madras University|Free Education|2023|UG Courses|No Fee’s|Tamil|Muruga MP#murugamp#madras#tamil,Open Your Mind With Muruga MP,2023-05-05T13:00:30Z
University of Madras,fees,fees review,a0ZxP3FXMmk,Madras University IDE Tution Fees Structure For All Courses 👍,All Updates For U,2025-06-16T06:08:18Z
University of Madras,fees,fees review,tV57OGN9pgY,Madras University Sneak-inn😱🤩| #chennai oldest college University of Madras❤️‍🔥📈,RTR Vlogs,2025-06-18T15:38:53Z
University of Madras,fees,fees review,k9ni2Pe2wX8,First rank in the university of Madras (M.Sc. Electronic Media ) Praise be to God!!!,Monisha Blessy,2023-08-06T09:54:48Z
University of Madras,fees,fees review,rRfK9bRSZo4,"Is CIT CHENNAI Worth in 2026?😱 Placement, Culturals, Hostel, fees | Top PACKAGE 64LPA🔥",TheGoatRealm,2026-06-15T16:16:08Z
University of Madras,fees,fees review,tzB7HET5pDQ,WORST University!!!😡😡😡 watch this video before joining Madras University #college #madrasuniversity,Viswa,2024-07-25T10:09:26Z
University of Madras,fees,fees review,HsVAf5iOvYM,"Madras University Review : Courses, Fees, Ranking, Placement",shiksha.com,2023-03-09T08:30:05Z
University of Madras,fees,fees review,RefcyB2HunU,Madras University IDE Academic Year 2026 Admission Information 👍,All Updates For U,2026-05-23T13:51:48Z
Andhra University,fees,fees review,Hzov-y0eP9k,"Andhra University Visakhapatnam BTech Review | Fees, Admission, Placements, Cutoff",shiksha.com,2024-08-16T15:30:35Z
Andhra University,fees,fees review,IU9Toi-j7rA,Andhra University Visakhapatnam Review! #au #andhrauniversity,College Popcorn,2023-07-06T08:45:20Z
Andhra University,fees,fees review,PgGQzNM8fCQ,ANDHRA UNIVERSITY college full details ( must watch before joining ) Eapcet counselling 2025,Rithik Dude,2025-07-08T11:43:04Z
Andhra University,fees,fees review,apILd_ShAho,Andhra University student review || #MCA || student experience #andhrauniversity #apicet #education,Rajith kumar Diaries ,2025-07-17T13:51:45Z
Andhra University,fees,fees review,75BERlwxrVA,Andhra University College Review 2026 | Andhra University Visakhapatnam | Eapcet counselling 2026,Voice of Students,2026-05-28T13:36:43Z
Andhra University,fees,fees review,6mNZGivFfGc,Andhra University Campus Placements  || College of Arts &amp; Commerce ||  Ramya Sri  ||  7.0 LPA,AU LOOKS,2023-05-16T12:30:05Z
Andhra University,fees,fees review,6scCCovx5wY,Hostel fee structure ||  Andhra University #shorts #trending #vizag,Rajith kumar Diaries ,2024-10-29T01:57:56Z
Andhra University,fees,fees review,GKCkdPAeOEU,Andhra University Review |Andhra University Vizag | Andhra University Visakhapatnam | AP EAMCET 2026,The Iconic Faculty,2026-05-23T13:54:52Z
Andhra University,fees,fees review,wbJRqVRRr4o,&quot;🤷HARSH🤯 TRUTH&#39;s ABOUT 🏫ANDHRA UNIVERSITY&quot; | 😰EVERY EAMCET 👨‍🎓STUDENT&#39;s MUST WATCH |,DevVlogs,2025-10-14T13:01:57Z
Andhra University,fees,fees review,QcMk_bFfuxY,Andhra University Campus Placements  ||  College of Engineering  ||  R. Eshwari Priya  ||  84.5 LPA,AU LOOKS,2023-05-08T13:00:16Z
University of Kerala,fees,fees review,IEnEJtxj2Ak,"Kerala University MA Review | Fees, Admission, Placements, Cutoff",shiksha.com,2025-03-10T11:25:55Z
University of Kerala,fees,fees review,_Gdmd2FZKSM,Kerala Private MBBS Cut OFF | Low Fees Private Medical Colleges In Kerala  NEET Cut Off 2025,CareerPLUS Educational Consultancy,2025-03-15T19:50:32Z
University of Kerala,fees,fees review,SBC8wIE7x_I,Top 10 Private Medical Colleges in Kerala 2025 | Best MBBS Colleges &amp; Fees,Shad Aman Khan,2025-08-03T07:20:13Z
University of Kerala,fees,fees review,jnACHeMmKXg,💥Top 5 Private Engineering Colleges in Kerala 2025 | Fees &amp;  Placement,Careers360,2025-05-16T06:07:46Z
University of Kerala,fees,fees review,XiTaTcQmrZs,Private Universities in Kerala | Universities in Kerala | Central | State | Deemed  University,Sreevidhya Santhosh,2024-04-27T12:30:20Z
University of Kerala,fees,fees review,UHen2ZEdodc,"Fees in Central university in malayalam after clearing Cuet 2022 ? Fees in Delhi Uni, Jmi, Amu, bhu",Arif Pullat,2022-05-03T04:30:04Z
University of Kerala,fees,fees review,suJmPljQPu8,Digital University Kerala [DUK] Review: Fees | Courses | Admission | Eligibility! #duk #college,My College Buddy,2025-04-30T14:30:43Z
University of Kerala,fees,fees review,v2sfSXmFFtc,"Kerala Central University | Admission 2025 | PG, UG | How to apply | CUET Kerala| Detailed Video",Savad Edachery,2025-01-12T15:33:30Z
University of Kerala,fees,fees review,Q2xj52JbrmQ,Life at Central University of Kerala 🫶| #cuk #centraluniversityofkerala #university #trending #new,Bhavana S,2025-08-09T10:35:49Z
University of Kerala,fees,fees review,5Pn9XcejbaY,Top Engineering College in Kerala | Best Placement Engineering Colleges in Kerala | Engineering 2025,Campusways,2025-06-14T17:09:37Z
Maharaja Sayajirao University,fees,fees review,xNpUozas48Y,Vadodara Design Colleges Ranked | Which B.Des School is Best?,Careers360,2026-04-01T11:11:48Z
Maharaja Sayajirao University,fees,fees review,4LicjOOvGC4,Maharaja Sayajirao University of Baroda | MSU Vadodra |  Admission | Courses | Fees | Ranking,Student Khabri,2020-11-26T12:30:00Z
Maharaja Sayajirao University,fees,fees review,mzXwp_mJpLE,MSU Baroda College Review 2026 | Honest Campus &amp; Placement Details,Prabhat Ranjan,2026-02-26T06:30:25Z
Maharaja Sayajirao University,fees,fees review,3WYxq6j6bVI,Honest Review about MSU Baroda | 2025 | MSU Hostel | THE MAHARAJA SAYAJIRAO UNIVERSITY OF BARODA,Sandhya- College Review ,2023-08-28T14:39:51Z
Maharaja Sayajirao University,fees,fees review,6DEKdVtRvE4,MSU Baroda | Admission Procedure | Courses | Fees | Placements [MSU BARODA],Student Khabri,2019-07-28T06:30:00Z
Maharaja Sayajirao University,fees,fees review,LjrBT5XvRUE,"MSUB Vadodara college review | admission, placement, cutoff, fee, campus",Prabhat Ranjan,2024-04-16T06:30:11Z
Maharaja Sayajirao University,fees,fees review,vEw0XbYGOOM,faculty of pharmacy | The Maharaja Sayajirao University Of Baroda | MS UNIVERSITY OF BARODA #msu,Vrunda Doshi ,2023-10-11T12:07:12Z
Maharaja Sayajirao University,fees,fees review,OhWsi8giV4M,"FMS Baroda MBA Review 2026 | Admissions, Placements, Fees, ROI, Specializations &amp; Campus Life",Shiksha Nerd,2025-10-01T12:30:33Z
Maharaja Sayajirao University,fees,fees review,bMD69inEmUE,tag a MSU student 😎 #baroda #msu #collage #vadodara,Azhar VLOG,2023-05-24T16:51:36Z
Maharaja Sayajirao University,fees,fees review,vlRwmTxMjsw,MBA Fees Structure For MS University ( MSU Baroda ) #msubaroda #msuniversity #msu #mba #agsu #bba ,FR PANKAJ JAISWAL,2026-04-17T20:03:57Z
BML Munjal University,fees,fees review,94tll9mNfmQ,"Is BML Munjal Worth It for BBA 2026? 💸 Fees, ROI &amp; Placement Reality!",Everything For BBA,2026-03-31T11:30:05Z
BML Munjal University,fees,fees review,OPjwBytR-3s,"BML Munjal University Review 2026 | Fees, Placement, Admission Criteria, ROI, Campus",Sanjay Chaudhary (Dreamz India Education),2025-12-02T10:40:25Z
BML Munjal University,fees,fees review,wutx6pY-Bx0,"BML Munjal University MBA Review 2026 | Fees, Placements, ROI, Scholarships, | Honest Analysis 🔥",Sanjay Chaudhary (Dreamz India Education),2026-02-22T04:30:42Z
BML Munjal University,fees,fees review,V8zz3XWCEtc,BML Munjal University - MBA Fee - 14.9L Fee - 8.7L Avg Placement?,Collegedekho with Hritik,2025-02-16T11:35:23Z
BML Munjal University,fees,fees review,b7oQSx77de0,"BML Munjal University - The Most Detailed Review (Pros/Cons, Fees, Courses)",Kavach Khanna,2026-05-13T08:31:26Z
BML Munjal University,fees,fees review,jADtb8cZpyI,BML Munjal SHOCKING Facts REVEALED 🤯 #harshsir #bmlmunjal #college #shorts,NextGenAspirants ,2025-06-18T11:59:28Z
BML Munjal University,fees,fees review,rQ2fgZ3F8-o,"BML Munjal University MBA Review 2026 | Placements, Fees, ROI &amp; Reality Check",Management Guy,2026-01-31T16:34:26Z
BML Munjal University,fees,fees review,e1c6Cj4YkbU,"BML Munjal University EXPOSED 🤬 | Real Placements, Fees &amp; Honest Review 2026",Management Guy,2026-05-05T05:46:30Z
BML Munjal University,fees,fees review,1KQGhbZvtPQ,"BML Munjal University BBA Review 2026 | Fees, Placements, Admission &amp; Campus Reality",Everything For BBA,2026-03-02T11:30:01Z
BML Munjal University,fees,fees review,3w-08PEttog,"BML Munjal University BBA: Fees, Placements &amp; Reality Check!",Everything For BBA,2025-11-20T15:00:08Z
Ashoka University,fees,fees review,xNx-2b4vJ64,Ashoka University Fee Structure | 2026,Evolving Being,2025-10-04T15:25:46Z
Ashoka University,fees,fees review,YIz_mnJWcEE,"Ashoka University BA Review | Fees, Admission, Placements, Cutoff",shiksha.com,2024-10-29T12:04:16Z
Ashoka University,fees,fees review,hbgYBvaqHzs,"Ashoka University Reviews on Campus Tour, Placements, Faculty, Courses &amp; Fees | Sonipat, Haryana",Colleges18,2022-12-07T08:36:37Z
Ashoka University,fees,fees review,meA1dg4GfkI,Cost of studying at Ashoka University,Reema Chitalia,2025-05-09T13:01:18Z
Ashoka University,fees,fees review,CrynGk8hBy8,All you need to know about Scholarships at Ashoka University,shiksha.com,2023-08-01T06:46:37Z
Ashoka University,fees,fees review,9HJ2TVEMsLk,"Ashoka University Review | Fee Structure, Selection Process, Counselling &amp; Seats | BYJU’S Exam Prep","BYJU'S Exam Prep: IPM, CUET & All BBA Exams",2021-11-25T18:55:33Z
Ashoka University,fees,fees review,7Wc8PZZQHH4,"Ashoka University vs Delhi University | Academics, Placements, Campus Life &amp; More! #shorts",shiksha.com,2025-08-26T10:06:20Z
Ashoka University,fees,fees review,YnF6V41g3SM,4 drawbacks of studying at Ashoka University | 2024 #highereducation #collegecounseling #shorts,Evolving Being,2023-12-15T12:00:29Z
Ashoka University,fees,fees review,iTOog06asrw,Ashoka University में BA करने की Fees 25 Lakh है #jnu #ashokauniversity #jnuadmission #BA #education,The Ewer (Chill-Pill),2025-01-05T07:08:35Z
Ashoka University,fees,fees review,9g-6pLSUTqs,Ashoka University Dark Side 😳 | REAL TRUTH No One Talks About 2026,Sandhya- College Review ,2025-12-08T18:43:23Z
Amity University,fees,fees review,m5--JZcwuPY,🎓 Amity University MBA 2026 Fees EXPOSED 💸 Is It WORTH It? Amity MBA Review 2026  |,FAJLE JEE-CAT,2026-01-22T13:50:56Z
Amity University,fees,fees review,YkvgrXr0cms,"Amity University Noida Review 2026 🔥 | Fees, Placement, Reality Check &amp; Full Details (Honest Review)",Career Margdharshan ,2026-03-23T09:30:16Z
Amity University,fees,fees review,tgrU-RX19nQ,Amity University Review,thisisalaska,2025-07-01T13:41:32Z
Amity University,fees,fees review,sskNoWCvH0g,Online Amity University Review 2026 | Why Take Admission in Online Amity University?,Kapil Samuel,2026-05-30T15:43:28Z
Amity University,fees,fees review,8JQVGkUR0Ig,"Amity University Honest Review 2026 | Placements, Fees &amp; Campus Reality",Boring Bing,2026-05-08T15:54:10Z
Amity University,fees,fees review,1zzTAXCekpc,AMITY UNIVERSITY B.tech CSE FEE structure | CSE Admissions AMITY UNIVERSITY | Placement &amp; Review 🔥,effort to travel,2024-03-05T16:30:00Z
Amity University,fees,fees review,Yy15I6bpix8,"Online MBA from Amity University: Fees, Eligibility &amp; Career Scope | Complete Guide 2025 🚀🎓",Prateek Vishwakarma,2025-02-19T06:00:19Z
Amity University,fees,fees review,if4ww7HaFws,"Amity Noida Review 2026 | Fees, Placements, Campus, Hostels Explained",Prabhat Ranjan,2026-02-04T06:30:23Z
Amity University,fees,fees review,_zi1kIM4KgM,"Truth About Amity University Noida 2026 ⚠️ Fees, Placements &amp; Reality",vidhyaa.in,2026-03-10T15:01:05Z
Amity University,fees,fees review,6OmHnMkg2pM,What Not to Expect from Amity Online ? || Amity University Online - Good or Bad ? | 2024,MasterAmit Talks,2024-05-13T13:30:01Z
Sharda University,fees,fees review,DsFkhEpGrWc,Sharda University BBA: कितना खर्च और कितना Placement मिलेगा?,Everything For BBA,2025-12-05T15:00:26Z
Sharda University,fees,fees review,H7HLT8TMrLc,"Sharda University Noida 4 Years BTech Fees 2024 with Hostel | College Review, Amity vs Galgotias",GyanRoof: Engineering College Reviews,2024-05-17T07:50:14Z
Sharda University,fees,fees review,AM0eoT9AxC4,"Sharda University MBA Reality Check | Fees, Campus &amp; Career Scope",Everything For MBA,2026-04-06T15:30:07Z
Sharda University,fees,fees review,hzf5ZUxOERc,"Sharda University MBBS 2026 Fees, Cutoff, Review &amp; Admission Process | SMSR Medical College",Srishty Khera,2026-03-15T13:20:39Z
Sharda University,fees,fees review,zt3o0PbuyWU,Sharda University BTech Review | Worth It or Not? | Admission Process | Fees &amp; Scholarship | Package,College Circle,2026-03-23T13:30:00Z
Sharda University,fees,fees review,OAYN4uwn-28,"Sharda University Review 2026 🔥 Fees, Placement &amp; Reality Check (Noida)",vidhyaa.in,2026-03-21T14:43:38Z
Sharda University,fees,fees review,VkaMg0ehk8M,"SHARDA UNIVERSITY  Review 2026 | Campus, Placements, Hostels &amp; Reality",Prabhat Ranjan,2026-02-10T06:30:14Z
Sharda University,fees,fees review,3SuPZdNphfw,"Sharda Medical College Noida || Cut-off, Fees, Campus Review, seats",UNISYS GLOBAL,2023-06-30T12:30:03Z
Sharda University,fees,fees review,q8zUru3ucQA,"Galgotias University vs Sharda 🤔 Placements, Fees &amp; Honest Review 😍",Boring Bing,2025-07-19T16:43:54Z
Sharda University,fees,fees review,EtGqKBwp358,"Sharda University Full Review ✅ | Courses, Placements, Fees – Worth It or Not?",Adda247 CUET,2025-06-02T13:30:06Z
Galgotias University,fees,fees review,8yjw0v1yWnY,"Galgotias University Fake Placements 😱 | What No One Tells You! College Review, Fees &amp; Placement",Tricky Man,2026-05-19T14:21:27Z
Galgotias University,fees,fees review,LTnPbIcMqXg,THE BRUTAL REALITY | Galgotias University Honest Review,Ayush Garg Classes,2025-05-09T12:30:28Z
Galgotias University,fees,fees review,cXjD9-mVn9A,Galgotia College Vs Galgotia University 🔍 | Admission Process 🎓 | Fees 💰 | Placement Reality ✅,College Khabri ,2025-05-16T04:10:00Z
Galgotias University,fees,fees review,82wfN_hVMfk,Galgotias University Greater Noida | Direct Admission on 12th Marks | Placements &amp; Fees,College Dost Hindi,2025-05-25T04:30:03Z
Galgotias University,fees,fees review,Tn8d5__yx44,"Should You Join GALGOTIAS UNIVERSITY in 2026?🤔Placement, Fees &amp; Reality Check ! JEE 2026 | Harsh Sir",Vedantu JEE Made Ejee,2026-05-07T14:40:36Z
Galgotias University,fees,fees review,ZDfSyoMM6eM,"Galgotias University College Review 2026 : Campus Tour, Placements, Fees &amp; Student Life",Prabhat Ranjan,2025-12-18T06:30:30Z
Galgotias University,fees,fees review,SwA3QHNSQ3k,Galgotias University BTech Review | Pros &amp; Cons | Admission Process | Fees &amp; Placement | Eligibility,College Compare,2026-03-25T13:30:26Z
Galgotias University,fees,fees review,frsAMWGR2pU,"Galgotias University Review - Placement, Fees, Pros &amp; Cons, College Life #galgotiauniversity",College Option,2026-02-28T13:45:05Z
Galgotias University,fees,fees review,rros-XwjD9c,"Galgotias University Honest Review🤐2026 | Placements, Fees , Courses, Campus Tour, Admissions  🎓📚",Next Engineer 🎓,2025-06-13T10:40:56Z
Galgotias University,fees,fees review,1CZQ1NT1PoM,Galgotias University BBA Review | Fees | Admission | placement | ROI | सच में Worth है?,Everything For BBA,2025-12-08T15:00:08Z
Chandigarh University,fees,fees review,51ufh7tHg3A,Chandigarh University CSE Fees Before &amp; After CUCET Scholarships! ,MG MHJN,2026-04-20T12:15:15Z
Chandigarh University,fees,fees review,-I2ZzQVFZ9c,Chandigarh University BTech Fees 2025 with Hostel &amp; Mess | Scholarships | Admission | GyanRoof,GyanRoof: Engineering College Reviews,2024-12-30T11:54:50Z
Chandigarh University,fees,fees review,sHR_CsxfFvg,Chandigarh University placement 🔥🔥 #college #students #engineering #admission #btechcse,College Review Unfiltered,2023-12-07T04:21:27Z
Chandigarh University,fees,fees review,XJ1IuHQr6wk,"Chandigarh University Review 2025 🏫 | Fees, Placement, Courses – All You Need to Know",Adda247 CUET,2025-06-03T15:00:06Z
Chandigarh University,fees,fees review,mgfdb5kq3Wk,"CU Btech Admission Process, Total Fees &amp; Scholarship Details (2026)",MG MHJN,2026-02-17T10:13:32Z
Chandigarh University,fees,fees review,z8qg-tx8gtE,Is Chandigarh University good ? #shorts,Shye Musa,2025-02-28T16:01:08Z
Chandigarh University,fees,fees review,lxkK8ebBOJ4,Chandigarh University Admission Process  2023-24  | Cutoff | 1.7 Cr Highest Package | Fees | Hostel,CAREERKICK JEE,2023-05-19T12:04:23Z
Chandigarh University,fees,fees review,t3qXo2qFThM,Chandigarh University Review 2026 — Honest Campus &amp; Placement Experience,Prabhat Ranjan,2026-02-23T06:30:24Z
Chandigarh University,fees,fees review,8o46vM6ZMBw,Chandigarh University Review | Reality Explained 😂| Placements | Campus &amp; Hostel Life | Fees,Ritik Meghwani,2021-08-03T14:30:12Z
Chandigarh University,fees,fees review,6PxGNghXCSM,"Chandigarh University B.Tech Review 2026 | Fees, Placement, Admission | 1.7 Cr Package Reality",The Social Class,2026-03-27T09:50:37Z
Lovely Professional University,fees,fees review,kMYsr8pEzsI,Fees of Lovely Professional Univesity✅✅#lovelyprofessionaluniversity #lpu #lpuhostel #fees #btech,Vedantu JEE Made Ejee,2024-07-08T07:30:22Z
Lovely Professional University,fees,fees review,u_nYPFZDG9s,"Lovely Professional University | Admission Process, Fees, Placements, Eligibility | Honest Review",B. Tech Fundas by Sunstone,2026-01-13T11:50:16Z
Lovely Professional University,fees,fees review,uPRkVJr_G5w,"LPU Full Review 2026 | Fees, Placements, Campus Life &amp; Reality Check",Pathshala by Nova ,2026-06-04T13:10:43Z
Lovely Professional University,fees,fees review,JY1vVBTqDwQ,LPU 4 Years BTech Fee Structure 2026 🔥 | LPU Fee Structure for BTech 2026 | LPU BTech Fees 2026,TRI-PATH ACADEMY,2026-01-10T12:19:55Z
Lovely Professional University,fees,fees review,n_GuX6KsBiE,Should You Join LPU in 2026 ?? Lovely Professional University Reality | JEE 2026 | Harsh Sir,Vedantu JEE Made Ejee,2026-04-13T14:30:42Z
Lovely Professional University,fees,fees review,pInh7BTQ394,"Lovely Professional University Honest Review | LPU Punjab Fees, Placements &amp; Reality Check",vidhyaa.in,2026-01-07T13:31:08Z
Lovely Professional University,fees,fees review,KmXOcx1P5cA,Lpu btech cse fee structure # Lpufees #btechcsefees #lpuuniversity,commerce point,2024-12-18T05:41:00Z
Lovely Professional University,fees,fees review,icK-uOeOzl4,Student Review about LPU | LPUNEST Reality? #lpunest #lpuadmission #LPU,commerce point,2024-12-03T12:30:45Z
Lovely Professional University,fees,fees review,s2czfxdA6uQ,SCAM/Fraud Universities in India | Amity University | Lpu | Bennett university | OP Jindal,Harshit Chauhan,2023-09-16T13:13:02Z
Lovely Professional University,fees,fees review,UDrUzXp3Ow0,LPU Btech Fees | LPU Btech CSE Fees | LPU Btech Review | LPU Btech CSE Placement Review|LPUNEST 2026,V2 Academy - Manish Verma,2026-01-24T02:45:40Z
VIT University,fees,fees review,Qk4PG8yx54E,VIT University 2026 లో చదవడానికి ఏంత ఖర్చు అవుతుంది - VIT University 5 Categories Fee Structure,Everything,2025-12-27T12:12:06Z
VIT University,fees,fees review,yKL6eyRS6J8,VIT University లో చదవడానికి ఏంత ఖర్చు అవుతుంది - VIT University 5 Categories Fee Structure,Everything,2025-02-13T14:51:03Z
VIT University,fees,fees review,nRu_boQzpR8,Is VIT Vellore Worth It? 🤔 | Complete BTech Review | Low JEE Score | Admission | Fees &amp; Placements,Mantasha Saifi,2026-02-23T12:34:44Z
VIT University,fees,fees review,AA2vlasups0,Is VIT Vellore Worth it?😱😱#jee #vit #viteee #vitvellore #vellore #viteee2025 #velloreinstitute,Vedantu JEE Made Ejee,2024-11-17T11:30:05Z
VIT University,fees,fees review,q1Uau4cMA-8,VIT Vellore Fees 2025 | Full Breakdown for BTech &amp; Hostel,Benzene Guy,2025-05-08T10:57:24Z
VIT University,fees,fees review,HPLHqQ-tADs,"VIT University|2025 Fees Structure for Vellore Institute of Technology|Colleges,Hostel &amp; Mess Fees",DINESH PRABHU,2024-12-28T13:30:06Z
VIT University,fees,fees review,oNkwmqGsJZk,VIT Vellore 2025 Category Wise Cutoff Rank #engineeringentranceexam #viteee2025 #vitvellore,Career Initiative,2025-05-06T10:01:22Z
VIT University,fees,fees review,SUVyaooidw0,Fees based on Marks : VITEEE 🤩🤩 #jee #jee2025 #jeemains #jeeadvanced #shorts #viteee  #education,Vedantu JEE Made Ejee,2025-01-28T03:30:20Z
VIT University,fees,fees review,iHotFfx4v64,VIT Vellore B.Tech Complete Guide | Campuses | Fees | Placements | Reviews | Admission Process,Accurate Degrees,2026-03-02T19:01:50Z
VIT University,fees,fees review,EEUbCk4EeMg,"VIT Bhopal BTech Review | Fees, Admission, Placements, Cutoff",shiksha.com,2024-09-19T09:39:11Z
SRM University,fees,fees review,iHlZWIoij4w,"SRM University Andhra Pradesh 2026 | SRMJEEE | Cutoff, Fees, Placement | Harsh Sir",Vedantu College Connect,2026-03-20T01:08:50Z
SRM University,fees,fees review,EX268mfqV-E,"SRM University Fees 2026 💸 | Complete Fee Structure for B.Tech, MBA, Medical &amp; All Courses 📚🔥",TheGoatRealm,2026-02-27T17:18:25Z
SRM University,fees,fees review,kWsN08guFR8,The Most Hated College on Internet ( SRM Review ),Ritik Meghwani,2025-01-06T14:00:07Z
SRM University,fees,fees review,7U9sTIhp-co,"SRM University KTR BTech Review  | Courses, Fees, Admission 2025, Placements, Ranking #srmjeee #srm",Career Initiative,2025-03-26T06:30:03Z
SRM University,fees,fees review,jbLIkLbRRWA,"SRM University Chennai BTech Review | SRMJEEE, Fees &amp; Admission Process | Placements &amp; Package #srm",Mantasha Saifi,2026-02-02T13:19:19Z
SRM University,fees,fees review,y1WYMIvUxcw,"SRM University KTR BTech Review  | Courses, Fees, Admission 2025, Placements, Ranking #srmjeee #srm",Career Initiative,2024-11-21T07:30:16Z
SRM University,fees,fees review,k6bXb4MqJqE,SRM University | Review | Placements | SRMJEEE | Fee Details,Edu9 Career Guidance,2024-02-29T11:00:09Z
SRM University,fees,fees review,qKcIAKXO7Ts,"😱VIT vs SRM 2025: Honest Comparison | Detailed Review Placements, Fees &amp; ROI! #Shorts #VIT #SRM #CSE",B. Tech Fundas by Sunstone,2025-05-19T05:43:55Z
SRM University,fees,fees review,N_xPxZAF4XQ,"SRM University Chennai Review 2025 🔥 Placements, Fees, Admission, Campus Life | Edu9 Hindi",Edu9 हिंदी,2025-04-18T13:30:28Z
SRM University,fees,fees review,B26zhml6EfU,SRMJEEE exam 2026|SRM University fee structure|SRM Hostel fees|SRM ktr campus tour|SRM placements,College Tuber,2026-03-29T09:20:18Z
Manipal University,fees,fees review,zOLTNOpO33w,"Manipal University Review 🔥| Reality Explained 🤨| MIT placement, Campus life | Fee Structure.",CAREERKICK JEE,2024-05-02T11:30:34Z
Manipal University,fees,fees review,jtioQrwlMcg,"Before You Join Manipal Institute of Technology ⋮ MIT Campus, Fees &amp; Placements ⋮ MET 2026",The Rankers Vision,2026-04-04T12:45:06Z
Manipal University,fees,fees review,kZyFWGF9xSE,Online Manipal Univesirty worth it or not? | Dark Reality of Online Manipal University,Guru Chakachak,2025-07-21T13:10:52Z
Manipal University,fees,fees review,XOtdLQ1aw38,"Manipal University (MAHE) Review : Courses, Fees, Ranking, Placements",shiksha.com,2023-05-11T11:30:11Z
Manipal University,fees,fees review,nA09Uc3zKCk,SRM vs VIT vs Manipal: Which is Best? 2026 | Placement &amp; Median Salary Revealed! | Btech360,My Channel,2026-04-20T06:57:15Z
Manipal University,fees,fees review,Xx5v-5olAmA,"Manipal Bangalore Review 2026 | Fees, Placements &amp; ROI Reality",Boring Bing,2026-02-13T15:27:45Z
Manipal University,fees,fees review,_J_cZVNoEJo,"Manipal University Review 👉🏻 Online MBA Fees , Placements , Specializations #onlinemba",MBA with Arshi Khan,2024-09-30T14:30:25Z
Manipal University,fees,fees review,LcwASIxCCGU,"Manipal Institute of Technology BTech Review | Fees, Admission, Placements, Cutoff",shiksha.com,2024-10-14T11:59:20Z
Manipal University,fees,fees review,P6bL6A-1468,Manipal Online Courses Review | What I Don&#39;t Like In Online Manipal❌| Is It Really Worth The Hype🔥?,Sim Talks,2024-05-18T11:11:21Z
Manipal University,fees,fees review,FLj6yrOKga4,VIT vs MANIPAL quick Review | Which is best? #shorts #vit #manipal #iitmotivation,Ritik Meghwani,2023-11-23T14:15:01Z
Bennett University,fees,fees review,IMntOKoBVOw,"Bennett University MBA Review 🔥 Fees, Placements &amp; Admission Reality 2026",Everything For MBA,2026-01-22T15:00:29Z
Bennett University,fees,fees review,UjNsY-TIFvU,Bennett University Fees Breakdown – Worth It or Waste?,Samrita,2026-04-02T13:46:46Z
Bennett University,fees,fees review,-QCkIwf0NKY,Bennett University BTech Student Review | Highest Package ₹1.37 Cr😱 | Scholarship | Fees &amp; Admission,Mantasha Saifi,2026-05-02T12:30:36Z
Bennett University,fees,fees review,GYhT3_ADfTk,WHY Bennett University 😲| Bennett University Review | Bennett Greater Noida Honest Review | Fee,College Khabri ,2025-04-11T11:17:07Z
Bennett University,fees,fees review,e9iHbGYnaDI,Bennett University Greater Noida BTech Review🎓 | Direct Admission | Scholarship &amp; Fees 💸 | Placement,Mantasha Saifi,2026-03-18T12:48:34Z
Bennett University,fees,fees review,F_2vlCo_mUY,"Bennett University Reality Check 🔥 Is It WORTH in 2026? Fees, Placements &amp; Campus Life!",Boring Bing,2025-03-08T15:48:42Z
Bennett University,fees,fees review,8jGF0bMCIqw,Bennett University Noida Admission Process &amp; Fee Structure 2025,College Dost Hindi,2025-05-26T08:30:03Z
Bennett University,fees,fees review,k4bk6ff3m3k,"All About Bennett University 2026 | Fees, Cutoff, Placement &amp; Highest Package | JEE 2026 | Harsh Sir",Vedantu College Connect,2026-04-13T12:53:27Z
Bennett University,fees,fees review,F1Ci-L8AjLE,😱Is Bennett University Worth It for BCA? 🔥 Honest Review,Samrita,2026-02-02T12:49:39Z
Bennett University,fees,fees review,PRexwmDCTw8,"Bennett University B.Tech Admission 2026 | Fees, Cutoff, Placement &amp; Highest Package | Harsh Sir",Vedantu College Connect,2026-02-26T11:27:33Z
UPES Dehradun,fees,fees review,yrxc70fravs,"🚨 UPES Dehradun REVIEW - HARSH REALITY about the Fees, Hostels &amp; Placements🔥",Kavach Khanna,2025-06-30T04:46:01Z
UPES Dehradun,fees,fees review,v5LBG2Fd_gA,What&#39;s Wrong with UPES Dehradun ?,Ritik Meghwani,2025-04-30T14:45:07Z
UPES Dehradun,fees,fees review,EMMQiVl_1tA,"UPES Dehradun BTech Review 2026 | Fees, Placements, Admission, Reality | By Sunil Adhikari",Sunil Adhikari - Career Counselor,2026-03-10T13:30:11Z
UPES Dehradun,fees,fees review,3qgI3ntcKPM,UPES UNIVERSITY DEHRADUN REVIEW 2026 | COURSES | FEE | ADMISSION | PLACEMENT | RANKING #upesdehradun,vidhyaa.in,2025-01-28T15:30:01Z
UPES Dehradun,fees,fees review,jqV1Hr_R740,"UPES Dehradun Reality Check 2026 ✅🤬 | Placements, Fees &amp; Honest Review",Boring Bing,2026-01-27T13:30:54Z
UPES Dehradun,fees,fees review,jso5S5dZKbg,"UPES Dehradun Full Review 2025 | Courses, Placements, Fees, Hostel Life &amp; More",Tushar Singh,2025-07-03T16:39:16Z
UPES Dehradun,fees,fees review,9jI1LO4H1cY,UPES Dehradun 100% Honest review | Harsh reality | Fees | Placement | Campus life,College Khabri ,2024-12-26T11:30:09Z
UPES Dehradun,fees,fees review,dAIBGB_bsvU,UPES Dehradun: Worth it in 2026? | Full Review🔥,Yash Garg,2025-06-26T14:00:58Z
UPES Dehradun,fees,fees review,rRsUa3aMWeU,"UPES, Dehradun || School of Law || Eligibility || Courses || Fees || Placement 13 LPA || Ranking",LAW Studentkhabri,2023-05-25T08:30:13Z
UPES Dehradun,fees,fees review,SGhZsmmfQrs,"UPES Dehradun Review 2026 🔥 Placements, Fees, Campus &amp; Reality Check",vidhyaa.in,2026-05-08T14:30:19Z
KIIT University,fees,fees review,mFQ68tY9C-A,"KIIT Bhubaneswar Review 2026 | Fees, Placement, Admission Process, Hostel | Complete Details",The Social Class,2026-03-15T05:30:20Z
KIIT University,fees,fees review,7uG38TeoAog,KIIT College Review in 1 minute 🔥 #Shorts,Ritik Meghwani,2022-04-20T13:00:13Z
KIIT University,fees,fees review,cIdbyaM1NiM,"KIIT BTech Review | Fees, Admission, Placements, Cutoff",shiksha.com,2024-11-27T06:31:46Z
KIIT University,fees,fees review,k1gZ5leyv-A,"KIIT University Bhubaneswar 4 Years Btech Fees with Hostel 2024, KIITEE 2024, Admission 2024",GyanRoof: Engineering College Reviews,2024-04-01T05:30:41Z
KIIT University,fees,fees review,Rtgz5pXC8zQ,KIIT odisha | kiit university odisha | #kiiten #vedantu #iitbombay #iitdelhi,Harsh Priyam Sir Fans🔥,2025-10-13T07:47:33Z
KIIT University,fees,fees review,Jf8Dm7-o1Qc,"✅KIIT School of Management! MBA Admissions 2024, Fee, Placements #mba #mbaadmissions #kiituniversity",MBA Fundas by Sunstone,2023-11-29T13:00:26Z
KIIT University,fees,fees review,4ZSUVdnwBjE,KIIT Bhubaneswar review 2025 | Placements | ROI | Fees #KIITbhubaneswar #trending #engineering,Swastik Mehta,2025-06-22T08:13:39Z
KIIT University,fees,fees review,i-VufFgiwqw,KIIT School of Law Bhubaneswar Full Details | Undergraduate to Postgraduate,Careers360,2026-03-19T11:30:12Z
KIIT University,fees,fees review,6PqiN7dzJJk,KIIT Gurugram Courses &amp; Fees 2025 | Complete Guide #lcc #gurugram #engineering #college,Shiksha Engineering,2025-08-21T13:10:07Z
KIIT University,fees,fees review,8ajf2sHdlCI,KIIT University 😱| Why worst college😡 #jee #jee2024 #30days30collegesinIndia,Yash Garg,2024-03-19T11:54:46Z
Kalinga University,fees,fees review,gp7eUE9_FLU,"Kalinga University, Raipur | (Detailed Review) | Kalinga University Btech Admission | Kalinga Review",Kapil Samuel,2025-08-09T14:35:13Z
Kalinga University,fees,fees review,fdxiBbrIscA,KALINGA UNIVERSITY RAIPUR | KALINGA REVIEW,Edutech-college to campus ,2025-05-13T15:15:51Z
Kalinga University,fees,fees review,Q1l0FNE3dpU,"Kalinga University, Raipur संपूर्ण जानकारी! आपके सभी सवालों के जवाब👍",UNIVERSITY INDIA,2023-06-10T10:59:31Z
Kalinga University,fees,fees review,Yu8sf7380MU,Kalinga University Admission Is It Worth It  Is Kalinga University Worth it for B Tech,vpmantra,2025-08-27T13:11:43Z
Kalinga University,fees,fees review,pBRfM-vC2lE,Kalinga University Review | kiit bhubaneswar review | kiit college review 2024,College Khabri ,2024-04-17T02:24:46Z
Kalinga University,fees,fees review,K2KHKdyKc8I,Kalinga University Distance Education | Kalinga University Approved By DEB or Not? #distanceedu,Online Education Consultant,2022-09-01T13:51:18Z
Kalinga University,fees,fees review,sQbVXB0KjHo,Kalinga University: B.Tech Program Review,shiksha.com,2024-07-03T09:00:49Z
Kalinga University,fees,fees review,eJnxlrtWQ8s,Kalinga University Review: B.Tech for Working Professionals Full Details,College Vidya,2025-08-28T14:15:06Z
Kalinga University,fees,fees review,Bwhq4MUaoZQ,Kalinga University की Degree कैसी होती है? Kalinga University Degree Sample: What it Looks Like,Online Education Consultant,2025-02-05T09:56:41Z
O.P. Jindal Global University,fees,fees review,egjGkB81PwU,Op Jindal University SCAM,Harshit Chauhan,2023-09-01T11:40:40Z
O.P. Jindal Global University,fees,fees review,uMKeMo699iQ,"Jindal Global Business School BBA Review | Fees, Admission, Placements, Cutoff",shiksha.com,2024-08-05T09:13:43Z
O.P. Jindal Global University,fees,fees review,dAvz3ESMzds,"Jindal Global Law School (JGLS) | Fees, Placements, Courses, Eligibility &amp; Campus Life Explained",LegalEdge CLAT Coaching by Toprankers,2025-04-29T14:30:07Z
O.P. Jindal Global University,fees,fees review,Fv7qZQkcp5w,OP Jindal Global University | MBA 🔥 Fees vs Placements EXPOSED | Shocking Reality! | Get Admission,Get Admission,2025-12-25T08:45:01Z
O.P. Jindal Global University,fees,fees review,fZ7GNAypdaU,How to get into OP Jindal Global University | College Admission | Shirish Gupta,Shirish Gupta (shirishgee),2024-03-30T14:00:34Z
O.P. Jindal Global University,fees,fees review,VjUgt-j9IW4,O.P. Jindal Global University - Courses Offered,shiksha.com,2020-11-11T14:04:03Z
O.P. Jindal Global University,fees,fees review,FpATN6iJY_w,"OP Jindal Global Law School Review | Fees, Admission, Hostel, Placement | OP Jindal Law School",shiksha.com,2022-09-01T11:36:21Z
O.P. Jindal Global University,fees,fees review,jjNK4nlwgDo,1-Year Online MBA from Jindal University 🎓 | Full Review + Career Impact!,Career With Komal mam,2025-08-04T14:49:26Z
O.P. Jindal Global University,fees,fees review,ky_l7IwhHfw,OP Jindal Online MBA Worth It? My Honest Review ( 2025 Batch) #OPJindalUniversity #UpGrad,Honest Reviews,2025-10-16T05:05:02Z
Symbiosis International University,fees,fees review,xU_SefjLOmw,"Symbiosis Pune College Review | Fees, Placement, Eligibility, Alumni &amp; Campus",SuperGrads IPMAT Coaching by Toprankers,2023-12-28T14:30:07Z
Symbiosis International University,fees,fees review,VWgjWEPvbN4,"All About Symbiosis International University &amp; SET 2026 🏫| Fees, Eligibility, Courses &amp; Placement🎓",SuperGrads IPMAT Coaching by Toprankers,2025-12-15T14:01:06Z
Symbiosis International University,fees,fees review,9SJ_GoqYQjQ,"All About BBA from Symbiosis University🏫| Fees, Eligibility, Curriculum, Placements &amp; ROI Explained🎓",SuperGrads IPMAT Coaching by Toprankers,2024-12-07T12:30:06Z
Symbiosis International University,fees,fees review,kUbLCdVmMCI,"SYMBIOSIS | SYMBIOSIS INSTITUTE OF TECHNOLOGY | SYMBIOSIS PUNE PLACEMENTS, CUTOFF, FEES",Freshers Gate,2026-03-04T13:30:47Z
Symbiosis International University,fees,fees review,W4BAMeLxswA,EVERYTHING about SYMBIOSIS Online MBA ✅ | Placements | FEES | PGDM vs MBA | SCDL &amp; SSODL,Prateek Vishwakarma,2024-10-17T03:30:14Z
Symbiosis International University,fees,fees review,AFL9hQDVWPA,SIT Pune College Review 2026 — Honest &amp; Detailed Campus Experience,Prabhat Ranjan,2026-02-21T06:30:04Z
Symbiosis International University,fees,fees review,jc0nDNsnYqc,All about Symbiosis Pune✅✅#symbiosispune #symbiosis #pune #sitpune #sit #btech #engineering,Vedantu JEE Made Ejee,2024-05-22T13:30:30Z
Symbiosis International University,fees,fees review,kpFwIgBJxJw,Symbiosis Pune for BBA - Fees &amp; Placements!✍️#shorts,Sarthak Gupta,2023-10-24T05:00:20Z
Symbiosis International University,fees,fees review,Wz5pg6sZEDw,"Symbiosis Pune...Honest Review 🔥 Best Engineering College in Pune?🤔 Placements, Fees, &amp; Campus",Boring Bing,2025-04-09T14:28:58Z
Symbiosis International University,fees,fees review,nXv-UPtq0Ow,Online MBA Program at Symbiosis University | SSODL Symbiosis School for Online and Digital learning,Prateek Vishwakarma,2024-08-13T03:30:21Z
NMIMS University,fees,fees review,HSf3n0Wrklk,Narsee Monjee (NMIMS) Online MBA | BAN | PLACEMENTS | FEES,Prateek Vishwakarma,2024-08-31T03:30:10Z
NMIMS University,fees,fees review,wKlEOebssag,NMIMS Fees For BBA Course #shorts,Sarthak Gupta,2023-10-21T11:30:31Z
NMIMS University,fees,fees review,o5WKchy-NZg,All about NMIMS Mumbai ✅,CAT Preparation - iQuanta,2024-10-15T15:52:14Z
NMIMS University,fees,fees review,FXNRaC79Zgk,"Should You Apply to NMIMS? 🤔 NMIMS MBA Review – Placements, Fees, Admission Process",Shweta Arora,2023-09-14T13:30:10Z
NMIMS University,fees,fees review,VTyanllzNlA,"NMIMS Bangalore Review 2026 ✅ Fees, Placements &amp; ROI – Worth It or Not?",Management Guy,2025-11-03T12:30:45Z
NMIMS University,fees,fees review,LZWcNJazSpM,Narsee Monjee Institute of Management Studies | NMIMS Mumbai MBA | Placements &amp; Admission Process,Get Admission,2026-01-16T06:21:56Z
NMIMS University,fees,fees review,vLxA1co8Cvo,😲NMIMS MBA 2025: Placement REALITY!💥#mba #nmims #nmat #cat #iim,MBA Fundas by Sunstone,2025-05-03T05:55:01Z
NMIMS University,fees,fees review,_jJhXEeJGvI,"BTech + MBA from NMIMS Worth it in 2025? | Placements, Fees &amp; Reality Check | Harsh Sir",Vedantu JEE Made Ejee,2025-05-10T13:53:44Z
NMIMS University,fees,fees review,rBfWB79NTqw,"NMIMS University, Mumbai | Fees , Packages and More | Is It Worth It ? | #shortvideo #youtubeshorts",Study With Niharika Tiwari,2025-04-15T13:30:44Z
NMIMS University,fees,fees review,TYrQCJEM-Jw,NMIMS Online Honest Review 2026🎓 || Online UG and PG Courses🏛️ || NMIMS Admissions || Ankit Sharma,Ankit Sharma,2025-07-16T14:04:05Z
Christ University,fees,fees review,bPRrbNMe3kc,"Christ University Bangalore BBA Review | Fees, Admission, Placements, Cutoff",shiksha.com,2024-10-15T11:56:23Z
Christ University,fees,fees review,IqDd1t8G0YU,"Christ University BCom Review | Fees, Admission, Placements, Cutoff",shiksha.com,2024-11-08T11:00:27Z
Christ University,fees,fees review,KxxBGf_8nlQ,Christ University 2025 Fees Structure | UG &amp; PG Fee Breakdown Complete Guide #christuniversity,shiksha.com,2025-07-18T12:47:09Z
Christ University,fees,fees review,e_s0dFtRVT0,"All About Christ University UG Programs 2026 | Admission, Fees, Eligibility &amp; Exam Pattern",SuperGrads IPMAT Coaching by Toprankers,2025-10-31T14:55:06Z
Christ University,fees,fees review,mrf_IpOl98M,"Crack Christ University Bangalore 2025 | Admission, Courses, Entrance Tips &amp; Fees #christbangalore",shiksha.com,2025-07-13T10:24:35Z
Christ University,fees,fees review,I_bYa9gzbjE,Christ University BBA Admission Process 2025 Eligibility Criteria Specializations Fees Structure,Higher Education -Career Guide By Rahul Chandrawal,2024-12-16T14:30:07Z
Christ University,fees,fees review,fTDE1-y3mkI,"Christ University Bangalore MBA Review | Fees, Admission, Placements, Cutoff",shiksha.com,2024-10-15T11:49:14Z
Christ University,fees,fees review,gZcht60d1fc,"Christ University Kengeri Campus - Full Review ( Pros &amp; Cons, Hostel Life etc) | Kavach Khanna",Kavach Khanna,2023-07-07T06:01:17Z
Christ University,fees,fees review,Kgww94teIoQ,"Christ University 2026 Review | Campus Tour, Placements, Reality Check",Prabhat Ranjan,2026-03-13T06:30:09Z
Christ University,fees,fees review,Xau367jB22c,"Christ University Bengaluru  MBA 2026 | Fees, Placements &amp; Admission Process | Get Admission",Get Admission,2026-01-14T13:30:37Z
Jain University,fees,fees review,EiDvv8JTgYY,"Jain University Bangalore Review 2026 | Fees, Placements, Ranking, Campus Reality",Prabhat Ranjan,2026-03-14T06:30:14Z
Jain University,fees,fees review,6zyYlcOi-LY,"Jain University Bangalore BTech Complete Review | Fees, Cutoff &amp; Placements | Direct Admission &amp; ROI",Student Adda,2026-02-07T14:30:06Z
Jain University,fees,fees review,lwAjbSUuAoU,"Jain University Bangalore B.Tech Review 2026 | Honest Review | Fees, Placement, Campus, Admission",The Social Class,2026-03-30T12:59:49Z
Jain University,fees,fees review,uXXoGPmvlro,"Jain Online Review 2026: Fees, Placements &amp; ROI",College Vidya,2026-03-31T14:00:00Z
Jain University,fees,fees review,JwE-NA-O_Hg,Jain University Bangalore 🤔 Low Score Admissions – Worth It or Not? 🔥 Honest Review,Boring Bing,2025-08-25T16:02:36Z
Jain University,fees,fees review,r3e0ccw0fEE,Jain University Bangalore Review🎓 | Is Jain University Worth It? 🤔 | Admission | Fees &amp; Placements,College Disha,2026-02-14T12:39:15Z
Jain University,fees,fees review,osIZ33MGRMc,"Jain University Bangalore MBA Review🔥 Fees, Placement Reality, ROI &amp; Admission Truth – Must Watch",Everything For MBA,2025-12-29T15:01:41Z
Jain University,fees,fees review,OAN0KEfukj8,"Jain University Bangalore Review: Admission, Fees, Campus &amp; Placements Reality!",The Rankers Vision,2025-05-21T06:30:17Z
Jain University,fees,fees review,qicAj1Vwh6E,Jain University [JU] Bangalore Full Review: Courses | Fees | Admission | Eligibility #jainuniversity,My College Buddy,2024-11-04T15:01:04Z
Jain University,fees,fees review,DBdhSOgUNQs,Jain University Bangalore 2025 | Honest Review | Placements | ROI #jainuniversity  #trending,Swastik Mehta,2025-06-20T04:41:00Z
Graphic Era University,fees,fees review,4CP45Fp3VRc,Courses and Fees at Graphic Era University  #shorts,shiksha.com,2023-08-30T09:30:01Z
Graphic Era University,fees,fees review,LUUDsHvBWHU,"Graphic Era Hill btech Cse Fees | GEHU Tuition fees, hostel fees, Mess fees &amp; 5 Extra Hidden charges",Dehradun colleges,2025-12-17T08:20:06Z
Graphic Era University,fees,fees review,Lcq-YuFRrtg,"Graphic ERA Dehradun Exposed 🤬 | Placements, Fees &amp; Campus Reality✅",Boring Bing,2025-01-13T13:23:06Z
Graphic Era University,fees,fees review,KF90UsEqKA4,"Graphic Era University 2026 Honest Review | Placement, Admission and Hostel",Prabhat Ranjan,2026-03-18T06:30:10Z
Graphic Era University,fees,fees review,2BqlCuG5xxY,GRAPHIC ERA UNIVERSITY DEHRADUN BBA REVIEW | ADMISSION | FEES | PLACEMENTS | RANKING | HOTEL FEES,vidhyaa.in,2024-08-07T15:30:02Z
Graphic Era University,fees,fees review,8Fs3NuQq8c8,"Graphic Era Btech Cse Fees | GEU Tuition FEES, HOSTEL FEES, MESS FEES | Graphic era fees 2026 onward",Dehradun colleges,2025-05-08T03:00:06Z
Graphic Era University,fees,fees review,zylN7rhynQ8,"Graphic Era University (GEU), Dehradun Review | Fees, Placements, Courses, Cutoff",shiksha.com,2023-08-29T11:30:32Z
Graphic Era University,fees,fees review,qwnRy01x61o,Graphic Era University Dehradun | Direct Admission on 12th Marks | Placements &amp; Fees,College Dost Hindi,2025-05-25T05:30:21Z
Graphic Era University,fees,fees review,S5ymTE5l15U,"Graphic Era University Dehradun 🔥 BTech CSE - Placements, Fees &amp; Honest Review ✅",BoringMentor,2026-01-07T07:37:54Z
Graphic Era University,fees,fees review,6yXOJK02BC0,"Graphic Era University BTech Dehradun Review | JEE Cutoff | Fees, Admission Process &amp; Placement",College Circle,2026-03-12T13:30:00Z
PES University,fees,fees review,zHusKCaD2j4,"PESU Bangalore Review 2026 l Direct Admissions, Expected KCET Cut-Offs, Mngt. Quota Fees I #PESU2026",Careermudhra,2026-02-16T07:34:12Z
PES University,fees,fees review,LP6MinWIKi4,"PES University BTech Review | Fees, Admission, Placements, Cutoff",shiksha.com,2024-08-07T06:49:25Z
PES University,fees,fees review,ZFvTueX4Lw8,PES University Bangalore Review | 1.5 Crore Placements 😍 | Cutoff | Fee | Admission Process | Pessat,Ritik Meghwani,2022-06-25T14:00:13Z
PES University,fees,fees review,7Ya6zjGQwTE,"PES University Bangalore BTech Admission 2026 | Fees, Placement, Cutoff | JEE Main |",University Gyan Engineering ,2026-03-26T03:30:00Z
PES University,fees,fees review,Qj0EN415uCQ,"PES University Bangalore Review 2026 | Admissions, Fees, Courses, Rankings, Placement &amp; Campus Tour",FutureU,2026-01-02T04:00:32Z
PES University,fees,fees review,KYUEM1Jm5P4,Is PES University Worth It in 2026❓| PES University Bangalore Full Review ✅ | Check The Reality 🤯,MBA Talk,2026-02-23T10:53:17Z
PES University,fees,fees review,H7ttIwQUNg8,"PES University Bangalore Review 2026 | Campus, Placements, Hostels &amp; Reality",Prabhat Ranjan,2026-02-06T06:30:18Z
PES University,fees,fees review,__D7685PAys,"Honest Review of PES UNIVERSITY, BANGALORE | Is it Worth the Hype ? | Fee Details |Admission Process",Kavach Khanna,2022-09-05T14:00:31Z
PES University,fees,fees review,mAwREkjGBvQ,"PES University Bangalore Admissions 2026 | Fees, Intake, Eligibility, Courses &amp; Complete Details",Edu9 Career Guidance,2025-11-17T13:15:21Z
PES University,fees,fees review,c8AbEodtO14,PES University Bangalore BTech Review 😍 | Cutoff &amp; Admission Process | Placement &amp; Average Package,College Disha,2026-04-25T10:29:36Z
Reva University,fees,fees review,xR5G3rT8oy0,"REVA University, Bangalore Review : Cutoff, Fees, Ranking, Courses",shiksha.com,2023-04-28T11:30:17Z
Reva University,fees,fees review,SXUBLMSbDSk,"Reva University BTech Review | Fees, Admission, Placements, Cutoff",shiksha.com,2024-09-24T12:14:45Z
Reva University,fees,fees review,YcgV97LzxXg,REVA UNIVERSITY BANGALORE | REVIEW | ADMISSIONS | FEE STRUCTURE,Edu9 Career Guidance,2024-04-17T11:30:26Z
Reva University,fees,fees review,B_3dhs1s0Pg,Reva University BTech Courses &amp; Fees 2025-మీరు Budget చూసారా? #btechfees#teluguvlogs #revauniversity,Padhus World ,2025-05-15T18:22:47Z
Reva University,fees,fees review,gJOJVJ7bnVw,"Reva University BTech Review | Fees, Admission, Placements, Cutoff #revaeee2025#jeemain2025#kcet2025",Career Initiative,2024-12-09T04:30:16Z
Reva University,fees,fees review,XddG81qvbic,"REVA University Bangalore Student Review 2026 🤯 | Admission, Fees, Placements &amp; Is It Worth It? 🔥",College Khabri ,2026-02-13T11:42:57Z
Reva University,fees,fees review,VtMrMSJM2LE,Should You consider joining REVA UNIVERSITY?,Alemari Ganesha,2024-01-23T11:12:36Z
Reva University,fees,fees review,-Y5E-7n3f6s,REVA University Review | Honest Opinion by a Graduate - Everything you need to know before joining.,CampusLens,2026-05-12T08:48:31Z
Reva University,fees,fees review,FhpbCHCdOko,Reva University Honest Review | Explained | Placements | Hostel | Campus | Scholorship &amp; Fee,Technical Jahanvi,2022-02-21T18:17:30Z
Reva University,fees,fees review,90RpeWr_OAI,"REVA University, Bangalore Review : Cutoff, Fees, Ranking, Courses",My College Buddy,2023-08-09T14:00:12Z
SASTRA University,fees,fees review,wGHn8Xd0KIw,Sastra University - Tuition Fees 🔥 #vedantutelugu #sastrauniversity,Vedantu Telugu,2024-05-07T15:05:47Z
SASTRA University,fees,fees review,qvWxI0ne83Y,SASTRA University | College Review | Fees | Full Details,Sakthi Rajan,2024-07-16T08:30:15Z
SASTRA University,fees,fees review,vaHqlvOm2T0,"SASTRA University Detailed Review 2026 💥 | Btech Admission, Fees, Cutoff &amp; Placements | Btech360",My Channel,2026-05-07T06:38:40Z
SASTRA University,fees,fees review,1Hyl69oTs4M,SASTRA University BTech Admissions 2026 | JEE &amp; Inter Marks | Low Fee Top College,Edu9 Career Guidance,2026-03-26T13:06:42Z
SASTRA University,fees,fees review,9AqzDDItDwM,"SASTRA University Admissions 2025: Fees, Seats, Cutoff &amp; Complete Guide!",The Education,2025-03-15T12:34:58Z
SASTRA University,fees,fees review,S1H7pnYL_SQ,SASTRA Universityல் படிக்க  இவ்வளவு தான் செலவு ஆகுமா | SASTRA FEE STRUCTURE,UKV TAMILA,2025-02-15T10:30:20Z
SASTRA University,fees,fees review,YldFt0N1nQw,"SASTRA University Review : Advanced Courses, Highest Placement Packages &amp; Low Fees : Manadesham",Manadesham Educational Services Pvt Ltd,2026-03-28T11:39:14Z
SASTRA University,fees,fees review,o9bkGmUBoN4,Sastra University -Inter Marks తో Admission | Registration Dates | Fees | Cutoffs | Complete Details,Vedantu Telugu,2024-05-02T09:26:19Z
SASTRA University,fees,fees review,Vfiy1eSLr9c,"SASTRA University Complete Guide | Admission, Fees, Placements, NIRF Rank &amp; ROI Explained | RGR",RGR Academy,2026-01-12T07:38:35Z
SASTRA University,fees,fees review,1OsdxG37f_M,"SASTRA University Full Review 2025 | Courses, Fee Structure &amp; Engineering Details in Telugu",Yours Media,2025-04-05T04:30:02Z
Shiv Nadar University,fees,fees review,_8ldv9jLOCI,"Shiv Nadar University Review 2026 🔥 Fees, Placements &amp; Real Truth!",vidhyaa.in,2026-04-16T15:00:59Z
Shiv Nadar University,fees,fees review,w_VdSFnG1A8,"Shiv Nadar University BTech Honest Review | Admission Process, Cutoff &amp; Scholarship | Fees &amp; Package",College Circle,2026-01-20T13:30:00Z
Shiv Nadar University,fees,fees review,fIQMuQS_4k8,"🥇SHIV NADAR UNIVERSITY,CHENNAI |SSN Merged with SNU🔥 Shiv Nadar University Fees Structure 2026 💰🎓",TheGoatRealm,2026-02-05T14:59:42Z
Shiv Nadar University,fees,fees review,2FHrI-043h4,Shiv Nadar Universityல் படிக்க  இவ்வளவு செலவு ஆகுமா | SNU Chennai Admissions | SNU FEE STRUCTURE,UKV TAMILA,2025-02-22T11:17:36Z
Shiv Nadar University,fees,fees review,GVW4oPSuIOs,Shiv Nadar University Noida Review | Better than VIT Vellore? 😱 | Admission Process 2025,MindCreed,2024-12-05T10:06:33Z
Shiv Nadar University,fees,fees review,AU-TR0fw1hk,Don&#39;t Join SHIV NADAR University Right Now ! SNU Review,Ritik Meghwani,2026-02-17T07:00:07Z
Shiv Nadar University,fees,fees review,9ejxCWlVKhA,"Shiv Nadar University 2025 | Honest Review | Fee, Scholarship, Admission Process #jee2025 #jee",CAREERKICK JEE,2025-05-25T05:30:05Z
Shiv Nadar University,fees,fees review,022ZyFwqw2o,"Shiv Nadar University Worth It in 2026? 🤔 | Placements, Fees &amp; Honest Review✅",Boring Bing,2025-12-15T14:25:49Z
Shiv Nadar University,fees,fees review,IKeE3RhzM8g,Shiv Nadar University (SNU) Review 2026: Fees &amp; Placements 📊 #SNU #shivnadaruniversity #review,Admission Junction,2026-01-15T17:35:14Z
Shiv Nadar University,fees,fees review,vhPandIsgjc,Shiv Nadar University 🤐|#cuet #sat #college #jee #jeemains #12th #jeeadvanced #shivnadaruniversity,Tushar Singh,2025-01-04T05:07:11Z
FLAME University,fees,fees review,-dYcpMNK09E,"Flame University Pune Exposed 🤬 Placements, Fees &amp; Honest Review!",Management Guy,2026-03-21T08:30:00Z
FLAME University,fees,fees review,lbI4w4yvL5o,Flame University College Review #collegeadmissions #flameuniversity #collegereview,Sandhya- College Review ,2025-04-05T11:25:35Z
FLAME University,fees,fees review,ErIXpL7w7A8,"Let us REVIEW Flame University, Pune!👍🏻#shorts",Sarthak Gupta,2023-09-02T13:30:06Z
FLAME University,fees,fees review,EhfIFyhawJc,"Honest Review of FLAME University - Fees, Placements, Admission Process etc",Kavach Khanna,2025-11-11T11:03:48Z
FLAME University,fees,fees review,paz3MXlfZsM,FLAME University Pune: Is ₹11–12 Lakh Fees Worth It? 😳 | Honest MBA Review 2025,MBA WORLD,2025-11-22T18:28:36Z
FLAME University,fees,fees review,4xgTjJE75Pw,"FLAME University Pune Review | Programs, Admissions, Fees, Placements, ROI",Shiksha Nerd,2025-11-04T12:30:10Z
FLAME University,fees,fees review,tDw5d5WE0N0,"Flame 🔥 University || Admission process &amp; Fee , Full review.#flameuniversity",Unfiltered Mr. Vidyarthi,2025-12-19T10:22:25Z
FLAME University,fees,fees review,Usq19oeTWd8,POV: You are in Flame University Pune | MHT-CET | Private Colleges of Pune #shorts #college #mhtcet,CONCEPT SIMPLIFIED ,2024-12-18T14:01:36Z
FLAME University,fees,fees review,L2x2ejZPojM,"FLAME University Pune | Courses, Fees, Placements, Campus &amp; Admission Guide #flame #flameuniversity",shiksha.com,2026-04-04T07:00:30Z
FLAME University,fees,fees review,7_01vZY5sZM,FLAME UNIVERSITY PUNE MBA REVIEW 2025 | ELIGIBILITY | PLACEMENTS | FEES | ADMISSION #flameuniversity,Everything For MBA,2024-11-13T10:30:07Z
MIT World Peace University,fees,fees review,mFWa7spoGQo,MIT WPU Pune 4 years Btech fees structure 2023 | Hostel &amp; Mess Fees |MIT-WPU Admissions 2023 |MHTCET,GyanRoof: Engineering College Reviews,2023-05-11T12:46:49Z
MIT World Peace University,fees,fees review,fkbs51FRHMw,"MIT World Peace University Pune MBA Review | Fees, Placement, ROI &amp; Admission Reality – Must Watch!",Everything For MBA,2025-12-28T15:01:14Z
MIT World Peace University,fees,fees review,ZGnwSEmsyKA,"MIT-WPU Pune Review 2026 | Fees, Placements, Admission &amp; Campus",Career Mantrana,2026-06-15T12:16:26Z
MIT World Peace University,fees,fees review,6TtZOuXZCTM,"MIT WPU Pune 2026 Review: Admissions, Fees &amp; Placements | Campus Life &amp; Cutoff Insights",The Rankers Vision,2024-05-27T08:22:03Z
MIT World Peace University,fees,fees review,Hyc3EHKBew0,"MIT World Peace University Pune BBA Review 🔥 Fees, Placements &amp; Reality",Everything For BBA,2025-12-24T15:00:29Z
MIT World Peace University,fees,fees review,g2uJx-YCmac,MIT WPU Pune University Review | Is It Worth It? MHT CET 2024,CAREER ALFA - JEE,2024-07-09T13:24:19Z
MIT World Peace University,fees,fees review,xhignsJ8QQM,MIT World Peace University Pune BTech Review | BTech Admission Process &amp; Fees | Package | Placement,College Disha,2026-03-19T07:21:34Z
MIT World Peace University,fees,fees review,bLOi1-03Vxw,MIT PUNE COLLEGE REVIEW 🔥 PLACEMENT RECORD 😱 #college #iit #mitpune #iitbombay #VED,ScholarlySteps,2025-08-03T12:18:33Z
MIT World Peace University,fees,fees review,7YsjaPVLsfg,"MIT-WPU Review : Courses, Fees, Rankings, Placements",shiksha.com,2023-03-21T08:50:30Z
MIT World Peace University,fees,fees review,sJQgQBPGxFc,"🎯 MIT WPU Pune College Review 2026 | Placement, Fee, Admission | Best BTech Colleges in Pune #MHTCET",B. Tech Fundas by Sunstone,2025-12-02T12:00:24Z
ICFAI University,fees,fees review,c9OWAB3-ohc,"ICFAI University Jharkhand Law College Review 2025 | Admission, Fees &amp; Placements | BALLB | LLB |",LAW Studentkhabri,2025-09-14T07:30:17Z
ICFAI University,fees,fees review,DtFHYjVGwxI,"IBS Hyderabad Review : Fees, Courses, Admission 2024, Ranking, Placements, Cut Off",shiksha.com,2024-03-22T10:15:00Z
ICFAI University,fees,fees review,_-Yt98s5BlM,"ICFAI ISB Business School Hyderabad Review: Courses, Fees, Placements Recruiters 2024 | CollegeDekho",CollegeDekho,2024-12-12T13:07:11Z
ICFAI University,fees,fees review,oqXrzk1-l8I,"ICFAI Business School (IBS) Mumbai Review : Admissions 2024, Courses, Fees, Ranking, Placements",shiksha.com,2024-06-12T10:57:40Z
ICFAI University,fees,fees review,3RG6jieGygo,"Honest Reviews| ICFAI University Tripura| fees structure, placements..",College Vidya Talks,2022-02-24T10:11:07Z
ICFAI University,fees,fees review,BFH5F8RMVcU,"ICFAI UNIVERSITY, Dehradun Exposed | BA+LLB (5 Year Program) | ICFAI UNIVERSITY, Dehradun - Review",Collegedekho with Hritik,2023-10-14T14:30:11Z
ICFAI University,fees,fees review,N_Ko7MVGAR8,ICFAI UNIVERSITY DEHRADUN REVIEW 2025 | REVIEWS | CAMPUS | ADMISSION | FEES | PLACEMENT | BBA | MBA,vidhyaa.in,2025-07-25T15:30:11Z
ICFAI University,fees,fees review,S_5XULFVbxM,ATIT ICFAI Btech 😱 2025 Complete Details 100% Scholarship,Mohit Rohilla,2025-03-31T14:00:29Z
ICFAI University,fees,fees review,JKEwZVAWuLc,ICFAI University Online MBA Review | Fees | Career | Placements,Ask Us Education,2023-03-29T03:30:05Z
ICFAI University,fees,fees review,r3BIBJ7kgfs,ICFAI University Hyderabad || Admission Process || Dr TCS Career Guidance,Dr TCS Career Guidance and Counseling ,2023-02-21T03:30:21Z
Parul University,fees,fees review,PX2unWH3G00,"Parul University Fees &amp; Scholarship Breakdown: B.Tech, MBA, BBA, and More for 2026!",Collegedunia,2025-08-13T16:00:51Z
Parul University,fees,fees review,LxNaUrF-I2c,"Parul University Pharmacy Review | Fees, Courses, &amp; Worth it or Not ? #paruluniversity #pharmacy ",College Clips075 ,2026-03-22T13:33:36Z
Parul University,fees,fees review,yvGereCCf2A,Parul University Review 2025 | Placements? | Fees? | Parul University Vadodra | Online Courses 2025,Kapil Samuel,2025-01-13T14:33:00Z
Parul University,fees,fees review,XQm2h2MC6UI,✅ Parul University Vadodara Review | Parul University Reality | Should You Join..?,The Rankers Vision,2023-06-20T05:30:06Z
Parul University,fees,fees review,GBOy__HNy6I,"Parul University Admission Process 2026 | Documents, Scholarships,Fee | #paruluniversity #admission ",College Clips075 ,2026-05-12T10:04:04Z
Parul University,fees,fees review,ELmMjZjHwEQ,Parul university reality 😩😱|| Minivlog-82 || #shorts #college #tranding,JI PANDEY JI,2024-05-05T03:30:08Z
Parul University,fees,fees review,p3rVOlNVjdY,"Parul University Review: Placements, Courses, Fees, Ranking",shiksha.com,2023-02-21T12:30:32Z
Parul University,fees,fees review,EI-Q_M840Q4,Parul university review😡|| Minivlog-84 || #shorts #college #tranding,JI PANDEY JI,2024-05-23T11:49:00Z
Parul University,fees,fees review,zHKygYrqp6k,Parul University Review 2025 | Placements? | Fees? | Parul University Vadodra | Online Courses 2025,Kapil Samuel,2025-01-22T12:31:04Z
Parul University,fees,fees review,Pk45h-TJ-uU,Is Parul University a Scam? 🤬 Honest BTech CSE Review 2026 ✅ Fees vs Placements!,Boring Bing,2024-11-24T12:30:19Z
Chitkara University,fees,fees review,O-B-8dDzIDI,"Chitkara University BTech Complete Review  | JEE Cutoff | Direct Admission | Fees, Scholarship &amp; ROI",Student Adda,2026-02-24T13:30:32Z
Chitkara University,fees,fees review,58ZtJVdHDWE,"Chitkara University Review | chitkara university chandigarh review | chitkara college review,",College Khabri ,2024-04-21T05:25:00Z
Chitkara University,fees,fees review,r867ABZJQdU,"Chitkara University BTech Honest Review | Fees, Cutoff &amp; Scholarship | Admission Process &amp; Placement",College Disha,2026-02-04T13:21:45Z
Chitkara University,fees,fees review,Sy1EbgTtZN4,"Chitkara University | 1.2 Cr+ Package 🤑|  Admission, Fees, Placement 🔥| College Review #review",Keshav Lakhotia (IITIAN),2023-04-04T07:30:05Z
Chitkara University,fees,fees review,0sopfXqeFnE,"Chitkara University MPharma Review | Fees, Admission, Placements, Cutoff",shiksha.com,2025-01-16T07:28:40Z
Chitkara University,fees,fees review,mgCNg9nXJZE,Chitkara University mai itni hoti hai placement | Standup Comedy,LaughWithShivansh,2023-08-02T17:40:06Z
Chitkara University,fees,fees review,f2zPEydnueY,"Chitkara University MBA Review🔥 Fees, Placement, Admission, ROI &amp; Courses Full Guide | Must Watch!",Everything For MBA,2025-12-04T15:01:18Z
Chitkara University,fees,fees review,pJD1H5yV72M,"Chitkara University Honest Review 2026 | Campus, Placements &amp; Student Life",Prabhat Ranjan,2026-03-07T06:30:18Z
Chitkara University,fees,fees review,8hEFLQ6s3Bc,The Dark Side of Chitkara University Exposed 😱 | Chitkara university reviews #shorts,Crazee reviews,2024-05-20T11:40:29Z
Chitkara University,fees,fees review,oDNrosvDO9c,Chitkara University Honest Review in 2026?🤔  | RANKING | PLACEMENT | ADMISSION| FEES 2026,traveler bird,2025-05-29T15:44:05Z
Alliance University,fees,fees review,QernHhAWeeA,"Alliance University Bangalore Review : Courses, Fees, Ranking, Placements",shiksha.com,2023-02-09T08:30:05Z
Alliance University,fees,fees review,3oHtK4yy5Xk,"Alliance University Bangalore Review 2026 🔥 Fees, Placements &amp; ROI Truth!",vidhyaa.in,2026-04-25T15:00:05Z
Alliance University,fees,fees review,nfsqeDEv78g,Alliance University BTech Complete Review | Scholarship | Admission Process &amp; Placement | JEE Cutoff,Mantasha Saifi,2026-04-07T12:54:06Z
Alliance University,fees,fees review,bDFU0bfermE,"LL.B  at Alliance University 2026 | Admission Process, Fees, Placements &amp; Honest Review",Management Bing,2026-01-05T12:01:23Z
Alliance University,fees,fees review,mngyAcoAcbs,Alliance university courses and fees information #bangalore #commerceunit #jeemains #admission #,Admit Abode,2025-10-28T06:24:19Z
Alliance University,fees,fees review,2LTKJFufQ7A,"Alliance University Bangalore Review 2026 | Courses, Fees, Placements, Ranking, Worth It?",Guru Chakachak,2026-04-23T06:00:17Z
Alliance University,fees,fees review,AgRpsBV0EUU,"Alliance University MBA 2026 Full Info | Fees, Hostel, Scholarship, Admission, Placements",Shiksha Nerd,2026-01-26T12:30:24Z
Alliance University,fees,fees review,lLUe1mXqWYo,"Alliance University Bangalore MBA Review 2026 | Fees, Placement, ROI &amp; Admission Reality–Must Watch!",Everything For MBA,2025-12-18T15:01:32Z
Alliance University,fees,fees review,No1W8jc-5FU,"Alliance University Bangalore MBA Review 2025 | Placements, Fees &amp; Campus Life",College Hike,2025-11-07T14:18:38Z
Alliance University,fees,fees review,Fz3ogSQPCEU,Alliance University Bangalore BTech CSE Review 🔥 | Scholarship | Admission Process | Specialization,College Circle,2026-05-05T13:30:00Z
IIIT Hyderabad,fees,fees review,q6PmbXVNsus,"IIIT Hyderabad Fee Structure for Btech 2023 🤑|Hostel, Mess, Loan &amp; Scholarship | College Admission",GyanRoof: Engineering College Reviews,2023-02-20T07:18:08Z
IIIT Hyderabad,fees,fees review,d2mD7LklaLg,Is this college better than IIT BOMBAY ? - IIIT Hyderabad review,Ritik Meghwani,2023-12-18T14:30:09Z
IIIT Hyderabad,fees,fees review,7gUuRvgNVI8,IIIT Hyderabad FEES Structure 2025 | Tuition+ Hostel+ Mess Fees &amp; Seat Matrix 2025!,"Mechenzi - Placements, Colleges & Career",2025-07-16T12:30:09Z
IIIT Hyderabad,fees,fees review,w1Aq0tvbalI,All IIIT Fee Structure 2025 &amp; Scholarships: What You Need! 💸,Prabhat Ranjan,2025-06-09T10:30:28Z
IIIT Hyderabad,fees,fees review,VykL_SfD94c,"IIIT Hyderabad Full Overview: Courses, Fees, Campus Life &amp; More!",AAS - JEE ,2025-03-18T12:26:37Z
IIIT Hyderabad,fees,fees review,Q1YrE02I4HI,"IIIT Hyderabad ❤️ UGEE 2023 🔥 - Admission, Fees &amp; Placement",JEE Wallah,2023-02-09T14:30:07Z
IIIT Hyderabad,fees,fees review,rdB6HvJ3OOc,IIIT HYDERABAD I UGEE 2025 I All about IIIT I Apply Now!!!,Brilliant Pala - JEE Main & Adv,2025-02-18T12:02:27Z
IIIT Hyderabad,fees,fees review,2RtxgiY3nRw,"IIIT Hyderabad Complete Details 2026 | Admissions, Cutoff, Fees, Placements | IIIT HYD Full Info",Yours Media,2026-02-15T13:14:36Z
IIIT Hyderabad,fees,fees review,RKmcqK5_FQk,IIIT Hyderabad Review in One Minute 🔥 #shorts #iiitmotivation #iiithyderabad,Ritik Meghwani,2022-07-09T15:30:13Z
IIIT Bangalore,fees,fees review,XAtAeE5Xs3A,"IIIT Bangalore (IIITB) Review : Courses, Fees, Admission 2024, Ranking, Cut Off, Placements",shiksha.com,2024-05-29T11:49:13Z
IIIT Bangalore,fees,fees review,aMMBYKh3-xM,"💥 All About IIIT Bangalore 2025 | Fees, Ranking, Placement &amp; Admission Process! #IIIT",Careers360,2025-05-27T12:28:10Z
IIIT Bangalore,fees,fees review,N_deQZRfQcM,IIIT Bangalore B.Tech Fees 2025 💸 | ₹25.67 Lakh Full Cost Breakdown!,Benzene Guy,2025-05-28T16:35:13Z
IIIT Bangalore,fees,fees review,OoeBbYU-rHo,"IIIT Bangalore Full Review 2026 🔥 Fees, Placements, Hostel, Reality Check",Royal Parth Vlogs,2026-02-08T05:49:53Z
IIIT Bangalore,fees,fees review,ry6wYTBrc08,"All IIIT Bangalore (IIITB) : Courses, Fees, Admission 2026, Ranking, Cut Off, Placements | Abdul Sir",Vedantu College Connect,2026-05-01T14:30:44Z
IIIT Bangalore,fees,fees review,JX2-CsyN8IE,IIIT BANGALORE APPLY చేయాలా వద్దా నోటిఫికేషన్ details #PHANI sir,PHANI sir MATHS IIT - JEE CLASSES,2024-04-22T14:00:14Z
IIIT Bangalore,fees,fees review,wrwgr0po_3E,IIIT Bangalore Review in One minute 🔥  #shorts #iiit #iit #jeemains2022 #iitmotivation,Ritik Meghwani,2022-08-10T16:00:08Z
IIIT Bangalore,fees,fees review,aMSp_s66ErI,IIIT Bangalore college review 2025 : Truth About Placements &amp; Campus  Life,Prabhat Ranjan,2025-11-09T06:30:00Z
IIIT Bangalore,fees,fees review,iGSFICn5Imo,All about IIIT Bangalore✅✅#shorts #iiit #iiitbangalore #bangalore #engineering #btech #college,Vedantu JEE Made Ejee,2024-05-10T05:30:18Z
IIIT Bangalore,fees,fees review,RzcXmTuQ79A,"Upgrad x IIIT B  Data Science Course Review &amp; Analysis,  Worth It or Not ?",Skillhance,2023-12-29T10:30:57Z
IIIT Delhi,fees,fees review,FhbgcDwCCfA,IIIT Delhi FEES Structure (4 Year - UG/B.Tech) | Tuition+ Hostel+ Mess Fees &amp; Seat Matrix 2025!,"Mechenzi - Placements, Colleges & Career",2025-07-16T09:30:21Z
IIIT Delhi,fees,fees review,ilqOwCO6efY,IIIT DELHI 🔥 Average Package of 21 Lakhs 🤩,JEE Wallah,2023-03-11T14:30:23Z
IIIT Delhi,fees,fees review,n46-KTF7F3A,IIIT Delhi Honest College Review #iiit #iiitdelhi #engineering #iitjee #college #iitmotivation #jee,Kampus Katha,2024-10-03T12:53:26Z
IIIT Delhi,fees,fees review,nuOcS0fQsOo,"IIIT Delhi BTech Review | Fees, Admission, Placements, Cutoff",shiksha.com,2024-11-12T11:16:47Z
IIIT Delhi,fees,fees review,17ISx8YraR4,IIIT Delhi College Review in 60 Seconds 🔥 | #shorts #iiitd #jee,Mahatva Kaushik,2025-05-29T11:52:13Z
IIIT Delhi,fees,fees review,Ub7feV7vyS4,Top 5 IIITs according to Placement and Fees✅✅#jee #jee2025 #iitjee #iiits #iiitjabalpur #jeemains,Vedantu JEE Made Ejee,2024-10-05T07:30:08Z
IIIT Delhi,fees,fees review,x9anx1lx2-Q,"IIIT DELHI 🔥 Complete Details - Fees, Placement, Cutoffs || NSUT Vs DTU Vs IIIT Delhi",JEE Wallah,2023-03-16T13:30:33Z
IIIT Delhi,fees,fees review,GQNKFKibKIA,"iiit delhi | best college At low percentile  , 100 % Placement #iiit_delhi #jeemain2025",Set time - Bound goal,2025-04-07T12:11:05Z
IIIT Delhi,fees,fees review,6IgFZ1B7WkI,IIIT Delhi College Review 2025: Truth About Placements &amp; Campus Life,Prabhat Ranjan,2025-11-08T06:30:03Z
IIIT Delhi,fees,fees review,u5h-vftypnE,"IIT Delhi vs IIIT Delhi | Placements | Compare Fees, Courses, Placements and Campus #iit #iiit",shiksha.com,2025-09-18T04:51:41Z
IIIT Allahabad,fees,fees review,elNSn5oX0O0,"💥 All About IIIT Allahabad 2025 | Fees, Ranking, Placement &amp; Admission Process! #IIIT",Careers360,2025-06-06T08:05:46Z
IIIT Allahabad,fees,fees review,CfNXxzReLVo,iiit allahabad fees 2025 all categories #shorts #jeebatch,ᴩʀꫝꜱʜꫝɴᴛ[NIT ALLAHABAD],2025-05-23T07:33:43Z
IIIT Allahabad,fees,fees review,o9GLElXR3JU,IIIT Allahabad FEES Structure (4 Year - UG/B.Tech) | Tuition+ Hostel+ Mess Fees &amp; Seat Matrix 2025!,"Mechenzi - Placements, Colleges & Career",2025-07-11T03:30:39Z
IIIT Allahabad,fees,fees review,OGGmB5yllxg,"IIIT Allahabad (IIITA) BTech Review | Fees, Admission, Placements, Cutoff",shiksha.com,2024-09-26T11:36:30Z
IIIT Allahabad,fees,fees review,hJ4pr7_K-8M,"IIIT Allahabad Complete Guide 2026 | Fees, Placements, Cutoffs &amp; Campus Life",Sahil Sutariya,2026-04-15T12:31:05Z
IIIT Allahabad,fees,fees review,uuRQa_C-8DM,"MBA From IIIT ALLAHABAD ➡️ All About CAT/CMAT Cutoff , Average Package , Campus , Total Fees  , ROI",MBA with Arshi Khan,2025-02-28T15:30:23Z
IIIT Allahabad,fees,fees review,FFktfS3A9R0,All About IIIT ALLAHABAD | Fees | Admission | Cutoff | Placement @VedantuMath,Vedantu JEE Made Ejee,2024-05-26T11:30:06Z
IIIT Allahabad,fees,fees review,iLjtMTbR390,"IIIT Allahabad Full Details 2025 | Courses, Placements, Cutoff, Campus Life, Fees",Education Ji,2025-08-08T05:53:03Z
IIIT Allahabad,fees,fees review,CR9P6rM0H9o,IIIT Allahabad College Review | In Short,Apna College,2023-03-15T06:24:50Z
IIIT Gwalior,fees,fees review,VBvj14aeA3M,IIITM Gwalior College Review in One minute 🔥  #shorts #iiit #iit #jeemains #iitmotivation,Ritik Meghwani,2022-09-06T16:00:10Z
IIIT Gwalior,fees,fees review,tazb_-Toar8,IIIT Gwalior FEES Structure (4 Year - UG/B.Tech) | Tuition+ Hostel+ Mess Fees &amp; Seat Matrix 2025!,"Mechenzi - Placements, Colleges & Career",2025-07-15T09:30:30Z
IIIT Gwalior,fees,fees review,vXtlkLd3gF0,"ABV IIITM Gwalior Review 2026 🔥 Placements, Fees, Cutoff, Reality Check | Worth It or Not? 🤔",Career Margdharshan ,2026-03-29T09:30:19Z
IIIT Gwalior,fees,fees review,pMTWV2DIlho,IIITM Gwalior: Everything You Need to Know 😃 #jee #jeemains #jeeadvanced #shorts #education #iit,Vedantu JEE Made Ejee,2025-03-11T07:31:31Z
IIIT Gwalior,fees,fees review,IoOVWQm9TBE,"IIITM Gwalior Review 2026 | Cutoff 2026 | Placement 2025 | Campus, Fees, Hostel | JoSAA 2026 | CSAB ",Education Side,2026-04-07T09:39:20Z
IIIT Gwalior,fees,fees review,mJPYST8pYJw,"All About IIITM Gwalior In 1 Min: Fees 2026, Placements, Scholarship, Cutoff, Admission Explained!",Collegedunia,2026-01-14T07:39:02Z
IIIT Gwalior,fees,fees review,A1VWpJkOHYw,IIITM Gwalior college review 2025 : Truth About Placements &amp; Campus  Life,Prabhat Ranjan,2025-11-10T08:30:09Z
IIIT Gwalior,fees,fees review,D1dfNZFROhY,IIIT HOSTEL ROOM TOUR | IIITM GWALIOR | COST? | DO AND DONTS,Raghav Bagdi,2025-06-23T08:06:19Z
IIIT Gwalior,fees,fees review,ExLCpeu6cmg,IIIT Gwalior ( గ్వాలియర్) గురుంచి పూర్తి వివరాలు ఈ వీడియో లో  Cutoff rank place  college fee,Dr TCS Career Guidance and Counseling ,2026-03-03T01:30:22Z
IIIT Gwalior,fees,fees review,dz-cFoBUZeo,IIIT Gwalior😱 Last percentile in JEE Mains 2024 | Placements | IIIT Cutoff Percentile 2024 #jee2024,We Won Academy,2024-02-20T09:23:50Z
IIIT Lucknow,fees,fees review,-qMJ_EG4RN4,IIIT Lucknow FEES Structure (4 Year - UG/B.Tech) | Tuition+ Hostel+ Mess Fees &amp; Seat Matrix 2025!,"Mechenzi - Placements, Colleges & Career",2025-07-13T09:30:00Z
IIIT Lucknow,fees,fees review,mHYRM1XSnKI,"IIIT Lucknow BTech Review | Fees, Admission, Placements, Cutoff",shiksha.com,2024-11-11T11:54:10Z
IIIT Lucknow,fees,fees review,fNJn4hxcT8E,IIIT Lucknow Review in One Minute 🔥 #shorts #iiitmotivation #iiitlucknow,Ritik Meghwani,2022-08-23T14:41:47Z
IIIT Lucknow,fees,fees review,BcZjNkB3UEc,"IIIT Lucknow Review 2025 | Placement, ROI &amp; Reality – By Harsh Sir 🚀 #placementreview #nitie #mits",Study shorts,2025-10-30T05:43:55Z
IIIT Lucknow,fees,fees review,XKdcvutw1nY,IIIT Lucknow Placements 2025 - 2026 | B.Tech + M.Tech + MBA + MSc | Must Watch Before Admission!,"Mechenzi - Placements, Colleges & Career",2026-04-15T16:06:35Z
IIIT Lucknow,fees,fees review,NicyKiEQ9ZE,"IIIT LUCKNOW Honest Review 2026 – Placements, Campus &amp; Student Life",Prabhat Ranjan,2026-01-12T06:30:26Z
IIIT Lucknow,fees,fees review,0B-vCTOLSYg,One Last Chance🔥 | MBA from IIIT Lucknow | 48 LPA Package | Low Fees &amp; Easy Admission,The MS BESTS,2025-06-04T14:34:39Z
IIIT Lucknow,fees,fees review,4bX-K6yA2mw,Courses and Fees at IIIT Lucknow #shorts,shiksha.com,2023-08-28T07:50:45Z
IIIT Lucknow,fees,fees review,nfLbj7dhRF8,📝 IIIT Lucknow Admission Process | Student Guide #LCC #admissionprocess #iiit #lucknow,shiksha.com,2025-08-29T06:30:32Z
IIIT Lucknow,fees,fees review,837hFi_Szc4,"IIIT Lucknow Full Review 🔥 Placement, Fees, Cutoff 2025 | Better than IIIT Jabalpur &amp; Gwalior?",Set time - Bound goal,2025-03-22T14:42:08Z
IIIT Jabalpur,fees,fees review,4tXOM-1jpcc,IIITDM Jabalpur Review : Placements | Fees | Courses,shiksha.com,2024-01-11T09:25:23Z
IIIT Jabalpur,fees,fees review,rwem7s-jKVQ,"IIITDM Jabalpur (IIITDMJ): Cutoff, Placement, Fees, Ranking, Admission 2025, Courses",Set time - Bound goal,2025-03-04T08:56:36Z
IIIT Jabalpur,fees,fees review,k2c7jLi3eXA,"IIITDM Jabalpur Full Review 2026 🔥 | Placement, Cutoff, Fees, Campus Reality 😱 (Honest Review)",Career Margdharshan ,2026-03-28T09:30:15Z
IIIT Jabalpur,fees,fees review,86QdoznxjsI,IIITDM Jabalpur College Review : Truth About Placements &amp; Campus  Life,Prabhat Ranjan,2025-11-12T06:30:12Z
IIIT Jabalpur,fees,fees review,xbwiu6V1evk,IIITDM Jabalpur 🔥 Highest CTC Upto 44 Lakhs🤩💪 #PWShorts #PhysicsWallah,JEE Wallah,2023-04-21T13:30:24Z
IIIT Jabalpur,fees,fees review,Ev2MHQrGqQc,IIIT Jabalpur Review 2025 | Better than IITs?🔥 | Placements | Campus | Cutoff | Hostel,Sahil Gohri,2025-12-10T13:30:29Z
IIIT Jabalpur,fees,fees review,yvhXanpUvZ0,"💥 IIIT Jabalpur 2025: Cutoff 📉 | JEE Mains 2025 Cutoff, Placement, Fees, Seats &amp; Ranking #IIIT",Careers360,2025-07-10T12:20:58Z
IIIT Jabalpur,fees,fees review,fsxIVk1-9cc,"IIITDM JABALPUR | IIITDM JABALPUR PLACEMENT | IIITDM JABALPUR FEES, FACILITIES, CUTOFF, CAMPUS",Freshers Gate,2023-01-08T01:30:22Z
IIIT Jabalpur,fees,fees review,vlDPd2HJ_z4,IIIT jabalpur safe percentile for cse &amp; ece 🔴😇✅ #jee #cutoff #percentile #shorts #iiit #cse #ece #yt,Admission Academy,2023-04-07T12:20:00Z
IIIT Kottayam,fees,fees review,_z12ehL-4YM,"IIIT Kottayam Review : Ranking, Fees, Courses, Admission 2024, Placements",shiksha.com,2024-04-02T11:54:27Z
IIIT Kottayam,fees,fees review,EUIkUX4yqlo,IIIT Kottayam FEES Structure (4 Year - UG/B.Tech) | Tuition+ Hostel+ Mess Fees &amp; Seat Matrix 2025!,"Mechenzi - Placements, Colleges & Career",2025-07-13T03:30:11Z
IIIT Kottayam,fees,fees review,VMVB4ccZVHE,"IIIT Kottayam Hindi College Review 2026 | Placements, Cutoff, Fees, Hostel, admissions..|",HACKOVERSE EDU,2026-02-13T14:30:22Z
IIIT Kottayam,fees,fees review,jNvAFBf2uhI,IIIT Kottayam: Last 3 years Cutoff Comparison for Top BTech Courses,shiksha.com,2024-09-19T10:52:00Z
IIIT Kottayam,fees,fees review,cEvcfdWGMwg,IIIT Kottayam safe percentile for Cse and Ece 🔴😄🎉 | Jee mains 2023 😇 #jee #percentile #shorts #iiit,Admission Academy,2023-04-07T16:43:00Z
IIIT Kottayam,fees,fees review,5nsscKDbMUE,IIIT Kottayam Comparison,shiksha.com,2024-11-27T07:18:24Z
IIIT Kottayam,fees,fees review,gUK7RIwETn0,"IIIT Kottayam Fee Structure,Placements,Hostel,Complete Details#Prasadsir",PRASAD PHYSICS JEE MENTOR,2025-05-10T14:51:16Z
IIIT Kottayam,fees,fees review,DabWGy6d0VQ,"IIIT Una Vs IIIT Kottayam Which is Better ? Fees Average Package, Highest Package, Placement",Ujjwal Kumar Sen Clips,2023-01-29T13:00:12Z
IIIT Kottayam,fees,fees review,QfT5MqrkZfw,IIIT കോട്ടയം: അറിയേണ്ടതെല്ലാം 📌 | Everything about IIIT Kottayam #iiit #iiitkottayam,XandY Learning,2025-05-15T13:30:18Z
IIIT Kottayam,fees,fees review,8ruQKW0_LXo,"IIIT Kottayam Honest Review 2026 | Placements, Fees, Hostel Reality &amp; Cutoffs 🔴",ItsHarsha,2026-06-01T06:30:10Z
BITS Pilani,fees,fees review,5oThr2rPfpw,BITS Pilani Fee Structure 2025 | Most detailed video on internet,Aarav Pratap Singh,2025-06-13T14:57:36Z
BITS Pilani,fees,fees review,uXn85kgphuA,BITS Pilani College Review | In Short,Apna College,2023-02-11T14:56:02Z
BITS Pilani,fees,fees review,k_re566pxRg,The REAL Truth Behind BITS Pilani’s High Fees! 🤔 BITSAT 2026,Harshal [BITS Pilani] - 10Q Challenge,2025-12-09T10:33:13Z
BITS Pilani,fees,fees review,9yPa-XT0oZw,BITS Pilani Scholarship Options &amp; Fee Structure Revealed,Career Mantrana,2026-03-20T13:00:30Z
BITS Pilani,fees,fees review,XaPttHaJwM4,BITS Pilani Comparison,shiksha.com,2024-08-27T05:25:58Z
BITS Pilani,fees,fees review,9HWOwk6sLq4,BITS Pilani in 1 Min | Inside BITS Pilani | Arvind Kalia Sir | @JEEVedantu  #shorts #bitspilani,Vedantu JEE,2022-11-25T06:00:06Z
BITS Pilani,fees,fees review,VItqaivC_7E,BITS Pilani ka ASLI SACH!!🔥| Worth it in 2025?😱,Yash Garg,2025-05-03T11:30:23Z
BITS Pilani,fees,fees review,s7dRJ7joVqI,IIT vs BITS Pilani 🏫 which one is better ? #iit #jee #bitspilani #bitsat,CareerGuide.com,2025-06-21T07:19:09Z
BITS Pilani,fees,fees review,3-JQosbE6UY,BITS Pilani FEE Structure Explained | BITS Pilani Fees for 4 and 5 Year Program? | Ft. @adityakorde,Ambuj Saxena,2022-11-30T14:00:01Z
BITS Pilani,fees,fees review,30slHVkbYu0,"All About BITSAT 2026 | Eligibility, Exam Pattern, Syllabus, Fees, Placement | Harsh Sir",Vedantu JEE Made Ejee,2025-10-09T13:49:47Z
BITS Goa,fees,fees review,IovunrI-jrE,"BITS Goa BE Review | Fees, Admission, Placements, Cutoff",shiksha.com,2024-08-29T12:01:36Z
BITS Goa,fees,fees review,dIbg6EgMRy4,"BITS - PILANI, GOA, HYDERABAD College Review 2026 | Placement, Fees, Campus, Reality Check 🔥",Prabhat Ranjan,2025-12-30T06:30:20Z
BITS Goa,fees,fees review,LOeV1s3bXvM,"BITS Goa Review 😱 Fees, cut-off, Placement &amp; Campus Truth | Video -42/365",College Drisya,2026-02-12T14:00:34Z
BITS Goa,fees,fees review,tMo0YV1_Zno,Bits Pilani Goa Review in One minute 🔥  #shorts #bitsat #bitspilani,Ritik Meghwani,2022-07-02T15:30:09Z
BITS Goa,fees,fees review,FbdxkN93opk,BITS Goa with Low BITSAT Score 🤔 Is it Worth it in 2025? Honest Review!,Boring Bing,2025-02-05T15:53:43Z
BITS Goa,fees,fees review,RnoYikQusIM,BITS Goa | 1 Crore Highest Package😱 #bits #bitsat #bitspilani,Yash Garg,2025-04-29T12:28:05Z
BITS Goa,fees,fees review,NeH5i_YJ2Is,Bits Pilani Goa Review ❤️ | Placements | Campus Tour | Cutoff | Hostel Mess | Fees | A to Z info 🔥,Ritik Meghwani,2021-04-08T14:00:18Z
BITS Goa,fees,fees review,dG535tld1IQ,"BITS Pilani BTech CSE Honest Review 🤯 | Pilani vs Goa vs Hyderabad | Fees, JEE Cutoff &amp; Placement",Mantasha Saifi,2026-04-03T12:44:47Z
BITS Goa,fees,fees review,6s2oxwqKwto,"BITSAT Exam Admission Process for Pilani, Goa &amp; Hyderabad Campuses 🎓#vedantu #harshsir #VED #BITSAT",CrackJeeNeet,2025-08-26T16:59:00Z
BITS Goa,fees,fees review,E57mIng6f2k,"BITS Pilani Fee Structure 2024 (All Campus) Pilani, Goa, Hyderabad🔥 | 100% Scholarships😍 | Best Clg",The MS BESTS,2023-12-29T14:56:23Z
BITS Hyderabad,fees,fees review,VG19uXHwKFY,Bits Pilani Hyderabad Review in One minute 🔥  #shorts #bitspilani #bitsat,Ritik Meghwani,2022-07-07T14:45:11Z
BITS Hyderabad,fees,fees review,0boHVr6C1G4,BITS fees too high? || Scholarships at BITS Must watch Video || Full details in telugu..!,Avinash Gannavarapu(BITS PILANI),2023-08-15T05:35:12Z
BITS Hyderabad,fees,fees review,QdQP0F1g5FY,BITS Pilani BTech Fees 2025: 4 Years Total?,Benzene Guy,2025-12-22T13:22:58Z
BITS Hyderabad,fees,fees review,kAMvMTNgjfI,Bits Hyderabad College Review 🤩 | All About BITS PILANI HYDERABAD,Pratham Jiwnani,2023-07-13T12:05:13Z
BITS Hyderabad,fees,fees review,aNegHxJw_yQ,BITS Pilani Hyderabad Integrated MSc Review,shiksha.com,2024-12-04T11:25:31Z
BITS Hyderabad,fees,fees review,GL8fERg2mFE,"BITS Hyderabad College Review 2025 🥳 | Placements, Fees , Sports ,Hostel | BITSAT Counselling 2025",TRI-PATH ACADEMY,2025-06-29T12:30:32Z
BITS Hyderabad,fees,fees review,nkXtl0g4Yso,BITS Pilani Hyderabad Campus - Official Campus Tour,Yatharth Gairola,2023-04-09T12:30:12Z
DTU Delhi,fees,fees review,KbIi_0T-FDY,Everything About Delhi Technical University in 1 Minute😍😍 #shorts #jee2024 #dtu #dtucutoff #jeeprep,Vedantu JEE Made Ejee,2023-12-06T03:30:05Z
DTU Delhi,fees,fees review,lCdJRAVNsdM,"Delhi Technological University BTech Review | Worth It in 2026? | DTU Delhi | Fees, Cutoff &amp; Package",College Circle,2026-03-09T13:30:00Z
DTU Delhi,fees,fees review,8coNOZ6hCKs,Why DTU? Hidden Power of Delhi Technological University! 💥 #harshsir #dtu #studentlife #VED #shorts,StudyChampion,2025-07-28T14:20:02Z
DTU Delhi,fees,fees review,q9qbDiT-CIs,"DTU B.Tech Fees 2025 💸 | Full Cost Breakdown: Tuition, Hostel, Mess!",Benzene Guy,2025-05-27T15:50:43Z
DTU Delhi,fees,fees review,vA8SovfAJpg,Complete Details of DTU 💯🔥 Highest CTC Upto 1.84 Cr. 🤩,JEE Wallah,2023-04-26T14:30:27Z
DTU Delhi,fees,fees review,Fr3l4AVQn7Y,MBA from DTU🔥 | Better than TOP NIT😱 | Low Cutoff &amp; Fee | Worth It?,The MS BESTS,2024-12-25T12:41:40Z
DTU Delhi,fees,fees review,7x9tD3p9JK4,"DTU vs NIT Delhi: Which is better? Compare Ranking, Courses, Salary, Campus, Alumni #dtu #nitdelhi",shiksha.com,2025-07-22T10:55:10Z
DTU Delhi,fees,fees review,pGmtdspmgGQ,DTU College Review 2026 : Truth About Placements &amp; Campus Life,Prabhat Ranjan,2025-12-19T06:30:27Z
DTU Delhi,fees,fees review,JPnrxZ9tMyc,Delhi Technological University [DTU] Review: Fees | Courses | Admission | Eligibility! #dtu #college,My College Buddy,2025-04-25T15:00:29Z
DTU Delhi,fees,fees review,1RmTKovNA2U,All about DTU Delhi✅✅#shorts #dtu #delhi #engineering #college #btech #delhicollege,Vedantu JEE Made Ejee,2024-05-09T07:30:00Z
NSUT Delhi,fees,fees review,qCTs6FBPcdk,"NSUT DELHI College Review 2026 | Placement, Fees, Campus, Reality Check 🔥",Prabhat Ranjan,2025-12-22T06:30:28Z
NSUT Delhi,fees,fees review,jTlCBMopfwU,NSUT Review in One minute 🔥  #shorts #nsut #nsit #jeemains2022 #iitmotivation,Ritik Meghwani,2022-08-03T07:30:12Z
NSUT Delhi,fees,fees review,1R8_8prKM6s,"NSUT BTech Review | Fees, Admission, Placements, Cutoff",shiksha.com,2024-12-03T11:28:43Z
NSUT Delhi,fees,fees review,r7sE0VFF_Pg,"NSUT B.Tech Fees 2025 Breakdown 💸 | Total Cost, Hostel, Mess &amp; More!",Benzene Guy,2025-05-27T15:57:10Z
NSUT Delhi,fees,fees review,albUvfS_Sx8,"NSUT Delhi BTech CSE Review | Cutoff, Fees &amp; Scholarship 💸 | Direct Admission | Placement &amp; Package",College Circle,2026-03-26T12:30:00Z
NSUT Delhi,fees,fees review,za76xplkIWE,NSUT: Launchpad for Top Careers 🚀 #harshsir #nsut #placement #VED #shorts,NextGenAspirants ,2025-07-29T13:43:33Z
NSUT Delhi,fees,fees review,BQY0NxX67qM,"NSUT Delhi Reality | Placements, Campus, Hostel &amp; Truth in 2026! | By Kriti Shankar",Education Ji,2026-03-20T11:58:53Z
NSUT Delhi,fees,fees review,dGPAXzvsorQ,NSUT Review🔥| 1.2 CRORE Package: Better than IIT😱[2024],Yash Garg,2023-06-16T14:33:56Z
NSUT Delhi,fees,fees review,j2Wx8AMjC8M,NSUT DELHI COMLETE REVIEW 2024 | NSUT REVIEW 2024 | NSUT FEE | NSIT PLACEMENT,CAREER ALFA - JEE,2024-05-18T10:44:49Z
NSUT Delhi,fees,fees review,po0waEBuxts,"NSUT : My College | All about NSUT/NSIT - College Life, Placements, Hostel",Apna College,2023-04-27T17:21:38Z
Punjab University,fees,fees review,ONNFZtJjAuU,FEE STRUCTURE OF PANJAB UNIVERSITY CHANDIGARH| BA &amp; BCOM LLB| pu admission 2025_26 LLB admission,RJ SHUBHAM,2025-05-05T04:30:31Z
Punjab University,fees,fees review,BlYOtcUjO9E,Punjab University  Admission details,Mr Gorakh360,2022-03-16T19:05:04Z
Punjab University,fees,fees review,vQ8hkb2gaOc,Is PU Chandigarh Worth It? | Panjab University 2026 Admissions Guide Review | Watch Before Applying,Bibliophile Maniac aka Lokeshna Bulani,2026-03-31T06:14:07Z
Punjab University,fees,fees review,y01gYtZSgug,"Top 5 colleges in Punjab 2025 | Best university in Punjab | Complete Details, Admissions, Placements",Guidance Guruji - SBJ,2025-06-07T11:00:11Z
Punjab University,fees,fees review,zMFMAqpn1hY,Your Guide To PU Hostels Admission | Panjab University Chandigarh Hostels | Hostels Fee ft. Lokeshna,Bibliophile Maniac aka Lokeshna Bulani,2024-12-30T13:27:48Z
Punjab University,fees,fees review,au_LKetVITk,"Central University of Punjab Complete Details | Courses, Eligibility, Admission, Seats, Fee, Hostel",Basic Siksha -CUET Exam,2024-06-28T06:33:19Z
Punjab University,fees,fees review,0conc6ndJx4,UIET CHANDIGARH College Review 2025 : Truth About Placements &amp; Campus Life,Prabhat Ranjan,2025-11-25T06:30:00Z
Punjab University,fees,fees review,PeZ5bEeWd5g,SHOCKING 😯😳 Panjab University CHANDIGARH Entrance in December... Admission 2026-27 😭🥺,RJ SHUBHAM,2025-09-27T11:19:24Z
Punjab University,fees,fees review,rQqmegETDWc,Punjab University Fee Structure 2026 | Semester &amp; Hostel Dues,Saira Batool,2026-04-12T11:09:47Z
Punjab University,fees,fees review,M3MxH1DrE9o,Watch This Before You Take Admission In Panjab University Chandigarh 2026-27 All Information Reality,Bibliophile Maniac aka Lokeshna Bulani,2025-06-28T05:48:22Z
Guru Gobind Singh Indraprastha University,fees,fees review,AhlVoyFv8U8,GGSIPU (Govt. University) Admission Process 2026 🔥| IP University Admission Through Cuet 2026,House Of Ambitions,2026-06-13T11:22:37Z
Guru Gobind Singh Indraprastha University,fees,fees review,hEnfG8vcY5E,"GGSIPU |Btech Review,Cutoff,Placement&amp; Fees| Guru Gobind Singh Indraprastha University|#cuet #ggsipu",Umesh Pal ,2025-06-07T08:42:46Z
Guru Gobind Singh Indraprastha University,fees,fees review,VvuTsBLqTmU,"All About GGSIPU ( IP University ) 📚 Admission Process, Eligibility, Placements, Courses",Adda247 CUET,2024-06-08T05:15:01Z
Guru Gobind Singh Indraprastha University,fees,fees review,I6q-pwtDUUg,"GGSIPU Full College Review 2025 🔥 Campus Life, Hostel, Placements, Admission Process | IPU Delhi",Hemant Bhaiya Vlogs,2025-06-05T12:45:01Z
Guru Gobind Singh Indraprastha University,fees,fees review,5qdhe7O2N0w,"GGSIPU University Review 🎓 | CUET UG 2026 Admission | Courses, Fees, Cutoff &amp; Campus Life",CUET by Studentkhabri,2025-12-17T07:30:05Z
Guru Gobind Singh Indraprastha University,fees,fees review,GQjvy9K8eG8,"All about (GGSIPU) Indraprastha university DELHI - Fees, placement, courses, campus, admission etc.",Campus Safari,2023-03-20T08:59:00Z
Guru Gobind Singh Indraprastha University,fees,fees review,cG0dFw_M8z8,"Guru Gobind Singh Indraprastha University Review For Law Courses || Campus , Roi , Faculty , Fees ✅",LAW Studentkhabri,2024-12-28T12:30:28Z
Guru Gobind Singh Indraprastha University,fees,fees review,6DIgEjSjzU4,GURU GOBIND SINGH INDRAPRASTHA UNIVERSITY 💯| IP UNIVERSITY | FEES PLACEMENTS COURSES,Vedantu Commerce,2024-09-05T15:34:28Z
Guru Gobind Singh Indraprastha University,fees,fees review,Bsn6QLbAbkY,Guru Gobind Singh Indraprastha University | GGSIPU Delhi | Admission | Courses | Fees | Full Review,Unacademy IPMAT BBA & Hotel Management,2021-06-22T19:22:29Z
Guru Gobind Singh Indraprastha University,fees,fees review,qt4cnEqQ6Ao,"GGSIPU BTech Review | Fees, Admission, Placements, Cutoff",shiksha.com,2024-11-22T10:35:37Z
Thapar Institute of Engineering and Technology,fees,fees review,Ydczma26CLI,"Thapar University BTech Review | Fees, Admission, Placements, Cutoffs",shiksha.com,2024-12-24T12:32:22Z
Thapar Institute of Engineering and Technology,fees,fees review,g8yLhmxa3AQ,"Thapar University Review 2026 🔥 BTech Fees, Cutoff &amp; Placements | Is Thapar Worth It? ✅",BoringMentor,2025-11-19T14:03:46Z
Thapar Institute of Engineering and Technology,fees,fees review,P1xNHJGmyfA,"Thapar University Review | Reality of Fees, Campus &amp; Placements",Prabhat Ranjan,2026-01-08T06:30:24Z
Thapar Institute of Engineering and Technology,fees,fees review,ogLRdgGz9ao,"Thapar University BTech Review 2026 | Fee, Admission Process, Placement, Scholarship, Hostel, Campus",College Insider Aqsa,2025-12-26T14:27:45Z
Thapar Institute of Engineering and Technology,fees,fees review,-oVuGdWbZiw,"Thapar University Detailed Review 2026 🔥| Admission, Fees, Cutoff &amp; Placements! | Btech360",Btech360,2026-03-27T09:30:01Z
Thapar Institute of Engineering and Technology,fees,fees review,d4DdsUj09fw,Thapar BTech Fees &amp; ROI 💰#VED #ThaparPatiala #BTech #Fees #ROI #HighestPackage #Engineering,CrackJeeNeet,2025-09-24T03:49:05Z
Thapar Institute of Engineering and Technology,fees,fees review,-0ZleqIZRX8,"Is Thapar University Worth It in 2026? Full Review, Placements &amp; Admission Process #thaparuniversity",9star Academy,2026-05-17T08:04:10Z
Thapar Institute of Engineering and Technology,fees,fees review,Urm4kwHfMyw,Is Thapar Really Worth Your Money? #jee2026 #jeemains #jeeadvanced #jeepreparation #iitjee #vedantu,Vedantu JEE Made Ejee,2025-06-28T03:30:23Z
Thapar Institute of Engineering and Technology,fees,fees review,0dVfgGiik7g,💥Thapar University B.Tech 2025: Worth the Hype? FULL Review! #BTech2025 #ThaparUniversity #CSE #Engg,B. Tech Fundas by Sunstone,2025-04-29T07:30:00Z
Thapar Institute of Engineering and Technology,fees,fees review,2urOlF0leqk,"LM Thapar, Punjab || MBA Placement 🤑 || Eligibility🤔 || Program Offers🔥 || Fees😳 || 🔝Ranking🤩",MBA with Arshi Khan,2023-02-14T04:30:01Z
Birla Institute of Technology Mesra,fees,fees review,4W9aGn99r_8,BIT mesra review ❤️,Prabhat Ranjan Fan Page,2025-05-01T06:50:40Z
Birla Institute of Technology Mesra,fees,fees review,VHiDXc7fWAQ,"BIT Mesra Honest Review 🤬 Worth It in 2026? | Cutoff, Fees &amp; Placements",Boring Bing,2026-04-09T16:06:00Z
Birla Institute of Technology Mesra,fees,fees review,CmrtrSc6Wa4,BIT Mesra Ranchi Review: What students say? | Birla Institute of Technology Mesra Ranchi Placement,shiksha.com,2022-12-17T13:30:07Z
Birla Institute of Technology Mesra,fees,fees review,pfTOOCqE824,BIT MESRA College Review 2025: Truth About Placements &amp; Campus Life,Prabhat Ranjan,2025-11-15T06:30:35Z
Birla Institute of Technology Mesra,fees,fees review,yrijtGTmivw,All About BIT Mesra | Fees | Admission | Cutoff | Placement @VedantuMath,Vedantu JEE Made Ejee,2024-05-27T08:30:06Z
Birla Institute of Technology Mesra,fees,fees review,8dLOxRZKAp0,"All About MBA From BIT MESRA ➡️ Honest Review , Placements , Faculty , Campus #mba",MBA with Arshi Khan,2025-03-11T11:30:05Z
Birla Institute of Technology Mesra,fees,fees review,E2opnAgJdQI,All about BIT Mesra✅✅#bit #bitmesra #bitsat #btech #jee #jeeaspirant #bits #mesra #btech #college,Vedantu JEE Made Ejee,2024-11-02T11:30:07Z
Birla Institute of Technology Mesra,fees,fees review,U9vE53NyhSA,BIT MESRA Review in 1 minute ❤️ #Shorts #bitmesra #iit #iitmotivation,Ritik Meghwani,2023-11-27T14:00:17Z
Birla Institute of Technology Mesra,fees,fees review,SGCOAyrfsGY,"BIT Mesra किस  percentile पर मिलेगी ❓ Placement, fee , cut-off",MCM IIT-JEE & NEET,2025-02-22T10:40:51Z
Birla Institute of Technology Mesra,fees,fees review,qptRmfca3Fw,"BIT Mesra Honest Review 2026 🔥 Cutoff, Fees, Placements &amp; Campus Reality",BoringMentor,2025-11-15T13:22:10Z
Ramaiah Institute of Technology,fees,fees review,2ZgfWgJg2iE,MS Ramaiah Institute of Technology (MSRIT) Bangalore – Honest College Review 2026,Prabhat Ranjan,2026-02-05T06:30:03Z
Ramaiah Institute of Technology,fees,fees review,6sVtpAzwgyU,"MSRIT Bangalore Review 2026 🔥 Pros, Cons &amp; Hidden Truths | Ramaiah Institute of Technology",Vaibhaw Siddharth 2.0,2026-04-24T17:27:18Z
Ramaiah Institute of Technology,fees,fees review,DqgOOiPO5Yc,"MS Ramaiah Institute of Technology Bangalore Full Review 🔥 | Fees | Placements | Courses, Admission",Yours Media,2026-04-17T13:48:16Z
Ramaiah Institute of Technology,fees,fees review,xVjyYCBHWds,"Ramaiah Institute of Technology Review (MSRIT Bangalore): COMEDK Cutoff, Fees &amp; Placements #comedk",The Rankers Vision,2025-06-07T05:30:28Z
Ramaiah Institute of Technology,fees,fees review,kWPGcdF6M1Y,"RAMAIAH INSTITUTE OF TECHNOLOGY | COURSES, PLACEMENTS, FEE DETAILS , ADMISSION | @Admission_Ideas",Admission Ideas,2026-02-27T13:31:01Z
Ramaiah Institute of Technology,fees,fees review,twHTPynFOfk,MS Ramaiah Institute of technology Bangalore Full Details |Honest Review | Telugu| Fess structure.,Vamsi Mamidi,2025-05-06T13:20:47Z
Ramaiah Institute of Technology,fees,fees review,ehIdTWUevdo,"M.S. Ramaiah University Bangalore Fees, Donations &amp; Exclusive Benefits – Full Guide!",Edu9 Career Guidance,2025-03-02T14:51:56Z
Ramaiah Institute of Technology,fees,fees review,KtKmb8Zl1nk,My College MSRIT Review | Cutoffs | Fees | Hostel | Campus | MSRIT Bangalore,Akash Badadani,2024-05-25T06:34:51Z
Ramaiah Institute of Technology,fees,fees review,9mJrTtSob9A,Ms Ramaiah Medical college / Best Nursing College in Bangalore / Cours fees,VIDYA DUNIYA,2023-07-11T04:23:43Z
Ramaiah Institute of Technology,fees,fees review,-ZLyffmtX_A,"MS Ramaiah Institute Of Technology (MSRIT)| COMEDK &amp; KCET| Placement,fees,campus,etc|Honest review",Ash Academy JEE,2022-07-23T07:16:03Z
Nirma University,fees,fees review,JYiTc3aqU1E,"Nirma University MBA Review 2026 🔥 Worth It? Placements, Fees &amp; ROI Reality",Management Guy,2025-12-15T16:07:08Z
Nirma University,fees,fees review,niM9adVwv1E,NIRMA Ahmedabad MBA Review 2025 || Admission || Fees || Placement #shortsvideo,Everything For MBA,2024-12-14T09:30:22Z
Nirma University,fees,fees review,J9lsocMZy1U,"Nirma University Ahmedabad Review : Admission, Cutoff, Fees, Ranking, Courses",shiksha.com,2023-04-26T14:30:04Z
Nirma University,fees,fees review,P-WiZaxJcLY,NIRMA University MBA | ROI | Placements | Fee | Should I apply or not?,CATKing,2026-01-14T15:02:17Z
Nirma University,fees,fees review,a26uGQbxf9I,NIRMA UNIVERSITY | INTAKE | CUTOFF | PLACEMENT | SCHOLARSHIP | FEES | ALL INFORMATION IN 1 VIDEO,Priyeshsir Vidhyapeeth,2025-04-04T11:27:55Z
Nirma University,fees,fees review,R7P35Me2E-g,"1 Minute Review: All About Nirma University: Campus, IPM Course, Fees, Events &amp; Placements | #shorts",SuperGrads IPMAT Coaching by Toprankers,2024-12-11T06:26:22Z
Nirma University,fees,fees review,VWx_OFzLrdw,MBA From NIRMA ?| Highest Package 70 Lakh! | Admission Criteria | Should You Apply ?,CATKing,2025-01-10T17:10:17Z
Nirma University,fees,fees review,D5s8uF68A98,"MBA From NIRMA ?| Highest Package 70 Lakh! | Admission Process, Placement,Fees | Should You Apply ?",Ankit Verma - MBAshala,2025-11-14T10:54:06Z
Nirma University,fees,fees review,2b8URGxwDvo,"Nirma Institute of Law Admission 2026 | Eligibility, Fees, Placements, CLAT Cut-off",THE BH LAW ENTRANCE EXAM by BAKUL HANSPAL ,2026-02-04T09:52:16Z
Nirma University,fees,fees review,evzPNJcTDY4,All about Nirma University✅✅#nirmauniversity #nirma #btech #engineering #engineeringcollege,Vedantu JEE Made Ejee,2024-08-02T03:30:30Z
R.V. College of Engineering,fees,fees review,QEpUJ9EMfa0,RV College Of Engineering | RVCE Review | Placements | Fees | Comedk | Kcet |,University Gyan Engineering ,2025-04-22T08:45:02Z
R.V. College of Engineering,fees,fees review,sBD8SAyf2FY,RV College Honest Review 🔥| Fees | Placements | Cutoff | Management | Admission | RVCE,Akash Badadani,2024-05-22T15:36:17Z
R.V. College of Engineering,fees,fees review,JQ2rbuaBOoQ,"RVCE Honest Review 2026 I Admissions, Expected COMEDK, KCET Cutoffs, Mngt. Quota Fees &amp; Placement",Careermudhra,2026-02-05T12:06:30Z
R.V. College of Engineering,fees,fees review,DZAzJHpFW8w,"RV College of Engineering Admission 2025: Fees, Eligibility, Dates &amp; Selection Process#rvce#comedk",Career Initiative,2025-03-29T06:30:06Z
R.V. College of Engineering,fees,fees review,L9sC7iTWzU4,All about RVCE Bangalore✅✅#rvce #rvcollege #bangalore #btech #engineeringcollege #engineering,Vedantu JEE Made Ejee,2024-07-24T11:30:08Z
R.V. College of Engineering,fees,fees review,fORVIgMjAAw,"Is RVCE the IIT of Bangalore? 🤯 RVCE Review 2026 | Placements, Cutoffs &amp; Reality.",Admission Junction,2026-03-06T13:30:06Z
R.V. College of Engineering,fees,fees review,ruR657Z0W9I,RV College Fees 2025 | Complete Fee Breakdown for COMEDK Students,Benzene Guy,2025-05-08T11:01:20Z
R.V. College of Engineering,fees,fees review,Y0LW7NdDKWU,RVCE Bangalore BTech Review | RV College of Engineering | JEE Cutoff | Fees &amp; Placements | Admission,College Insider Aqsa,2026-03-10T10:56:09Z
R.V. College of Engineering,fees,fees review,40zTFYKnccA,R V College of Engineering | Fee Structure &amp; Full College Insight 🔍 | #trending #ashortaday #VED,Study bites,2025-08-04T15:51:53Z
R.V. College of Engineering,fees,fees review,6tVqNbpLapQ,"RV University Bangalore Fee structure | RV College of engineering - RVCE Management Quota, placement",College Tuber,2026-03-22T05:04:11Z
MDU ROHTAK,fees,fees review,IpMi6jKtNmU,Mdu Hostel Admission 2024 || Mdu Hostel Admission Process || Mdu Hostel Tour || Mdu Hostel Fees 2024,Jassi Sheoran,2024-07-11T14:52:28Z
MDU ROHTAK,fees,fees review,bjljA9XG8Rc,MDU👉Law Department ? Seat &amp; Fees &amp; Entrance Ya Merit Base Full Details In Video? #mdu ,kurukshetra University,2026-03-19T03:07:56Z
MDU ROHTAK,fees,fees review,ahn4oWIlCvY,UIET MDU Btech Study 2025 😱 Complete Honest Review 🎓,Mohit Rohilla,2025-04-23T14:04:31Z
MDU ROHTAK,fees,fees review,N_8HndYC1aY,MDU Fee Structure | mdu की फीस की पूरी जानकारी| जानिए किस कोर्स की कितनी है फीस | MDU fee,MDU CAMPUS NEWS,2021-09-04T14:20:59Z
MDU ROHTAK,fees,fees review,hNArHQAGkTs,"MDU ,Rohtak 2026 Review | BPEd &amp; MPEd Courses | Facility, Exam, Fees, PFT, Hostel #mdurohtak #mdu ",Sports Circuit ,2026-06-18T13:17:10Z
MDU ROHTAK,fees,fees review,46KpfW7syQg,Maharshy Dayanand University Rohtak || Maharshy Dayanand University || MDU ROHTAK || MDU HARYANA,UNIVERSITY INDIA,2022-07-23T12:12:12Z
MDU ROHTAK,fees,fees review,UAlv6BGGR8k,Top 5 Law Colleges in Haryana Review: Fee | Ranking | Eligibility | Exam | Placement! #lawcolleges,My College Buddy,2024-12-29T14:00:24Z
MDU ROHTAK,fees,fees review,_YoGygaqh7Y,"MDU ROHTAK Cutoff 2024 📈 | Placements, Fees | HSTES Counselling 2024 | MDU ROHTAK Cutoff |HSTES 2024",TRI-PATH ACADEMY,2024-06-25T16:53:18Z
MDU ROHTAK,fees,fees review,BrlxoCU4NCQ,MDU DISTANCE COURSE &amp; FEES DETAILS | MDU ROHTAK HARYANA | MDU ADMISSION OPEN 2020-21,Live Trick,2020-11-26T15:55:23Z
MDU ROHTAK,fees,fees review,S74tXJFj7co,MDU College Rohtak Haryana Admission B.pharma/ B.tech details #college #counselling,Mr Gorakh360,2022-01-04T21:12:46Z
