university_name,category,keyword,video_id,video_title,channel_name,published_at
IIT Delhi,placement,placement review,ci2zr7-SLGQ,IIT Delhi Textile to 60 Lakh Per Annum Placement | IIT Delhi Placement 2026,Sihara_Vikas[IIT DELHI],2026-04-12T14:28:44Z
IIT Delhi,placement,placement review,WEO6tXKonm0,4 Crore Placement 🔥,Rohit Shaw [IITD],2025-08-21T16:36:54Z
IIT Delhi,placement,placement review,GOnEPiHYwCc,IIT Delhi College Review 2025: Truth About Placements &amp; Campus Life,Prabhat Ranjan,2025-10-30T14:35:54Z
IIT Delhi,placement,placement review,6lM_R5faA3o,"IIT Delhi Placement Madness | Offers in Crores, Stress, Suits &amp; OCS Chaos! ⚡💰",Jhand IITian,2025-12-02T12:30:37Z
IIT Delhi,placement,placement review,KorbSUkxgvI,💥 IIT Delhi JEE Advanced 2025 | B.Tech Fees &amp; Placement Package Revealed!,Careers360,2025-05-16T13:26:55Z
IIT Delhi,placement,placement review,QXT475sMD3c,IIT Delhi | College Review In Short🔥,Apna College,2023-01-24T18:06:48Z
IIT Delhi,placement,placement review,8FR0O-pt6Jc,I Almost *REJECTED* Samsung? 🤯 | My IIT Delhi Placement Story,Dhairya Sandhyana,2025-08-21T15:36:24Z
IIT Delhi,placement,placement review,BJfxwArqlt0,IIT DELHI&#39;s Best Coder&#39;s Placement Journey | IIT Delhi Placement 2025,Sihara_Vikas[IIT DELHI],2025-06-01T11:04:41Z
IIT Delhi,placement,placement review,fDTHmVQcZt0,Reality of 4.3 CRORE Package in IIT 🤯| Highest Package of IITs | IIT Motivation #shorts,Rittik Baheti(IITIAN),2024-12-12T13:15:24Z
IIT Delhi,placement,placement review,Z991zC9iTF4,My IIT Placement Revealed!! Company?Pakage? Role? Location? 🔥 #iit #placement #minivlog,Harshita Singh(IITian),2025-06-16T11:03:15Z
IIT Bombay,placement,placement review,CD4TBddElOc,Highest package IIT Bombay🔥 #iitbombay #placements #iit #jee #iitjee #gate#shorts #iitian #package,Prashant Singh [ IIT Bombay ],2024-12-01T15:22:13Z
IIT Bombay,placement,placement review,N3GTtuohNGA,Reality of IIT Bombay Placements: 1 Crore vs The Truth (Exposed),Shourya Goyal (IIT Bombay),2025-12-03T03:45:02Z
IIT Bombay,placement,placement review,GBJfCzqZQrA,💥IIT Bombay JEE Advanced 2025 | B.Tech Fees &amp; Placement Package Revealed!,Careers360,2025-05-17T12:30:28Z
IIT Bombay,placement,placement review,POEszFGIzyQ,IIT Bombay placements (2024-2025) : branch wise : IIT M.Tech placement #iitbombay #placement #mtech,Aniruddha Sir : The Civil Guruji,2025-02-20T16:20:03Z
IIT Bombay,placement,placement review,_Y_ED0yWq1I,IIT Chemical Placement Ranking : IIT Bombay is not #1 💀 IIT JEE | JEE Advanced | JEE Mains #iit,RDS Vlogs [IIT Guwahati],2025-08-17T12:45:58Z
IIT Bombay,placement,placement review,A1-9W815gms,IIT Bombay Placement Exposed 😡 Just 4 Lakh Per Annum 😥 | Reality of IIT Dream Jobs #iitbombay #VED,Padhai Passion,2025-09-19T03:51:48Z
IIT Bombay,placement,placement review,aI2BUbRIdzU,IIT Bombay Highest Placement 2025-2026🤫55+ students got 1 Crore+ package🔥,Prashant Singh [ IIT Bombay ],2026-01-15T09:23:25Z
IIT Bombay,placement,placement review,k25BOml1-ow,IITs mein Crores ke package lagte hai?😳#iitbombay #iit #jee #truth#shorts#motivation#air01 #college,Prashant Singh [ IIT Bombay ],2025-05-29T03:30:29Z
IIT Bombay,placement,placement review,zaV8a8qJkcU,IIT Electrical Placement Ranking : IIT Bombay is not #1 💀 IIT JEE | JEE Advanced | JEE Mains #iit,RDS Vlogs [IIT Guwahati],2025-08-17T12:41:35Z
IIT Bombay,placement,placement review,W6FeOyZYB2Y,What Placements at IIT BOMBAY looks like😂 #rushikale #iit #iitbombay,Rushi Kale Vlogs,2023-12-08T13:52:50Z
IIT Madras,placement,placement review,wnzkwpS40wI,Highest package of all 28 IIIT colleges #iit #nit #iiit #nitt,CCSU notes,2025-01-09T05:27:05Z
IIT Madras,placement,placement review,ixEOv3tZDJE,"IIT Madras Rocks Again 🔥 Best AI Placements 2026 |Companies, Roles &amp; Packages (Base + CTC) Revealed!",Dr. Kishalay Das KD,2026-03-02T13:30:06Z
IIT Madras,placement,placement review,N__rY2oIt8I,IIT Madras Placement 2026 Reality | Branch Wise Package | JEE 2026 Must Watch,Ayush Garg Classes,2025-11-30T07:44:19Z
IIT Madras,placement,placement review,VQY_Sr-Q6TM,IIT Madras Placement 😱🔥 IIT Madras Placement Packages 🧐 IIT Madras Average Package #iit #jee,RDS Vlogs [IIT Guwahati],2026-03-03T16:00:42Z
IIT Madras,placement,placement review,V0K6t823kNw,💥 IIT Madras JEE Advanced 2025 | B.Tech Fees &amp; Placement Package Revealed!,Careers360,2025-05-17T05:12:06Z
IIT Madras,placement,placement review,ID0-RbOEbvg,IIT Madras College Review in Short,Apna College,2023-02-04T14:38:51Z
IIT Madras,placement,placement review,yjgC5P68l6o,"4.3Cr Highest package😱of IIT Madras | IIT Madras Campus Tour, #minivlog #placement #iitmadras #iitb",Akash Jaiswal (IITB),2024-12-23T12:05:32Z
IIT Madras,placement,placement review,1LeQRONKHF4,Honest Review of My MTech at IIT Madras| is IIT MTech Placements good?,Rahuram Chanthrakumar,2024-02-29T12:30:01Z
IIT Madras,placement,placement review,u_1j_aSzW3k,IIT cse package | 42lpa cutoff placement || #jee2023  #iitbombay#iitmadras #physicswallah #iitstatus,Dream IIT,2022-09-19T07:34:59Z
IIT Madras,placement,placement review,u40vooCgjmg,IIT Madras Placement Details &amp; Top Recruiters | Full College Tour | Must-Know for Future IITians,College Dost Tamil,2025-06-09T06:19:01Z
IIT Kanpur,placement,placement review,4oC26zftadg,IIT Kanpur Placements Will SHOCK You! (Best in India?) 😱💰 #iit #jee,RDS Vlogs [IIT Guwahati],2025-07-30T09:26:02Z
IIT Kanpur,placement,placement review,0gvofOg5bCI,"IIT KANPUR, KIS DEPARTMENT ME SABSE JAYDA PLACEMENT HOTA HAI? GATE 2023",GATE Wallah CSE & DA,2022-12-02T09:15:38Z
IIT Kanpur,placement,placement review,6E7vee1AHLM,💥 IIT Kanpur JEE Advanced 2025 | B.Tech Fees &amp; Placement Package Revealed!,Careers360,2025-05-16T14:30:04Z
IIT Kanpur,placement,placement review,KATM9yf8tXM,IIT Kanpur College Review InShort,Apna College,2023-02-24T14:44:11Z
IIT Kanpur,placement,placement review,MEbNCC0DSXw,IIT Kanpur M.Tech Cutoff : IIT Kanpur M.Tech Placements : COAP 2026 @TheCivilGuruji #iitkanpur #iit,Aniruddha Sir : The Civil Guruji,2026-04-11T14:35:06Z
IIT Kanpur,placement,placement review,-jebfKbpNWU,Inside IIT Kanpur Aerospace | Future of Indian Aviation 🇮🇳✈️ #iit #iitjee #iitjam #gate #iitkanpur,AnalyticEdge(IITK),2025-07-27T15:10:22Z
IIT Kanpur,placement,placement review,e9jruj1EMUQ,IIT KANPUR PLACEMENT 2024-25 🔥 || HIGHEST PACKAGE 🤑 || AVERAGE PACKAGE 😳 #shorts,Tarkar vlog,2025-05-12T12:18:11Z
IIT Kanpur,placement,placement review,QpNMnTR7_hc,IIT Kanpur EXPOSED 💀🥹 IIT Kanpur Placements 🫡 IIT JEE #iit #jee,RDS Vlogs [IIT Guwahati],2025-06-04T19:47:19Z
IIT Kanpur,placement,placement review,Se96oGIEmnE,"IIT Kanpur Placements | Average &amp; Highest Salary, Packages, Top Recruiters &amp; Alumni",MBA360,2026-02-03T11:02:34Z
IIT Kanpur,placement,placement review,kgMoR5Obqjk,IIT Kanpur college review 2025 : Truth About Placements &amp; Campus Life,Prabhat Ranjan,2025-11-02T06:30:24Z
IIT Kharagpur,placement,placement review,jp_TOapsYxw,IIT Kharagpur Me Pure Batch Ko Mila Campus Placement🔥🥳 #PW #GATE,"GATE Wallah - ME, CE, XE, CH, PI & ES",2024-09-25T15:30:14Z
IIT Kharagpur,placement,placement review,2WdEOwZP_go,IIT Kharagpur 2024-25 Placements | ₹2.14 Cr Highest Package | 1800+ Job Offers!,Careers360,2025-06-11T13:49:46Z
IIT Kharagpur,placement,placement review,xHPT_o_rz0w,☺️Visiting IIT KGP Hostel - Sundar Pichai,Pawan Kushwaha,2024-01-02T02:30:34Z
IIT Kharagpur,placement,placement review,JlnkpZmhbSc,🤯IIT KHARAGPUR Review in 30 Secs!⚡️| Fees | Placement #jee #iit,selfPadhai - Rohit Nagar,2024-07-22T14:00:48Z
IIT Kharagpur,placement,placement review,YVCK91tCgCc,"Why IIT Kharagpur is a Top IIT in India | Placements, Rankings &amp; Campus Tour",ALLEN JEE,2025-08-31T05:30:15Z
IIT Kharagpur,placement,placement review,5ahRwHJ81C0,IIT Kharagpur Placements 2026🔥 | Record Breaking😍,The MS BESTS,2025-12-06T13:10:00Z
IIT Kharagpur,placement,placement review,nppCVOy89dU,IIT Kharagpur scam explained 😱💔 |,Akash Gupta [ NITP ],2024-07-16T15:30:21Z
IIT Kharagpur,placement,placement review,I8OGB56ZX4U,IIT Kharagpur Placements Begin with a ₹1 Crore Offer!😱#placement #iit #jee #cse #motivation #viral,IIT Odyssey,2025-10-07T19:21:30Z
IIT Kharagpur,placement,placement review,ITqABc695so,"IIT Kharagpur M.Tech Admission | Placements, Fees, Cutoff | CE | ME | XE Branch | Complete Guidance","GATE Wallah - ME, CE, XE, CH, PI & ES",2025-04-03T01:01:59Z
IIT Kharagpur,placement,placement review,2wFLNOyacdg,IIT Kharagpur Bigger than a Country??😱😱#iit #jee #jee2025 #vaticancity #iitjee #iitkharagpur,Vedantu JEE Made Ejee,2024-07-05T05:30:01Z
IIT Roorkee,placement,placement review,br7UdIZ5Q3g,IIT Roorkee Placements: All you need to know! #iit #placements #jeemains #iitjee,MARKS - IIT JEE & NEET Prep App,2024-09-27T12:34:23Z
IIT Roorkee,placement,placement review,61l3W-tMjzE,IIT ROORKEE Review in 30 secs!🔥| Campus | Placement | Fees #review,selfPadhai - Rohit Nagar,2024-07-13T14:58:27Z
IIT Roorkee,placement,placement review,IOo3Mj_0Gvo,IIT Roorkee में मिलती है Aisi PUNISHMENT 😨😨 #jee  #jeemains2024 #iitjee #jeemains #jeemotivation,Vedantu JEE Made Ejee,2023-08-13T13:30:12Z
IIT Roorkee,placement,placement review,Io8hA0wokXE,IIT Roorkee Branch Wise Placement Data #PW #GATE,GATE Wallah,2025-05-16T08:30:09Z
IIT Roorkee,placement,placement review,7T0eAOmHEeE,IIT ROORKEE PLACEMENTS 2025 🤑 | #iitroorkee #iit #iitians #placement #iitmotivation #shorts #viral,SAM [ IIT ROORKEE ],2025-10-03T11:27:11Z
IIT Roorkee,placement,placement review,7b1AoqbfBx0,a day at IIT Roorkee #jeeadvanced #jeemains #college #adayinmylife,Shivna Rathore,2025-09-27T08:44:08Z
IIT Roorkee,placement,placement review,CKuZbUYc_B0,From IIT to ₹____ per Month 😳 | IIT Placement Salary 🔥 IITians Salary Per Month in India #jee #iit,RDS Vlogs [IIT Guwahati],2025-06-21T12:29:03Z
IIT Roorkee,placement,placement review,tMyzMD7-wvg,IIT Roorkee Review in 1 Min | Inside IIT Roorkee | Arvind Kalia Sir | #shorts #jee #iitroorkee,Vedantu JEE,2022-12-07T11:32:35Z
IIT Roorkee,placement,placement review,ZKL_szaLsPE,💥 IIT Roorkee JEE Advanced 2025 | B.Tech Fees &amp; Placement Package Revealed!,Careers360,2025-05-24T06:30:19Z
IIT Roorkee,placement,placement review,cui_jhX2n8w,Placement  Reality in IIT✨ - last semester in IIT episode:3 ❤️ #iit #placements #minivlogs,Harshita Singh(IITian),2025-06-06T14:12:20Z
IIT Guwahati,placement,placement review,9TyuKqxGtAg,IITians Salary after 2 Years 🗿🔥 70 LPA Package (IIT Guwahati) 🔥 JEE Motivation #shorts #iit,RDS Vlogs [IIT Guwahati],2024-05-24T04:32:14Z
IIT Guwahati,placement,placement review,4nCR6SjHzdU,"IIT Guwahati Latest Placement Official Data | Average Package, Top Recruiters &amp; Branch wise Insights",GATE Wallah,2025-10-11T06:02:17Z
IIT Guwahati,placement,placement review,CQrqcAzpZss,IIT Guwahati Mein Kitna Placement Aata Hai #Shorts #PhysicsWallah,GATE Wallah,2023-09-04T08:30:03Z
IIT Guwahati,placement,placement review,mAbWVTBYCr0,My Placement at IIT Guwahati From CSE | IIT Motivation 🔥 #iit,The Mohment,2023-05-06T14:30:15Z
IIT Guwahati,placement,placement review,tcxE8GigKII,"IIT Guwahati Placement Report 2025, BTech MTech MBA Placement in IIT Guwahati #iitplacement",Ujjwal Kumar Sen,2025-10-18T05:53:28Z
IIT Guwahati,placement,placement review,2tconj9E940,💥 IIT Guwahati  JEE Advanced 2025 | B.Tech Fees &amp; Placement Package Revealed!,Careers360,2025-05-21T11:35:21Z
IIT Guwahati,placement,placement review,2E6N377xjck,"IIT Guwahati M.Tech 2026 | Cutoff, Eligibility &amp; Placement Data","INFINITY ZONE - GATE, ESE, PSUs & AE JE",2026-03-27T05:07:09Z
IIT Guwahati,placement,placement review,azZNKYhdYWM,Battle of the IITs: IIT Guwahati vs IIT Madras vs IIT Bombay 👀 #iitjee,Raise Your Potential,2025-05-23T11:13:32Z
IIT Hyderabad,placement,placement review,DdIbn-xqbXs,IIT Hyderabad MTech AI &amp; CSE Placements 2026 | ₹1 Cr+ Offers in Day 1–3 😱,GATEASPIRANT [IIT Roorkee],2026-01-12T16:52:07Z
IIT Hyderabad,placement,placement review,p_y5eJbK1Tw,How is IIT Hyderabad Performing?? Is it a good Option?🤔🤔#jee #jee2025 #iit #iitjee #iithyderabad,Vedantu JEE Made Ejee,2024-09-19T13:30:28Z
IIT Hyderabad,placement,placement review,WvTrzO_wy5E,IIT Hyderabad Placements Procedure Explained 2026,Daniel IITH,2026-04-14T10:49:22Z
IIT Hyderabad,placement,placement review,RfDVxZkhhL4,B.Tech in Artificial Intelligence(AI) at IIT Hyderabad | My Degree Experience,Sankho kun,2023-06-16T08:00:54Z
IIT Hyderabad,placement,placement review,EXWSjYgnk0M,"IIT Hyderabad M.Tech Placements RTI Reply | Highest Package, Reality Check",GeeksforGeeks GATE,2026-03-28T05:30:00Z
IIT Hyderabad,placement,placement review,R3qmfG109_Y,IIT Hyderabad College Review 2025 : Truth About Placements &amp; Campus Life,Prabhat Ranjan,2025-11-05T06:30:24Z
IIT Hyderabad,placement,placement review,5RKvJwkuEJQ,IIT Hyderabad Review in 1 Min | Inside IIT Hyderabad | Arvind Kalia Sir | #shorts #jee #iithyderabad,Vedantu JEE,2022-12-03T06:00:01Z
IIT Hyderabad,placement,placement review,BNJEv9lGVv4,IIT Hyderabad College Review in One minute 🔥  #shorts #iithyderabad  #jeemains #iitmotivation,Ritik Meghwani,2022-10-17T15:00:09Z
IIT Hyderabad,placement,placement review,QfMqnnFSgvY,What Makes IIT Hyderabad So Special? 🤔😎 #iithyderabad #iit #iitjee #jee #shorts #telugu #kiransir,Vedantu Telugu JEE,2025-08-29T08:30:15Z
IIT Hyderabad,placement,placement review,uFUzHFjahv8,IIT HYDERABAD Dept Tour #iitjee #rushikale #minivlog #campuslife #campuslife #engineering#hostellife,Rushi Kale Vlogs,2022-07-30T13:36:25Z
IIT Indore,placement,placement review,mZzHhfhJbLk,IIT Indore Placement 2025 REALITY - ₹1.37 Cr Package Par 83 Students UNPLACED | JEE 2026 Must Watch,Ayush Garg Classes,2025-11-22T07:46:07Z
IIT Indore,placement,placement review,Tk4opN3VZmM,IIT Indore Review | Fees | 56 LPA Placements | IIT Motivation | IIT Indore Campus,CAREERKICK JEE,2023-02-28T05:30:10Z
IIT Indore,placement,placement review,ko88YWBLjKU,IIT Indore Shocking Placement &amp; Cutoff 😱 | Official RTI Reply,GeeksforGeeks GATE,2026-03-18T05:30:00Z
IIT Indore,placement,placement review,EfskGYWNZlU,IIM Indore Placement Report 2025 | Highest Package ₹70 LPA,SuperGrads IPMAT Coaching by Toprankers,2025-10-03T14:33:10Z
IIT Indore,placement,placement review,vJHtUBSwZCg,IIT Indore Placement Report | Shocking Trends Revealed Through RTI!,GATE Wallah (English),2025-10-22T11:30:52Z
IIT Indore,placement,placement review,U7gWdAsvnBo,IIT Indore 2026 Cutoff REVEALED 🚨 | Top 3 Branches + Placement Reality 😲,Vision Career Institute ,2026-01-28T02:47:00Z
IIT Indore,placement,placement review,dr5Y-DVqmaQ,IIT INDORE College Review in One minute 🔥  #shorts #iitindore #jeemains #iitmotivation #iit,Ritik Meghwani,2022-10-12T15:00:09Z
IIT Indore,placement,placement review,aSIcAUSheYU,Which IIT would I Choose Again ? 🤔 - If I Got Another Chance!! ✅ #iit #iitbombay #iitmotivation,Yash Mishra [IIT INDORE],2025-05-31T07:00:01Z
IIT Indore,placement,placement review,qwstrKbudDI,IIT Delhi is BAAP of IIT Indore? #iit #iitjee,Nishant Jindal [IIT Delhi],2025-01-01T12:56:34Z
IIT Indore,placement,placement review,mHZLiNx521Y,IIT Indore in 1 Min | Inside IIT Indore | Arvind Sir | Vedantu #shorts #viral #iitindore,Vedantu JEE,2023-04-14T09:30:12Z
IIT BHU,placement,placement review,-dU8ACJXu78,IIT BHU Ka Jalwa 🔥🥶 Highest Package Vs Average Package #iitmotivation #iitjee #placement,TSV Kota Shorts ,2024-11-19T12:19:31Z
IIT BHU,placement,placement review,h8cDRVn2irc,Asking IIT BHU B.Tech student about campus placement | Himanshu Mishra,The Student Life,2022-11-06T05:06:36Z
IIT BHU,placement,placement review,NyRo2UkcZT8,Placement Diaries 2026 | Outreach Club | IIT (BHU) Varanasi,Outreach Club | IIT (BHU) Varanasi,2026-01-23T13:05:00Z
IIT BHU,placement,placement review,K3Lo19q3ufo,IIT BHU &amp; Kanpur Placements 2026🔥 | Record Breaking😍,The MS BESTS,2025-12-09T13:49:18Z
IIT BHU,placement,placement review,NYdyz-G3olQ,IIT BHU Varanasi Placement Shock: ₹1.68 Cr to ₹5 Lakh! | BTech 2026,Ayush Garg Classes,2025-12-08T09:39:14Z
IIT BHU,placement,placement review,6aaRum1JWQQ,🥶 IIT BHU 1.5 CPA Package 😎🔥|| IIT Motivation | #iit #jee #iits #iitjee #viral #shortsfeed #shorts,Aashish Editz,2025-04-10T07:22:05Z
IIT BHU,placement,placement review,jB2rM5xaYEs,IIT BHU Latest Placements Stats | INSANE ₹2 Crore+ Salary Offers!,Collegedunia,2025-09-05T15:16:56Z
IIT BHU,placement,placement review,_iljJHqOf0c,IIT Hyderabad &amp; IIT BHU Minimum Expected GATE Score Required | Placement Trends | Official RTI Reply,GATE Wallah,2026-04-03T05:30:00Z
IIT BHU,placement,placement review,1pn_s5fSBME,IIT BHU College Review in One minute 🔥  #shorts #iitbhu #jeemains #iitmotivation,Ritik Meghwani,2022-10-13T15:45:07Z
IIT BHU,placement,placement review,jIDRX0VGeFg,IIT BHU M.TECH CSE HONEST REVIEW || Computer Science Complete Information #gate #mtech #iit  #cse,IITian Akhil jha,2024-04-15T10:30:07Z
NIT Trichy,placement,placement review,Nx4P5A10Whc,"All About NIT TRICHY | Admission, Eligibility, Cutoff, Fees, Placement, Students Review | Harsh Sir",Vedantu JEE Made Ejee,2025-10-08T13:45:20Z
NIT Trichy,placement,placement review,mzNGFlJHWW4,My Campus Placement story Nit Trichy ,Alish [ Nit Trichy ],2026-01-27T11:27:00Z
NIT Trichy,placement,placement review,2j-1Q-VEpCQ,I Asked NIT Master’s Students How They Cracked GATE &amp; JAM 👀,Suman Mpm,2026-05-18T13:26:23Z
NIT Trichy,placement,placement review,RWGM8lTlUKI,NIT Trichy College Review 2025: Truth About Placements &amp; Campus Life,Prabhat Ranjan,2025-09-16T06:30:21Z
NIT Trichy,placement,placement review,7PaeimJkIcA,Production at NIT Trichy | Worth it?|  College vs Branch | Honest Review ,Alish [ Nit Trichy ],2026-05-05T12:12:53Z
NIT Trichy,placement,placement review,40c0sToZJKE,NIT Trichy Placements 2024 | How to get a Job in 2024 | NIT Trichy Review,Arsh Goyal,2024-04-08T13:10:13Z
NIT Trichy,placement,placement review,z4lMliRrPnM,Placements at NIT Trichy #placement #finance #analytics #management #software #lightscameracampus,shiksha.com,2024-12-27T10:30:33Z
NIT Trichy,placement,placement review,WL36sOs0xCs,What about placements at NIT Trichy?,Suman Mpm,2025-03-13T17:48:53Z
NIT Trichy,placement,placement review,Rya6A2dOM_k,"Inside NIT Trichy Campus | Talking to B.Tech Students About Life, Pressure &amp; Placements",Suman Mpm,2026-03-01T09:30:07Z
NIT Trichy,placement,placement review,uC9DyZI672o,Very Honest Review from NIT Trichy student 😇,Mihir Kathpal,2025-06-17T15:09:20Z
NIT Warangal,placement,placement review,v4kV-mqE56k,NIT వరంగల్ లో కోటి దాటిన ప్యాకేజీలు రికార్డు PLACEMENTS #PHANI sir,PHANI sir MATHS IIT - JEE CLASSES,2025-11-08T14:01:26Z
NIT Warangal,placement,placement review,mft5UgJYAXU,NIT Warangal College Review In Short,Apna College,2023-02-10T16:11:46Z
NIT Warangal,placement,placement review,ff9YboMWbDM,"JEE Main 2026 || NIT Warangal Placements 2025: Highest Package, Average Package #jeemains #nta",Career Initiative,2025-10-27T09:15:05Z
NIT Warangal,placement,placement review,IRlL2aAKyaw,NIT Warangal Placements 2025🔥 | Branchwise Report | Best NIT,The MS BESTS,2025-08-03T12:41:32Z
NIT Warangal,placement,placement review,xx9PopBfPtM,NIT Warangal College Review 2025: Truth About Placements &amp; Campus Life,Prabhat Ranjan,2025-09-20T06:30:36Z
NIT Warangal,placement,placement review,Pd2WBLbJZUA,"NIT Warangal: Fee, Scholarship, Campus, Quota, Placements, Salary, admission, cutoff, alumni, review",Manabadi Videos,2023-12-11T02:29:40Z
NIT Warangal,placement,placement review,nooy4Pr5QyA,NIT Warangal CSE Cutoff 2025 | Unexpected Closing Ranks for Home &amp; Other States 🔥😱,Apka Siddharth,2025-03-05T10:12:18Z
NIT Warangal,placement,placement review,oSJCvfF7Wuo,💥 NIT Warangal 2025 Cutoff &amp; Closing Rank 📈 | Fees &amp; Placement | JEE Main 2025,Careers360,2025-04-29T06:00:43Z
NIT Warangal,placement,placement review,5Vp-QVShoyY,"NIT Warangal Placement Report 2025, BTech/MTech/MBA/MCA/MSc Placement of NIT Warangal 2026",Ujjwal Kumar Sen Clips,2026-02-14T14:00:08Z
NIT Warangal,placement,placement review,ePvMZNhGiZc,NIT tirchy Vs NIT Surathkal Vs NIT Warangal | CSE PLACEMENT| JOSAA 2023,A Mechanical Engineer,2023-06-15T12:09:16Z
NIT Surathkal,placement,placement review,icTHXLTew4s,NIT Surathkal College Review 2025: Truth About Placements &amp; Campus Life,Prabhat Ranjan,2025-09-18T06:30:19Z
NIT Surathkal,placement,placement review,NL9mBwXMCPw,NIT Surathkal Placements 2025 | Highest Package 55 Lakhs &amp; Top Recruiters,Collegedunia,2025-09-09T12:45:03Z
NIT Surathkal,placement,placement review,tXka7vK9EAk,NIT Warangal Vs NIT Surathkal : NIT M.Tech Placements : NIT M.Tech Cutoffs @TheCivilGuruji #mtech,Aniruddha Sir : The Civil Guruji,2026-05-22T15:53:12Z
NIT Surathkal,placement,placement review,k7R9Gdjw7JI,NIT Surathkal Placements 2025🔥 | Branchwise Stats | Best NIT😍,The MS BESTS,2025-11-21T15:39:53Z
NIT Surathkal,placement,placement review,-jrRqdTyStU,"💥 NIT Karnataka, Surathkal 2025 Cutoff &amp; Closing Rank 📈 | Fees &amp; Placement | JEE Main 2025",Careers360,2025-04-28T09:59:06Z
NIT Surathkal,placement,placement review,7V8ynurKY88,NIT Surathkal placement 2024 #nitk #ccmt #ccmn,Mecha Sumit [NITK],2024-04-24T02:52:02Z
NIT Surathkal,placement,placement review,C8j66VSxsaw,"NIT Surathkal Placement Report 2025, BTech MTech MCA MBA MSc Placement of NIT Surathkal 2025",Ujjwal Kumar Sen Clips,2026-02-15T03:30:07Z
NIT Surathkal,placement,placement review,0ao3rrMKzE0,NIT Surathkal Placements 2025 - 2026 | B.Tech +MBA +M.Tech +MSC +MCA | Must Watch Before Admission!,"Mechenzi - Placements, Colleges & Career",2026-02-11T14:29:10Z
NIT Surathkal,placement,placement review,UbdBh5QwXoA,NIT Surathkal Placements 2024 | Salary | Batch Placed |Reviews &amp; More,shiksha.com,2025-04-11T10:14:58Z
NIT Surathkal,placement,placement review,VO622qNZx4Y,🔥 Finally got my dream college ❤️ |Got NIT Surathkal in CSAB 2 🌊 |#nitk #nitsurathkal #success #top,Arjun M Kotari [ NITK ],2022-11-05T07:43:59Z
NIT Calicut,placement,placement review,y8B7Vo32DLQ,🚀 Top Recruiters at NIT Calicut 2025! | Dream Offers #lightscameracampus,shiksha.com,2025-06-30T04:09:25Z
NIT Calicut,placement,placement review,97zOYLsVA7Q,NIT Calicut College Review 2025: Truth About Placements &amp; Campus Life,Prabhat Ranjan,2025-09-19T09:29:47Z
NIT Calicut,placement,placement review,Sk5BEjkzwEc,Reality of Placements &amp; Fees of NIT CALICUT? | Worth Doing MBA From NIT CALICUT ⚠️,Harshvardhan Tambe,2025-03-10T01:30:15Z
NIT Calicut,placement,placement review,-c57gOwFy-4,"Everything about NIT CALICUT in under 1 minute! Fees, Placement, Admission, Ranking, Cutoff, Reviews",Collegedunia,2025-10-24T05:00:00Z
NIT Calicut,placement,placement review,RyNwsGPwUKE,NIT Calicut Placements Reality #nitcalicut #placements,My Channel,2026-01-22T11:22:34Z
NIT Calicut,placement,placement review,pJGZsqKqvBQ,NIT Calicut College Review in One minute 🔥  #shorts #nit #iit #jeemains #iitmotivation,Ritik Meghwani,2022-09-10T13:57:48Z
NIT Calicut,placement,placement review,sQLRvTdPuMw,💥 NIT Calicut 2025 Cutoff &amp; Closing Rank 📈 | Fees &amp; Placement | JEE Main 2025,Careers360,2025-04-30T06:19:26Z
NIT Calicut,placement,placement review,uZYo4FjGPDU,Calicut NIT നിങ്ങൾക്ക് അറിയേണ്ടതെല്ലാം! | Xylem JEEnius,Xylem JEEnius,2024-02-04T14:15:21Z
NIT Calicut,placement,placement review,SGeSmCCsJsE,"Reality of NIT CALICUT Placements 2025 💰 Packages Revealed | Average, Highest Package | #Jobs #NIT",Collegedunia,2025-10-24T04:15:06Z
NIT Calicut,placement,placement review,Up7igYlY48A,"NIT Calicut గురించి పూర్తి వివరాలు | Fees, Placements, Hostel &amp; Campus Life",Yours Media,2026-06-01T10:39:06Z
NIT Rourkela,placement,placement review,HLZWU0RgPhk,✅ NIT Rourkela Placement Reality 😎🔥! #NITRourkela #PlacementReality #NITR #review #minivlog #3gr,3GR SPECIAL,2025-09-06T07:10:46Z
NIT Rourkela,placement,placement review,vNZjdbC9lRM,nit rourkela placement 2025 #shorts #nit #placement,ᴩʀꫝꜱʜꫝɴᴛ[NIT ALLAHABAD],2025-07-06T14:18:21Z
NIT Rourkela,placement,placement review,pox736fr3g4,My Placement Story NIT Rourkela 🎉 | How I Got Placed from NIT Rourkela 💼 | #placements #job #3gr ,3GR SPECIAL,2026-04-26T09:19:20Z
NIT Rourkela,placement,placement review,IfMbDQdOJXg,NIT Rourkela College Review 2025: Truth About Placements &amp; Campus Life,Prabhat Ranjan,2025-09-17T06:30:19Z
NIT Rourkela,placement,placement review,8lWsMD02Iws,😮 NIT के Shocking Placements😱😱 #shorts #jee #iitjee #jee2024 #nitrourkela #jeemains2024 #cbse,Vedantu JEE Made Ejee,2023-08-02T12:17:21Z
NIT Rourkela,placement,placement review,04AkIlE_kVQ,My 2 Years Experience At NIT Rourkela | Watch This Before Coming To This College,Alokit Says,2024-12-18T11:02:43Z
NIT Rourkela,placement,placement review,JGCmzIkPsfg,The Truth About Placements at NIT Rourkela 😮 | #placements #campusplacement #engineering #review,3GR SPECIAL,2026-05-12T11:30:15Z
NIT Rourkela,placement,placement review,l8Zr2Kkh5tI,💥 NIT Rourkela 2025 Cutoff &amp; Closing Rank 📈 | Fees &amp; Placement | JEE Main 2025,Careers360,2025-04-28T13:30:41Z
NIT Rourkela,placement,placement review,TQL-2tUAhIE,Reality of Placements at NIT Rourkela 😮 | #nitrourkela #placements #studentreviews #campusplacement,3GR SPECIAL,2026-05-12T04:30:15Z
NIT Rourkela,placement,placement review,e8WoCbIPaPk,NIT Rourkela &amp; IIIT Guwahati | Check the Pinned Comment😲 #CollegeWallah,College Wallah,2023-05-28T12:30:27Z
NIT Kurukshetra,placement,placement review,es7NbKPoByU,JEE Main 2026 || NIT Kurukshetra - National Institute of Technology Placements 2025 #jeemain2026,Career Initiative,2025-10-29T12:01:27Z
NIT Kurukshetra,placement,placement review,dBB-I8cOjho,"💼 NIT Kurukshetra Placements 2025 | Highest, Average &amp; Top Recruiters #nitk #nitplacement #lcc",shiksha.com,2025-09-29T06:22:01Z
NIT Kurukshetra,placement,placement review,NmB8jCjlm64,NIT Kurukshetra Placements 2025🔥 | Branchwise Report | Good NIT,The MS BESTS,2025-07-20T15:12:40Z
NIT Kurukshetra,placement,placement review,9BGXf-O1YVA,"NIT Kurukshetra Placement Report 2025, BTech, MTech MBA, MCA, MSc Placement of NIT Kurukshetra 2025",Ujjwal Kumar Sen Clips,2026-03-09T15:30:05Z
NIT Kurukshetra,placement,placement review,Hwzlre880oc,"NIT कुरुक्षेत्र के इस छात्र ने तोड़े सारे रिकॉर्ड, कैंपस से सीधा 1.56 करोड़ का ऑफर! | NIT Kurukshetra",Jagran Josh,2026-06-05T03:30:13Z
NIT Kurukshetra,placement,placement review,JkbT9eeMTgA,All about NIT Kurukshetra😍😍#iit #iitjee #jee #jee2025 #jeemains #nit #nitkurukshetra #kurukshetra,Vedantu JEE Made Ejee,2024-08-09T11:30:14Z
NIT Kurukshetra,placement,placement review,z3q1y5RRpa8,Should You Apply for NIT Kurukshetra MBA?🤔Honest Review | Fees | Cutoff | Placement,Ankit Verma - MBAshala,2026-03-14T13:32:37Z
NIT Kurukshetra,placement,placement review,vh4t0-ZHx-k,MBA Placements Reality at NIT Kurukshetra | Honest Review by Student,Hitesh Goyal Nitian,2026-04-03T09:07:50Z
NIT Kurukshetra,placement,placement review,vKS41_gVM5U,NIT Kurukshetra College Review 2025: Truth About Placements &amp; Campus Life,Prabhat Ranjan,2025-10-13T06:30:26Z
NIT Jalandhar,placement,placement review,fnvtWlb9hPo,NIT Jalandhar College Review 2025: Truth About Placements &amp; Campus Life,Prabhat Ranjan,2025-09-27T06:30:24Z
NIT Jalandhar,placement,placement review,x0ztIfvof_I,4 CRORE Placement from NIT Jalandhar 💀💥 #nit #iitjee #iitmotivatiin #kota,IIT Nation,2025-10-16T14:13:42Z
NIT Jalandhar,placement,placement review,5EvTzi-5Bvc,NIT JALANDHAR POWER 💪 #harshsir #nit #nitjalandhar #engineeringlife #VED #shorts,Study Circuit ,2025-10-19T05:47:59Z
NIT Jalandhar,placement,placement review,hI3Tr3-D2VI,NIT Jalandhar ECE student got ₹28 lakh package 🤩 | watch How They Did It ? 😱| Episode 09,NITian Vlogs,2024-06-26T16:00:05Z
NIT Jalandhar,placement,placement review,VpppEj5N5vg,NIT JALANDHAR 4Cr PLACEMENT REALITY 🥶🤯 #jee2026 #iitjee #kota #iitmotivation,IIT Nation,2025-10-15T12:21:51Z
NIT Jalandhar,placement,placement review,pciy5Fq1PK4,RTI NIT JALANDHAR Placements Truth 😱 | Branch-Wise Package Analysis! #NITJalandhar,My Channel,2026-02-18T11:55:19Z
NIT Jalandhar,placement,placement review,2XOJnLXlRRY,"NIT Jalandhar Telugu College Review 2026 | Placements, Cutoff, Fees, Hostel, admissions, Highlights|",HACKOVERSE EDU,2026-03-10T04:30:03Z
NIT Jalandhar,placement,placement review,GRes6Z2BLQM,❤️ NIT Jalandhar Complete Review🔥Best motivation for JEE Aspirants 😎 IIT-JEE / IIT Bombay #shorts,Harshal [BITS Pilani] - 10Q Challenge,2023-10-27T09:22:04Z
NIT Jalandhar,placement,placement review,WDvc9Jka7GE,"NIT Jalandhar Placement Report 2025, BTech MTech Placement of NIT Jalandhar 2025",Ujjwal Kumar Sen Clips,2026-02-20T05:00:39Z
NIT Jalandhar,placement,placement review,SL8U8qvot7M,BioTech at NIT Jalandhar Review | Ep. 19,NITian Vlogs,2025-06-16T15:58:30Z
NIT Jaipur,placement,placement review,6mI4WhFky-U,NIT Jaipur Placements 2025🔥 | Best NIT for Placements?,The MS BESTS,2026-02-16T14:53:33Z
NIT Jaipur,placement,placement review,zbyOc9WdYIg,MBA From NIT Jaipur Review - Only 50 percent btach got placed | NIT Jaipur MBA Placements #mba,MBA with Arshi Khan,2026-02-02T06:30:08Z
NIT Jaipur,placement,placement review,pHQKJ6n3_W8,MNIT Jaipur Branch-wise Minimum Cutoff &amp; Placements | JEE Main 2026 #mnit #mnitjaipur,My Channel,2026-01-29T12:01:27Z
NIT Jaipur,placement,placement review,miT4CK_5Sac,MNIT Jaipur College Review | InShort,Apna College,2023-03-17T15:18:42Z
NIT Jaipur,placement,placement review,I9WRKcS9-fI,MNIT Jaipur College Review 2025: Truth About Placements &amp; Campus Life,Prabhat Ranjan,2025-09-21T07:05:00Z
NIT Jaipur,placement,placement review,NF5hoEMn7rA,💥 MNIT Jaipur 2025 Cutoff &amp; Closing Rank 📈 | Fees &amp; Placement | JEE Main 2025,Careers360,2025-05-01T11:30:15Z
NIT Jaipur,placement,placement review,0MJqHvl8Res,"MNIT Jaipur College Review 😱| 72% Placement , 11 Lakhs Average Package #jeemains",CollegeSearch,2025-12-10T13:00:01Z
NIT Jaipur,placement,placement review,NwxxVQv7ceI,MNIT Jaipur | Post Graduation | Placement Report,"GeeksforGeeks- EC, EE & IN",2026-03-18T13:30:23Z
NIT Jaipur,placement,placement review,H-zMCemHIZc,MNIT jaipur  CSE branch placement #mnit #placement #cseplacements #NIT #iit #iitbombay,A Mechanical Engineer,2022-11-26T06:12:34Z
NIT Jaipur,placement,placement review,9aIr4I2BN1s,NIT Jaipur Complete College Review For MBA ✅ #nitmba,MBA with Arshi Khan,2025-02-24T13:15:00Z
NIT Nagpur,placement,placement review,6CHYkIDSdgw,"NIT Nagpur Placement Report 2025, BTech BArch MTech MSc Placement of NIT Nagpur",Ujjwal Kumar Sen Clips,2026-03-10T15:30:03Z
NIT Nagpur,placement,placement review,3h_OfeWAE0M,You Won’t Believe VNIT Nagpur’s Placement Scene! #lcc #collegelife #placement #nagpur #vnit,shiksha.com,2025-09-10T09:11:28Z
NIT Nagpur,placement,placement review,j1ERUsEyF4c,How are PLACEMENTS at VNIT NAGPUR?🤐,Riya Kansal,2025-07-01T06:30:31Z
NIT Nagpur,placement,placement review,pQ6CJJMFks8,VNIT Nagpur Placements 2025🔥 | Branchwise [B.Tech &amp; B.Arch] | Overrated?😮,The MS BESTS,2025-11-25T11:59:16Z
NIT Nagpur,placement,placement review,Wbh751TDDqc,💥 VNIT Nagpur 2025 Cutoff &amp; Closing Rank 📈 | Fees &amp; Placement | JEE Main 2025,Careers360,2025-04-30T11:30:23Z
NIT Nagpur,placement,placement review,SC78vSzXr4o,NIT Nagpur Placements 2025 - 2026 | B.Tech +M.Tech +MSC +B.Arch | Must Watch Before Admission! |VNIT,"Mechenzi - Placements, Colleges & Career",2026-03-10T04:08:41Z
NIT Nagpur,placement,placement review,Dby8lmB5TNU,Is It Worth Joining? | VNIT Nagpur Placements Reality ,College Insider ,2026-05-31T20:40:37Z
NIT Nagpur,placement,placement review,07u1q46BeEk,My Placement Story 🔥 ft. NIT Nagpur #electricalengineering #placement #corejobs #engineering,Riya Kansal,2025-06-27T15:42:52Z
NIT Nagpur,placement,placement review,866hyH98vxU,"VNIT Nagpur Review: Placements, Fees, Courses &amp; Cutoff | NIT Nagpur Guide JEE 2026",Edu9 Career Guidance,2024-01-23T12:30:09Z
NIT Nagpur,placement,placement review,rwh1fc5SbTo,Should you choose VNIT NAGPUR after IIT-JEE?🥶,Riya Kansal,2025-05-31T06:30:33Z
NIT Allahabad,placement,placement review,slUevvE7PFM,NIT Allahabad in 1 Min | Inside NIT Allahabad | Arvind Sir | Vedantu #shorts #jee #nitallahabad,Vedantu JEE,2023-02-02T10:00:26Z
NIT Allahabad,placement,placement review,kWcrbTKDsbk,Ved Sir Reveals His Craziest NIT Allahabad Moment 😱🔥 #shorts #esaral #iit #jee,eSaral Faculties,2025-07-14T06:30:18Z
NIT Allahabad,placement,placement review,1qhmckGK0gU,MNNIT Allahabad Placements 2025: Highest Package of 72 LPA &amp; Top Recruiters,Collegedunia,2025-09-13T05:47:53Z
NIT Allahabad,placement,placement review,tmmL7r7O0Xw,27 Lakhs Average Package 🔥|| MNNIT Allahabad College Review ✅|NITs at low rank in JEE Mains #jee2026,CollegeSearch,2025-11-12T13:31:04Z
NIT Allahabad,placement,placement review,WcG0gkNKntQ,JEE Main 2026 ||MNNIT Allahabad - Motilal Nehru National Institute of Technology Placements 2025#jee,Career Initiative,2025-10-29T11:45:06Z
NIT Allahabad,placement,placement review,Dkaf8H3F4sI,All About NIT Allahabad #nitallahabad #harshsir #nit,Vedantu JEE Made Ejee,2025-10-21T14:30:10Z
NIT Allahabad,placement,placement review,bGbo42gjSng,MNNIT Allahabad College Review 2025: Truth About Placements &amp; Campus Life,Prabhat Ranjan,2025-09-28T06:30:22Z
NIT Allahabad,placement,placement review,TH-9TUkW3RU,All About MNNIT (Allahabad)| Fees | Admission | Cutoff | Placement @VedantuMath,Vedantu JEE Made Ejee,2024-05-24T11:30:07Z
NIT Allahabad,placement,placement review,u9TzyPVEHSs,Myths Vs Facts About NIT Allahabad | Should You Join NIT Allahabad in 2025?🤔 | NIT Allahabad Review,  Ayush Jha [NIT- Allahabad],2025-08-03T12:48:44Z
NIT Allahabad,placement,placement review,CPBjo3B8wEg,All about MNNIT Allahabad✅✅#shorts #mnnit #mnnitallahabad #allahabad #jee #jee2024 #btech #college,Vedantu JEE Made Ejee,2024-04-23T07:30:02Z
IIM Ahmedabad,placement,placement review,QhAs5awAS8M,"IIM Ahmedabad Placement Report 2025 | Placements, Highest Package &amp; Average Salary",CATKing,2025-10-06T09:30:14Z
IIM Ahmedabad,placement,placement review,P9f2dQ-rmVo,"IIM Ahmedabad Placements 2025 | Average &amp; Highest Salary, Packages, Top Recruiters &amp; Alumni",MBA360,2025-12-10T10:10:38Z
IIM Ahmedabad,placement,placement review,s7KeeTlO_Qo,IIM Ahmedabad Placement REALITY | A Candid Inside Look,CollegeSearch,2023-01-23T10:41:44Z
IIM Ahmedabad,placement,placement review,t69cSGYccOo,IIM Ahmedabad Placement Reality,The IIM Guy,2025-08-12T13:30:46Z
IIM Ahmedabad,placement,placement review,CVgJPb2SLFM,"IIM Ahmedabad Summer Placements 2025: IIM अहमदाबाद प्लेसमेंट, फिनटेक और न्यू-ऐज कंपनियों का डेब्यू",CNBC Awaaz.,2025-11-19T13:05:06Z
IIM Ahmedabad,placement,placement review,MlN-eVJxSdU,IIM Ahmedabad vs Harvard! Kiski hai better ROI? | Warikoo Careers Hindi,warikoo careers,2025-07-07T06:30:15Z
IIM Ahmedabad,placement,placement review,6FqJ4m6338w,Step by Step Placement Process at IIM you must know as an MBA aspirant?➡️ Reality of IIM Placements!,Ananta Chhajer,2024-05-27T12:42:34Z
IIM Ahmedabad,placement,placement review,NThy3U_sn14,Highest Package of all IIM colleges in tabular form #iim #iima,CCSU notes,2024-12-27T02:30:12Z
IIM Ahmedabad,placement,placement review,2fqqfwz02zc,Which roles offer 1 crore salary after IIM? #shorts,Shweta Arora Shorts,2022-09-23T15:01:47Z
IIM Ahmedabad,placement,placement review,UArRf4sM9fs,1 Crore Salary at IIMs 💸 | Which Categories of Students Get These Packages? 🔎| #shorts #iim,SuperGrads CAT Coaching by Toprankers,2024-09-03T01:30:13Z
IIM Bangalore,placement,placement review,yCNwD3RpNZ4,PGP batch of IIM B 2025-27 is entirely placed for summers #CAT #CAT2025 #Placement #IIM #IIMB #job,Ritwik Mehta,2025-10-19T03:30:47Z
IIM Bangalore,placement,placement review,fz84Mv176dE,"IIM Bangalore Placements 2025 | Average &amp; Highest Salary, Packages, Top Recruiters &amp; Alumni",MBA360,2025-12-11T09:45:07Z
IIM Bangalore,placement,placement review,E29s8mLFnNo,"IIM Bangalore PLACEMENT Reality | Salary, Recruiters &amp; ROI",The IIM Guy,2025-05-31T13:30:24Z
IIM Bangalore,placement,placement review,e8APeyQBwIE,"IIM Bangalore Placements 2025 Explained | IIM B Average &amp; Highest Salary, Top Recruiters, Roles",MBA Matrix,2026-01-06T13:01:31Z
IIM Bangalore,placement,placement review,egNxL_VvdSI,IIM Bangalore Placement Report 2026 Out | 664 Offers &amp; Top Recruiters! 🚀 #shorts,SuperGrads CAT Coaching by Toprankers,2026-03-31T07:24:09Z
IIM Bangalore,placement,placement review,6_HQoy4M820,Life at IIM Bangalore | IIM B | MBA | CAT,The Top Percentile - MBA,2024-04-20T12:30:05Z
IIM Bangalore,placement,placement review,Nfe4bW0GTDs,"Is IIM fees really worth it ? from IIM Bangalore to Tokyo, Japan | Summer Internship Diaries","Gunai Tarde | MBA, Work & Life",2025-07-01T16:55:52Z
IIM Bangalore,placement,placement review,DQQVk0pLwDQ,Getting placed on DAY 0 (IIM Bangalore),Riyalizations,2022-11-30T07:41:16Z
IIM Bangalore,placement,placement review,n_d32OsE4TE,IIM Bangalore Placements 2025-2026 | Placement Statistics - IIMB | Must Watch Before  Admission!,"Mechenzi - Placements, Colleges & Career",2025-10-20T12:31:03Z
IIM Bangalore,placement,placement review,ohcP26cGhqE,IIM|Bangalore|Day 1 in iim Bangalore|😍❤#iim#banglore#campus#tour#vlog#cat2024#mba#strategy#shorts,Lalit Gupta,2024-09-29T13:53:44Z
IIM Calcutta,placement,placement review,4-vcnQwz3Mw,"IIM Calcutta Placements 2025 | Average &amp; Highest Salary, Packages, Top Recruiters &amp; Alumni",MBA360,2025-12-12T08:26:20Z
IIM Calcutta,placement,placement review,agOWgNkRqTM,IIM Calcutta Placement Report | Highest Package 1.15 Crore | Companies On Campus | MBA Placement,CATKing,2025-05-03T14:11:32Z
IIM Calcutta,placement,placement review,oDJru9-ASYY,IIM Calcutta Final Placements 2026 | TIME 4 CAT - MBA,TIME 4 CAT,2026-03-12T05:28:26Z
IIM Calcutta,placement,placement review,2vFUk-ypJ9E,"IIM Calcutta PLACEMENT Reality | Salary, Recruiters &amp; ROI",The IIM Guy,2025-08-07T13:30:05Z
IIM Calcutta,placement,placement review,O8P9g-DgElY,IIM Calcutta Released Placement Report for 2026 🚨 | Highest Package ₹1.5 Cr | Full Breakdown,SuperGrads CAT Coaching by Toprankers,2026-03-01T13:30:06Z
IIM Calcutta,placement,placement review,1JtOthi_wd4,Top MBA Colleges with Low Academics and high placements | IIM Calcutta &amp; FMS Selection Criteria,Ananta Chhajer,2023-11-28T13:08:55Z
IIM Calcutta,placement,placement review,4dC-SBckNa4,IIM placements in 2026 ? IIM A placement report out | Highest package 2.2 Crore | Average 34. 5 lakh,CATKing,2026-03-27T19:03:25Z
IIM Calcutta,placement,placement review,rUYFFzr-AVk,Salary of an IIM graduate,Per Annum Money,2025-10-11T13:34:54Z
IIM Lucknow,placement,placement review,zv1GKAlJDFs,IIM Lucknow Final Placement Report 2026 | Highest Package 1 Crore? 😳 | Average CTC &amp; Top Recruiters,SuperGrads CAT Coaching by Toprankers,2026-03-24T14:12:11Z
IIM Lucknow,placement,placement review,M661JoKTy30,"IIM LUCKNOW Placement Reality | Salary, Recruiters &amp; ROI",The IIM Guy,2025-07-23T13:30:18Z
IIM Lucknow,placement,placement review,rK2MeWlJA4I,"IIM Lucknow Placements | Average &amp; Highest Salary, Packages, Top Recruiters &amp; Alumni #iimlucknow",MBA360,2026-01-23T12:03:41Z
IIM Lucknow,placement,placement review,CBKtcoWkk38,"IIM Lucknow Placement Reality | Salary, Recruiters &amp; ROI",Ankit Verma - MBAshala,2025-09-17T03:45:58Z
IIM Lucknow,placement,placement review,XHxYBKHlRRM,🚀 IIM Lucknow MBA Fees ₹20.75 Lakhs vs ₹75 LPA Package | Real ROI Truth (2026),Collegedunia MBA,2026-01-11T13:35:10Z
IIM Lucknow,placement,placement review,TGcu0WUYAuY,💥Top 5 IIM’s in India- Fees 2024! 😱IIM Fees Structure for MBA💥#shorts #mba #iim #fees2024 #viral,MBA Fundas by Sunstone,2024-05-20T11:30:12Z
IIM Lucknow,placement,placement review,8LCTkK9DdbE,IIM Lucknow Placement Report | Freshers vs Work Experience | Highest Package 1 Crore ?,CATKing,2023-08-27T11:04:55Z
IIM Lucknow,placement,placement review,CyfPWMBR2X4,IIM LUCKNOW INTERVIEW EXPERIENCE 2024 | CAT 2024 Motivation | #iim #mbamotivation #cat2024 #mba #iit,Muktadeep Saha MBA,2024-03-14T18:01:54Z
IIM Lucknow,placement,placement review,jpJjURv-Zi0,"IIM Lucknow PGP ABM 2026 | Fees, Placements, Campus Tour &amp; CAT Cutoff by @Agrivimal",AgriVimal,2025-11-21T09:50:52Z
IIM Lucknow,placement,placement review,1AnQM0vroUY,Life at IIM Lucknow | IIM Life | IIM Campus,The Top Percentile - MBA,2025-01-16T07:12:21Z
IIM Kozhikode,placement,placement review,OkWHN-yjk4A,💥Reality of IIM Kozhikode MBA Placement 2025 #MBA #CAT2025 #IIMKozhikode #IIMPlacements,MBA Fundas by Sunstone,2025-03-14T12:30:20Z
IIM Kozhikode,placement,placement review,6YJK-tbMhJw,"IIM Kozhikode Placements 2025 | Average &amp; Highest Salary, Packages, Top Recruiters &amp; Alumni",MBA360,2025-12-26T12:06:26Z
IIM Kozhikode,placement,placement review,kCpZeehBjao,IIM Kozhikode PLACEMENT Reality,The IIM Guy,2025-05-17T13:30:38Z
IIM Kozhikode,placement,placement review,DgC69JzNZDg,Revealing my package after getting placed | ft. IIM Kozhikode,Hemant Tulsan ,2026-03-09T15:43:10Z
IIM Kozhikode,placement,placement review,g0Yk2Dwt4_E,"IIM Kozhikode Placement Report 2024 | Analysis by Ashish Chugh, IIM Calcutta Alumnus", IMS CAT Prep,2024-06-29T12:45:07Z
IIM Kozhikode,placement,placement review,jiyjzH54qiE,Harsh truth about MBA Placement Season | Is MBA worth it in 2025?,Hemant Tulsan ,2025-06-10T16:17:07Z
IIM Kozhikode,placement,placement review,rOWIyqfBPfU,Where do PGP Finance programme participants at IIM Kozhikode get placed? Campus placements | IIMK,IIM Kozhikode Alumni Channel,2023-02-22T03:42:31Z
IIM Kozhikode,placement,placement review,cBS3BnBmCAA,IIM Kozhikode Worth it 2025? Placement Reality 😱| Highest and Average Packages #mba #iim #mbajobs,MBA Fundas by Sunstone,2025-06-03T07:30:27Z
IIM Kozhikode,placement,placement review,Ci1NSIrXnus,Why You SHOULD (and Should NOT) Do IIM Kozhikode EPGP | Executive MBA Honest Review 2025,Career Saga,2025-05-10T18:27:12Z
IIM Kozhikode,placement,placement review,1lHxs_YZGnU,How is the Placement at IIM in 2025 ? | My final placement story from IIM Kozhikode | After MBA Life,Shubhangi Aryan [IIMK],2025-05-12T10:01:37Z
IIM Indore,placement,placement review,DI_uQAfvKCg,"IIM INDORE Placement Reality | Salary, Recruiters &amp; ROI",The IIM Guy,2025-08-06T13:30:20Z
IIM Indore,placement,placement review,R5AKjlrER8E,🚨 IIM Indore Placement Reality 2025 | Highest vs Average Package Explained #iim #cat2025,MBA360,2025-09-11T13:20:58Z
IIM Indore,placement,placement review,8TRHFKLyn7s,IIM Indore Placements 2025 | Highest ₹70 LPA! | Average Package ?,CAT Preparation - iQuanta,2025-09-06T14:30:06Z
IIM Indore,placement,placement review,ic3pHE-sSyE,IPM IIM Indore honest Placements,educaptain- Commerce & Management,2022-05-20T09:30:08Z
IIM Indore,placement,placement review,urYjZyAi2no,IIM Indore Interview Experience | CAT 2025 Personal Interview | Honest Review &amp; Mistakes,Unedited IIM,2026-01-15T20:43:32Z
IIM Indore,placement,placement review,EZ0aDi1lrOU,"IIM Indore Placements | Average &amp; Highest Salary, Packages, Top Recruiters #iimsambalpur",MBA360,2026-01-24T10:00:29Z
IIM Indore,placement,placement review,nm00SNr0Axc,"IIM INDORE Placement Reality | Salary, Recruiters &amp; ROI",Ankit Verma - MBAshala,2025-08-18T17:54:34Z
IIM Indore,placement,placement review,osLaoWtNhoc,IIM INDORE Placement REALITY | A Candid Inside Look,CollegeSearch,2022-12-23T12:30:30Z
IIM Indore,placement,placement review,phMkL-QJyh0,IIM Indore Placement Report | Highest Package 1CR | Companies At IIM Indore | MBA Guide,CATKing,2025-01-02T09:30:17Z
IIM Shillong,placement,placement review,FuPBL43veOE,IIM Shillong Final Placements 2026,TIME 4 CAT,2026-06-01T10:16:31Z
IIM Shillong,placement,placement review,2qrojXpQxf0,"IIM Shillong PLACEMENT Reality | Salary, Recruiters &amp; ROI",The IIM Guy,2025-05-24T13:30:03Z
IIM Shillong,placement,placement review,w4dGbnFAtzw,IIM Shillong Placement Report 2024 | Highest Salary ₹71.5 L | IIM Shillong Avg Salary | Ashish Chugh, IMS CAT Prep,2024-10-30T11:30:40Z
IIM Shillong,placement,placement review,0ZVQy_Oqbjs,IIM Shillong Placements 2025 - 2026 | IIM Shillong Placements Statistics | Watch Before Admission!,"Mechenzi - Placements, Colleges & Career",2026-01-14T13:02:22Z
IIM Shillong,placement,placement review,55-gDLnioQM,Are Placement Reports Inflated? | MDI Gurgaon vs IIFT Delhi vs IIM Shillong | Alumni Podcast Part 2,Saurabh Matta,2025-05-13T18:11:03Z
IIM Shillong,placement,placement review,5blM2ru_nRI,"IIM Shillong: Campus Review, Placements, Courses, Fees, Eligibility, Admission Criteria, &amp; more",MBA Fundas by Sunstone,2023-03-14T13:30:01Z
IIM Shillong,placement,placement review,0Nl0BMRcTf8,"IIM Shillong MBA Honest Review 🔎| NIRF Ranking, Fees, Packages, Campus &amp; Fests 🎓| #shorts",SuperGrads CAT Coaching by Toprankers,2025-07-05T11:30:01Z
IIM Shillong,placement,placement review,nQevEloJRYo,IIM Shillong Calls Out | Shillong taking GDs? | Interview Preparation | Batch Profile | Placements,CAT2CET (C2C) MENTORS,2026-01-17T06:01:56Z
IIM Shillong,placement,placement review,Sl3UdyhrFqk,IIM Shillong vs MDI vs IIFT | Which one to choose for PGDM? | MBA Bschool Guide,CATKing,2024-05-06T15:30:10Z
IIM Shillong,placement,placement review,r45IpjAS2BY,IIM Shillong Review : Best New IIM ?? Highest Package 71 LPA 🔥,MBA with Arshi Khan,2023-11-16T13:00:44Z
IIM Udaipur,placement,placement review,7AOm3a1wMZs,"IIM Udaipur Admissions 2026 | Safe CAT Score? Cutoffs, Fees, Placements Explained 🎓",The MBA Career Coach,2025-10-27T13:30:14Z
IIM Udaipur,placement,placement review,cTPJsTujidU,"IIM UDAIPUR Placement Reality | Salary, Recruiters &amp; ROI - the best NEW IIM? ",The IIM Guy,2025-08-09T13:30:40Z
IIM Udaipur,placement,placement review,q79NqaMD5AQ,Why IIM Udaipur Left the CAP Process | New MBA Admission Criteria,CATKing,2025-09-18T06:40:47Z
IIM Udaipur,placement,placement review,Ad304y4cGSw,MBA from IIM Udaipur | Is it worth joining ?Highest Package 43.69 Lakhs | fees | Companies on Campus,CATKing,2025-05-13T11:26:08Z
IIM Udaipur,placement,placement review,nWVet3IMvp4,IIM Udaipur Placements 2025 - 2026 | IIM Udaipur Placements Statistics |Must Watch Before Admission!,"Mechenzi - Placements, Colleges & Career",2026-01-10T03:30:45Z
IIM Udaipur,placement,placement review,FH2tOFQ63rM,My Honest MBA Experience at IIM Udaipur | Was it Worth it?,anushka makwana,2025-03-10T09:56:42Z
IIM Udaipur,placement,placement review,COJziZXhDDg,MBA in Operations &amp; Supply Chain from IIMs: IIM Mumbai vs IIM Udaipur | Eligibility &amp; Details,college4sure,2025-08-29T07:17:17Z
IIM Udaipur,placement,placement review,Z-wBcruFjYs,"IIM Udaipur: The Shocking Truth About Placements, Campus, &amp; More! | MBA 2025 Pros &amp; Cons Revealed!",Collegedunia MBA,2025-09-15T15:00:07Z
IIM Udaipur,placement,placement review,AeznhnLisRo,IIM Udaipur MBA 2026 Selection Process Explained 🚨 #iimudaipur #mba #mbaentrance #iim,Aarambh Academy CAT,2026-01-10T14:55:00Z
IIM Udaipur,placement,placement review,K1L3IHG0-lI,"IIM Udaipur Stage 1 Slot Calls OUT ! Should You Take it or Leave it? | Placements, Profiles, Cut Off",CAT2CET (C2C) MENTORS,2026-01-10T18:26:11Z
IIM Ranchi,placement,placement review,vGus54xEA7U,IIM Ranchi Placement Overview | 50.39 LPA Highest Package | Top Recruiters,CATKing,2025-05-15T11:09:38Z
IIM Ranchi,placement,placement review,YlaVT-KWiBw,IIM Ranchi Placement Report | CAT 2025 Results | Average Package Analysis,Vivek [IIT KGP],2025-12-24T13:31:10Z
IIM Ranchi,placement,placement review,LKYcQCI900E,"IIM Ranchi | Batch, Fees, Placement and Campus Life | Should You Join IIM Ranchi ?",The MBA Truth,2025-08-24T06:30:23Z
IIM Ranchi,placement,placement review,OuU6NZmURB8,What I eat in a day at IIM Ranchi 🍛🤤 #iimranchi #iimlife #iim #iimfood,Meena Choudhary,2025-09-09T16:08:33Z
IIM Ranchi,placement,placement review,szZj9u7yfPs,IIM Ranchi Placements 2025 - 2026 | Placement Statistics - IIM Ranchi | Must Watch Before Admission!,"Mechenzi - Placements, Colleges & Career",2026-01-06T01:31:08Z
IIM Ranchi,placement,placement review,8QDT1vCLe3Y,IIM Ranchi Category-wise CAT 2025 Expected Percentile Cutoff | Selection Criteria Explained,MBA360,2025-11-26T06:30:06Z
IIM Ranchi,placement,placement review,Z3G9BQ3ichc,"IIM Ranchi Placements 2025 | Average &amp; Highest Salary, Packages, Top Recruiters &amp; Alumni",MBA360,2026-01-04T10:22:29Z
IIM Ranchi,placement,placement review,KkwsFddlF3Y,"IIM Ranchi: Fees, Placement, Courses, Selection Explained! #iimranchi #iimplacements",Learn4Exam,2024-08-29T15:17:44Z
IIM Ranchi,placement,placement review,tjXpf2JUYZw,What I eat in a day at IIM Ranchi 🍛🤤 #iimranchi #iimlife #iim #iimfood,Meena Choudhary,2024-10-01T06:47:52Z
IIM Rohtak,placement,placement review,LLs4UkcK__g,"IIM Rohtak Placements 2025: 100% Placement Rate, ₹70 LPA Highest CTC &amp; Top Recruiters",Collegedunia MBA,2025-09-21T11:30:17Z
IIM Rohtak,placement,placement review,9ZWu9bCy7dQ,IIM Rohtak Comparison,shiksha.com,2024-09-25T07:53:38Z
IIM Rohtak,placement,placement review,exy_YxbL_H8,"IIM Rohtak Placements | Average &amp; Highest Salary, Packages, Top Recruiters &amp; Alumni",MBA360,2026-01-13T12:52:33Z
IIM Rohtak,placement,placement review,csd1N-QHgfQ,IIM Rohtak Placement Report | Salaries in New IIMs | Is there a 100 percent placements in IIMs ?,CATKing,2022-07-26T05:13:58Z
IIM Rohtak,placement,placement review,1kyg5sEnDW4,"IIM Rohtak Placement Report 2025 📝| Highest &amp; Average Packages, Best Sectors &amp; Recruiters Uncovered🔎",SuperGrads IPMAT Coaching by Toprankers,2025-05-28T13:00:06Z
IIM Rohtak,placement,placement review,-UP6iZWaf6s,IIM Rohtak | PLACEMENTS and CAMPUS LIFE DECODED | 👍🏼 / 👎🏼 Choice?,The MBA Truth,2025-09-07T06:30:00Z
IIM Rohtak,placement,placement review,qUIFWjlRTX4,IIM Rohtak Placement Highlights | MBA From IIM | 48.25 LPA Highest Package | Average Placement,CATKing,2024-04-08T09:30:13Z
IIM Rohtak,placement,placement review,dJt15sI3hC8,When someone Chooses IIM Rohtak over the Other New IIMs | MBA from New IIMs | | Meme,CATKing,2023-05-31T05:00:16Z
IIM Rohtak,placement,placement review,dsxWo6JzcPU,IIM Rohtak&#39;s first ever IPM Placement Report | IIM Placement Insights &amp; Highlights - SuperGrads TAGS,SuperGrads IPMAT Coaching by Toprankers,2024-04-13T14:30:07Z
IIM Rohtak,placement,placement review,CyDkyPPgGHg,Direct Admission to IIM after 12th😍😍#jee #jee2025 #iim #ipmat #ipmat2025 #mba #bba #iimrohtak,Vedantu JEE Made Ejee,2024-11-27T03:30:11Z
Delhi University,placement,placement review,LMGVkbQip10,Placement In Delhi University - Ashneer Grover #shorts #youtubeshorts,Busi Mentor,2023-04-30T13:30:06Z
Delhi University,placement,placement review,5eSsUY8_fuk,High PAYING courses in DELHI UNIVERSITY🤑 || DU top Courses #shorts #delhiuniversity #placement #du,Jhoom Baba,2023-07-20T12:30:03Z
Delhi University,placement,placement review,9axvhjuGIow,Delhi University Top 5 College with Highest Package Placement 🔥📚,Adda247 CUET,2024-04-14T04:56:00Z
Delhi University,placement,placement review,yN8vw1diBsA,Placement at DU | Scenes after Delhi University CUET 2025 #cuet #iitjee Jee advance 2025 #rla #mlnc,Bout Creation,2025-05-17T13:12:38Z
Delhi University,placement,placement review,7zQ02AsK9z0,"Is Delhi University Worth It? Real DU Experience, Campus Life &amp; Placements",DU Buddy (Officially Backed by DU Udhmodaya),2026-02-01T16:08:14Z
Delhi University,placement,placement review,qnFQQFxL8b0,Campus Placement | Delhi University #placement #collegelife #campus,Aaditya Preeti | aadiyouaresosmartt ,2023-01-13T16:22:19Z
Delhi University,placement,placement review,rIKGaj_wWvg,"DU-MCA Placement(2023-2024) , Highest package, median and lowest.Top placement in Recession. #dumca",CHAMP by Arpit,2024-04-21T05:41:54Z
Delhi University,placement,placement review,bko0xYEsBx0,Told him I’m in Delhi University | #delhiuniversity #college #university #ducolleges #dustudents,Campus News,2025-06-08T11:07:19Z
Delhi University,placement,placement review,Qt2OFp7-AVk,Delhi University&#39;s Placement Dark  Reality,Jist,2025-07-01T12:52:19Z
Delhi University,placement,placement review,zjreb-s-Zzs,🔥Top 5 MBA Colleges Delhi University: 💸 Low Fees &amp; High Placements ! 🎯 #MBA2024 #CAT2024 #DU #FMS,MBA Fundas by Sunstone,2024-10-16T12:01:21Z
Jawaharlal Nehru University,placement,placement review,dmjyapw91JE,JNU College Review,thisisalaska,2025-06-28T13:38:57Z
Jawaharlal Nehru University,placement,placement review,TOBQOUj8I0s,JNU Delhi Review 2025: Truth About Placements &amp; Campus Life,Prabhat Ranjan,2025-11-21T06:30:16Z
Jawaharlal Nehru University,placement,placement review,8e7dMelcOfk,JNU Hostel (Shipra) special dinner #jnu #trending #shorts,ISHA IN DELHI,2024-11-19T15:44:57Z
Jawaharlal Nehru University,placement,placement review,uLlRt2fl9mY,📢 JNU Delhi से CSE और ECE Through JEE Mains!😱😱 #shorts #jee2024 #jeemains #cse #ece #jnu #iit,Vedantu JEE Made Ejee,2023-10-22T06:30:14Z
Jawaharlal Nehru University,placement,placement review,HrVf4XjoUSU,"Reality of JNU Placements || JNU MCA, Btech Placement",Trishita,2024-07-10T16:40:38Z
Jawaharlal Nehru University,placement,placement review,-9qGqgeYSlw,Jaishankar 🇮🇳 about JNU #jaishankar #india #bjp,India Nation,2023-06-30T09:35:00Z
Jawaharlal Nehru University,placement,placement review,bYD2J0w0ts4,Placement information about JNU Campus Foreign Language Course  #jnu #shortsfeed,The Student Life Shorts,2024-04-19T07:46:14Z
Jawaharlal Nehru University,placement,placement review,2xjF8WRynFI,JNU Campus fee #ShortsFeed,The Student Life,2024-04-10T12:02:13Z
Jawaharlal Nehru University,placement,placement review,CC9uOJmK70s,"JNU का पूरा सच 😱 Fees, Placement, Campus Life | Full Review 2026",Careers360,2026-03-26T10:40:53Z
Jawaharlal Nehru University,placement,placement review,9digu5r55Us,JNU BTech Placements Exposed 🚨 – Real Data vs Reality?,My Channel,2026-02-25T15:34:51Z
Banaras Hindu University,placement,placement review,Q2MCIr9ku-4,Placement Reality of BHU #shorts,Sarthak Gupta,2023-07-10T13:30:11Z
Banaras Hindu University,placement,placement review,X2J0DghRkeg,BHU College Review,thisisalaska,2025-06-27T13:32:14Z
Banaras Hindu University,placement,placement review,_M0uZsnPe5Y,Information about BHU MBA Placement | Himanshu Mishra,The Student Life,2024-05-08T07:36:55Z
Banaras Hindu University,placement,placement review,tfQbirssxDM,BHU Varanasi MBA - Real ROI या Just Hype?,Everything For MBA,2025-12-13T15:01:43Z
Banaras Hindu University,placement,placement review,Pp_-K8XWMq4,All About BHU and IIT BHU | Fees | Admission | Cutoff | Placement  @VedantuMath,Vedantu JEE Made Ejee,2024-05-26T08:30:07Z
Banaras Hindu University,placement,placement review,w-TogULhHl4,Banaras Hindu University College Review #bhu #banaras #collegeadmissions #placements,Sandhya- College Review ,2025-04-06T12:12:08Z
Banaras Hindu University,placement,placement review,YjlFF9mMntI,CUET 2022 BHU Students Review | BHU &amp; UPSC | Full Video On @cbse12thmalviyaacademy,Malviya Academy ,2023-07-13T20:42:07Z
Banaras Hindu University,placement,placement review,qMG-ExYsU2Y,CUET B.Tech Dairy Technology cut off 2022 | Banaras Hindu University,The Student Life Shorts,2023-03-22T06:57:43Z
Aligarh Muslim University,placement,placement review,4yVQ38E1Hy4,"Aligarh Muslim University ( AMU ) | Eligibility, Courses, Placements and Admission Process",Adda247 CUET,2025-06-05T09:30:06Z
Aligarh Muslim University,placement,placement review,R4F9qlj2O1s,"Aligarh Muslim University vs Jamia Millia Islamia | Which One is Better? Fees, Placement, Review",The Social Class,2026-01-12T03:30:31Z
Aligarh Muslim University,placement,placement review,Qcz9Z3YZuPo,"All about Zakir Husain College of Engineering and Technology, Aligarh✅✅#shorts #aligarh #btech #jee",Vedantu JEE Made Ejee,2024-04-14T11:30:10Z
Aligarh Muslim University,placement,placement review,hYo_Wgj9ZUA,AMU Bsc Entrance #students #review #aligarhmuslimuniversity #amubsc #aligarh #jamiamilliaislamia,Victor Classes,2025-04-13T08:16:44Z
Aligarh Muslim University,placement,placement review,Zfia2yJ6EYc,Aligarh Muslim University BTECH. ||ZHCET (AMU) || Placement || Fees || No. of seats detailed video🔥,AV Engineer's YT,2024-03-14T14:45:44Z
Aligarh Muslim University,placement,placement review,rZC4JWr5URU,पढ़ाई के लिए Aligarh Muslim University पहुंचे Anubhav Sinha क्या हुआ जो हैरान रह गए? GITN,The Lallantop,2025-02-15T12:01:14Z
Aligarh Muslim University,placement,placement review,_xOWfVsNiCE,Top Engineering colleges without 75% in jee with Low fees | #AMUBtech | Aligarh Muslim university,Set time - Bound goal,2024-09-29T08:46:56Z
Aligarh Muslim University,placement,placement review,bgKasH0eOOM,All About ZHCET (Aligarh) | Fees | Admission | Cutoff | Placement @VedantuMath,Vedantu JEE Made Ejee,2024-05-25T11:30:07Z
Aligarh Muslim University,placement,placement review,bDhkuRiYU_o,Celebration Time 🎉 After Selection in Aligarh Muslim University #aligarhmuslimuniversity #shorts,Victor Classes,2025-06-17T05:16:06Z
Aligarh Muslim University,placement,placement review,5mgkY2CGUqc,MBA at Aligarh Muslim University Through CUET PG 👉🏻 Complete Details | Cutoffs | Placements #cuetpg,MBA with Arshi Khan,2024-02-24T14:30:02Z
Jamia Millia Islamia,placement,placement review,PIheLGxc36s,JMI Delhi College Review 2025 : Truth About Placements &amp; Campus Life,Prabhat Ranjan,2025-11-27T06:30:12Z
Jamia Millia Islamia,placement,placement review,f9q2CJV5bS4,Jamia MBA Placements | Detailed Insider Review + MBA in Finance at JMI?,Sadiya Sheikh,2026-03-01T10:08:16Z
Jamia Millia Islamia,placement,placement review,zFcsm5gt5Ho,Why Placement is not Good in JMI?,The MS BESTS,2026-04-03T12:21:50Z
Jamia Millia Islamia,placement,placement review,00OQ-gIZvNY,"Jamia Millia Islamia (JMI) MBA Placement Reality | Salary, Recruiters &amp; ROI",Ankit Verma - MBAshala,2025-08-17T16:40:49Z
Jamia Millia Islamia,placement,placement review,8Y0vZIStzSU,JMI Placement Placements 💼🔥 | Highest Package &amp; Avg Package Revealed,Prabhat Ranjan,2025-12-04T10:30:05Z
Jamia Millia Islamia,placement,placement review,Rxq7qJHL_rs,All about JMI Delhi✅✅#shorts #jmi #jamiamilliaislamia #delhi #engineering #college #btech,Vedantu JEE Made Ejee,2024-05-09T03:30:17Z
Jamia Millia Islamia,placement,placement review,qbFFkYp-yYM,"Jamia Millia Islamia MBA 2026🔥Fees, Cutoff, Placement &amp; Admission Process 😲Worth It?",Ankit Verma - MBAshala,2026-02-20T07:19:51Z
Jamia Millia Islamia,placement,placement review,odIFkW-Fq04,Jamia Millia Islamia University || Entrance Batch for 11th Bsc Btech | #jamiamilliaislamia #shorts,Victor Classes,2024-04-19T15:34:49Z
Jamia Millia Islamia,placement,placement review,iGvC4_5HtV0,"Jamia Millia Islamia (JMI) MBA Placement Reality | Salary, Recruiters &amp; ROI | 2025 Placement Report",Ankit Verma - MBAshala,2025-08-22T05:20:21Z
Jamia Millia Islamia,placement,placement review,kmSZA4FfR9U,"JMI BTech Admission 2025 🔥 | Complete Counselling Process, Cutoff &amp; Placement | Jamia Millia Islamia",Set time - Bound goal,2025-03-09T15:42:44Z
University of Hyderabad,placement,placement review,VpO6Prj7X_Y,"HCU MBA 2026 #University of HYDERABAD #PLACEMENTS upto 10 Lakh , Total FEES &amp; Hostels",Navneet Mishra NviNomics,2026-01-18T09:17:47Z
University of Hyderabad,placement,placement review,kHigPzTvTN4,"All About University of Hyderabad | Courses, Fees, Campus &amp; Placements",Next Toppers - CUET,2026-06-09T13:02:16Z
University of Hyderabad,placement,placement review,TFHqP3QQ7ng,"University of Hyderabad Review 😳 | Reality, Campus &amp; Placements",AkCollegeReview,2026-04-23T12:58:01Z
University of Hyderabad,placement,placement review,Edmo44K7jng,BTech at University of Hyderabad 🔥 3 Lakh Fees &amp; 15 LPA Average Package! Worth It in 2026?,BoringMentor,2025-11-16T15:50:00Z
University of Hyderabad,placement,placement review,meCkhzYMA98,Hyderabad Central University JEE mains Cutoff ranks and placements,Dr TCS Career Guidance and Counseling ,2025-04-16T02:30:40Z
University of Hyderabad,placement,placement review,Kkh7XKcIPQw,"University of Hyderabad, Why it is famous?",College Mentor,2025-08-23T05:35:57Z
University of Hyderabad,placement,placement review,9NccNkElniI,"Integrated M.Tech at University of Hyderabad: Placement, Package &amp; Scholarship Revealed!” #B.Tech",Uoh Diaries,2025-07-24T10:36:59Z
University of Hyderabad,placement,placement review,ImUbEoP8JLQ,"Mallareddy Deemed-to-be University Hyderabad | Fees, Placements &amp; Facilities | Truth Bomb Review",Edu9 Career Guidance,2026-05-18T04:32:31Z
University of Hyderabad,placement,placement review,gr4RcQi52PQ,JNTU Hyderabad Review 2026 — Honest Campus &amp; Placement Experience,Prabhat Ranjan,2026-02-19T06:30:22Z
University of Hyderabad,placement,placement review,G57Ey3-TeYI,"University of Hyderabad detailed review, Fee/Hostel/Placement #hyderabaduniversity",Royal Parth Vlogs,2024-12-13T03:35:00Z
Pondicherry University,placement,placement review,E7YA-c-dLws,"Pondicherry University B.Tech Review 2026 | Cutoff, Placements, Fees &amp; Reality 😳 | Video -44/365",College Drisya,2026-02-14T16:16:11Z
Pondicherry University,placement,placement review,TOcqNX-nR_U,"Pondicherry University Admission 2024 | Reviews, Eligibility, Placements, Courses | Full Details",CUET by Studentkhabri,2024-08-24T09:30:09Z
Pondicherry University,placement,placement review,vm_ctUXVTRo,"Pondicherry University placement, average salary,top recruiters, course wise placement",Helpers CUET preparation,2022-12-24T13:20:31Z
Pondicherry University,placement,placement review,ShVPWnShOkU,Pondicherry University Queries Answered!,Footloose Loli,2025-06-26T06:20:36Z
Pondicherry University,placement,placement review,UlYEl9eIllg,5 Things to Know about Pondicherry University,shiksha.com,2023-04-18T15:30:05Z
Pondicherry University,placement,placement review,MT-qqLBSDZU,Pondicherry University CUET UG Review 🎓 |Courses 📚 | Fees 💰 | Cut Off 📊 | Placement 💼 | Everything 🌟,CUET by Studentkhabri,2024-12-10T10:30:10Z
Pondicherry University,placement,placement review,bNymDruwXRI,"Pondicherry University B.Tech Review 2026 | Fees, Placement, Eligibility, Cutoff | IS it Good?",The Social Class,2026-01-18T03:30:37Z
Pondicherry University,placement,placement review,5zPeMxzqHb4,Pondicherry University MBA Review,shiksha.com,2024-10-21T08:00:25Z
Pondicherry University,placement,placement review,kQsT3GjmJQY,PONDICHERRY UNIVERSITY | CAMPUS TOUR | REVIEW | 2026 CUET ADMISSION | CENTRAL UNIVERSITY COMPARISON,ibnuber,2024-04-25T10:12:30Z
Pondicherry University,placement,placement review,pvLWe8lPKjE,MBA Placements in PONDICHERRY UNIVERSITY | #pondicherryuniversity #pondicherry #mba,Sandra Baburaj,2023-08-26T13:45:03Z
Tezpur University,placement,placement review,Pv5EdU6Hed8,Tezpur University College Review 2025: Truth About Placements &amp; Campus Life,Prabhat Ranjan,2025-10-06T07:16:21Z
Tezpur University,placement,placement review,k0oO9-EBPog,Tezpur University Cutoff 😳 | 2 Lakh Rank College? + Placement Reality,AkCollegeReview,2026-05-01T09:32:59Z
Tezpur University,placement,placement review,z-IqS7Rgs1g,🔥 100% Honest Review of TEZPUR UNIVERSITY 🏫 Students Spill the Truth  #CampusLife #facilities,Collegedunia,2025-10-29T11:31:09Z
Tezpur University,placement,placement review,S8KNEOqBZYE,"All about Tezpur University, Assam😍😍#jee #jee2025 #iitjee #tezpuruniversity #tezpur #btech",Vedantu JEE Made Ejee,2024-11-11T07:30:07Z
Tezpur University,placement,placement review,J6WUCQCxt14,“37 LPA Highest Package | Tezpur University Placements”,Prabhat Ranjan,2026-01-18T02:30:20Z
Tezpur University,placement,placement review,Ut2-9OOODfM,"🏆 TEZPUR UNIVERSITY Collegedunia, NIRF Rankings 😱 Shocking Position Revealed 📈 #MBA",Collegedunia,2025-10-29T12:30:45Z
Tezpur University,placement,placement review,HEd3dkWGoJ8,"Tezpur University Full Review 🔥 Placement, Cutoff, Campus &amp; Admission Process",Education Ji,2025-06-13T13:00:38Z
Tezpur University,placement,placement review,7nEl34Vj5WY,"Everything About TEZPUR University 🎯 Courses, Eligibility, Placements 2026",Adda247 Counselling ,2026-02-21T09:29:21Z
Tezpur University,placement,placement review,MRKykeyXKNI,"Tezpur University MBA Honest Review 2026 | Placement Reality, Fees, ROI &amp; Red Flags Exposed! 🚨",Swasata Ghosh,2026-05-24T04:07:09Z
Tezpur University,placement,placement review,rj1NH0_uoCA,"Everything About TEZPUR University 🎯 Courses, Eligibility, Placements",Adda247 CUET,2024-06-26T15:00:07Z
Visva Bharati University,placement,placement review,OBNxstX3M7g,Vishwabharti 1 minute College Review | Courses offered | Fees | Placement | Pros &amp; Cons #shorts,CUET by Studentkhabri,2024-10-03T11:30:16Z
Visva Bharati University,placement,placement review,WO6dktrjt6s,🔥Visva Bharati University 🔥 | Admission📃 | Eligibility 🤔| Placement 💰 | Courses📖 | Ranking📈,CUET by Studentkhabri,2023-08-10T09:30:19Z
Visva Bharati University,placement,placement review,NL2Ots0YQoY,"Visva Bharati University Admission 2024 | Reviews, Eligibility, Placements, Courses | Full Details 🔥",Adda247 CUET,2024-06-26T11:15:07Z
Visva Bharati University,placement,placement review,dm2G-B3MDis,"Visva Bharati University Admission 2022 | Reviews, Eligibility, Placements, Courses | Full Details 🔥",Adda247 CUET,2022-09-25T03:30:12Z
Visva Bharati University,placement,placement review,yuy9nqGYyEw,HOW IS MASTERS DEGREE FROM VISHVA BHARATI UNIVERSITY? My personal experience #masterdegree #pgdp,SOURAV SIR'S CLASSES,2025-01-04T08:00:47Z
Visva Bharati University,placement,placement review,4jcXPvE9TCI,Vishva Bharti University Placement| Vishwa bharti University admission process/cutoff/fee structure,Deepak Agritutorial,2022-07-22T09:33:12Z
Visva Bharati University,placement,placement review,JTRFSp1Vtck,Visva Bharati University MSc Review,shiksha.com,2025-01-22T11:04:20Z
Visva Bharati University,placement,placement review,zEKBR8yFr_s,Vishwa Bharti Non Teaching Vacancy 2023,Restart,2023-04-18T17:43:30Z
Visva Bharati University,placement,placement review,IUxgMuSRmhg,"Vishwa Bharti University CUET admission 2024 | Eligibility, Course, Fee, Seats, Placement, Hostel",Basic Siksha -CUET Exam,2024-06-25T11:27:43Z
Visva Bharati University,placement,placement review,s2Ik_gNasHc,Top 10 University In West Bengal #careerwithriwas #topuniversity #top10 #university #shorts #college,Career With Riwas ,2023-04-05T15:16:44Z
Central University of Rajasthan,placement,placement review,-fQxVC2u0fA,"Central University Of Rajasthan College Review 2026 | Placements, Campus &amp; Reality",Prabhat Ranjan,2026-03-02T06:30:00Z
Central University of Rajasthan,placement,placement review,_wXbI57zoHQ,20% Placement but Why? 🤯 Central University Rajasthan Placement details,Prabhat Ranjan,2026-03-09T08:30:14Z
Central University of Rajasthan,placement,placement review,HG8xwFCLo7w,"Central University of Rajasthan (CURAJ) Honest Review 2026 | Placements, Campus &amp; Fees!",AkCollegeReview,2026-02-19T06:42:55Z
Central University of Rajasthan,placement,placement review,57VZglJLaMI,"All About Central University of Rajasthan 🏫| Courses, Admission, Eligibility &amp; Placements Explained🎯",SuperGrads CUET by Toprankers,2025-03-07T14:30:07Z
Central University of Rajasthan,placement,placement review,ufR24e-TZQE,Is CURAJ worth it in 2026 ?! | Compete honest review!!,Garvita Chadha,2026-04-07T13:31:42Z
Central University of Rajasthan,placement,placement review,z1tIfsEEVd0,Inside the campus of CENTRAL UNIVERSITY OF RAJASTHAN ,Garvita Chadha,2026-04-01T13:58:41Z
Central University of Rajasthan,placement,placement review,cqV3WbdG6wo,"CUET 2026: Central University of Rajasthan – Courses, Eligibility, Placements &amp; Admission",SuperGrads CUET by Toprankers,2025-11-09T12:30:06Z
Central University of Rajasthan,placement,placement review,ValObqQJ1M4,"Central University of Haryana 2026 Review | Placement Rate, Campus Truth",Prabhat Ranjan,2026-04-25T06:30:29Z
Central University of Rajasthan,placement,placement review,TVfgh89qWqg,Central University of Rajsthan #shorts by #JatFlix #curaj #cucet #creatingforindia,JatFlix,2022-04-10T05:24:30Z
Central University of Rajasthan,placement,placement review,GC3SPCz69DU,"CENTRAL UNIVERSITY RAJASTHAN | PLACEMENTS, FEES, CUTOFF | CU RAJASTHAN CAMPUS",Freshers Gate,2025-11-15T13:30:26Z
Mumbai University,placement,placement review,jP8ZPC6tFbo,"Mumbai University Overview | Ranking, Top Courses, Fees &amp; Placement Details #mumbaiuniversity",shiksha.com,2025-10-01T15:30:34Z
Mumbai University,placement,placement review,vYArBLvx_4k,GLC Mumbai Placements Exposed! 💼 What to Expect? #lcc #job #hiring #placement #law #lawfirm #mumbai,shiksha.com,2025-10-30T03:50:01Z
Mumbai University,placement,placement review,vLxA1co8Cvo,😲NMIMS MBA 2025: Placement REALITY!💥#mba #nmims #nmat #cat #iim,MBA Fundas by Sunstone,2025-05-03T05:55:01Z
Mumbai University,placement,placement review,4NTedtqffNg,"Welingkar Mumbai Honest Review 2026 🤬 Placements, Fees &amp; Reality Check",Management Guy,2026-02-16T15:01:30Z
Mumbai University,placement,placement review,iTu6JQJjK0c,"KJ Soumya Mumbai 2026 Review | Campus Tour, Placements, Reality Check",Prabhat Ranjan,2026-04-07T06:30:32Z
Mumbai University,placement,placement review,_Fskrjou_Fg,"Thakur College of Engineering &amp; Technology Student Review, Mumbai | #thakurcollege #mumbaicolleges ",PMK Campus,2025-07-30T12:30:47Z
Mumbai University,placement,placement review,IbvRHhiIn1g,"IBS Mumbai MBA Review 2026 | Fees, Placements, Campus &amp; Admission Process | DialEducation",Dial Education,2026-03-05T13:30:19Z
Mumbai University,placement,placement review,KcCddTNkiTE,"Top 10 Engineering Colleges in Mumbai | Govt &amp; Private | Fees, Lowest Category Cutoffs &amp; Placements",Meet Ranka,2026-05-18T13:30:32Z
Mumbai University,placement,placement review,2UuAUxXQick,"UBS Mumbai (Universal AI University) Review | Fees, Admission, Courses, Campus &amp; Placements #MBA",Everything with Abhishek,2025-08-24T08:35:55Z
University of Calcutta,placement,placement review,lnYFWpTtc-c,Current placement scenario of Calcutta Univeristy #wbjee #calcuttauniversity #engineering,Bibaswan Mukherjee,2025-05-12T10:28:16Z
University of Calcutta,placement,placement review,_OemI2wHYyQ,All about University of Calcutta✅😍#shorts #wbjee #universityofcalcutta #kolkata #btech #college,Vedantu JEE Made Ejee,2024-04-14T03:30:12Z
University of Calcutta,placement,placement review,DG_bDsbjceQ,UNIVERSITY OF CALCUTTA COLLEGE REVIEW🔥| CU REVIEW |Fees|Placements| Infrastructure |Cut off ✅|Wbjee,STUDY WITH ADITYA,2023-07-16T21:28:02Z
University of Calcutta,placement,placement review,jdj28XAURfs,Engineering এ বেস্ট CTC 💵 Calcutta University থেকে? 😲😲 #shorts #wbjee #engineering,PW Bangla,2024-07-01T14:30:25Z
University of Calcutta,placement,placement review,NeN36WJ21DI,"Calcutta University Review 2026 | Placement, Fees, Campus, Hostel",Prabhat Ranjan,2026-04-01T06:30:16Z
University of Calcutta,placement,placement review,LdhzhjSFjEY,"Calcutta University Placement, Ranking, Courses, Fees, 🔥 | কম ফি High Packages😱!! | WBJEE 2025",PW Bangla,2025-05-13T13:08:51Z
University of Calcutta,placement,placement review,WKOEQ5We494,CALCUTTA UNIVERSITY COLLEGE REVIEW | WBJEE,Vivek [IIT KGP],2023-07-11T04:30:09Z
University of Calcutta,placement,placement review,vDyN9-IX2xA,Brainware University Kolkata Placement | 2025 | 98% Placement ? Actual Placement,Vlogging With JoY,2025-03-26T14:30:26Z
University of Calcutta,placement,placement review,RWr5GCnPDqk,"University of Calcutta college review | admission, placement, cutoff, fee, campus",Prabhat Ranjan,2024-01-07T06:30:07Z
University of Calcutta,placement,placement review,PnFqB6ke2QU,Heritage Institute of Technology 🤩✨ #jee #jee2025 #jeemains #jeeadvanced #shorts #education #iitjee,Vedantu JEE Made Ejee,2025-02-03T12:56:16Z
Osmania University,placement,placement review,wlmkK9O-UAE,"Osmania University BTech Review | Fees, Admission, Placements, Cutoff",shiksha.com,2024-08-22T10:50:01Z
Osmania University,placement,placement review,TyKd-o7XgTg,Osmania ante only naam? Real facts you should know!  #vedantutelugu,Vedantu Telugu,2025-06-22T05:30:13Z
Osmania University,placement,placement review,eni-KNGQvZU,Osmania University In A Minuite |👉 All Details #osmaniauniversity #shorts #eamcet2024,Vedantu Telugu,2023-06-12T11:02:22Z
Osmania University,placement,placement review,q3feEKy8t7I,osmania university lo mba? #trending #shortsfeed #osmaniauniversity #mbaplacements #teluguvlogs,Dharmika vlogs,2025-09-04T09:34:19Z
Osmania University,placement,placement review,FDh9f9JC1bw,"Osmania University MBA placement, Attendance?#trending #osmaniauniversity #icet #teluguvlogs #shorts",Dharmika vlogs,2025-09-03T12:30:26Z
Osmania University,placement,placement review,bGP4jOlUhF4,Osmania Gets Less Rank In All India University Ranking | V6 Teenmaar,V6 News Telugu,2023-06-06T16:36:05Z
Osmania University,placement,placement review,s66tWkKORT4,Osmania University Hyderabad | Oucet | Admission Procedure | Courses | Fee | Placements,Student Khabri,2019-06-05T16:30:02Z
Osmania University,placement,placement review,yjtFSdb2QRs,How to join in Osmania University #ou #ytshorts #osmaniauniversity #pg #artscollege #mr_narendhar,Mr Narendhar Universe,2025-02-08T13:15:09Z
Osmania University,placement,placement review,tTb1b1xuBSU,"Osmania University College Full Review 2025 | Placements, Cutoff, Fees,Campus Tour-Review in telugu",Hello Mastaruu..,2025-06-02T12:48:34Z
Osmania University,placement,placement review,qi6m68ms6oI,"Osmania university Review : Courses , Fees, Result, Ranking, Placements",shiksha.com,2023-03-15T12:30:32Z
Anna University,placement,placement review,O127ik4Sv4c,ANNA UNIVERSITY CHENNAI పూర్తి వివరాలు,GBR TV Education & More,2024-12-12T02:29:06Z
Anna University,placement,placement review,UyLZn3JardI,🛑CEG Anna University Campus Review | Placement |Salary |Admission | Fees Campus Tour &amp; Honest Review,TheGoatRealm,2026-02-17T17:21:09Z
Anna University,placement,placement review,8lirzD4Vi48,பல்கலைக்கழக Placement record?? வெளியான Data.. எத்தனை சதவீதம் தெரியுமா?? | Anna University,Chanakyaa,2025-08-30T06:52:01Z
Anna University,placement,placement review,xYGow5eTsyA,"Anna University,CEG Campus|One Minute Review|College of Engineering,Guindy #TNEA2025#annauniversity",DINESH PRABHU,2025-06-08T08:30:35Z
Anna University,placement,placement review,X2PWE8_uaIM,I Investigated the TN Top No 1 University Students,Suman Mpm,2025-04-10T05:52:16Z
Anna University,placement,placement review,STB7l6Cj1G0,Anna University Guindy Fees &amp; Rank Cutoff 2025 EXPLAINED | Exclusive Campus Tour,College Dost Tamil,2025-05-16T16:35:18Z
Anna University,placement,placement review,YEMbtzATrJw,🥇TOP 25 Engineering Colleges|TNEA-2026|Under Anna University|Placements &amp; Cutoff Needed|Dineshprabhu,DINESH PRABHU,2026-03-26T14:45:06Z
Anna University,placement,placement review,q8TEyxRe0xU,ANNA UNIVERSITY GUINDY - CHENNAI | Full Review in Tamil| #ceg #annauniversity #chennai #tnea #iit,Edhunt Educations,2025-01-18T12:30:46Z
Anna University,placement,placement review,UnDu-PVicqo,Anna University CEG Review: Honest Student Experience (Is It Worth It?),WHY NOT ?,2026-05-11T14:00:47Z
Anna University,placement,placement review,rCHv_Nanjro,(Best University in Chennai) Interview With TN&#39;s Top 1% College Students | CEG Campus review,Suman Mpm,2024-04-22T09:30:13Z
Jadavpur University,placement,placement review,1EQRvkAV8fg,"Jadavpur University 2026 Review | Reality of Fees, Campus &amp; Placements",Prabhat Ranjan,2026-02-03T13:58:30Z
Jadavpur University,placement,placement review,UsEm6Dt8hUE,All about Jadavpur University in 1 minute✅✅#jee #jee2025 #jadavpur #wbjee #jadavpuruniversity,Vedantu JEE Made Ejee,2024-10-17T03:30:17Z
Jadavpur University,placement,placement review,HfaCF7eWefw,Jadavpur University College Review Inshort,Apna College,2023-02-20T16:07:52Z
Jadavpur University,placement,placement review,q81E62Xd-4Y,Current placement scenario of Jadavpur University #wbjee #jadavpur_university #ju #engineering,Bibaswan Mukherjee,2025-05-01T07:58:55Z
Jadavpur University,placement,placement review,vMmkEocLk0U,"No Placement in Jadavpur University , Seriously? || 1.45 Crore Highest Package Reality ❌ || WBJEE",Bong Study Hub,2025-05-25T14:09:42Z
Jadavpur University,placement,placement review,3Zkb_Ox_sB0,JU Mechanical Engineering honest review #wbjee #mechanical #mechanicalengineering #jadavpur,Bibaswan Mukherjee,2025-08-01T07:00:03Z
Jadavpur University,placement,placement review,6gtmQ8G6xWE,My 1st Year at Jadavpur University⏳,Subham Neogi,2025-08-04T15:44:17Z
Jadavpur University,placement,placement review,1UA0FAduaM8,Jadavpur University Review in One minute 🔥  #shorts #jadavpur #wbjee,Ritik Meghwani,2022-06-29T13:45:10Z
Jadavpur University,placement,placement review,R3PK2ljzyFA,😱The Reality of Jadavpur University Placement || 1 Crore Package Really? || Jadavpur University,Bong Study Hub,2025-12-24T04:20:21Z
Jadavpur University,placement,placement review,tU2yu5TIx8o,All About Jadavpur University | Fees | Admission | Placements | WBJEE 2024 | Harsh Sir @VedantuMath,Vedantu JEE Made Ejee,2023-08-29T13:17:05Z
Savitribai Phule Pune University,placement,placement review,k_tQ1k7oIgE,"Savitribai Phule Pune University (SPPU) | Check Courses, Campus, Hostel, Admission &amp; Placements",shiksha.com,2025-07-28T13:02:44Z
Savitribai Phule Pune University,placement,placement review,XPw9viViH0E,"Honest Review on Savitribai Phule Pune University | Campus, Courses &amp; Facilities | #SPPU",SOURAV SIR'S CLASSES,2025-04-10T06:08:41Z
Savitribai Phule Pune University,placement,placement review,eSM6w_pjv0w,"MMCOE Pune Honest Review 2026 | Placements, Campus, Crowd &amp; Reality",Mature Engineers,2026-05-20T17:26:08Z
Savitribai Phule Pune University,placement,placement review,fonU4EQCTOQ,"Savatribai Phule Pune University (Full Review)II Courses, Ranking, Campus, Fee, Structure, Placement",Student Khabri,2020-08-23T11:30:55Z
Savitribai Phule Pune University,placement,placement review,bEORdOfyYhY,VIT Pune Complete review | Placement | Eligibility | Fee structure,imp Solution hub ,2026-05-20T14:17:13Z
Savitribai Phule Pune University,placement,placement review,B-iUtxfqhag,Top 10 Engg Colleges in Pune😍😍#btech #engineeringcollege #engineering #colleges #pune #college,Vedantu JEE Made Ejee,2024-06-19T11:30:06Z
Savitribai Phule Pune University,placement,placement review,ZQ2aS7JXCGM,"Savitribai Phule Pune University Complete Guide 2025: Review, Ranking, Fees &amp; Admission Explained",shiksha.com,2025-07-12T06:00:26Z
Savitribai Phule Pune University,placement,placement review,5OWU3CBdR04,SPPU MSc Statistics Placement Interview || Syllabus || Pattern || Fee || Sppu pg admission #sppu,AnalyticEdge(IITK),2025-06-25T11:51:24Z
Savitribai Phule Pune University,placement,placement review,OI7zN8x37HE,Life at PUMBA📚✨️.                                      #college #mba #pune #cet #cat #viralvideo,Abhishek Ab,2024-10-10T18:24:24Z
Savitribai Phule Pune University,placement,placement review,koX3LkuIR58,Savitribai Phule Pune University Worth It Or Not ? | Placements | Faculty | Facilities &amp; More,Manoeuvre MCA - CET TO NIMCET Preparation,2023-09-08T12:30:24Z
University of Madras,placement,placement review,tV57OGN9pgY,Madras University Sneak-inn😱🤩| #chennai oldest college University of Madras❤️‍🔥📈,RTR Vlogs,2025-06-18T15:38:53Z
University of Madras,placement,placement review,k9ni2Pe2wX8,First rank in the university of Madras (M.Sc. Electronic Media ) Praise be to God!!!,Monisha Blessy,2023-08-06T09:54:48Z
University of Madras,placement,placement review,l3-NiUyPwIQ,💢🤯 Madras University ADMISSION Kuu-இவளோ பேரா‼️🤯 #madrasuniversity #collegeadmission #shorts #leo,Mr.ShanVlogger,2023-08-29T17:34:36Z
University of Madras,placement,placement review,ojFCQr3BPGU,தமிழ்💥University of Madras PG Admission procedures #tamil#monicaarunachalam #youtube,Monica Arunachalam,2023-04-12T01:32:20Z
University of Madras,placement,placement review,cnlOvEAtwoE,Campus Placement Salary at SRM?💰,Suman Mpm,2025-05-08T07:04:49Z
University of Madras,placement,placement review,HsVAf5iOvYM,"Madras University Review : Courses, Fees, Ranking, Placement",shiksha.com,2023-03-09T08:30:05Z
University of Madras,placement,placement review,tzB7HET5pDQ,WORST University!!!😡😡😡 watch this video before joining Madras University #college #madrasuniversity,Viswa,2024-07-25T10:09:26Z
University of Madras,placement,placement review,VX9dzNbRzg4,Madras University|Tamizhmagan|Vlogs,Tamizhmagan Vlogs,2023-05-09T03:30:09Z
University of Madras,placement,placement review,UF6wrVlJwSc,"IIT Madras BS Placement Reality 2026 | Salaries, Dual Degree, Full Breakdown",Prem Kr. Sharma,2026-02-20T10:37:00Z
Andhra University,placement,placement review,6mNZGivFfGc,Andhra University Campus Placements  || College of Arts &amp; Commerce ||  Ramya Sri  ||  7.0 LPA,AU LOOKS,2023-05-16T12:30:05Z
Andhra University,placement,placement review,l5zMAccs3WM,Andhra University Campus Placements  || College of Arts &amp; Commerce ||  Murali Krishna  ||  13.5 LPA,AU LOOKS,2023-05-13T05:00:14Z
Andhra University,placement,placement review,6XxWAqTQ0ow,Andhra University Campus Placements || College of Science &amp; Technology || Keerthi || 7.25 LPA,AU LOOKS,2023-05-10T12:30:05Z
Andhra University,placement,placement review,UCctUtDc98c,Andhra University Campus Placements  || College of Arts &amp; Commerce ||  Meghana Gamapa  ||  13.5 LPA,AU LOOKS,2023-05-16T12:30:25Z
Andhra University,placement,placement review,HMIlt1Gttuo,Andhra University Campus Placements || College of Science &amp; Technology || Gayatri || 7.25 LPA,AU LOOKS,2023-05-10T12:30:13Z
Andhra University,placement,placement review,QcMk_bFfuxY,Andhra University Campus Placements  ||  College of Engineering  ||  R. Eshwari Priya  ||  84.5 LPA,AU LOOKS,2023-05-08T13:00:16Z
Andhra University,placement,placement review,G5G333emu8A,Andhra University Campus Placements || College of Science &amp; Technology || C. Ravi Teja || 7.25 LPA,AU LOOKS,2023-05-08T13:00:15Z
Andhra University,placement,placement review,ixetuLIefu8,Andhra University Campus Placements  ||  College of Engineering  ||  Tejashri  ||  11.7 LPA,AU LOOKS,2023-05-10T12:30:20Z
Andhra University,placement,placement review,rwMlzQk-HdU,Transformation at Andhra University  //  Ravi Mahadasyam,AU LOOKS,2023-11-21T04:30:22Z
Andhra University,placement,placement review,LMSAAAq2Bds,Andhra University Campus Placements  || College of Arts &amp; Commerce ||  Uday Kumar  ||  13.5 LPA,AU LOOKS,2023-05-16T12:30:11Z
University of Kerala,placement,placement review,Q2xj52JbrmQ,Life at Central University of Kerala 🫶| #cuk #centraluniversityofkerala #university #trending #new,Bhavana S,2025-08-09T10:35:49Z
University of Kerala,placement,placement review,TEDU2Xj8-6k,"Everything About Central University of Kerala 🎯 Courses, Admission Process, Placements",Adda247 CUET,2024-06-15T15:30:07Z
University of Kerala,placement,placement review,fnURH6ZEut4,How to get Campus Placement | Colleges with Campus Placement | Fresher Jobs,Sreevidhya Santhosh,2020-11-25T08:00:07Z
University of Kerala,placement,placement review,qpqLF7dUeJM,CENTRAL UNIVERSITY OF KERALA CUETഏതൊക്കെSUBJECT എഴുതണം? | Eduport,Eduport CUET,2025-11-21T14:14:51Z
University of Kerala,placement,placement review,TA1dwPgA7dE,University of Kerala|KARIAVATTOM CAMPUS |Admission updates |Interview #universityofkerala #vlog #me,Sathiaiswarya,2025-06-18T03:30:20Z
University of Kerala,placement,placement review,yJB3iQ3T6nI,"Central University of Kerala Admission 2022 | Review, Placement, Number of seats, Colleges Course",Adda247 CUET,2022-09-30T07:37:22Z
University of Kerala,placement,placement review,suJmPljQPu8,Digital University Kerala [DUK] Review: Fees | Courses | Admission | Eligibility! #duk #college,My College Buddy,2025-04-30T14:30:43Z
University of Kerala,placement,placement review,XiTaTcQmrZs,Private Universities in Kerala | Universities in Kerala | Central | State | Deemed  University,Sreevidhya Santhosh,2024-04-27T12:30:20Z
University of Kerala,placement,placement review,mEi-iqjKW34,Top 5 Best Data Analytics Courses Institutes in Kerala | 100% Job Placement #datanalytics,Course Dekho,2024-06-18T09:54:09Z
University of Kerala,placement,placement review,gt4rlm9HFjI,Chinmaya University Kerala | Complete Review Malayalam |Chinmaya Vishwa Vidyapeeth University Kochi,Campusways,2025-03-27T17:03:30Z
Maharaja Sayajirao University,placement,placement review,mzXwp_mJpLE,MSU Baroda College Review 2026 | Honest Campus &amp; Placement Details,Prabhat Ranjan,2026-02-26T06:30:25Z
Maharaja Sayajirao University,placement,placement review,3WYxq6j6bVI,Honest Review about MSU Baroda | 2025 | MSU Hostel | THE MAHARAJA SAYAJIRAO UNIVERSITY OF BARODA,Sandhya- College Review ,2023-08-28T14:39:51Z
Maharaja Sayajirao University,placement,placement review,LMT4cJqj7bM,M.S. University | GUJCET + BOARD cut off | JEE CUT OFF | Fees | List of branch,it's me - yamee,2023-03-29T15:02:58Z
Maharaja Sayajirao University,placement,placement review,sDhEaQLY9QY,MSU BARODA UNIVERSITY CAMPUS Orientation Program#baroda #msu #sayaji #msubaroda #gujrat #university,Pavan Yayavar | पवन यायावर,2024-11-26T19:35:24Z
Maharaja Sayajirao University,placement,placement review,OhWsi8giV4M,"FMS Baroda MBA Review 2026 | Admissions, Placements, Fees, ROI, Specializations &amp; Campus Life",Shiksha Nerd,2025-10-01T12:30:33Z
Maharaja Sayajirao University,placement,placement review,LjrBT5XvRUE,"MSUB Vadodara college review | admission, placement, cutoff, fee, campus",Prabhat Ranjan,2024-04-16T06:30:11Z
Maharaja Sayajirao University,placement,placement review,_N_V5JsSuqk,"MSU College Reviews: Placement, Cutoff, Rankings",Knowledge Time,2023-05-16T08:30:08Z
Maharaja Sayajirao University,placement,placement review,HIUciZEwj3c,𝗧𝗼𝗽 𝟱 𝗕𝗲𝘀𝘁 𝗨𝗻𝗶𝘃𝗲𝗿𝘀𝗶𝘁𝗶𝗲𝘀 𝗶𝗻 𝗚𝘂𝗷𝗮𝗿𝗮𝘁 || #top5 #top5__.. #short #shorts #trending #viral #youtubeshorts,top5__.. ,2023-09-25T13:30:09Z
Maharaja Sayajirao University,placement,placement review,PFB7hOv_UVo,"MBA in MSU: Placement, Fees, Admission, Exams, Complete Details",Knowledge Time,2020-10-05T02:27:56Z
Maharaja Sayajirao University,placement,placement review,Yj-CJ1XZxXk,Everyone vibed!! #msu #baroda #msubaroda #fiesta #fashion,SAMMO,2025-04-25T10:36:54Z
BML Munjal University,placement,placement review,b7oQSx77de0,"BML Munjal University - The Most Detailed Review (Pros/Cons, Fees, Courses)",Kavach Khanna,2026-05-13T08:31:26Z
BML Munjal University,placement,placement review,e1c6Cj4YkbU,"BML Munjal University EXPOSED 🤬 | Real Placements, Fees &amp; Honest Review 2026",Management Guy,2026-05-05T05:46:30Z
BML Munjal University,placement,placement review,fMgaU96l4i8,"Is BML Munjal University good for BTech CSE? | Comparing JIIT, Noida and BMU, Gurgaon.",Tanvi Sharma,2024-07-03T09:46:19Z
BML Munjal University,placement,placement review,X7w1zBh_CFQ,BML Munjal University 🔥 - Full Campus &amp; Hostel Tour ,Kavach Khanna,2026-04-28T08:27:41Z
BML Munjal University,placement,placement review,10Xt7sMQU0s,Is BML Munjal University Worth ₹25 Lakhs?🤔 Honest BTech Review | Packages &amp; Placement | Coupon Code,College Compare,2026-05-23T08:34:57Z
BML Munjal University,placement,placement review,i6JWsH9VrZo,BML Munjal University Haryana | B.Tech Review with Fees &amp; Placements,Sanjay Chaudhary (Dreamz India Education),2025-08-25T04:30:23Z
BML Munjal University,placement,placement review,rHkDlilSnOg,A little view of my college | BML Munjal University #tanvisharmayt,Tanvi Sharma,2024-06-22T13:26:47Z
BML Munjal University,placement,placement review,E0WnSeURwb0,BML Munjal University BTech Review | Is BML Munjal Worth 20 Lakhs? 😳 | Scholarship &amp; Admission,College Circle,2026-04-24T13:30:00Z
BML Munjal University,placement,placement review,peTfTamMbnc,"BML Munjal University Gurgaon Review 2026 😱 | Placements, Fees &amp; Reality Check",vidhyaa.in,2026-02-05T13:31:03Z
BML Munjal University,placement,placement review,YqHNgcTg5Ws,BML Munjal University MBA Review 🤬| BML Munjal College Review 2025 🔥| Placement | Admission | Coupon,Mantasha Saifi,2025-01-21T14:30:53Z
Ashoka University,placement,placement review,7Wc8PZZQHH4,"Ashoka University vs Delhi University | Academics, Placements, Campus Life &amp; More! #shorts",shiksha.com,2025-08-26T10:06:20Z
Ashoka University,placement,placement review,YIz_mnJWcEE,"Ashoka University BA Review | Fees, Admission, Placements, Cutoff",shiksha.com,2024-10-29T12:04:16Z
Ashoka University,placement,placement review,9g-6pLSUTqs,Ashoka University Dark Side 😳 | REAL TRUTH No One Talks About 2026,Sandhya- College Review ,2025-12-08T18:43:23Z
Ashoka University,placement,placement review,EDiMOOFF7wQ,Placements at Ashoka,Ashoka University,2020-01-22T06:49:44Z
Ashoka University,placement,placement review,YnF6V41g3SM,4 drawbacks of studying at Ashoka University | 2024 #highereducation #collegecounseling #shorts,Evolving Being,2023-12-15T12:00:29Z
Ashoka University,placement,placement review,DdVKPQj5Dpc,"EVERYTHING you need to know about applying to Ashoka, Krea, OP Jindal (My experience)",Nishka,2023-05-25T03:12:44Z
Ashoka University,placement,placement review,rbJBaeJFlHA,Placement Opportunities at Ashoka University| MA in Economics,EduSure School,2023-04-11T14:30:14Z
Ashoka University,placement,placement review,7a1I5R8btxg,"Careers after Ashoka: A closer look at placements, and undergraduate pathways",Ashoka University,2026-04-10T01:43:34Z
Ashoka University,placement,placement review,Ewzw9KprPfQ,Is Ashoka University a rich kids university?,Office Hours,2023-12-20T15:04:34Z
Ashoka University,placement,placement review,UkwbniCLypw,Cracking Ashoka’s Application Round | Ashoka UG Application Explainer,Ashoka University,2024-12-06T06:54:25Z
Amity University,placement,placement review,D8fGb5lHLTU,Placements milti hai?? | Amity Placement review l Placements in Amity | Amity university Noida,Sparsh Singh,2023-06-02T04:30:03Z
Amity University,placement,placement review,tgrU-RX19nQ,Amity University Review,thisisalaska,2025-07-01T13:41:32Z
Amity University,placement,placement review,2-gg_dv3qjc,13000 Campus Placements in 2024 | Amity University Noida,AmityUni,2024-12-04T04:00:14Z
Amity University,placement,placement review,bxAOuxmqnAs,"Amity MBA 2026 Reality Check: Fees High, Placements…?",Everything For MBA,2026-03-16T15:30:34Z
Amity University,placement,placement review,lujKtSUWeBk,Amity Online’s Placements Just Got Better!🔥Higher LPA &amp; More Placements!  Full Tutorial &amp; Guide!✅,Sim Talks,2025-03-03T12:30:42Z
Amity University,placement,placement review,NK20TSWXDsU,MBA PLACEMENT DRIVE AT AMITY UNIVERSITY | Daily Vlogs | Mansi Gupta | MG707,Mansi Gupta,2025-11-26T03:30:15Z
Amity University,placement,placement review,sU62brDq-l8,Ye kaun batata hai? | Pranit More | #shorts #standup #youtubeshorts #amity #rjpranit,Pranit More Official,2023-02-07T10:44:32Z
Amity University,placement,placement review,zESGtUUCL_w,Amity University Noida Review🔥| College life😍| #noida #amity #collegereview,College Wali Didi,2024-07-03T12:43:43Z
Amity University,placement,placement review,7spoxkiyQ4Q,Amity Online Placements Reality🔥2024 Amity Online MBA BCA BBA,Sim Talks,2024-05-27T12:30:04Z
Amity University,placement,placement review,s2czfxdA6uQ,SCAM/Fraud Universities in India | Amity University | Lpu | Bennett university | OP Jindal,Harshit Chauhan,2023-09-16T13:13:02Z
Sharda University,placement,placement review,Gp4CgI0xvkg,Sharda University Placements 2025 | Highest Salary &amp; Top Companies #lcc #instagram #shiksha #shorts,shiksha.com,2025-10-17T06:45:02Z
Sharda University,placement,placement review,VkaMg0ehk8M,"SHARDA UNIVERSITY  Review 2026 | Campus, Placements, Hostels &amp; Reality",Prabhat Ranjan,2026-02-10T06:30:14Z
Sharda University,placement,placement review,zt3o0PbuyWU,Sharda University BTech Review | Worth It or Not? | Admission Process | Fees &amp; Scholarship | Package,College Circle,2026-03-23T13:30:00Z
Sharda University,placement,placement review,3lSFa_zwqdY,"Sharda University BTech Review | Fees, Admission, Placements, Cutoff",shiksha.com,2024-09-04T11:43:31Z
Sharda University,placement,placement review,VQyYeQqSUMA,Companies came in Sharda University for placement #shorts #shardauniversity  #btech #engineering,Piyush pratap,2023-05-17T17:06:43Z
Sharda University,placement,placement review,EtGqKBwp358,"Sharda University Full Review ✅ | Courses, Placements, Fees – Worth It or Not?",Adda247 CUET,2025-06-02T13:30:06Z
Sharda University,placement,placement review,HEEp56tQTtI,"Sharda University Students Review | Experience, Infrastructure, Labs &amp; Faculty #campuscheck",shiksha.com,2025-09-11T08:53:30Z
Sharda University,placement,placement review,AM0eoT9AxC4,"Sharda University MBA Reality Check | Fees, Campus &amp; Career Scope",Everything For MBA,2026-04-06T15:30:07Z
Sharda University,placement,placement review,mHq4hX09v6s,Sharda University Review 2024 | sharda university noida review | sharda university placements,College Khabri ,2024-04-11T12:48:16Z
Sharda University,placement,placement review,UG8_30tMs28,Is Sharda University Worth It for BTech? Full Honest Review | JEE Cutoff &amp; Fees | Fees &amp; Scholarship,Collegehike Jee,2026-05-20T13:30:20Z
Galgotias University,placement,placement review,8yjw0v1yWnY,"Galgotias University Fake Placements 😱 | What No One Tells You! College Review, Fees &amp; Placement",Tricky Man,2026-05-19T14:21:27Z
Galgotias University,placement,placement review,9rRTGNFlG_E,Galgotia College Student Review 📝 | Placements &amp; Real Experiences 💼 | Honest Insights,College Khabri ,2025-05-18T16:32:14Z
Galgotias University,placement,placement review,LTnPbIcMqXg,THE BRUTAL REALITY | Galgotias University Honest Review,Ayush Garg Classes,2025-05-09T12:30:28Z
Galgotias University,placement,placement review,j56vELSX188,Galgotias University Review❌| 1.5 Crore Placement Reality !🔥 | Honest Review,FAJLE JEE-CAT,2025-06-02T13:56:56Z
Galgotias University,placement,placement review,Tn8d5__yx44,"Should You Join GALGOTIAS UNIVERSITY in 2026?🤔Placement, Fees &amp; Reality Check ! JEE 2026 | Harsh Sir",Vedantu JEE Made Ejee,2026-05-07T14:40:36Z
Galgotias University,placement,placement review,cXjD9-mVn9A,Galgotia College Vs Galgotia University 🔍 | Admission Process 🎓 | Fees 💰 | Placement Reality ✅,College Khabri ,2025-05-16T04:10:00Z
Galgotias University,placement,placement review,pZvHab9WY54,Exposing India’s wildest university: Galgotias,Mohak Mangal,2026-05-25T14:18:34Z
Galgotias University,placement,placement review,rros-XwjD9c,"Galgotias University Honest Review🤐2026 | Placements, Fees , Courses, Campus Tour, Admissions  🎓📚",Next Engineer 🎓,2025-06-13T10:40:56Z
Galgotias University,placement,placement review,cKfaVGBN-cE,"Exposing Galgotias University 🤬 | Placement Claims, Fees &amp; Honest Review 2025 ✅",Boring Bing,2025-06-23T14:30:49Z
Galgotias University,placement,placement review,JRDO9Mc8Qk8,What Happens at Galgotias University?❌| 1.5 Crore Placement ka Asli Sach!🔥,Yash Garg,2024-06-27T12:08:16Z
Chandigarh University,placement,placement review,848IokAKAQ4,CU Placement Shocking Review | 2026 Students Placed or Not? | #Exposed!,MG MHJN,2026-04-10T09:23:33Z
Chandigarh University,placement,placement review,HnNdvd0uHHI,Chandigarh University Placement Reality | Honest Student Review,MG MHJN,2026-01-18T08:08:04Z
Chandigarh University,placement,placement review,a5ThBKx3Isg,CU Placements 2026 Explained | How Placements Really Work at Chandigarh University,Jatin Kamra,2026-01-12T05:11:12Z
Chandigarh University,placement,placement review,jNw8f_Vj2nw,Chandigarh University BTech Review | Should You Join CU in 2026?🤔,MG MHJN,2026-01-07T13:48:54Z
Chandigarh University,placement,placement review,8o46vM6ZMBw,Chandigarh University Review | Reality Explained 😂| Placements | Campus &amp; Hostel Life | Fees,Ritik Meghwani,2021-08-03T14:30:12Z
Chandigarh University,placement,placement review,ytpXzU4Oz_E,"Chandigarh University BTech Placements 2026 | Highest Package, Avg Package &amp; Companies",Jatin Kamra,2026-02-03T05:24:49Z
Chandigarh University,placement,placement review,OXBa1GjrpY8,"Chandigarh University BTech CSE Honest Review in 1 Minute! 🔥 | CU CSE Fees, Placements &amp; More",Jatin Kamra,2025-02-01T12:51:24Z
Chandigarh University,placement,placement review,sHR_CsxfFvg,Chandigarh University placement 🔥🔥 #college #students #engineering #admission #btechcse,College Review Unfiltered,2023-12-07T04:21:27Z
Chandigarh University,placement,placement review,t3qXo2qFThM,Chandigarh University Review 2026 — Honest Campus &amp; Placement Experience,Prabhat Ranjan,2026-02-23T06:30:24Z
Chandigarh University,placement,placement review,3t8T6s1NPxM,Chandigarh University Reality Check🤯 | Things They Hide From You,MG MHJN,2026-01-21T11:30:01Z
Lovely Professional University,placement,placement review,hZC71s873Lc,LPU Placement Truth No One Tells You 😳 | Honest Student Review,MG MHJN,2026-03-30T06:19:55Z
Lovely Professional University,placement,placement review,cslQrQLtrB4,lpu btech placement review | lpu fees for btech | lpu placements reality 😱,Udit College Reviews ,2026-02-16T05:52:27Z
Lovely Professional University,placement,placement review,JhBCJmtTe_o,BTech 3rd Year Students Review | LPU Shocking Placements Truth!😳,MG MHJN,2025-12-31T09:02:32Z
Lovely Professional University,placement,placement review,pUQuPtipt8c,LPU Placement Reality 2025 | Sirf Marketing Ya Sach Mein Job? My Experience! #lpu   @LPUUniversity,The Upcoming Programmer – LPU to MNC ,2025-07-25T06:30:34Z
Lovely Professional University,placement,placement review,KKLvZSdaeow,Reality of LPU Placement  #lpu,L For Campus,2024-06-01T08:31:50Z
Lovely Professional University,placement,placement review,AVhYQPUSIak,LPU Placements Reality: Expectations vs. Truth! 💼🎓 | College Life Exposed,Snehal's TV,2025-03-26T08:46:54Z
Lovely Professional University,placement,placement review,Di_YGEa34bw,LPU Placements are Real Or Not? | Reallty Of Lovely Professional University Placements #lpureview,CAREERKICK JEE,2024-04-28T12:15:01Z
Lovely Professional University,placement,placement review,-9c0u0HxI4s,LPU Student Reviews 2026 😱 | No Placements | Reality of lpu | lpu Admission 2026,Beastmine,2025-12-09T15:12:04Z
Lovely Professional University,placement,placement review,T0Cj_ywKaGY,LPU Reality Exposed 🔥 | Honest Student Review | Worth It or Not?,MG MHJN,2026-01-09T13:39:02Z
Lovely Professional University,placement,placement review,K_93KeFkDD4,LPU Placement Reality 😱 | No Placements? | Final Year BTech Students Speak Truth | 2026,Beastmine,2026-01-23T16:05:40Z
VIT University,placement,placement review,CLQ8fPgAgLo,"VIT Placements (PAT) Explained || Internships, Jobs &amp; Tips #vitvellore #vitap #vitbhopal #vitchennai",Verma Academics,2026-01-08T09:41:00Z
VIT University,placement,placement review,vZE9uF4TGg0,I Asked VIT Students 🤯Is It Worth ₹20 Lakhs? VIT Vellore reality | Suman Mpm ,Suman Mpm,2026-04-21T12:11:55Z
VIT University,placement,placement review,bYsNqaveFu8,VIT Chennai Campus Placement Process &amp; Orientation Highlights || #VITChennai #Placements,priprocode,2025-12-16T17:52:30Z
VIT University,placement,placement review,fvtskPetjsc,The Truth Behind VIT Placements || What Nobody Tells You || Reality of Placements at VIT || VIT AP,Verma Academics,2026-06-10T03:30:21Z
VIT University,placement,placement review,aGKOXZg4KxM,Premium Universities Vs SRM &amp; VIT Universities | Placements | Review,Edu9 Career Guidance,2024-04-16T07:22:57Z
VIT University,placement,placement review,4AgR0D0wZvY,"Is VIT Chennai Worth ₹20+ Lakhs? | Fees, Placements &amp; Student Reviews",Suman Mpm,2026-04-07T15:09:52Z
VIT University,placement,placement review,uq4hFvdhu4Q,"Is VIT Chennai Worth It in 2025?😱 Placement, Hostel, fees &amp; More | Suman Mpm",Suman Mpm,2025-06-01T15:45:19Z
VIT University,placement,placement review,AA2vlasups0,Is VIT Vellore Worth it?😱😱#jee #vit #viteee #vitvellore #vellore #viteee2025 #velloreinstitute,Vedantu JEE Made Ejee,2024-11-17T11:30:05Z
VIT University,placement,placement review,zGJ5BlbKfLM,"Is VIT Vellore Good? | All about VIT Vellore | Placements, Admission, Fees, Hostel &amp; Mess",Apna College,2020-08-07T20:14:25Z
VIT University,placement,placement review,_c-EVu4KNPU,"Placements VIT Vellore | CSE | Research, Placements &amp; Campus Life #computerscience #placement #mnc",AJP Official,2025-09-30T04:00:54Z
SRM University,placement,placement review,WPEKjRGdtK8,SRM AP College Review | Top10 AP Engineering colleges | cutoff | college reviews | AP EAPCET 2025,College Dost Telugu ,2025-07-03T11:48:23Z
SRM University,placement,placement review,Z1THEEpyv1Y,SRM Kattankulathur Placement Reality 🔥 | Highest Package vs Truth? #lcc #srm #placementreality,shiksha.com,2026-04-02T18:00:36Z
SRM University,placement,placement review,qKcIAKXO7Ts,"😱VIT vs SRM 2025: Honest Comparison | Detailed Review Placements, Fees &amp; ROI! #Shorts #VIT #SRM #CSE",B. Tech Fundas by Sunstone,2025-05-19T05:43:55Z
SRM University,placement,placement review,jbLIkLbRRWA,"SRM University Chennai BTech Review | SRMJEEE, Fees &amp; Admission Process | Placements &amp; Package #srm",Mantasha Saifi,2026-02-02T13:19:19Z
SRM University,placement,placement review,OsnNq-av7Rc,"SRM University Campus Review | Placements, Fees &amp; Honest Student Opinion | Chennai",Suman Mpm,2026-04-05T11:55:42Z
SRM University,placement,placement review,cf4OhzEv7pc,"SRM University Reality Check | Campus, Placements &amp; Student Life. (SRM University Review) ",Admission Junction,2026-01-26T14:01:04Z
SRM University,placement,placement review,7U9sTIhp-co,"SRM University KTR BTech Review  | Courses, Fees, Admission 2025, Placements, Ranking #srmjeee #srm",Career Initiative,2025-03-26T06:30:03Z
SRM University,placement,placement review,iHlZWIoij4w,"SRM University Andhra Pradesh 2026 | SRMJEEE | Cutoff, Fees, Placement | Harsh Sir",Vedantu College Connect,2026-03-20T01:08:50Z
Manipal University,placement,placement review,8RpSoTG79mQ,QnA: Online Manipal -  Placement kaisa hai??,Online Degree Admissions,2025-08-13T13:24:05Z
Manipal University,placement,placement review,zOLTNOpO33w,"Manipal University Review 🔥| Reality Explained 🤨| MIT placement, Campus life | Fee Structure.",CAREERKICK JEE,2024-05-02T11:30:34Z
Manipal University,placement,placement review,iNqgx_6veqU,Why ❌Online Manipal University | Admission! | Specialization | exam pattern | Placement,Career With Komal mam,2024-09-16T12:45:03Z
Manipal University,placement,placement review,kZyFWGF9xSE,Online Manipal Univesirty worth it or not? | Dark Reality of Online Manipal University,Guru Chakachak,2025-07-21T13:10:52Z
Manipal University,placement,placement review,nA09Uc3zKCk,SRM vs VIT vs Manipal: Which is Best? 2026 | Placement &amp; Median Salary Revealed! | Btech360,My Channel,2026-04-20T06:57:15Z
Manipal University,placement,placement review,7XRrC-0firs,"Manipal Institute of Technology, Bangalore Placements 2025 #jeemains #jeemain2025 #jeemain2026",Career Initiative,2025-10-30T10:30:05Z
Manipal University,placement,placement review,jtioQrwlMcg,"Before You Join Manipal Institute of Technology ⋮ MIT Campus, Fees &amp; Placements ⋮ MET 2026",The Rankers Vision,2026-04-04T12:45:06Z
Manipal University,placement,placement review,Y9B6DEGCkik,My college campus👩‍🎓🏫| Manipal University Jaipur #transition #met #muj #mit,Anushka Thakkar,2025-05-18T07:36:09Z
Manipal University,placement,placement review,uT7bMcdPGf0,MIT MANIPAL : Best College life? | Revealing Dark Secrets | Review,Ritik Meghwani,2023-06-02T11:00:09Z
Manipal University,placement,placement review,geKkSP3v6E0,Why Manipal Online MBA is Worth the Hype | Manipal Online MBA review | Manipal University Jaipur,Jyotiee Nihalani,2023-10-18T11:00:38Z
Bennett University,placement,placement review,-QCkIwf0NKY,Bennett University BTech Student Review | Highest Package ₹1.37 Cr😱 | Scholarship | Fees &amp; Admission,Mantasha Saifi,2026-05-02T12:30:36Z
Bennett University,placement,placement review,jCx0om_H_0I,Bennett University Placements 💰| Truths of Average &amp; Highest Placement 🤑| Coupon Code | Campus Tour,College Insider Aqsa,2026-01-29T10:30:21Z
Bennett University,placement,placement review,PAFOsWNoMfc,Bennett University MBA 2026 🤔 | ₹42 LPA Package &amp; 55%ile | Honest Review✅,Management Guy,2026-01-27T07:11:39Z
Bennett University,placement,placement review,hcYaX-cpQrs,Bennett University Placement Explained |Reality of Packages Companies Hiring | BU?🔥Salary Internship,Hrithikkk Bennett ,2026-05-11T02:30:36Z
Bennett University,placement,placement review,GYhT3_ADfTk,WHY Bennett University 😲| Bennett University Review | Bennett Greater Noida Honest Review | Fee,College Khabri ,2025-04-11T11:17:07Z
Bennett University,placement,placement review,F_2vlCo_mUY,"Bennett University Reality Check 🔥 Is It WORTH in 2026? Fees, Placements &amp; Campus Life!",Boring Bing,2025-03-08T15:48:42Z
Bennett University,placement,placement review,ZLFH8dzcMmg,"Bennett University Noida Review 2026 | Campus , Fees, Placement, Direct Admission via JEE/Class 12",Adarsh Barnwal,2025-06-13T09:23:45Z
Bennett University,placement,placement review,9Qra6gLUnm8,Bennett University Review | Honest Talk with B.Tech CSE Students 🤯| Direct Admission | Placement,Tauqeer Zakaria,2025-06-19T16:28:15Z
Bennett University,placement,placement review,fx-yygNLLtE,This video might be taken down! The Ground Reality of Bennett University,Ayush Garg Classes,2025-05-10T04:59:10Z
Bennett University,placement,placement review,KY1NvxfSsGY,Bennett University Placement Reality 2026 | The Truth Nobody Tells You,Tushar Singh,2026-06-08T07:14:35Z
Bennett University,placement,placement review,bm-ytW8hA4c,Bennett University BTech CSE Students Review 🤩 | Scholarship &amp; Fees💸 | Admission Process | Placement,College Circle,2026-03-24T13:30:00Z
UPES Dehradun,placement,placement review,v5LBG2Fd_gA,What&#39;s Wrong with UPES Dehradun ?,Ritik Meghwani,2025-04-30T14:45:07Z
UPES Dehradun,placement,placement review,sWYj8QPEQ5Q,"UPES Dehradun 2026 Review | Campus Tour, Placements, Reality Check",Prabhat Ranjan,2026-03-12T06:30:29Z
UPES Dehradun,placement,placement review,2NJa7xAPWHM,Placements in 2025 ft. UPES Dehradun Review 2025,Arsh Goyal,2025-04-12T14:53:39Z
UPES Dehradun,placement,placement review,_k9KnZaHtL4,"UPES DEHRADUN BBA FULL REVIEW, Placement, campus Tour, Scholarship, JEE MAINS 2023",Sachin Singh,2023-06-30T11:57:42Z
UPES Dehradun,placement,placement review,9jI1LO4H1cY,UPES Dehradun 100% Honest review | Harsh reality | Fees | Placement | Campus life,College Khabri ,2024-12-26T11:30:09Z
UPES Dehradun,placement,placement review,NamuVBaOvxA,BTECH CSE PLACEMENT REVIEW || WORTH IT OR NOT || UPES DEHRADUN || VLOG-53,sujal pal,2024-05-21T12:21:43Z
UPES Dehradun,placement,placement review,EMMQiVl_1tA,"UPES Dehradun BTech Review 2026 | Fees, Placements, Admission, Reality | By Sunil Adhikari",Sunil Adhikari - Career Counselor,2026-03-10T13:30:11Z
UPES Dehradun,placement,placement review,lpj1eN652GU,"UPES Dehradun | Admission, Fees &amp; Placements",College Dost Hindi,2025-05-25T10:30:33Z
UPES Dehradun,placement,placement review,i5oFLCxG9ow,B.Tech from Upes Dehradun | 100% placement? | last date to apply | ridey behl vlogs #upes #vlogger,Ridey Behl ,2025-06-23T13:12:18Z
UPES Dehradun,placement,placement review,T93hT6_gZpA,"UPES Dehradun MBA Review 2026 🤔 | Top 10% Avg Placements 15.8 LPA, Fees &amp; Reality Check",Management Guy,2026-01-19T07:15:01Z
KIIT University,placement,placement review,7uG38TeoAog,KIIT College Review in 1 minute 🔥 #Shorts,Ritik Meghwani,2022-04-20T13:00:13Z
KIIT University,placement,placement review,96jDVDKfTXE,PLACEMENT AND INTERNSHIP OPPORTUNITIES AT KIIT ! |,Aakash Verma,2025-06-10T05:36:01Z
KIIT University,placement,placement review,zCgUh8miMH8,"KIIT Placement 2025: Highest Package, Average Package, Top Recruiters #kiit #jeemains #jeemain2025",Career Initiative,2025-10-30T11:01:53Z
KIIT University,placement,placement review,Rtgz5pXC8zQ,KIIT odisha | kiit university odisha | #kiiten #vedantu #iitbombay #iitdelhi,Harsh Priyam Sir Fans🔥,2025-10-13T07:47:33Z
KIIT University,placement,placement review,pBIuykgkyWk,KIIT 2026 Placements: My Honest 4th Year Experience (Truth Only),Aakash Verma,2026-05-06T06:35:06Z
KIIT University,placement,placement review,UpY4-os_l7c,"KIIT Bhubaneswar Honest review counselling &amp; admission process 2025 | Placement, Fees, Campus Tour",Adarsh Barnwal,2025-05-02T09:27:16Z
KIIT University,placement,placement review,dr4hK5wPAc0,"Reality of KIIT University Bhubaneswar 🔥 | Placements, Fees &amp; Admission Process 2026✅",Boring Bing,2026-01-12T14:36:48Z
KIIT University,placement,placement review,JXApWJP796s,Life in KIIT @KIIT_University ❤️✨#viral #kiituniversity #collegelife,Sahil Singh 🖤👑,2024-02-25T05:22:27Z
KIIT University,placement,placement review,s67ww8oBSR8,Challenges you have faced in KIIT university comment downbelow #shorts #kiituniversity #bhubaneswar,Kidus Vs Life,2023-05-29T11:24:59Z
KIIT University,placement,placement review,L__iqf3AR6c,KIIT PLACEMENTS | CONTROVERY | Kalinga Institute of Industrial Technology,Vivek [IIT KGP],2025-02-24T10:39:22Z
Kalinga University,placement,placement review,gp7eUE9_FLU,"Kalinga University, Raipur | (Detailed Review) | Kalinga University Btech Admission | Kalinga Review",Kapil Samuel,2025-08-09T14:35:13Z
Kalinga University,placement,placement review,Q1l0FNE3dpU,"Kalinga University, Raipur संपूर्ण जानकारी! आपके सभी सवालों के जवाब👍",UNIVERSITY INDIA,2023-06-10T10:59:31Z
Kalinga University,placement,placement review,Yu8sf7380MU,Kalinga University Admission Is It Worth It  Is Kalinga University Worth it for B Tech,vpmantra,2025-08-27T13:11:43Z
Kalinga University,placement,placement review,eJnxlrtWQ8s,Kalinga University Review: B.Tech for Working Professionals Full Details,College Vidya,2025-08-28T14:15:06Z
Kalinga University,placement,placement review,pBRfM-vC2lE,Kalinga University Review | kiit bhubaneswar review | kiit college review 2024,College Khabri ,2024-04-17T02:24:46Z
Kalinga University,placement,placement review,ocs--HyIUN0,Kalinga University Admission Worth it or not? | Is Kalinga University Worth it for Btech?,Guru Chakachak,2025-08-11T12:15:07Z
Kalinga University,placement,placement review,M9ZepmvUvh8,Kalinga University B.Tech Specialisations | Complete Details | Btech Admission | Kalinga University,Kapil Samuel,2025-08-30T14:40:54Z
Kalinga University,placement,placement review,K2KHKdyKc8I,Kalinga University Distance Education | Kalinga University Approved By DEB or Not? #distanceedu,Online Education Consultant,2022-09-01T13:51:18Z
Kalinga University,placement,placement review,fupZOX-8dHs,"Rudrani Takes You on a Kalinga University Campus Tour | Student Experience, Facilities &amp; Campus Life",Kalinga University,2025-08-06T12:13:07Z
O.P. Jindal Global University,placement,placement review,egjGkB81PwU,Op Jindal University SCAM,Harshit Chauhan,2023-09-01T11:40:40Z
O.P. Jindal Global University,placement,placement review,ky_l7IwhHfw,OP Jindal Online MBA Worth It? My Honest Review ( 2025 Batch) #OPJindalUniversity #UpGrad,Honest Reviews,2025-10-16T05:05:02Z
O.P. Jindal Global University,placement,placement review,hMg3fMD2raA,Corporate Life After College | OP JINDAL GLOBAL UNIVERSITY | College Placement | MBA,Shubhanjali Singh,2025-12-14T07:52:40Z
O.P. Jindal Global University,placement,placement review,nRJv1AxpE5g,Op jindal global University #college #collegelife #jindal #jgu #university #collegememes #student,Shubhanjali Singh,2024-02-17T13:34:02Z
O.P. Jindal Global University,placement,placement review,ag4ftoLEKOU,Can you survive in OP Jindal University without money ?,Taramariamjohn,2025-06-22T10:05:54Z
O.P. Jindal Global University,placement,placement review,iARqukUQUFE,"OP Jindal Global University Student Experience | OP Jindal  - Hostel, Fees, Hookups, crowd, drugs |",Harshit Chauhan,2023-03-10T10:33:33Z
O.P. Jindal Global University,placement,placement review,Fv7qZQkcp5w,OP Jindal Global University | MBA 🔥 Fees vs Placements EXPOSED | Shocking Reality! | Get Admission,Get Admission,2025-12-25T08:45:01Z
O.P. Jindal Global University,placement,placement review,Ek6BYajh56w,OP Jindal Global University Review || #ugc #india #onlinedegree #aicte  #placement  #review,Edzeal Education,2023-06-09T11:35:23Z
O.P. Jindal Global University,placement,placement review,dAvz3ESMzds,"Jindal Global Law School (JGLS) | Fees, Placements, Courses, Eligibility &amp; Campus Life Explained",LegalEdge CLAT Coaching by Toprankers,2025-04-29T14:30:07Z
Symbiosis International University,placement,placement review,Wz5pg6sZEDw,"Symbiosis Pune...Honest Review 🔥 Best Engineering College in Pune?🤔 Placements, Fees, &amp; Campus",Boring Bing,2025-04-09T14:28:58Z
Symbiosis International University,placement,placement review,VWgjWEPvbN4,"All About Symbiosis International University &amp; SET 2026 🏫| Fees, Eligibility, Courses &amp; Placement🎓",SuperGrads IPMAT Coaching by Toprankers,2025-12-15T14:01:06Z
Symbiosis International University,placement,placement review,jNQoZWbQ2Hs,The TRUTH About SYMBIOSIS MBA | SIBM Pune Placement REALITY,CollegeSearch,2025-02-26T12:30:44Z
Symbiosis International University,placement,placement review,D18n7jgjmuA,💥Reality of SIBM Pune MBA Placement 2025 #mba #cat2025 #sibmpune #mbaplacements,MBA Fundas by Sunstone,2025-04-22T05:23:48Z
Symbiosis International University,placement,placement review,z5bMHIiO3Nc,"SIBM Pune Honest Review 2025 🔥 Fees, Cutoff, Placements, Campus Life | SNAP 2026 Details",MBA WORLD,2025-11-18T16:15:07Z
Symbiosis International University,placement,placement review,xU_SefjLOmw,"Symbiosis Pune College Review | Fees, Placement, Eligibility, Alumni &amp; Campus",SuperGrads IPMAT Coaching by Toprankers,2023-12-28T14:30:07Z
Symbiosis International University,placement,placement review,gzRPATIe8zY,"Symbiosis University| Courses, Admission, Eligibility, Campus Life &amp; Placements #symbiosisuniversity",shiksha.com,2025-09-10T10:33:19Z
Symbiosis International University,placement,placement review,jc0nDNsnYqc,All about Symbiosis Pune✅✅#symbiosispune #symbiosis #pune #sitpune #sit #btech #engineering,Vedantu JEE Made Ejee,2024-05-22T13:30:30Z
Symbiosis International University,placement,placement review,9SJ_GoqYQjQ,"All About BBA from Symbiosis University🏫| Fees, Eligibility, Curriculum, Placements &amp; ROI Explained🎓",SuperGrads IPMAT Coaching by Toprankers,2024-12-07T12:30:06Z
Symbiosis International University,placement,placement review,AFL9hQDVWPA,SIT Pune College Review 2026 — Honest &amp; Detailed Campus Experience,Prabhat Ranjan,2026-02-21T06:30:04Z
NMIMS University,placement,placement review,3wtsgB3-oFo,Life at NMIMS Mumbai campus | Jaw-dropping Campus Tour by IIM Guy |  The Reality About Placements,The IIM Guy,2023-09-16T13:30:01Z
NMIMS University,placement,placement review,3-rMeG4tSZs,"A to Z information of NMIMS | NMIMS MBA Review: Admission Process, Placements, Campus",Keshav groWer,2024-09-27T11:42:51Z
NMIMS University,placement,placement review,FXNRaC79Zgk,"Should You Apply to NMIMS? 🤔 NMIMS MBA Review – Placements, Fees, Admission Process",Shweta Arora,2023-09-14T13:30:10Z
NMIMS University,placement,placement review,nJdNQT9hR5A,NMIMS placement report | highest package | Average package,CATKing,2022-07-29T15:44:46Z
NMIMS University,placement,placement review,LZWcNJazSpM,Narsee Monjee Institute of Management Studies | NMIMS Mumbai MBA | Placements &amp; Admission Process,Get Admission,2026-01-16T06:21:56Z
NMIMS University,placement,placement review,6eH2AYWvXxQ,"NMIMS Mumbai Honest Review 2025🤬 Real Placements, ROI, Education Quality, Campus Life? 🤔",Management Guy,2024-08-31T12:30:08Z
NMIMS University,placement,placement review,o5WKchy-NZg,All about NMIMS Mumbai ✅,CAT Preparation - iQuanta,2024-10-15T15:52:14Z
NMIMS University,placement,placement review,CX3CbQAQFpU,NMIMS Mumbai placement REALITY  | Company wise CTC revealed,Collegedunia MBA,2023-09-11T06:42:00Z
NMIMS University,placement,placement review,drUOynB8DmE,"A day in NMIMS, Mumbai Campus 😍🤩 NMIMS College Campus #shorts #viral #nmimsmumbai #nmims #mba #cet",CONCEPT SIMPLIFIED ,2024-02-28T14:57:12Z
Christ University,placement,placement review,wXpJxOQo6Fo,"Christ University Placements 2024 Average Package, Recruiters &amp; Honest Reviews! #christuniversity",shiksha.com,2025-08-05T13:00:34Z
Christ University,placement,placement review,WJ-XlcpzKWU,Reality of placements in Christ university? #college #placement #christuniversity #youtube #students,Nishika speaks,2025-08-22T06:52:39Z
Christ University,placement,placement review,xGDCurfq_uQ,Thinking of Christ University Bangalore? WATCH THIS 1-Minute Review! 🔥,Admission Junction,2025-09-16T11:16:03Z
Christ University,placement,placement review,Xau367jB22c,"Christ University Bengaluru  MBA 2026 | Fees, Placements &amp; Admission Process | Get Admission",Get Admission,2026-01-14T13:30:37Z
Christ University,placement,placement review,1h-d63Q3A9E,Top 3 courses of Christ university with good placement #admission  #christuniversity #yeshwanthpur,Nishika speaks,2025-01-16T17:25:28Z
Christ University,placement,placement review,Z3VnQptfYKM,Christ University Banglore Exposed!!! #christuniversity #bangalore #ratracelife #cuet,Vipul Wanders,2023-12-22T23:33:12Z
Christ University,placement,placement review,Kgww94teIoQ,"Christ University 2026 Review | Campus Tour, Placements, Reality Check",Prabhat Ranjan,2026-03-13T06:30:09Z
Christ University,placement,placement review,U1ptf_Pn2Rc,Reality of placements in Christ university?? My honest experience#youtube #placement  ,Nishika speaks,2025-08-21T13:16:13Z
Christ University,placement,placement review,_9OwJCC43iM,"1 Minute Review: Christ University Bangalore: Campus, Courses, Placements &amp; Top Recruiters🔎| #shorts",SuperGrads IPMAT Coaching by Toprankers,2024-11-30T14:34:55Z
Christ University,placement,placement review,Wz5rsXANmZM,Christ University SCAM | Christ university Bangalore,Harshit Chauhan,2023-09-08T09:40:12Z
Jain University,placement,placement review,r3e0ccw0fEE,Jain University Bangalore Review🎓 | Is Jain University Worth It? 🤔 | Admission | Fees &amp; Placements,College Disha,2026-02-14T12:39:15Z
Jain University,placement,placement review,OAN0KEfukj8,"Jain University Bangalore Review: Admission, Fees, Campus &amp; Placements Reality!",The Rankers Vision,2025-05-21T06:30:17Z
Jain University,placement,placement review,kevl2kpndZE,"Jain University Bangalore Complete Guide 2026 🔥 Courses, Fees, Placements, Admission Process",Top College Admission,2026-03-24T06:30:00Z
Jain University,placement,placement review,DBdhSOgUNQs,Jain University Bangalore 2025 | Honest Review | Placements | ROI #jainuniversity  #trending,Swastik Mehta,2025-06-20T04:41:00Z
Jain University,placement,placement review,e-zVBSaTtcc,100% Placement??? | Honest Student Experience of Jain University BTech Students,Kavach Khanna,2022-08-08T10:50:03Z
Jain University,placement,placement review,bdZWriZSnsw,"Jain University Bangalore B. Tech 2026: JET Exam, Course-wise Fees, &amp; Placement Highest pkg -81 LPA",Careermudhra,2026-04-14T11:17:43Z
Jain University,placement,placement review,JwE-NA-O_Hg,Jain University Bangalore 🤔 Low Score Admissions – Worth It or Not? 🔥 Honest Review,Boring Bing,2025-08-25T16:02:36Z
Jain University,placement,placement review,EiDvv8JTgYY,"Jain University Bangalore Review 2026 | Fees, Placements, Ranking, Campus Reality",Prabhat Ranjan,2026-03-14T06:30:14Z
Jain University,placement,placement review,6zyYlcOi-LY,"Jain University Bangalore BTech Complete Review | Fees, Cutoff &amp; Placements | Direct Admission &amp; ROI",Student Adda,2026-02-07T14:30:06Z
Jain University,placement,placement review,dlAwZRBEKz0,Jain University or Christ University? Watch Students Spill the Truth in Ratings!,propelld,2025-04-23T15:30:20Z
Graphic Era University,placement,placement review,GHpK6FtlDG8,Graphic Era University Placement Exposed for btech MBA | GEU Placement reality | GEU Placements,Dehradun colleges,2025-12-18T11:45:28Z
Graphic Era University,placement,placement review,Ju52nIrhrTU,"Graphic Era University (GEU), Dehradun B.Tech CSE Review:  Insights on Fees, Placements, Internship",College Review Unfiltered,2024-05-15T14:20:42Z
Graphic Era University,placement,placement review,qCJGZ95dZzo,Graphic era university || Experience &amp; Review || placements &amp; reality|| Btech Biotechnology||college,Whois.ekta27,2024-08-08T12:23:04Z
Graphic Era University,placement,placement review,gjF12H-geyU,"Graphic Era Dehradun Placement Reality | Average placement, highest placement reality by student",Dehradun colleges,2026-03-31T03:30:06Z
Graphic Era University,placement,placement review,kiIfXG6M354,Exposing Placements of Graphic Era btech CSE | Paisa barbaad college graphic era university,Dehradun colleges,2026-04-17T13:45:06Z
Graphic Era University,placement,placement review,qwnRy01x61o,Graphic Era University Dehradun | Direct Admission on 12th Marks | Placements &amp; Fees,College Dost Hindi,2025-05-25T05:30:21Z
Graphic Era University,placement,placement review,KF90UsEqKA4,"Graphic Era University 2026 Honest Review | Placement, Admission and Hostel",Prabhat Ranjan,2026-03-18T06:30:10Z
Graphic Era University,placement,placement review,Lcq-YuFRrtg,"Graphic ERA Dehradun Exposed 🤬 | Placements, Fees &amp; Campus Reality✅",Boring Bing,2025-01-13T13:23:06Z
Graphic Era University,placement,placement review,F45zs9OKsA0,Reality Of Placements In Graphic Era University 2022😱| Placement Talk With Student Placed In Amazon,AJ Vlogx,2022-07-15T02:30:04Z
Graphic Era University,placement,placement review,XjjnA-7BDZw,Graphic Era Review For MBA | Graphic Era MBA Placements,MBA with Arshi Khan,2025-07-14T16:30:11Z
PES University,placement,placement review,a1xevN46xLQ,₹68LPA at PES University ?! | The Honest Review You Need for 2026,Anurag Thakur : College Review,2026-02-02T15:46:49Z
PES University,placement,placement review,H7ttIwQUNg8,"PES University Bangalore Review 2026 | Campus, Placements, Hostels &amp; Reality",Prabhat Ranjan,2026-02-06T06:30:18Z
PES University,placement,placement review,ZFvTueX4Lw8,PES University Bangalore Review | 1.5 Crore Placements 😍 | Cutoff | Fee | Admission Process | Pessat,Ritik Meghwani,2022-06-25T14:00:13Z
PES University,placement,placement review,LP6MinWIKi4,"PES University BTech Review | Fees, Admission, Placements, Cutoff",shiksha.com,2024-08-07T06:49:25Z
PES University,placement,placement review,Mz1eAbcz-DI,"PES University Bangalore Review 2026 | Placements, Fees, Campus &amp; Admission Process | Honest Review",FutureU,2026-02-16T04:00:28Z
PES University,placement,placement review,e_VAVK9R59o,PES University🔥Campus🤟Placement 🤑Admission ✅College Review💥,Anurag Thakur : College Review,2022-06-15T05:57:15Z
PES University,placement,placement review,Qj0EN415uCQ,"PES University Bangalore Review 2026 | Admissions, Fees, Courses, Rankings, Placement &amp; Campus Tour",FutureU,2026-01-02T04:00:32Z
PES University,placement,placement review,r8tJpj1ElJg,"PES University Placement Reality 😱 Is It Overhyped? | BTech Admission Process | Fees, Package &amp; ROI",Collegehike Jee,2026-02-24T13:30:55Z
PES University,placement,placement review,GWGzhlEOW-s,"Inside PES University BTech CSE: Placements, Admission, Coding Culture &amp; Campus Life!",College Review Unfiltered,2025-02-21T07:54:40Z
PES University,placement,placement review,h9yIhjEUJHs,🔥 PES University Placements 2024 -  PES University Complete Placement Breakdown 🎯,Deeksha Karnataka,2025-05-28T12:29:35Z
Reva University,placement,placement review,SXUBLMSbDSk,"Reva University BTech Review | Fees, Admission, Placements, Cutoff",shiksha.com,2024-09-24T12:14:45Z
Reva University,placement,placement review,-Y5E-7n3f6s,REVA University Review | Honest Opinion by a Graduate - Everything you need to know before joining.,CampusLens,2026-05-12T08:48:31Z
Reva University,placement,placement review,AEToELJrU_k,TRUTH ABOUT REVA UNIVERSITY BANGALORE #bangalore #revauniversity #bangalorecollege,College Guruji,2024-11-23T10:20:13Z
Reva University,placement,placement review,jaigxl1Q1_c,"Everything You Need to Know About Reva University Bangalore 2026 | Courses, Admissions &amp; Placements",Collegedunia,2025-09-16T12:43:13Z
Reva University,placement,placement review,xR5G3rT8oy0,"REVA University, Bangalore Review : Cutoff, Fees, Ranking, Courses",shiksha.com,2023-04-28T11:30:17Z
Reva University,placement,placement review,XddG81qvbic,"REVA University Bangalore Student Review 2026 🤯 | Admission, Fees, Placements &amp; Is It Worth It? 🔥",College Khabri ,2026-02-13T11:42:57Z
Reva University,placement,placement review,B_3dhs1s0Pg,Reva University BTech Courses &amp; Fees 2025-మీరు Budget చూసారా? #btechfees#teluguvlogs #revauniversity,Padhus World ,2025-05-15T18:22:47Z
Reva University,placement,placement review,zJxsBGoiJaI,"Reva University Bangalore 2026 | Campus Life, Courses &amp; Everything You Must Know!",Collegedunia,2025-09-16T17:18:31Z
Reva University,placement,placement review,VtMrMSJM2LE,Should You consider joining REVA UNIVERSITY?,Alemari Ganesha,2024-01-23T11:12:36Z
Reva University,placement,placement review,ZiRdLMw2XuA,"REVA University Bengaluru 🔥 (E232) KCET 2026 | Cut Off Ranks, Courses, Placements | REVA",PePTalk Info,2026-05-16T04:30:18Z
SASTRA University,placement,placement review,l3Uv63OGLO8,"Is SASTRA Worth in 2025?😱 Placement, Hostel, fees| Investigated the TN Top No University Students",TheGoatRealm,2025-06-04T14:18:58Z
SASTRA University,placement,placement review,OwwwKil4xgM,"Sastra University 2026 College Review | Honest Insights on Placements, Campus &amp; Academics",Prabhat Ranjan,2026-05-05T06:30:11Z
SASTRA University,placement,placement review,_8cvmCEaaiA,SASTRA University placement #careercounseling #careeradvice #careerguidance,CareerKul,2025-03-10T05:53:29Z
SASTRA University,placement,placement review,XuX-jXVrcFY,"(Top University in India) SASTRA UNIVERSITY, Placement,Cut off,Fees and Addmission |Suman Mpm",Suman Mpm,2024-04-07T10:51:00Z
SASTRA University,placement,placement review,YldFt0N1nQw,"SASTRA University Review : Advanced Courses, Highest Placement Packages &amp; Low Fees : Manadesham",Manadesham Educational Services Pvt Ltd,2026-03-28T11:39:14Z
SASTRA University,placement,placement review,VDZIRxf5Jlw,Top 5 Best Colleges for Engineering 2024|Deemed University|NIRF RANK|1 Crore Salary/Year Job,DINESH PRABHU,2023-10-28T11:36:39Z
SASTRA University,placement,placement review,L4cxbo7l9QA,Is SASTRA Law &amp; Engineering Worth It? 🤔 Students Reveal the Truth!,Suman Mpm,2026-05-02T11:52:06Z
SASTRA University,placement,placement review,EYU3fwJwRvY,"Sastra University admission, placements, fees, hostel fee || SASTRA (vs) AMRITHA (vs) VIT (vs) SRM",Manabadi Videos,2024-12-19T13:41:25Z
SASTRA University,placement,placement review,quotbUscNlk,SASTRA வேண்டாம் TIER 2 கல்லூரியில் சேருங்கள் என்று கூறும் CAREER GUIDANCE EXPERTS|என்ன நடக்கிறது?,UKV TAMILA,2023-08-06T13:08:16Z
SASTRA University,placement,placement review,1Hyl69oTs4M,SASTRA University BTech Admissions 2026 | JEE &amp; Inter Marks | Low Fee Top College,Edu9 Career Guidance,2026-03-26T13:06:42Z
Shiv Nadar University,placement,placement review,cbao54DEmOE,"Shiv Nadar University 2026 Review -  Placement, Campus &amp; Reality Check 🔥",Prabhat Ranjan,2026-04-30T06:30:18Z
Shiv Nadar University,placement,placement review,c44te4XGypg,"VIT Vellore vs Shiv Nadar University 😱 Real Comparison 2026 – Placements, Fees, Admission",BoringMentor,2025-12-11T13:36:03Z
Shiv Nadar University,placement,placement review,AtCDqtAVpuE,Shiv Nadar University MBA Worth It in 2026? 🤔 | Amazing Placements Reality Check 🔥,Management Guy,2025-12-19T14:56:57Z
Shiv Nadar University,placement,placement review,6ik9Vb8G694,SSN is now 🔀 SHIV NADAR University | All About SNU Admissions 2026 | BIG Changes‼️ | HUGE Impact‼️,Career Guidance ASHWIN,2025-12-29T04:30:07Z
Shiv Nadar University,placement,placement review,GGC7vDdulSQ,Shiv Nadar University Exposed 🤬 Placements Reality Nobody Tells You,Boring Bing,2026-04-01T15:31:16Z
Shiv Nadar University,placement,placement review,X-FfCSJlk2g,New Campus of Shinvnadar University | SNU Chennai Review | Better than VIT Chennai?,MindCreed,2024-12-08T09:34:15Z
Shiv Nadar University,placement,placement review,vhPandIsgjc,Shiv Nadar University 🤐|#cuet #sat #college #jee #jeemains #12th #jeeadvanced #shivnadaruniversity,Tushar Singh,2025-01-04T05:07:11Z
Shiv Nadar University,placement,placement review,022ZyFwqw2o,"Shiv Nadar University Worth It in 2026? 🤔 | Placements, Fees &amp; Honest Review✅",Boring Bing,2025-12-15T14:25:49Z
Shiv Nadar University,placement,placement review,AU-TR0fw1hk,Don&#39;t Join SHIV NADAR University Right Now ! SNU Review,Ritik Meghwani,2026-02-17T07:00:07Z
Shiv Nadar University,placement,placement review,FUaoTWas6Ok,SSN vs Shiv Nadar University Chennai 😱 Don’t Choose Before Watching | Real Student Reviews,Suman Mpm,2026-04-14T14:25:14Z
FLAME University,placement,placement review,lbI4w4yvL5o,Flame University College Review #collegeadmissions #flameuniversity #collegereview,Sandhya- College Review ,2025-04-05T11:25:35Z
FLAME University,placement,placement review,-dYcpMNK09E,"Flame University Pune Exposed 🤬 Placements, Fees &amp; Honest Review!",Management Guy,2026-03-21T08:30:00Z
FLAME University,placement,placement review,Usq19oeTWd8,POV: You are in Flame University Pune | MHT-CET | Private Colleges of Pune #shorts #college #mhtcet,CONCEPT SIMPLIFIED ,2024-12-18T14:01:36Z
FLAME University,placement,placement review,EhfIFyhawJc,"Honest Review of FLAME University - Fees, Placements, Admission Process etc",Kavach Khanna,2025-11-11T11:03:48Z
FLAME University,placement,placement review,xmzHIQImRgY,"Flame University Pune Student Experience | Hookups, Party, Drugs, crowd, placements",Harshit Chauhan,2024-03-25T06:20:00Z
FLAME University,placement,placement review,tBmU9iooGE8,Why MBA ? | Voices of FLAME Students | FLAME University Pune ,Cetking,2025-12-25T14:30:57Z
FLAME University,placement,placement review,-CsOd6POnaA,Does Bad profile hamper placements ft. Prof Sandeep FLAME  University Pune,Cetking,2025-01-25T14:30:00Z
FLAME University,placement,placement review,4xgTjJE75Pw,"FLAME University Pune Review | Programs, Admissions, Fees, Placements, ROI",Shiksha Nerd,2025-11-04T12:30:10Z
FLAME University,placement,placement review,aAOvYGXB4mU,"MBA vs Msc Economics at Flame University | Reality from Current Students at FLAME University, Pune",Kavach Khanna,2026-03-01T09:04:49Z
FLAME University,placement,placement review,WmooLjEoOzE,Part 1 - Campus Insider FLAME University | Honest Review ft. Sanika Mate,IPMAT BBA Prep with IMS,2026-02-15T17:44:41Z
MIT World Peace University,placement,placement review,fkbs51FRHMw,"MIT World Peace University Pune MBA Review | Fees, Placement, ROI &amp; Admission Reality – Must Watch!",Everything For MBA,2025-12-28T15:01:14Z
MIT World Peace University,placement,placement review,bLOi1-03Vxw,MIT PUNE COLLEGE REVIEW 🔥 PLACEMENT RECORD 😱 #college #iit #mitpune #iitbombay #VED,ScholarlySteps,2025-08-03T12:18:33Z
MIT World Peace University,placement,placement review,ZGnwSEmsyKA,"MIT-WPU Pune Review 2026 | Fees, Placements, Admission &amp; Campus",Career Mantrana,2026-06-15T12:16:26Z
MIT World Peace University,placement,placement review,mIkFzuYRyiY,Mit - Wpu Engineering review by 4th year student| Mit Kothrud engineering review by student|,18UP - Careers,2025-05-16T06:37:20Z
MIT World Peace University,placement,placement review,xhTp55-rd8c,"MIT WPU is amazing 😍 Placements, Fees &amp; BTech CSE Honest Review!",Boring Bing,2025-05-11T14:40:17Z
MIT World Peace University,placement,placement review,DG5IWQsJgvc,MIT WPU Placements: Easy Nahi Hai… But Worth It? #lcc #placement #jobs #mitwpu #pune #studentlife,shiksha.com,2026-05-07T02:30:10Z
MIT World Peace University,placement,placement review,aB6VsxsNPlU,MIT engineering placements #cope #pict #vit #pccoe,18UP - Careers,2025-07-26T14:43:24Z
MIT World Peace University,placement,placement review,g2uJx-YCmac,MIT WPU Pune University Review | Is It Worth It? MHT CET 2024,CAREER ALFA - JEE,2024-07-09T13:24:19Z
MIT World Peace University,placement,placement review,gXUyrkbtzsQ,"MIT World Peace University Pune BTech Review | Eligibility Criteria | Admission, Fees &amp; Placements",Collegehike Jee,2026-03-13T13:30:48Z
MIT World Peace University,placement,placement review,Hyc3EHKBew0,"MIT World Peace University Pune BBA Review 🔥 Fees, Placements &amp; Reality",Everything For BBA,2025-12-24T15:00:29Z
ICFAI University,placement,placement review,5qHBnT4rb4s,B.Tech from ICFAI? 😱 Highest Package 46 LPA | Placement &amp; Full Details by Harsh sir,Vedantu College Connect,2026-05-29T11:58:41Z
ICFAI University,placement,placement review,Rxhr2fJrZlY,ICFAI University TRIPURA // Placement and Package #placement #icfaiuniversity #tripura #agartala,Gagan Das ®,2024-07-22T03:25:50Z
ICFAI University,placement,placement review,c9OWAB3-ohc,"ICFAI University Jharkhand Law College Review 2025 | Admission, Fees &amp; Placements | BALLB | LLB |",LAW Studentkhabri,2025-09-14T07:30:17Z
ICFAI University,placement,placement review,oqXrzk1-l8I,"ICFAI Business School (IBS) Mumbai Review : Admissions 2024, Courses, Fees, Ranking, Placements",shiksha.com,2024-06-12T10:57:40Z
ICFAI University,placement,placement review,xGiwkRbOwLs,"Insights into ICFAI Business School (IBS): IBSAT 2025, Admissions &amp; Placements",Careers360,2025-11-18T05:45:22Z
ICFAI University,placement,placement review,kqOLk5S1yN8,"ICFAI Business School (IBS) All Campuses Review 2024 | Courses, Fees, Placements &amp; Faculty Details",College Review Unfiltered,2024-10-06T10:13:35Z
ICFAI University,placement,placement review,_-Yt98s5BlM,"ICFAI ISB Business School Hyderabad Review: Courses, Fees, Placements Recruiters 2024 | CollegeDekho",CollegeDekho,2024-12-12T13:07:11Z
ICFAI University,placement,placement review,G_iCdbjDptk,"ICFAI UNIVERSITY RANCHI JHARKHAND 2023| Campus Review | Placement का सच | Campus tour, admission fee",CHANDAN SHARMA,2023-07-17T20:12:50Z
ICFAI University,placement,placement review,h1SdKRmJfi0,ICFAI MBA Jaipur median Salary #mbacolleges #mbasalary #cmat,CareerKul,2024-12-18T14:31:50Z
ICFAI University,placement,placement review,f0nymVRDJs4,ICFAI University Review🤯||Reality Explained😶,Sukanya Jaswal,2025-05-30T15:54:51Z
Parul University,placement,placement review,-HhsiTCmmTw,"Parul University Detailed Review 2026 | 📊 Highest Package, Courses &amp; Placement Data! | Careers360",Careers360,2026-04-30T06:30:00Z
Parul University,placement,placement review,OuH0OEwLSMs,"Parul University Vadodara Latest Placements: Highest Package, Average Package, Top Recruiters",Collegedunia,2025-08-10T12:56:00Z
Parul University,placement,placement review,VuIaZWFDZHM,Parul University Vadodara ￼Honest review￼| Hidden Placement Truths Exposed! 🤔,Sahil Panwar ,2025-06-24T22:30:13Z
Parul University,placement,placement review,Pk45h-TJ-uU,Is Parul University a Scam? 🤬 Honest BTech CSE Review 2026 ✅ Fees vs Placements!,Boring Bing,2024-11-24T12:30:19Z
Parul University,placement,placement review,wXhI_S2w5s4,Lunch at parul University #food #hostellife #viralvideo,Rabiya Ali,2024-11-14T13:13:40Z
Parul University,placement,placement review,yOeiggFZYh0,"Parul University BTech Review | Fees, Admission, Placements, Cutoff",shiksha.com,2024-10-01T08:06:01Z
Parul University,placement,placement review,yvGereCCf2A,Parul University Review 2025 | Placements? | Fees? | Parul University Vadodra | Online Courses 2025,Kapil Samuel,2025-01-13T14:33:00Z
Parul University,placement,placement review,jZRexq02f1Q,Parul university placement offer rejected ? || Minivlog-31 || JI PANDEY JI #shorts,JI PANDEY JI,2024-01-14T02:30:19Z
Parul University,placement,placement review,eHwvOFK5ics,Is Parul University a Scam? 🤬 Honest BTech CSE Review 2025 | Fees vs Placements Exposed!,Sahil Panwar ,2025-05-09T06:30:20Z
Parul University,placement,placement review,jPFPkLcaig8,Placements at Parul University | A Hub for Golden Opportunities,Parul University,2023-03-19T10:22:04Z
Chitkara University,placement,placement review,Sy1EbgTtZN4,"Chitkara University | 1.2 Cr+ Package 🤑|  Admission, Fees, Placement 🔥| College Review #review",Keshav Lakhotia (IITIAN),2023-04-04T07:30:05Z
Chitkara University,placement,placement review,mgCNg9nXJZE,Chitkara University mai itni hoti hai placement | Standup Comedy,LaughWithShivansh,2023-08-02T17:40:06Z
Chitkara University,placement,placement review,VWB6wKVWmdk,CHITKARA UNIVERSITY🔥| SECRETS REVEALED😱| Placements | Companies😍| College Review [2023],Jatin Kamra,2023-05-04T05:29:27Z
Chitkara University,placement,placement review,O-B-8dDzIDI,"Chitkara University BTech Complete Review  | JEE Cutoff | Direct Admission | Fees, Scholarship &amp; ROI",Student Adda,2026-02-24T13:30:32Z
Chitkara University,placement,placement review,r867ABZJQdU,"Chitkara University BTech Honest Review | Fees, Cutoff &amp; Scholarship | Admission Process &amp; Placement",College Disha,2026-02-04T13:21:45Z
Chitkara University,placement,placement review,CGd6tBjb4Zc,Chitkara University Placements: Empowering Futures || Placements at Chitkara University,Gurleen Singh,2023-08-02T13:30:29Z
Chitkara University,placement,placement review,INZOMbJyj6o,CHITKARA UNIVERSITY PLACEMENT😰| Reality of chitkara university Placement 😖| A GUY FROM CHANDIGARH,A Guy From Chandigarh !,2023-10-21T15:51:05Z
Chitkara University,placement,placement review,8hEFLQ6s3Bc,The Dark Side of Chitkara University Exposed 😱 | Chitkara university reviews #shorts,Crazee reviews,2024-05-20T11:40:29Z
Chitkara University,placement,placement review,CxZQzsOaNi8,CHITKARA University for MBA 2025? 🚨 MBA Placements &amp; Fees | Honest Review🔥,Management Guy,2025-03-10T13:53:57Z
Chitkara University,placement,placement review,JJe-H3v1N-s,"Chitkara University Better than LPU &amp; CU? 😳 Honest Review | Placements, Fees, Campus Reality✅",Boring Bing,2025-06-17T15:11:43Z
Alliance University,placement,placement review,nfsqeDEv78g,Alliance University BTech Complete Review | Scholarship | Admission Process &amp; Placement | JEE Cutoff,Mantasha Saifi,2026-04-07T12:54:06Z
Alliance University,placement,placement review,h0uRE3BVpms,Alliance University Bangalore PLACEMENT Secrets Revealed,vidhyaa.in,2026-01-09T13:30:55Z
Alliance University,placement,placement review,lLUe1mXqWYo,"Alliance University Bangalore MBA Review 2026 | Fees, Placement, ROI &amp; Admission Reality–Must Watch!",Everything For MBA,2025-12-18T15:01:32Z
Alliance University,placement,placement review,QernHhAWeeA,"Alliance University Bangalore Review : Courses, Fees, Ranking, Placements",shiksha.com,2023-02-09T08:30:05Z
Alliance University,placement,placement review,u7aGw-L4SiI,"Alliance University Bangalore Review 2024 ✅ All About Batch Size , Cutoffs , Placements 🔥#mba",MBA with Arshi Khan,2024-02-11T06:30:22Z
Alliance University,placement,placement review,Z9xoiCxjyDs,Alliance Alumnus Placed with 38 LPA | Alliance University | MBA 2022-24,Alliance University,2025-02-21T05:26:03Z
Alliance University,placement,placement review,-p_431w5iRw,Alliance University Placement Story | MBA Student Joins HealthAsyst,Alliance University,2025-09-11T14:30:02Z
Alliance University,placement,placement review,3oHtK4yy5Xk,"Alliance University Bangalore Review 2026 🔥 Fees, Placements &amp; ROI Truth!",vidhyaa.in,2026-04-25T15:00:05Z
Alliance University,placement,placement review,iXqMYPoy91M,Alliance University B.Tech. Student Secures Placement at Standard Chartered | Career Success Story,Alliance University,2025-06-30T12:00:02Z
Alliance University,placement,placement review,2LTKJFufQ7A,"Alliance University Bangalore Review 2026 | Courses, Fees, Placements, Ranking, Worth It?",Guru Chakachak,2026-04-23T06:00:17Z
IIIT Hyderabad,placement,placement review,RKmcqK5_FQk,IIIT Hyderabad Review in One Minute 🔥 #shorts #iiitmotivation #iiithyderabad,Ritik Meghwani,2022-07-09T15:30:13Z
IIIT Hyderabad,placement,placement review,SevHtRimHYI,"💥 All About IIIT Hyderabad 2025 | Fees, Ranking, Placement &amp; Admission Process! #IIIT",Careers360,2025-05-19T11:43:13Z
IIIT Hyderabad,placement,placement review,aL_QJtMv8PI,IIIT Hyderabad College Review 2025 : Truth About Placements &amp; Campus Life,Prabhat Ranjan,2025-11-07T06:30:01Z
IIIT Hyderabad,placement,placement review,HJBbxvfWlN4,IIIT Hyderabad  CSE Placements Statistics (2024) | BTech &amp; MTech | 🏢 Companies | 💰 Salaries | Stats,Dr. Kishalay Das KD,2024-12-22T04:30:06Z
IIIT Hyderabad,placement,placement review,d2mD7LklaLg,Is this college better than IIT BOMBAY ? - IIIT Hyderabad review,Ritik Meghwani,2023-12-18T14:30:09Z
IIIT Hyderabad,placement,placement review,jREMkni4MBw,"JEE Advanced Topper, Chose IIIT Hyderabad 🔥🥵  IIT Motivation status   IIT Status #shorts #iitbomba",Esaral Fanclub,2025-01-12T03:25:43Z
IIIT Hyderabad,placement,placement review,7dIB5D_wmPI,"All About IIIT Hyderabad | Admission, Life &amp; Beyond! | Abhirup M.Tech (CSE) IIIT Hyderabad",GO Classes for GATE CS,2025-04-16T11:30:06Z
IIIT Hyderabad,placement,placement review,Wl5Kl1RSxgw,IIIT Hyderabad review in 60 Seconds – Better Than IITs? | Part-6/50 🎓 | #shorts #iithyderabad,Mahatva Kaushik,2025-06-11T12:30:36Z
IIIT Hyderabad,placement,placement review,nk2uQvBvPmk,"IIIT Hyderabad Student Life EXPOSED! 🎙️ Hostel Struggles, DSA Grind &amp; Real Placements | Podcast",VectorX Academy,2025-06-21T15:18:13Z
IIIT Hyderabad,placement,placement review,f2ViF_Uk7U4,IIIT Hyderabad Placements 2025 💼 | Highest Package | B.Tech CSE Department | IIIT Hyderabad #shorts,Prateek Jain - Rank to College,2025-10-15T13:30:48Z
IIIT Bangalore,placement,placement review,0suDOvtUUQI,"IIIT Bangalore Placement Report 2025, MTech iMTech Placement of IIIT Bangalore 2025",Ujjwal Kumar Sen Clips,2026-02-20T10:55:54Z
IIIT Bangalore,placement,placement review,XFgAgJ3fLk8,Why Choose B.Tech. &amp; M.Tech in AI&amp;DS at IIIT-Bangalore? Insights from HoD Prof. Dinesh Babu Jayagopi,IIIT-Bangalore,2025-03-06T07:35:58Z
IIIT Bangalore,placement,placement review,squJ0J1ERAc,"IIIT Bangalore Placements &amp; Closing Ranks: Salaries, Top Recruiters &amp; More!",Careers360,2025-01-06T07:26:01Z
IIIT Bangalore,placement,placement review,aMSp_s66ErI,IIIT Bangalore college review 2025 : Truth About Placements &amp; Campus  Life,Prabhat Ranjan,2025-11-09T06:30:00Z
IIIT Bangalore,placement,placement review,FrpkBvvH6rM,1.45 Crores Package | IIIT Bangalore Placements 2025🔥,The MS BESTS,2025-11-06T14:34:07Z
IIIT Bangalore,placement,placement review,S83aCgXBluc,IIIT Bangalore Complete Review | Placements | Hostel | Mess | Curriculum | Maitri Trivedi,Mansi Somani,2025-05-18T12:10:15Z
IIIT Bangalore,placement,placement review,DpYKK5gIBKs,"IIIT Bangalore Reality 😱 Placements, Campus Life &amp; Internships EXPOSED | ft. Abhipsa",Squirrel IITM,2025-09-08T13:30:06Z
IIIT Bangalore,placement,placement review,aMMBYKh3-xM,"💥 All About IIIT Bangalore 2025 | Fees, Ranking, Placement &amp; Admission Process! #IIIT",Careers360,2025-05-27T12:28:10Z
IIIT Bangalore,placement,placement review,E1YbCRcLLY8,IIIT - Bangalore Admission 2023 | IIIT - B Specialty ఇదే  | Dr Satish | Prime9 Education,Prime9 Education,2023-06-29T14:13:11Z
IIIT Bangalore,placement,placement review,s4o4VsfYspg,All about IIIT Bangalore✅✅#iiit #iiitb #iiitbangalore #bangalore #jee #jee2025 #btech #engineering,Vedantu JEE Made Ejee,2024-07-23T09:30:15Z
IIIT Delhi,placement,placement review,PeKsM33Bag0,"IIIT Delhi 💥 100% placement Secret Revealed! | Cutoff, Fees, Placements, JAC Delhi Counselling 2025",Set time - Bound goal,2025-04-13T13:21:45Z
IIIT Delhi,placement,placement review,6IgFZ1B7WkI,IIIT Delhi College Review 2025: Truth About Placements &amp; Campus Life,Prabhat Ranjan,2025-11-08T06:30:03Z
IIIT Delhi,placement,placement review,bMGz2vrCMdQ,"IIIT Delhi Placement Reality 🔥 Highest Package, Average, Campus Life",Education Ji,2026-03-20T06:46:22Z
IIIT Delhi,placement,placement review,ZQ6lh6cbXYY,"IIIT Delhi Review - My College Reality Exposed - Pressure, Placement, Pros &amp; Cons #IIIT #iiitdelhi",College Option,2026-01-05T14:01:03Z
IIIT Delhi,placement,placement review,ilqOwCO6efY,IIIT DELHI 🔥 Average Package of 21 Lakhs 🤩,JEE Wallah,2023-03-11T14:30:23Z
IIIT Delhi,placement,placement review,n46-KTF7F3A,IIIT Delhi Honest College Review #iiit #iiitdelhi #engineering #iitjee #college #iitmotivation #jee,Kampus Katha,2024-10-03T12:53:26Z
IIIT Delhi,placement,placement review,17ISx8YraR4,IIIT Delhi College Review in 60 Seconds 🔥 | #shorts #iiitd #jee,Mahatva Kaushik,2025-05-29T11:52:13Z
IIIT Delhi,placement,placement review,u5h-vftypnE,"IIT Delhi vs IIIT Delhi | Placements | Compare Fees, Courses, Placements and Campus #iit #iiit",shiksha.com,2025-09-18T04:51:41Z
IIIT Delhi,placement,placement review,nuOcS0fQsOo,"IIIT Delhi BTech Review | Fees, Admission, Placements, Cutoff",shiksha.com,2024-11-12T11:16:47Z
IIIT Delhi,placement,placement review,8G_xr889Fic,"The Ultimate IIIT Delhi Review 📊 | Placements, Cutoffs &amp; Salary Data EXPOSED!",Btech360,2026-03-26T09:19:19Z
IIIT Allahabad,placement,placement review,elNSn5oX0O0,"💥 All About IIIT Allahabad 2025 | Fees, Ranking, Placement &amp; Admission Process! #IIIT",Careers360,2025-06-06T08:05:46Z
IIIT Allahabad,placement,placement review,CR9P6rM0H9o,IIIT Allahabad College Review | In Short,Apna College,2023-03-15T06:24:50Z
IIIT Allahabad,placement,placement review,QsgmvoR8K_0,IIIT Allahabad CSE or 2nd Gen IITs - Where to Go?? #iitjee #jeemains,Nishant Jindal [IIT Delhi],2025-02-04T14:30:11Z
IIIT Allahabad,placement,placement review,cPqhG1GKfds,IIIT Allahabad Placements 😳 1 Crore Package? Full Reality Check! | By Kriti Shankar,Education Ji,2026-03-18T12:12:54Z
IIIT Allahabad,placement,placement review,NyzDbEZzQqw,"All About IIITs - Highest Package, Average Salary &amp; JEE Cutoff",Vedantu Telugu,2025-12-03T08:34:02Z
IIIT Allahabad,placement,placement review,ISC10mI6dJY,1.2 Crores Package | IIIT Allahabad Placements 2025🔥 | Branch wise Report,The MS BESTS,2025-10-11T13:17:22Z
IIIT Allahabad,placement,placement review,7Knwf20lnoE,IIIT Allahabad college review 2025 : Truth About Placements &amp; Campus  Life,Prabhat Ranjan,2025-11-11T06:30:03Z
IIIT Allahabad,placement,placement review,HHJQdqe2Gwc,IIIT Allahabad Placements 2025 - 2026 | B.Tech + M.Tech | Must Watch Before Admission!,"Mechenzi - Placements, Colleges & Career",2026-05-27T04:10:14Z
IIIT Allahabad,placement,placement review,Ub7feV7vyS4,Top 5 IIITs according to Placement and Fees✅✅#jee #jee2025 #iitjee #iiits #iiitjabalpur #jeemains,Vedantu JEE Made Ejee,2024-10-05T07:30:08Z
IIIT Allahabad,placement,placement review,xICq1H6Vdy0,"IIIT Allahabad Placement Report 2025, BTech MTech Placement Report of IIIT Allahabad 2025",Ujjwal Kumar Sen Clips,2026-03-07T11:30:53Z
IIIT Gwalior,placement,placement review,Gp-IFSqhEm4,"ABV-IIITM Gwalior Complete Review 📊 | Placements, Cutoffs &amp; Salary EXPOSED!",My Channel,2026-03-31T11:05:30Z
IIIT Gwalior,placement,placement review,A1VWpJkOHYw,IIITM Gwalior college review 2025 : Truth About Placements &amp; Campus  Life,Prabhat Ranjan,2025-11-10T08:30:09Z
IIIT Gwalior,placement,placement review,vXtlkLd3gF0,"ABV IIITM Gwalior Review 2026 🔥 Placements, Fees, Cutoff, Reality Check | Worth It or Not? 🤔",Career Margdharshan ,2026-03-29T09:30:19Z
IIIT Gwalior,placement,placement review,axVzMBs_hAA,IIITM Gwalior Review 2025 | Better Than Top NITs?😱 | Placements | Cutoff | Campus | Hostel | Fees,Sahil Gohri,2025-12-04T13:30:10Z
IIIT Gwalior,placement,placement review,VBvj14aeA3M,IIITM Gwalior College Review in One minute 🔥  #shorts #iiit #iit #jeemains #iitmotivation,Ritik Meghwani,2022-09-06T16:00:10Z
IIIT Gwalior,placement,placement review,D1dfNZFROhY,IIIT HOSTEL ROOM TOUR | IIITM GWALIOR | COST? | DO AND DONTS,Raghav Bagdi,2025-06-23T08:06:19Z
IIIT Gwalior,placement,placement review,PWDoaXxqvjY,IIITM Gwalior (ABV IIITM) : B.Tech Program Review,shiksha.com,2024-07-04T06:17:51Z
IIIT Gwalior,placement,placement review,Bsvr2tsy1Rc,IIIT Gwalior: Institute with 1.95 Cr Highest Package 😱 #iitjee #iitnit #motivation,Yash Garg,2026-05-14T12:35:18Z
IIIT Gwalior,placement,placement review,-YmF9Olq5Gs,🔥 IIIT Gwalior Cutoff 2026 😱 Top Branches + Hidden Placement Truth 💰,Vision Career Institute ,2026-04-26T02:47:00Z
IIIT Gwalior,placement,placement review,r55KJfY_Ggw,"IIIT Gwalior College Review 2025 🥳 | Honest Review 🔥 | Placements, Cutoff, Sports | IIIT Gwalior",TRI-PATH ACADEMY,2024-11-14T14:07:31Z
IIIT Lucknow,placement,placement review,BcZjNkB3UEc,"IIIT Lucknow Review 2025 | Placement, ROI &amp; Reality – By Harsh Sir 🚀 #placementreview #nitie #mits",Study shorts,2025-10-30T05:43:55Z
IIIT Lucknow,placement,placement review,Hrb6p0TYUAM,"IS MBA From IIIT LUCKNOW  Really Worth It ? | IIIT MBA Review , Placement , Package , ROI, ALL INFO✅",Abhi Concept,2026-05-10T05:59:44Z
IIIT Lucknow,placement,placement review,ejqmefrh8gk,"The REAL IIIT Lucknow MBA Experience: Placements, Life, and Advice for Freshers",Harshita,2026-06-07T06:20:13Z
IIIT Lucknow,placement,placement review,fNJn4hxcT8E,IIIT Lucknow Review in One Minute 🔥 #shorts #iiitmotivation #iiitlucknow,Ritik Meghwani,2022-08-23T14:41:47Z
IIIT Lucknow,placement,placement review,XKdcvutw1nY,IIIT Lucknow Placements 2025 - 2026 | B.Tech + M.Tech + MBA + MSc | Must Watch Before Admission!,"Mechenzi - Placements, Colleges & Career",2026-04-15T16:06:35Z
IIIT Lucknow,placement,placement review,fOM4m_6aXHE,IIIT Lucknow Placements 2024🔥 | B.Tech &amp; M.Tech | Best IIIT?😱 Review,The MS BESTS,2024-08-01T13:24:49Z
IIIT Lucknow,placement,placement review,F3RbAx7PA9k,"IIIT Lucknow Dark Side 2026 😳 | Placement, Pressure &amp; Reality Check⚠️ All Category Cutoff #iiit ",AC Study Centre,2026-05-25T08:57:51Z
IIIT Lucknow,placement,placement review,CDPfPGX4k8o,IIIT Lucknow Review | IIIT Lucknow college Review | Placements | IIIT Lucknow Campus Review,The Insights Room ,2024-09-15T03:30:05Z
IIIT Lucknow,placement,placement review,6Ab9nd9qtSE,IIIT LUCKNOW MSc Data science Placement || IIIT Lucknow Placement reality || BTech/ Mtech/ MBA #iiit,AnalyticEdge(IITK),2025-05-28T13:30:31Z
IIIT Lucknow,placement,placement review,9jybNFYuRtM,Iiit Lucknow 💯 % placements | #vedantu #viral #trending #ashortaday #shortvideo #iit #iiit #VED,Study bites,2025-07-18T18:09:17Z
IIIT Jabalpur,placement,placement review,GL_BKiRH0Rk,"IIIT Jabalpur Placement Report 2025, BTech MTech Placement of IIIT Jabalpur 2025",Ujjwal Kumar Sen Clips,2026-03-07T15:30:09Z
IIIT Jabalpur,placement,placement review,86QdoznxjsI,IIITDM Jabalpur College Review : Truth About Placements &amp; Campus  Life,Prabhat Ranjan,2025-11-12T06:30:12Z
IIIT Jabalpur,placement,placement review,OP7ullIqgzc,"IIITDM Jabalpur Honest Review 2026 | Placements, Campus, Cut-off , Pros &amp; Cons | Video -74/365",College Drisya,2026-03-17T16:35:06Z
IIIT Jabalpur,placement,placement review,Ev2MHQrGqQc,IIIT Jabalpur Review 2025 | Better than IITs?🔥 | Placements | Campus | Cutoff | Hostel,Sahil Gohri,2025-12-10T13:30:29Z
IIIT Jabalpur,placement,placement review,CZOcAUZxP0s,Highest Package ₹1.2 Cr at IIITDM Jabalpur 😲,JEE@Aakash ,2025-06-16T10:52:38Z
IIIT Jabalpur,placement,placement review,XP42abJ8PRk,IIITDM Jabalpur Review 2026 | Cutoff | Placement | Campus | Hostel | Fees | JoSAA 2026 | CSAB 2026,Education Side,2026-04-08T05:15:05Z
IIIT Jabalpur,placement,placement review,rwem7s-jKVQ,"IIITDM Jabalpur (IIITDMJ): Cutoff, Placement, Fees, Ranking, Admission 2025, Courses",Set time - Bound goal,2025-03-04T08:56:36Z
IIIT Jabalpur,placement,placement review,MATmqZ76Dq8,IIITDM JABALPUR Placements 💼🔥 | Highest Package &amp; Avg Package Revealed,Prabhat Ranjan,2025-12-18T02:30:28Z
IIIT Jabalpur,placement,placement review,Z3PwqWpUqQc,Biryani in IIIT Jabalpur 🍛#studentlife #iiit #hostellife #studyvlog #collegelife #dailyvlog #shorts,Apana Safar ,2025-10-08T14:15:52Z
IIIT Jabalpur,placement,placement review,xbwiu6V1evk,IIITDM Jabalpur 🔥 Highest CTC Upto 44 Lakhs🤩💪 #PWShorts #PhysicsWallah,JEE Wallah,2023-04-21T13:30:24Z
IIIT Kottayam,placement,placement review,FlFPB_wGK1E,IIIT Kottayam Placements 2025 - 2026 | B.Tech | Must Watch Before Admission!,"Mechenzi - Placements, Colleges & Career",2026-05-11T01:31:50Z
IIIT Kottayam,placement,placement review,iURfRs6v50k,Placements Stats of all previous years  - IIIT Kottayam,HACKOVERSE EDU,2025-10-23T11:49:50Z
IIIT Kottayam,placement,placement review,QfT5MqrkZfw,IIIT കോട്ടയം: അറിയേണ്ടതെല്ലാം 📌 | Everything about IIIT Kottayam #iiit #iiitkottayam,XandY Learning,2025-05-15T13:30:18Z
IIIT Kottayam,placement,placement review,8ruQKW0_LXo,"IIIT Kottayam Honest Review 2026 | Placements, Fees, Hostel Reality &amp; Cutoffs 🔴",ItsHarsha,2026-06-01T06:30:10Z
IIIT Kottayam,placement,placement review,_z12ehL-4YM,"IIIT Kottayam Review : Ranking, Fees, Courses, Admission 2024, Placements",shiksha.com,2024-04-02T11:54:27Z
IIIT Kottayam,placement,placement review,5nsscKDbMUE,IIIT Kottayam Comparison,shiksha.com,2024-11-27T07:18:24Z
IIIT Kottayam,placement,placement review,xLQkH9HT40M,IIIT KOTTAYAM Quick Review🔥|Placement💶Growth📈Cutoff📊 #iiit#jeemain2023#jeemains#jeemain#iitjee,CollegeTpoint by Counselling guruji,2023-03-09T12:51:14Z
IIIT Kottayam,placement,placement review,jNvAFBf2uhI,IIIT Kottayam: Last 3 years Cutoff Comparison for Top BTech Courses,shiksha.com,2024-09-19T10:52:00Z
IIIT Kottayam,placement,placement review,sG6fEErbAHs,IIIT Kottayam in the Monsoon! God&#39;s Own Country | Kerala | IIITK Campus #iiitkottayam #iiit,SANJAY ,2023-07-03T14:59:23Z
IIIT Kottayam,placement,placement review,VMVB4ccZVHE,"IIIT Kottayam Hindi College Review 2026 | Placements, Cutoff, Fees, Hostel, admissions..|",HACKOVERSE EDU,2026-02-13T14:30:22Z
BITS Pilani,placement,placement review,uXn85kgphuA,BITS Pilani College Review | In Short,Apna College,2023-02-11T14:56:02Z
BITS Pilani,placement,placement review,s7dRJ7joVqI,IIT vs BITS Pilani 🏫 which one is better ? #iit #jee #bitspilani #bitsat,CareerGuide.com,2025-06-21T07:19:09Z
BITS Pilani,placement,placement review,nwX5iXBL6qw,"BITS Pilani vs IITs in 2026 | Placements, Alumni &amp; Secrets",Eknoor Singh,2026-05-02T12:35:08Z
BITS Pilani,placement,placement review,VItqaivC_7E,BITS Pilani ka ASLI SACH!!🔥| Worth it in 2025?😱,Yash Garg,2025-05-03T11:30:23Z
BITS Pilani,placement,placement review,XaPttHaJwM4,BITS Pilani Comparison,shiksha.com,2024-08-27T05:25:58Z
BITS Pilani,placement,placement review,zGbmShuqiOk,PW destroyed BITS?? 😎🧐🤫 PW IOI vs BITS Pilani #bits #pw #pwioi #jee #iit,RDS Vlogs [IIT Guwahati],2025-05-16T14:41:12Z
BITS Pilani,placement,placement review,fXpSj3Zg0ng,"BITS Pilani BTech Honest Review 2026 🔥| BITSAT Exam, Admission Process, Fees, Placements &amp; ROI",Collegehike Jee,2025-12-26T13:20:41Z
BITS Pilani,placement,placement review,dG535tld1IQ,"BITS Pilani BTech CSE Honest Review 🤯 | Pilani vs Goa vs Hyderabad | Fees, JEE Cutoff &amp; Placement",Mantasha Saifi,2026-04-03T12:44:47Z
BITS Pilani,placement,placement review,y6xGWmweVsY,"I failed JEE, but BITS Pilani changed my Life! | 2025 BITS Pilani #jee #jeeaspirants",Somrat Dutta,2025-02-16T13:30:39Z
BITS Pilani,placement,placement review,YrVHkYCtQrQ,My Honest Placements Story at BITS Pilani 😬,Ayaan Khan,2025-09-21T13:30:38Z
BITS Goa,placement,placement review,IovunrI-jrE,"BITS Goa BE Review | Fees, Admission, Placements, Cutoff",shiksha.com,2024-08-29T12:01:36Z
BITS Goa,placement,placement review,0Qu-6bvRbjU,BITS Pilani vs Goa vs Hyderabad Branch Wise Placement Analysis 2026 📊 | BITS Pilani | Btech360,My Channel,2026-06-05T08:58:27Z
BITS Goa,placement,placement review,lN18KxYUyes,BITS have a big advantage compared to others.||Sap Things||,SapThings,2024-07-06T05:30:11Z
BITS Goa,placement,placement review,dIbg6EgMRy4,"BITS - PILANI, GOA, HYDERABAD College Review 2026 | Placement, Fees, Campus, Reality Check 🔥",Prabhat Ranjan,2025-12-30T06:30:20Z
BITS Goa,placement,placement review,RPqyadRZqUI,BITS Goa ka Asli Sach!😂 #shorts| Yash Garg,Yash Garg,2021-01-27T13:42:19Z
BITS Goa,placement,placement review,LOeV1s3bXvM,"BITS Goa Review 😱 Fees, cut-off, Placement &amp; Campus Truth | Video -42/365",College Drisya,2026-02-12T14:00:34Z
BITS Goa,placement,placement review,_n6ab6vEx5c,BITS GOA🏖️ | Placements💸 | Cut Off | Fest🎊 | Hostels | Mess Menu | Sports | Detailed College Review,Rishev Chaudhary,2023-08-16T11:30:12Z
BITS Hyderabad,placement,placement review,o_ERZvx7cU8,*BITS PILANI* Honest Review In తెలుగు🔥|| Best Private College? Placements?,Harsha Verse,2024-05-27T12:46:06Z
BITS Hyderabad,placement,placement review,aNegHxJw_yQ,BITS Pilani Hyderabad Integrated MSc Review,shiksha.com,2024-12-04T11:25:31Z
BITS Hyderabad,placement,placement review,GL8fERg2mFE,"BITS Hyderabad College Review 2025 🥳 | Placements, Fees , Sports ,Hostel | BITSAT Counselling 2025",TRI-PATH ACADEMY,2025-06-29T12:30:32Z
BITS Hyderabad,placement,placement review,0aI-W2KK4YA,"BITS Goa vs BITS Hyderabad comparison Review 2025 🔥|Placement ,Fees,CSE Cutoff’s |MJK sir",Mritunjay [MJK Sir],2025-07-08T10:37:59Z
BITS Hyderabad,placement,placement review,JwWSLluO55k,Ankur Warikoo Reveals The Reality of BITS Pilani #shorts #bitspilani @warikoo,Yatharth Gairola,2023-06-14T09:03:21Z
BITS Hyderabad,placement,placement review,0OTewW0Ub0E,"BITS Hyderabad Campus Tour | Hostels, Mess, Gym &amp; Sports, Lecture Halls, Placements &amp; Much More",Phodu Club,2026-03-26T06:30:05Z
BITS Hyderabad,placement,placement review,a2iFiY5BuW4,BITS HYDERABAD🔥| most expensive college in india 😱 #jee #iit #jee2024 #bitsat,Yash Garg,2023-12-22T12:28:29Z
DTU Delhi,placement,placement review,8coNOZ6hCKs,Why DTU? Hidden Power of Delhi Technological University! 💥 #harshsir #dtu #studentlife #VED #shorts,StudyChampion,2025-07-28T14:20:02Z
DTU Delhi,placement,placement review,KbIi_0T-FDY,Everything About Delhi Technical University in 1 Minute😍😍 #shorts #jee2024 #dtu #dtucutoff #jeeprep,Vedantu JEE Made Ejee,2023-12-06T03:30:05Z
DTU Delhi,placement,placement review,P3IOQKMZXn0,🔥 DTU CUTOFF 2026 | कितने रैंक तक मिलेगी सीट? | JAC Delhi 2026,Career Support JEE,2026-06-14T13:23:12Z
DTU Delhi,placement,placement review,pGmtdspmgGQ,DTU College Review 2026 : Truth About Placements &amp; Campus Life,Prabhat Ranjan,2025-12-19T06:30:27Z
DTU Delhi,placement,placement review,7x9tD3p9JK4,"DTU vs NIT Delhi: Which is better? Compare Ranking, Courses, Salary, Campus, Alumni #dtu #nitdelhi",shiksha.com,2025-07-22T10:55:10Z
DTU Delhi,placement,placement review,Mgk9Gy8Orss,DTU ke Placement ki Sacchai 🔥 | Reality Check 2025 #DTUPlacement  #DTUReality  #EngineeringTruth,Education Ji,2025-05-17T13:14:36Z
DTU Delhi,placement,placement review,5HKF2YxL7Hs,"DTU Admission 2026 Through JEE Main 🔥 Cutoff, Placements, Median Salary &amp; Top Recruiters",My Channel,2026-02-21T11:50:09Z
DTU Delhi,placement,placement review,Fr3l4AVQn7Y,MBA from DTU🔥 | Better than TOP NIT😱 | Low Cutoff &amp; Fee | Worth It?,The MS BESTS,2024-12-25T12:41:40Z
DTU Delhi,placement,placement review,Zj1UZ4j3Lp4,DTU Placement 2025 batch till now  #placement #dtu,Placement Stats,2025-02-09T14:32:02Z
DTU Delhi,placement,placement review,n6C6epd0NcE,DTU Placement Statistics 📈 🤯 1.80+ Crores Package🔥College Review #dtu #dtuplacement,Himanshu Sharma,2023-06-03T05:46:30Z
NSUT Delhi,placement,placement review,BQY0NxX67qM,"NSUT Delhi Reality | Placements, Campus, Hostel &amp; Truth in 2026! | By Kriti Shankar",Education Ji,2026-03-20T11:58:53Z
NSUT Delhi,placement,placement review,qCTs6FBPcdk,"NSUT DELHI College Review 2026 | Placement, Fees, Campus, Reality Check 🔥",Prabhat Ranjan,2025-12-22T06:30:28Z
NSUT Delhi,placement,placement review,CKWBrYK2f3Q,NSUT Delhi 2026 Reality Check 😱 | 1.22 Crore Package? Placements &amp; Fees | Prateek Jain Sir,Prateek Jain - Rank to College,2026-05-10T12:30:13Z
NSUT Delhi,placement,placement review,po0waEBuxts,"NSUT : My College | All about NSUT/NSIT - College Life, Placements, Hostel",Apna College,2023-04-27T17:21:38Z
NSUT Delhi,placement,placement review,dGPAXzvsorQ,NSUT Review🔥| 1.2 CRORE Package: Better than IIT😱[2024],Yash Garg,2023-06-16T14:33:56Z
NSUT Delhi,placement,placement review,XnGPVOt16L0,"NSUT Delhi Placement Report 2025, BTech MTech Placement Report 2025 of NSUT Delhi",Ujjwal Kumar Sen Clips,2025-06-04T06:18:16Z
NSUT Delhi,placement,placement review,jTlCBMopfwU,NSUT Review in One minute 🔥  #shorts #nsut #nsit #jeemains2022 #iitmotivation,Ritik Meghwani,2022-08-03T07:30:12Z
NSUT Delhi,placement,placement review,hbHw0JZ3brw,NSUT Placements Branch Vise🤩 Detailed Placements🤫 Every Branch 🤫 Highest Package?Avg. PACKAGE?,Sanjay Yadav,2023-06-24T13:47:59Z
NSUT Delhi,placement,placement review,0JtDHt9nnOM,"NSUT Delhi MBA I All About NSUT Delhi I Admission Process, Courses Offers, Cutoff, Fess, Placement",Ankit Verma - MBAshala,2025-03-29T05:36:25Z
NSUT Delhi,placement,placement review,OPEwR58dGZs,NSUT Vs DTU PLACEMENT ✅| HONEST REVIEW 🫢| WHAT TO CHOOSE |✅,A Mechanical Engineer,2025-06-11T15:54:04Z
Punjab University,placement,placement review,p9sqMUmBAzc,"PANJAB university chandhigarh review video || Campus, political, placement, career &amp; more details",RJ SHUBHAM,2023-07-06T08:45:39Z
Punjab University,placement,placement review,O60M55h1lWY,Panjab University Placements Revealed! 💼 | Highest Package &amp; Top Recruiters #lcc #punjab #salary #yt,shiksha.com,2025-11-17T07:00:19Z
Punjab University,placement,placement review,6_9DfhSM9Nk,All about UIET Chandigarh✅✅#shorts #uiet #uietchandigarh #engineering #colleges #btech,Vedantu JEE Made Ejee,2024-03-27T14:30:03Z
Punjab University,placement,placement review,RPoAWZQdAfE,Best Placement Ever 😱 | Placement Day : CGC Jhanjeri #placement #interview #package,MG MHJN,2024-12-10T20:18:42Z
Punjab University,placement,placement review,vQ8hkb2gaOc,Is PU Chandigarh Worth It? | Panjab University 2026 Admissions Guide Review | Watch Before Applying,Bibliophile Maniac aka Lokeshna Bulani,2026-03-31T06:14:07Z
Punjab University,placement,placement review,zPpyI5qwsDk,Panjab university Chandigarh🤩. |minivlog| #shorts #university #trending,Wake Up Stuti,2023-07-20T10:30:17Z
Punjab University,placement,placement review,8CEo9iEJDm8,Chandigarh University Reality check 🫣 #convocationday #chandigarhuniversity #collegestudents #short,Imran Vlogs,2025-04-18T11:10:02Z
Guru Gobind Singh Indraprastha University,placement,placement review,VvuTsBLqTmU,"All About GGSIPU ( IP University ) 📚 Admission Process, Eligibility, Placements, Courses",Adda247 CUET,2024-06-08T05:15:01Z
Guru Gobind Singh Indraprastha University,placement,placement review,Q0GuP2paIBQ,Top 5 IPU B.Tech Campus with Crazy Placements🚀 #jee #iit #jee2024 #ipu,Yash Garg,2024-07-01T12:42:43Z
Guru Gobind Singh Indraprastha University,placement,placement review,gzn-mgTStk4,Placements in IPU🥲| #trending #college #ipu #placement #viral #shortsfeed #ytshorts #funny,College Khabar,2023-09-23T10:56:38Z
Guru Gobind Singh Indraprastha University,placement,placement review,yjxc1ZIqli4,Low Rank? GGSIPU Seats Still Available! #ggsipu #ggsipucollege #ggsipuniversity #jee2025 #jeemains,Vedantu JEE Made Ejee,2025-06-15T03:30:42Z
Guru Gobind Singh Indraprastha University,placement,placement review,GQjvy9K8eG8,"All about (GGSIPU) Indraprastha university DELHI - Fees, placement, courses, campus, admission etc.",Campus Safari,2023-03-20T08:59:00Z
Guru Gobind Singh Indraprastha University,placement,placement review,uMyM4HUu9ug,"IPU colleges expected cutoff 2024 | USLLS, VIPS etc | #clat #cuet",CHIA speaks,2024-02-06T14:57:13Z
Guru Gobind Singh Indraprastha University,placement,placement review,_IzbJ7z8jQQ,JEE khatam ? Top 5 Colleges Through GGSIPU ❤️‍🔥 #jeemains #ggsipu #shorts #ritikmeghwani,Ritik Meghwani,2025-04-11T13:34:19Z
Guru Gobind Singh Indraprastha University,placement,placement review,LJSrDkVLzz0,Which One Is Better? Delhi University vs IP University 🏫 #shorts,CUET by Gokul Chhabra,2024-02-10T06:46:16Z
Guru Gobind Singh Indraprastha University,placement,placement review,l1Bsxa5Ieq0,#ipu students can relate 😂 #ggsipu #reels #create #youtube #shorts #viral #trending #delhi #college,Simple boiii,2023-01-25T16:12:32Z
Guru Gobind Singh Indraprastha University,placement,placement review,Hi6kpyarWoc,USAR College Placement Report 2025 🔥 | GGSIPU East Campus | Highest Package 27 LPA!,Prabhav Sharma,2025-08-05T08:15:03Z
Thapar Institute of Engineering and Technology,placement,placement review,Ydczma26CLI,"Thapar University BTech Review | Fees, Admission, Placements, Cutoffs",shiksha.com,2024-12-24T12:32:22Z
Thapar Institute of Engineering and Technology,placement,placement review,P1xNHJGmyfA,"Thapar University Review | Reality of Fees, Campus &amp; Placements",Prabhat Ranjan,2026-01-08T06:30:24Z
Thapar Institute of Engineering and Technology,placement,placement review,dEn9fVK3JyM,Thapar Placement 2026 | Worth It or Not? Reality Check ,Apka Siddharth,2026-06-15T06:55:53Z
Thapar Institute of Engineering and Technology,placement,placement review,q9jsK7wkYok,Thapar University Patiala BTech CSE Review | Placements 20 LPA? 🤔 | Admission Process &amp; Placement,Mantasha Saifi,2026-04-08T12:36:15Z
Thapar Institute of Engineering and Technology,placement,placement review,6oZ17Gqutoc,"Is Thapar Worth It in 2026? Placements, Fees &amp; Review #ThaparUniversity #EngineeringColleges",PlanEdu,2026-03-07T06:13:41Z
Thapar Institute of Engineering and Technology,placement,placement review,-oVuGdWbZiw,"Thapar University Detailed Review 2026 🔥| Admission, Fees, Cutoff &amp; Placements! | Btech360",Btech360,2026-03-27T09:30:01Z
Thapar Institute of Engineering and Technology,placement,placement review,-0ZleqIZRX8,"Is Thapar University Worth It in 2026? Full Review, Placements &amp; Admission Process #thaparuniversity",9star Academy,2026-05-17T08:04:10Z
Thapar Institute of Engineering and Technology,placement,placement review,xNCzqINI_xY,Thapar University Placements 😳 | Highest ₹40 LPA! #placements #ctc #patiala #btech #ece #thapar,shiksha.com,2026-04-16T04:30:36Z
Thapar Institute of Engineering and Technology,placement,placement review,xaQHMFYVExA,Finally PLACED 🎉 || Thapar University || Scribble Day &amp; Fun || Thapar 25 Batch || Placement Journey,Karan Chhabra,2024-12-03T06:00:06Z
Thapar Institute of Engineering and Technology,placement,placement review,2urOlF0leqk,"LM Thapar, Punjab || MBA Placement 🤑 || Eligibility🤔 || Program Offers🔥 || Fees😳 || 🔝Ranking🤩",MBA with Arshi Khan,2023-02-14T04:30:01Z
Birla Institute of Technology Mesra,placement,placement review,4W9aGn99r_8,BIT mesra review ❤️,Prabhat Ranjan Fan Page,2025-05-01T06:50:40Z
Birla Institute of Technology Mesra,placement,placement review,CmrtrSc6Wa4,BIT Mesra Ranchi Review: What students say? | Birla Institute of Technology Mesra Ranchi Placement,shiksha.com,2022-12-17T13:30:07Z
Birla Institute of Technology Mesra,placement,placement review,pfTOOCqE824,BIT MESRA College Review 2025: Truth About Placements &amp; Campus Life,Prabhat Ranjan,2025-11-15T06:30:35Z
Birla Institute of Technology Mesra,placement,placement review,oPgCVlCKdn4,"BIT Mesra Admission 2026🔥JEE Main Minimum Cutoff, Placements, ROI &amp;Campus Honest Review",Btech360,2026-02-26T12:32:17Z
Birla Institute of Technology Mesra,placement,placement review,8dLOxRZKAp0,"All About MBA From BIT MESRA ➡️ Honest Review , Placements , Faculty , Campus #mba",MBA with Arshi Khan,2025-03-11T11:30:05Z
Birla Institute of Technology Mesra,placement,placement review,E2opnAgJdQI,All about BIT Mesra✅✅#bit #bitmesra #bitsat #btech #jee #jeeaspirant #bits #mesra #btech #college,Vedantu JEE Made Ejee,2024-11-02T11:30:07Z
Birla Institute of Technology Mesra,placement,placement review,wr5Swo_BHS8,BIT Mesra Off Campuses Jaipur #careercounseling #careeradvice #careerguidance,CareerKul,2025-03-10T06:13:45Z
Birla Institute of Technology Mesra,placement,placement review,SGCOAyrfsGY,"BIT Mesra किस  percentile पर मिलेगी ❓ Placement, fee , cut-off",MCM IIT-JEE & NEET,2025-02-22T10:40:51Z
Birla Institute of Technology Mesra,placement,placement review,U9vE53NyhSA,BIT MESRA Review in 1 minute ❤️ #Shorts #bitmesra #iit #iitmotivation,Ritik Meghwani,2023-11-27T14:00:17Z
Birla Institute of Technology Mesra,placement,placement review,VHiDXc7fWAQ,"BIT Mesra Honest Review 🤬 Worth It in 2026? | Cutoff, Fees &amp; Placements",Boring Bing,2026-04-09T16:06:00Z
Ramaiah Institute of Technology,placement,placement review,a0byPxuRnTE,MS Ramaiah College Placement😮 | MSRIT College Placement | MS Ramaiah Student Review ✅ #msrit,College Khabri ,2025-02-21T06:50:50Z
Ramaiah Institute of Technology,placement,placement review,WGpFFgq36CQ,Ramaiah Institute Of Technology Bangalore Review I BTech Placement I Top Engineering College,Pragati Careers,2023-09-13T12:23:56Z
Ramaiah Institute of Technology,placement,placement review,-a83v7ZuXiM,Ramaiah Ka Secret Career Booster 💼🔥 | 52 LPA Dreams Real? #harshsir #collagelife #VED #shorts,NextGenAspirants ,2025-08-05T02:03:07Z
Ramaiah Institute of Technology,placement,placement review,Rj39i96R8f0,MS Ramaiah 2025 Cutoff | Branch-Wise Ranks &amp; Seats Breakdown,Apka Siddharth,2025-08-11T14:41:30Z
Ramaiah Institute of Technology,placement,placement review,-ZLyffmtX_A,"MS Ramaiah Institute Of Technology (MSRIT)| COMEDK &amp; KCET| Placement,fees,campus,etc|Honest review",Ash Academy JEE,2022-07-23T07:16:03Z
Ramaiah Institute of Technology,placement,placement review,RfzthEnVFgU,MSRIT Placements 2026 🤫 | MS Ramaiah College Placement &amp; Average Package ✅ #msrit #shortsfeed,Deeksha Karnataka,2026-05-21T12:37:06Z
Ramaiah Institute of Technology,placement,placement review,KtKmb8Zl1nk,My College MSRIT Review | Cutoffs | Fees | Hostel | Campus | MSRIT Bangalore,Akash Badadani,2024-05-25T06:34:51Z
Ramaiah Institute of Technology,placement,placement review,smMhByNctog,MS Ramaiah College Review | 50 Lakhs Placements 😍 | Cutoff | Fee | Get MSRIT at low  Comedk Rank,Ritik Meghwani,2022-07-18T15:00:11Z
Ramaiah Institute of Technology,placement,placement review,xFaf2vM3OnY,"Ramaiah University of applied sciences review|MSRIT Bangalore Cutoff &amp; Admission process, placements",College Tuber,2026-03-23T05:29:44Z
Ramaiah Institute of Technology,placement,placement review,xVjyYCBHWds,"Ramaiah Institute of Technology Review (MSRIT Bangalore): COMEDK Cutoff, Fees &amp; Placements #comedk",The Rankers Vision,2025-06-07T05:30:28Z
Nirma University,placement,placement review,P-WiZaxJcLY,NIRMA University MBA | ROI | Placements | Fee | Should I apply or not?,CATKing,2026-01-14T15:02:17Z
Nirma University,placement,placement review,Vp8Pa9G5Hu4,Nirma University M.Tech Placement Reality 🎓 | Highest Package 😳 Worth It? #lcc #nirmauniversity,shiksha.com,2026-04-30T18:00:39Z
Nirma University,placement,placement review,Se5gZgR-jLw,NIRMA University for MBA? Honest Review 🔥| Placement | Fees | ROI | Hostel Reality ✅,Management Guy,2024-10-05T11:33:27Z
Nirma University,placement,placement review,JYiTc3aqU1E,"Nirma University MBA Review 2026 🔥 Worth It? Placements, Fees &amp; ROI Reality",Management Guy,2025-12-15T16:07:08Z
Nirma University,placement,placement review,50wvgrENitY,"BTech from Nirma University Worth It in 2025? Full Review, Placement &amp; ROI #Shorts #BTech2025 #Nirma",B. Tech Fundas by Sunstone,2025-07-21T05:54:43Z
Nirma University,placement,placement review,efNL8Z-diUA,"NIRMA University Honest Review 2026 – Placements, Campus &amp; Student Life",Prabhat Ranjan,2026-01-02T06:30:19Z
Nirma University,placement,placement review,niM9adVwv1E,NIRMA Ahmedabad MBA Review 2025 || Admission || Fees || Placement #shortsvideo,Everything For MBA,2024-12-14T09:30:22Z
Nirma University,placement,placement review,R7P35Me2E-g,"1 Minute Review: All About Nirma University: Campus, IPM Course, Fees, Events &amp; Placements | #shorts",SuperGrads IPMAT Coaching by Toprankers,2024-12-11T06:26:22Z
Nirma University,placement,placement review,Jv3VNk1tjHU,Nirma University Detailed Review 2026 📝| B.Tech from Nirma University | Fees &amp; Cutoff! | Btech360,My Channel,2026-04-17T09:30:38Z
R.V. College of Engineering,placement,placement review,q5cbC809L-U,RV College of Engineering Placements review in tamil🎓#shorts #RVcollegeofengineering #placements,CollegeChalo,2024-05-22T10:41:32Z
R.V. College of Engineering,placement,placement review,Yz1rMMld-oI,RV College of Engineering Review 2026 🔥 67 LPA Highest 😱 Cutoff + Placements Truth!,Manoj PN,2026-03-31T12:06:40Z
R.V. College of Engineering,placement,placement review,ymvDB0wQzOA,"RV College of Engineering Review &amp; Reality Check  | Placements, Fees, Cutoff &amp; Campus Life",College Dost Kannada,2026-05-09T11:50:09Z
R.V. College of Engineering,placement,placement review,TvvtsewMwvc,RV College of Engineering Cutoff 2025 | You Won&#39;t Believe the Rank Needed,Apka Siddharth,2025-06-01T13:54:34Z
R.V. College of Engineering,placement,placement review,5nEJmD2R_aI,"RVCE Bangalore KCET Cutoff 2026 📊 | RVCE Placement, Cutoff, Seat Matrix &amp; Median Salary | Btech360",Btech360,2026-06-07T09:30:26Z
R.V. College of Engineering,placement,placement review,MSFJI7Y7H9M,RV College of Engineering | Cut Offs | Branch-wise Seats | Placement details | Rank required in 2026,PePTalk Info,2026-01-24T07:00:13Z
R.V. College of Engineering,placement,placement review,8XOPvsSCmrs,Asking RV College of Engineering Bangalore Students about Tech Jobs and Dream Company,Arsh Goyal,2024-02-12T09:16:30Z
R.V. College of Engineering,placement,placement review,VntNeHhgo4U,RV College Of Engineering | Marks V/S RANK | Course wise | Fees Structure😱,PW KCET,2026-03-24T14:30:34Z
R.V. College of Engineering,placement,placement review,4_4po9WUTN4,All about RV College of Engineering Bengaluru😍😍#jee #jee2025 #iitjee #rvce #rvcebangalore,Vedantu JEE Made Ejee,2025-01-02T11:30:05Z
R.V. College of Engineering,placement,placement review,RBZv5yF152I,"R. V. College of Engineering Bengaluru, Karnataka | Review | Placements",Edu9 Career Guidance,2024-03-04T13:00:07Z
MDU ROHTAK,placement,placement review,o7unAdEuT8Q,Mdu students 😅 #comedy #mdurohtak,AD SAINI FILMS ,2025-05-13T15:13:49Z
MDU ROHTAK,placement,placement review,C8_WclgehkE,mdu #mdurohtak #mdulatestupdate #mdu #Rohtak #college,Ashish Khatri,2025-07-18T16:47:02Z
MDU ROHTAK,placement,placement review,pmALvQKpRpU,Youth festival 🤘🥳 MDU Rohtak University,MDU Rohtak • 3.1 M views • 1 hour ago...,2024-12-01T14:33:56Z
MDU ROHTAK,placement,placement review,7VwsqNM8-XQ,"MDU Rohtak BCA Review | Fees, Admission, Placements, Cutoff",shiksha.com,2024-11-04T06:48:35Z
MDU ROHTAK,placement,placement review,gszNJWSt7d8,"MDU Rohtak BA Review | Fees, Admission, Placements, Cutoff",shiksha.com,2024-11-25T07:15:39Z
MDU ROHTAK,placement,placement review,iLEzeHeWYQQ,MDU ROHTAK😍 #mdu #mdurohtak #mduupdate #mduresult #viral #trending #ytshorts #delhiuniversity #love,Unfiltered Aspirant😎,2023-09-06T20:10:13Z
MDU ROHTAK,placement,placement review,gDkMBNQVZUs,Mdu law department farewell #mdu #University #rohtak #farewell #law #mdulawdepartment🏫 #degree🎓,trendymduians ,2025-05-09T10:16:08Z
MDU ROHTAK,placement,placement review,3UZ26XO3ymY,Placement Aise Hota Hai... 🤔 #vlog #college #placement #interview,AdarshKeVlog,2025-02-22T12:22:00Z
MDU ROHTAK,placement,placement review,jMu8xsTlsC0,mdu University ka sch 😂😂🤣#mdu,Darshan Rohilla,2023-04-09T16:11:01Z
