university_name,category,keyword,video_id,video_title,channel_name,published_at
IIT Delhi,student_experience,student review,AFhvjEaQVlQ,"Classroom view || Faculty of Technology, Delhi University #delhiuniversity #cuet2024 #jeemains",DuChhatra,2024-03-26T05:31:24Z
IIT Delhi,student_experience,student review,QXT475sMD3c,IIT Delhi | College Review In Short🔥,Apna College,2023-01-24T18:06:48Z
IIT Delhi,student_experience,student review,-t8VccWMRAU,IIT Bombay vs. IIT Delhi: Ultimate IIT Ranking Challenge! #iitjee #jee2026 #jee2027,Pathshala by Nova ,2025-09-24T15:30:01Z
IIT Delhi,student_experience,student review,EGz-Tqv9mnU,IIT Delhi director Chatri leke nikal pade…#iitdelhi #iit #jee #minivlog  #motivation #iitlife #vlog,Jhand IITian,2025-08-19T15:32:19Z
IIT Delhi,student_experience,student review,GOnEPiHYwCc,IIT Delhi College Review 2025: Truth About Placements &amp; Campus Life,Prabhat Ranjan,2025-10-30T14:35:54Z
IIT Delhi,student_experience,student review,aZX5ZJqgw1M,Reality of Life at IIT-DELHI 💯 || IIT-DELHI Classroom 🫶 || #iitdelhi #iit #jee #jee2024,Being IITian [IIT Delhi],2023-11-04T11:09:47Z
IIT Delhi,student_experience,student review,JWvAefJJBWk,How IITians study😂 | IIT Delhi,Archee Unixta [IIT Delhi],2022-11-12T13:15:24Z
IIT Delhi,student_experience,student review,aTXwTzORqY0,75-Hard Days at IIT Delhi | #iit #shorts #motivation #75hardchallenge,Nishant Jindal [IIT Delhi],2023-09-28T05:37:46Z
IIT Delhi,student_experience,student review,GTaaDWPz4HY,When You are Famous in IIT Delhi 😱🤣| IIT Motivation 🔥 #shorts #esaral #iit #jee #funny,"eSaral - JEE, NEET, Class 9 & 10 Preparation",2024-09-24T11:49:00Z
IIT Delhi,student_experience,student review,mso2HrtBHNI,IIT Bombay vs IIT Delhi – Which is Better?🤔 #jee #jee2025 #iitbombay #iitdelhi #iit #iitjee #btech,Vedantu JEE Made Ejee,2024-10-01T03:30:19Z
IIT Bombay,student_experience,student review,10SsSL7KZPY,IIT Bombay 1st Year CSE Student(AIR 188) Shares Her JEE Strategy,Ask Gq,2025-09-10T15:59:42Z
IIT Bombay,student_experience,student review,HWgvARsJZW8,IIT Bombay College Review 2025: Truth About Placements &amp; Campus Life,Prabhat Ranjan,2025-10-31T06:30:11Z
IIT Bombay,student_experience,student review,hIzqfKg7PA8,First Year Recap  | OG IIT Bombay Motivation | JEE motivation | #iitbombay #jeemotivation #jee2026,Medhavi Singh,2025-06-19T11:15:21Z
IIT Bombay,student_experience,student review,jJHoGpzGmL8,IIT Bombay - parents expectations vs reality #iit #iitbombay #jee #jeemain #fun #college #campus,Garima Bangar [ IIT Bombay ],2023-09-08T15:21:05Z
IIT Bombay,student_experience,student review,cp3UD82R03A,IIT Bombay College Review in Short,Apna College,2023-02-08T17:34:19Z
IIT Bombay,student_experience,student review,CD4TBddElOc,Highest package IIT Bombay🔥 #iitbombay #placements #iit #jee #iitjee #gate#shorts #iitian #package,Prashant Singh [ IIT Bombay ],2024-12-01T15:22:13Z
IIT Bombay,student_experience,student review,Yin8IghOuGQ,IIT Bombay Prof vs JEE Toppers 🫡🔥 IIT JEE Prep | IIT JEE | JEE Mains &amp; Advanced #iit #jee,RDS Vlogs [IIT Guwahati],2025-10-07T12:30:53Z
IIT Bombay,student_experience,student review,BQADnv5lzic,How do IITians prepare for PLACEMENTS !? #iit #rushikale #iitbombay,Rushi Kale Vlogs,2023-07-29T12:45:50Z
IIT Bombay,student_experience,student review,x2sMrM6Uw0w,The Boys ! IIT Bombay,Vinit Kumar [ IIT BOMBAY ],2024-04-19T12:08:50Z
IIT Madras,student_experience,student review,XWP2ZAfbJ_I,How IIT Madras Students Cracked JEE 🔥 Real Strategies from IITians | Suman Mpm ,Suman Mpm,2026-03-14T05:51:17Z
IIT Madras,student_experience,student review,gZe3o9YNeLc,How Hard Is It to Get Into IIT Madras? #review,Suman Mpm,2025-04-23T13:01:16Z
IIT Madras,student_experience,student review,eGE7IBFxBMw,Why IIT Madras is at rank 1 ? A day at IIT Madras #iit #iitbombay #iitmadras #garimabangar,Garima Bangar [ IIT Bombay ],2024-01-30T12:58:21Z
IIT Madras,student_experience,student review,WDGXrpHSw04,"What&#39;s inside my dream college IIT Madras? Campus tour, Mess food, Hostel rooms",Rahuram Chanthrakumar,2023-07-17T15:53:23Z
IIT Madras,student_experience,student review,N1HID5dYuf8,Classrooms at IIT Madras||#iitmadras #iitmotivation,Vasu IITian,2024-08-01T06:04:39Z
IIT Madras,student_experience,student review,hMpC_M5q6ZQ,Is IIT MADRAS ONLINE DEGREE WORTH IT ? BS DATA SCIENCE #iitmadras #iitm #iitian #iit #bsdatascience,Anushka Pandey,2025-09-07T11:01:11Z
IIT Madras,student_experience,student review,1LeQRONKHF4,Honest Review of My MTech at IIT Madras| is IIT MTech Placements good?,Rahuram Chanthrakumar,2024-02-29T12:30:01Z
IIT Madras,student_experience,student review,hwJTJfeHEqg,Why IIT Madras Is the First Choice for Exchange Students,"Office of Global Engagement, IIT Madras",2025-10-22T05:37:18Z
IIT Madras,student_experience,student review,ID0-RbOEbvg,IIT Madras College Review in Short,Apna College,2023-02-04T14:38:51Z
IIT Madras,student_experience,student review,ayWP9bis3Bg,IIT Madras BS Degree Reality | Placement &amp; Scope #iitmadras  #datascience,Datalogy,2025-05-14T14:15:06Z
IIT Kanpur,student_experience,student review,KATM9yf8tXM,IIT Kanpur College Review InShort,Apna College,2023-02-24T14:44:11Z
IIT Kanpur,student_experience,student review,kgMoR5Obqjk,IIT Kanpur college review 2025 : Truth About Placements &amp; Campus Life,Prabhat Ranjan,2025-11-02T06:30:24Z
IIT Kanpur,student_experience,student review,Y_usRy6qprw,Itna accha🥵 IIT KANPUR ka Mess Food #iitbombay #rushikale #iitkanpur #jee2023 #iit,Rushi Kale Vlogs,2023-01-07T12:24:26Z
IIT Kanpur,student_experience,student review,pmITN3ecG7c,Classes at IIT Kanpur 🤯 #dreamiit #iitkanpur #exams #iitjee #iitmotivation #divinegullygang,siddharth (IITK),2025-03-10T06:49:18Z
IIT Kanpur,student_experience,student review,kE7HJE1h97I,IIT Kanpur Campus *EXPOSED* 🥹  IIT-JEE Expectations vs Reality 😂 IIT Kanpur Campus Tour #iit,RDS Vlogs [IIT Guwahati],2025-05-11T09:00:53Z
IIT Kanpur,student_experience,student review,NipRFolCti8,My Views on IITK &amp; IITKGP| #iit #jee2024 #jee2025,Nishant Jindal [IIT Delhi],2023-08-19T10:30:11Z
IIT Kanpur,student_experience,student review,yGEj7SUqSss,IIT Kanpur WEDS IIT Delhi 😆 #CollegeReview #IIT #Motivation,JEEfinity by Unacademy,2024-08-01T14:30:28Z
IIT Kanpur,student_experience,student review,wa4dIMTBh5I,July in IIT Kanpur #iitk #iitkanpur #iit,Angmo,2025-07-16T05:42:14Z
IIT Kanpur,student_experience,student review,CfoGsQEEh2o,IIT KANPUR Review in One minute 😍 #shorts #iitmotivation,Ritik Meghwani,2022-05-25T15:01:05Z
IIT Kanpur,student_experience,student review,4oC26zftadg,IIT Kanpur Placements Will SHOCK You! (Best in India?) 😱💰 #iit #jee,RDS Vlogs [IIT Guwahati],2025-07-30T09:26:02Z
IIT Kharagpur,student_experience,student review,zJiKouI_7Zo,IIT IS LOVE ❤️ || IIT KHARAGPUR #iit iitkgp #college #motivation #short #minivlog #vlogs #dreamiit,AIITian,2023-08-03T13:52:11Z
IIT Kharagpur,student_experience,student review,JlnkpZmhbSc,🤯IIT KHARAGPUR Review in 30 Secs!⚡️| Fees | Placement #jee #iit,selfPadhai - Rohit Nagar,2024-07-22T14:00:48Z
IIT Kharagpur,student_experience,student review,TZUCYD3HBdg,IIT Kharagpur - My 3 Years Experience in Mechanical Engineering.,Tharun Speaks,2021-09-10T06:14:08Z
IIT Kharagpur,student_experience,student review,YucsM_TIVEI,IIT Kharagpur Review in 1 Min | Inside IIT Kharagpur | Arvind Kalia Sir | #shorts #jee #iitkharagpur,Vedantu JEE,2022-12-02T06:00:11Z
IIT Kharagpur,student_experience,student review,Yjwp9quJheY,Windows vs MacBook | IIT Kharagpur Student’s Story #macbook #iitkharagpur #iit,Mr Ravan,2025-08-23T15:05:02Z
IIT Kharagpur,student_experience,student review,Ew2drlUUq_0,My Convocation at IIT Kharagpur 🔥,Tharun Speaks,2023-12-26T12:48:32Z
IIT Kharagpur,student_experience,student review,KMUf67ESmM0,IIT Kharagpur Professor 🔥 Pawan Kumar Sir #shorts #viral #iitkharagpur,Ujjwal Writes ,2025-08-23T14:14:41Z
IIT Kharagpur,student_experience,student review,Jbfr6wHEN8Y,First Impressions of IIT Kharagpur🤩 | Complete Campus Tour✈️ | Top Engineering Institute | ALLEN,ALLEN Career Institute,2023-07-12T13:30:12Z
IIT Kharagpur,student_experience,student review,xHPT_o_rz0w,☺️Visiting IIT KGP Hostel - Sundar Pichai,Pawan Kushwaha,2024-01-02T02:30:34Z
IIT Kharagpur,student_experience,student review,nppCVOy89dU,IIT Kharagpur scam explained 😱💔 |,Akash Gupta [ NITP ],2024-07-16T15:30:21Z
IIT Roorkee,student_experience,student review,ArT8GjbKAsc,IIT Roorkee College Review 2025: Truth About Placements &amp; Campus Life,Prabhat Ranjan,2025-11-04T06:30:12Z
IIT Roorkee,student_experience,student review,7b1AoqbfBx0,a day at IIT Roorkee #jeeadvanced #jeemains #college #adayinmylife,Shivna Rathore,2025-09-27T08:44:08Z
IIT Roorkee,student_experience,student review,QVduCEVgrRM,"IIT Roorkee Campus Tour❤️ Part 1 Hostels, Games, Clubs, temple, Infrasture  280/365",Dheeraj Mourya,2024-08-18T16:00:30Z
IIT Roorkee,student_experience,student review,9sNYCXu9Nrw,The IIT Roorkee Supremacy 😎💪| IIT Motivation 🔥 #shorts #esaral #iit #jee #jeeadvanced,"eSaral - JEE, NEET, Class 9 & 10 Preparation",2024-03-26T05:00:49Z
IIT Roorkee,student_experience,student review,IOkNur7L_48,Honest Reality of M.Tech from IIT Through GATE | Honest Review &amp; Reality By IIT Roorkee Students,GATE Wallah,2026-06-07T05:30:33Z
IIT Roorkee,student_experience,student review,61l3W-tMjzE,IIT ROORKEE Review in 30 secs!🔥| Campus | Placement | Fees #review,selfPadhai - Rohit Nagar,2024-07-13T14:58:27Z
IIT Roorkee,student_experience,student review,NaoJo3AElY4,IIT Roorkee Student Review #iitroorkee #jee2025 #jeemains #jeemotivation #iitjee #iitmotivation,Kampus Katha,2024-02-25T06:24:32Z
IIT Roorkee,student_experience,student review,sZuO0-V7mhk,"IIT Boys Hostel Tour❤️| Girls allowed? Rajiv Bhawan, IITR Video-272/365",Dheeraj Mourya,2024-08-10T15:15:04Z
IIT Roorkee,student_experience,student review,BUyE0r7sb2A,Mess Tour IIT Roorkee minivlog-6/365 #iitroorkee #jeemotivation #minivlog,Dheeraj Mourya,2025-04-27T15:25:00Z
IIT Roorkee,student_experience,student review,tMyzMD7-wvg,IIT Roorkee Review in 1 Min | Inside IIT Roorkee | Arvind Kalia Sir | #shorts #jee #iitroorkee,Vedantu JEE,2022-12-07T11:32:35Z
IIT Guwahati,student_experience,student review,dBIad-Lpkjk,IIT Guwahati College Review 2025 : Truth About Placements &amp; Campus Life,Prabhat Ranjan,2025-11-06T06:30:19Z
IIT Guwahati,student_experience,student review,jS-6f2m1-H0,"Inside IIT Guwahati 🏫 | Hostel, Food &amp; Nightlife | Part 2 of Campus Life 🔥",The As Vlogs,2025-08-03T13:20:22Z
IIT Guwahati,student_experience,student review,VsS_f_g0Euo,Why I Chose CHEMICAL ENGINEERING Over CSE at IIT GUWAHATI 🤔🔥 BRANCH vs COLLEGE 🗿🔥 CSE vs CHEMICAL,RDS Vlogs [IIT Guwahati],2024-06-24T14:46:42Z
IIT Guwahati,student_experience,student review,gmaSqQY316o,IIT Guwahati campus tour 😍 | My first experience in a HOSTEL MESS at IIT Guwahati 😍 | MESS tour 😋,Maatuz little world,2023-03-28T12:10:32Z
IIT Guwahati,student_experience,student review,nl7qTzsbI2I,💻 How I Got an IT Job with a Chemical Engineering from IIT Guwahati 😳 #iit #jee,RDS Vlogs [IIT Guwahati],2025-06-20T10:08:11Z
IIT Guwahati,student_experience,student review,m-Rjk31ZcMM,"🏫 IIT Guwahati Campus Tour 2025 🎥 | 🛏️ Hostel Life, 🎓 College Vibes &amp; 🌄 Scenic Views",shishant saraf,2025-05-25T06:57:01Z
IIT Guwahati,student_experience,student review,1wFY3mqw1mQ,"🏫 IIT Guwahati Campus Tour 2025 🎥 | 🛏️ Hostel Life, 🎓 College Vibes &amp; 🌄 Scenic Views",shishant saraf,2025-05-31T08:55:14Z
IIT Guwahati,student_experience,student review,UtONlK9N84U,"Hostel Room Tour IIT Guwahati | Facilities for B.Tech., M.Tech. &amp; PhD Students |Life at IIT |Vlog 01",Bharat Bhushan Negi,2022-05-06T14:15:32Z
IIT Guwahati,student_experience,student review,ZsyLOXS_DW4,Is IIT Guwahati better than IIT Delhi? ft.@IqlipseNova   | Reality of Life at IIT,Narendra Raj,2021-08-30T14:24:21Z
IIT Guwahati,student_experience,student review,V2b2ourXgSs,Breakfast at IT Guwahati| IITG Mess and Food.... #foodlovers #foodie #food #iit #jee,Kelly 🤓🤓 [IIT GUWAHATI],2025-04-17T14:24:31Z
IIT Hyderabad,student_experience,student review,R3qmfG109_Y,IIT Hyderabad College Review 2025 : Truth About Placements &amp; Campus Life,Prabhat Ranjan,2025-11-05T06:30:24Z
IIT Hyderabad,student_experience,student review,RfDVxZkhhL4,B.Tech in Artificial Intelligence(AI) at IIT Hyderabad | My Degree Experience,Sankho kun,2023-06-16T08:00:54Z
IIT Hyderabad,student_experience,student review,GjN4cauYTY0,"IIT Hyderabad Campus Life | Hostel, Sports &amp; Student Life | Inside IITHyderabad Chemistry Department",Monalisa_uncharted ,2026-01-20T14:55:20Z
IIT Hyderabad,student_experience,student review,p_y5eJbK1Tw,How is IIT Hyderabad Performing?? Is it a good Option?🤔🤔#jee #jee2025 #iit #iitjee #iithyderabad,Vedantu JEE Made Ejee,2024-09-19T13:30:28Z
IIT Hyderabad,student_experience,student review,x66OFKXUj9E,Meet The Dark Reality Of IIT HYDERABAD😡😈 | IIT Motivation status | IIT Status #shorts #iitbombay,eSaral Academy,2023-09-15T13:30:33Z
IIT Hyderabad,student_experience,student review,W6QatuELdIc,Day 1 IIT Hyderabad 📚🫠 #day1 #iit #collegelife #iitstudents  #hyderabad #dailyvlog #fyp #iitians,Gaurkrishna ,2025-08-01T07:25:43Z
IIT Hyderabad,student_experience,student review,BNJEv9lGVv4,IIT Hyderabad College Review in One minute 🔥  #shorts #iithyderabad  #jeemains #iitmotivation,Ritik Meghwani,2022-10-17T15:00:09Z
IIT Hyderabad,student_experience,student review,cLKQNG5l_Bk,IIT Hyderabad Student Breaks Placement Record with ₹2.5 Crore Offer from Optiver,NEWS9 Live,2026-01-02T11:33:39Z
IIT Hyderabad,student_experience,student review,5RKvJwkuEJQ,IIT Hyderabad Review in 1 Min | Inside IIT Hyderabad | Arvind Kalia Sir | #shorts #jee #iithyderabad,Vedantu JEE,2022-12-03T06:00:01Z
IIT Hyderabad,student_experience,student review,Ss0srhu9-pU,IIT Hyderabad Review: क्या बनाता है इसे Super Unique? | AI + Robotics Research Labs | NIRF Ranking,ALLEN JEE,2025-09-13T13:22:18Z
IIT Indore,student_experience,student review,dr5Y-DVqmaQ,IIT INDORE College Review in One minute 🔥  #shorts #iitindore #jeemains #iitmotivation #iit,Ritik Meghwani,2022-10-12T15:00:09Z
IIT Indore,student_experience,student review,K7QUMan0d6A,IIT Indore Campus Review in 1 min🔥 Best Campus Life of IITs/NITs | IITJEE Motivation #shorts,Harshal [BITS Pilani] - 10Q Challenge,2023-09-29T12:52:20Z
IIT Indore,student_experience,student review,aSIcAUSheYU,Which IIT would I Choose Again ? 🤔 - If I Got Another Chance!! ✅ #iit #iitbombay #iitmotivation,Yash Mishra [IIT INDORE],2025-05-31T07:00:01Z
IIT Indore,student_experience,student review,qwstrKbudDI,IIT Delhi is BAAP of IIT Indore? #iit #iitjee,Nishant Jindal [IIT Delhi],2025-01-01T12:56:34Z
IIT Indore,student_experience,student review,MO-_mh6cqIY,IIT Indore Full Details | iit Institute of Indore information | iit Indore Campus Tour ,GYAN THODA HATKE,2026-06-02T14:29:12Z
IIT Indore,student_experience,student review,mZzHhfhJbLk,IIT Indore Placement 2025 REALITY - ₹1.37 Cr Package Par 83 Students UNPLACED | JEE 2026 Must Watch,Ayush Garg Classes,2025-11-22T07:46:07Z
IIT Indore,student_experience,student review,Tk4opN3VZmM,IIT Indore Review | Fees | 56 LPA Placements | IIT Motivation | IIT Indore Campus,CAREERKICK JEE,2023-02-28T05:30:10Z
IIT Indore,student_experience,student review,QN-hiG3rnAM,IIT Indore Hostel tour 👍👍 || Single room or not ??🧐🧐,IITian Ashish,2026-05-21T10:30:10Z
IIT Indore,student_experience,student review,CS230KNzgEs,A day in a life of Phd student || IIT INDORE || #vlogging#iitindore#phd,Bodybuilder in [ IIT+UPSC ],2023-01-17T13:05:10Z
IIT Indore,student_experience,student review,21Y7WfHrgPI,Hostel Room Tour of IIT || IIT INDORE || #iitindore#hostelrooms#jee#neet#iit#yshorts,Bodybuilder in [ IIT+UPSC ],2022-07-31T11:21:37Z
IIT BHU,student_experience,student review,hyQ3FPkGXiA,"जो मुह में आया बोल दिये IIT BHU के छात्र, अब आपकी बारी | Himanshu Mishra | The Student Life",The Student Life,2022-06-13T07:22:47Z
IIT BHU,student_experience,student review,1pn_s5fSBME,IIT BHU College Review in One minute 🔥  #shorts #iitbhu #jeemains #iitmotivation,Ritik Meghwani,2022-10-13T15:45:07Z
IIT BHU,student_experience,student review,UK6DVjyxjjM,मिलिये IIT BHU के Civil Engineering के छात्र से | Rajputana Hostel | Himanshu Mishra,The Student Life,2022-10-31T07:54:27Z
IIT BHU,student_experience,student review,-dU8ACJXu78,IIT BHU Ka Jalwa 🔥🥶 Highest Package Vs Average Package #iitmotivation #iitjee #placement,TSV Kota Shorts ,2024-11-19T12:19:31Z
IIT BHU,student_experience,student review,h8cDRVn2irc,Asking IIT BHU B.Tech student about campus placement | Himanshu Mishra,The Student Life,2022-11-06T05:06:36Z
IIT BHU,student_experience,student review,c_0T9PTDTKQ,IIT BHU Student POWER 😂😂 #iitbhu #iit #iitian #iitbhuvaranasi #india #jee #iitjee #students,Raj Kamal (IIT BHU ),2023-09-03T08:59:30Z
IIT BHU,student_experience,student review,euZTpnYBEQI,Why IIT BHU is the Best IIT (Campus Tour + Comparison),Arpit Jain  IIT BHU,2022-09-20T14:32:10Z
IIT BHU,student_experience,student review,uVJOOV7S1Vw,Hostel Review Ft. IITians | IIT BHU Hostel Tour | Aryabhatta Hostel IIT BHU |,Ayush Mishra ,2024-06-01T12:47:33Z
IIT BHU,student_experience,student review,A_BNefjqbUY,IIT BHU x IIT ROORKEE #iitbhu #iitian #iitjee #iitroorkee #iitbombay #iitdelhi #iitkharagpur #iitkgp,Abhinandan Gaikwad [ IIT BHU ],2024-03-22T14:29:02Z
IIT BHU,student_experience,student review,q3QIW-zGgS4,IIT-Hyderabad vs IIT-BHU vs IIT-Guwahati | Which one to Choose ? | Answered by ABJ Sir,Mohit Tyagi,2023-06-21T12:48:38Z
NIT Trichy,student_experience,student review,es60gxDOuGg,Dark Experiences of NIT Trichy by Alumni | #JEE #collegereview #nittrichy,Suryansh,2025-05-18T09:05:38Z
NIT Trichy,student_experience,student review,bAvpjihp06k,All About NIT - TRICHY ft. Saleem Sir 🔥 Complete Details !! 🤯 #OMTalks,JEE Wallah,2023-10-31T14:00:22Z
NIT Trichy,student_experience,student review,Rya6A2dOM_k,"Inside NIT Trichy Campus | Talking to B.Tech Students About Life, Pressure &amp; Placements",Suman Mpm,2026-03-01T09:30:07Z
NIT Trichy,student_experience,student review,uC9DyZI672o,Very Honest Review from NIT Trichy student 😇,Mihir Kathpal,2025-06-17T15:09:20Z
NIT Trichy,student_experience,student review,cMgYVeJ5W78,"NIT Trichy Freshers Intro 2025 🎓 | Campus Life, Hostel Tour &amp; Student Stories",VectorX Academy,2025-09-06T13:48:45Z
NIT Trichy,student_experience,student review,RWGM8lTlUKI,NIT Trichy College Review 2025: Truth About Placements &amp; Campus Life,Prabhat Ranjan,2025-09-16T06:30:21Z
NIT Trichy,student_experience,student review,7YRkQugpp3U,NIT Trichy College Review InShort,Apna College,2023-02-17T17:43:35Z
NIT Trichy,student_experience,student review,gsnRxsjuUjY,A Day in the Life of NIT Trichy Student | Ft Final year 🎓🔥,Mihir Kathpal,2025-05-11T19:04:07Z
NIT Trichy,student_experience,student review,m5zY3hA7R7Y,MBA LIFE | DOMs NIT TRICHY | #mba #cat #nit #management #trichy #trending #catexam #catpreparation,VaibhavWillWander,2025-09-26T05:56:25Z
NIT Trichy,student_experience,student review,wnzkwpS40wI,Highest package of all 28 IIIT colleges #iit #nit #iiit #nitt,CCSU notes,2025-01-09T05:27:05Z
NIT Warangal,student_experience,student review,uR-6fobUC2Y,"NIT Warangal College Review 🔥 Placements, Cutoff, Fees &amp; Campus Life | Complete Guide",JEE@Aakash ,2026-01-23T04:42:19Z
NIT Warangal,student_experience,student review,ePvMZNhGiZc,NIT tirchy Vs NIT Surathkal Vs NIT Warangal | CSE PLACEMENT| JOSAA 2023,A Mechanical Engineer,2023-06-15T12:09:16Z
NIT Warangal,student_experience,student review,mft5UgJYAXU,NIT Warangal College Review In Short,Apna College,2023-02-10T16:11:46Z
NIT Warangal,student_experience,student review,jOgNAR0hJ08,NIT Tirchy  Vs NIT Warangal Hostel Rooms,A Mechanical Engineer,2023-06-14T18:52:42Z
NIT Warangal,student_experience,student review,xx9PopBfPtM,NIT Warangal College Review 2025: Truth About Placements &amp; Campus Life,Prabhat Ranjan,2025-09-20T06:30:36Z
NIT Warangal,student_experience,student review,eXS8fSOJaCk,"Inside NIT Warangal: Student Perspectives, Placements, Highest Package  NIT Warangal Complete Review",College Review Unfiltered,2024-04-07T04:35:05Z
NIT Warangal,student_experience,student review,-HiWAK5LiZg,"NIT Trichy vs NIT Warangal 2025: Fees, Packages, Campus Life Comparison!",shiksha.com,2025-06-13T13:30:00Z
NIT Warangal,student_experience,student review,L6vPYflr4ok,Branch Opener at NIT Warangal 🔥 | JEE Motivation #shorts #iit #jee,Joking vlogs,2025-07-19T18:45:54Z
NIT Warangal,student_experience,student review,YxZULPGTBC0,NIT Warangal || #nitwarangal  ||#messfood || #mess || #nitwarangalmess ||#nitw ||#topnit || #nit,Anuj Bind Vlogs,2023-02-19T10:56:44Z
NIT Warangal,student_experience,student review,Xp4-caP1-aY,NIT Warangal Students Reviews about GP Sir 😊,Dr.Gajendra Purohit,2024-11-10T05:50:15Z
NIT Surathkal,student_experience,student review,icTHXLTew4s,NIT Surathkal College Review 2025: Truth About Placements &amp; Campus Life,Prabhat Ranjan,2025-09-18T06:30:19Z
NIT Surathkal,student_experience,student review,oN1jJTtI6bk,Asking brutally honest Questions to NITK Students,Deepak Yaliwal,2026-03-26T02:50:18Z
NIT Surathkal,student_experience,student review,DjEyZLx4QeA,"NIT Surathkal vs NIT Trichy Which is Better? Ranking, Fees, Campus Life | #nitsurathkal #nittrichy",shiksha.com,2025-06-10T07:51:10Z
NIT Surathkal,student_experience,student review,c-QDX87CFfs,"College hostel after cracking jee !Part 2 , Nitk first year hostel !!Worth it or not ??",Still Lucky,2026-04-27T05:43:11Z
NIT Surathkal,student_experience,student review,-jrRqdTyStU,"💥 NIT Karnataka, Surathkal 2025 Cutoff &amp; Closing Rank 📈 | Fees &amp; Placement | JEE Main 2025",Careers360,2025-04-28T09:59:06Z
NIT Surathkal,student_experience,student review,tqs4JVrnbvs,My First Year at NIT Surathkal | College Life | NIT surathkal | NITK,JustAnotherKaushik,2023-09-24T06:45:33Z
NIT Surathkal,student_experience,student review,Lg8WtupE6YQ,Nit Surathkal Review in One Minute 🔥 #Shorts #nitsurathkal  #nit #iitmotivation,Ritik Meghwani,2022-07-29T14:00:11Z
NIT Surathkal,student_experience,student review,OII98Ugzv5w,NIT Surathkal 🔥 Complete Details !! Annual CTC Upto 45.03 LPA 😍,JEE Wallah,2023-05-08T14:30:11Z
NIT Surathkal,student_experience,student review,2lNF-0yOBJg,The Truth About College Life | NITK | Expectations vs Reality 📚🖊️,Preeti & Pragya,2025-08-05T14:06:25Z
NIT Surathkal,student_experience,student review,zfk7INba1ls,NIT Surathkal: Pros and Cons (2022) !!,ASpire Learning,2022-09-09T09:30:22Z
NIT Calicut,student_experience,student review,pJGZsqKqvBQ,NIT Calicut College Review in One minute 🔥  #shorts #nit #iit #jeemains #iitmotivation,Ritik Meghwani,2022-09-10T13:57:48Z
NIT Calicut,student_experience,student review,y8B7Vo32DLQ,🚀 Top Recruiters at NIT Calicut 2025! | Dream Offers #lightscameracampus,shiksha.com,2025-06-30T04:09:25Z
NIT Calicut,student_experience,student review,SXf--g8FGzw,NIT CALICUT ഒരു FUN MEET-UP | Xylem JEEnius,Xylem JEEnius,2025-11-25T13:33:30Z
NIT Calicut,student_experience,student review,-c57gOwFy-4,"Everything about NIT CALICUT in under 1 minute! Fees, Placement, Admission, Ranking, Cutoff, Reviews",Collegedunia,2025-10-24T05:00:00Z
NIT Calicut,student_experience,student review,iSv9SAhd8HM,NIT Calicut B.Tech CSE Admission | Campus life | Academics | Placements &amp; opportunities!,Brilliant Pala - JEE Main & Adv,2026-05-22T14:36:00Z
NIT Calicut,student_experience,student review,97zOYLsVA7Q,NIT Calicut College Review 2025: Truth About Placements &amp; Campus Life,Prabhat Ranjan,2025-09-19T09:29:47Z
NIT Calicut,student_experience,student review,DlhRAWpKb0c,NIT CALICUT COMPUTER SCIENCE ബ്രില്ല്യന്റിലൂടെ വിദ്യാർത്ഥി പ്രവാഹം,Brilliant Pala - JEE Main & Adv,2025-12-23T13:30:13Z
NIT Calicut,student_experience,student review,xNzkUfM5eI4,The Untold Truth of NIT Calicut  | Why It’s One of India’s Best Engineering Colleges,Brilliant Pala - JEE Main & Adv,2026-04-11T13:33:56Z
NIT Calicut,student_experience,student review,TTU-uBudIkc,First Day at NIT Calicut: I Wasn&#39;t Ready for This!,Reuben Shibu,2024-07-25T09:05:54Z
NIT Calicut,student_experience,student review,zJSqAFKmAzQ,പ്രതീക്ഷ എല്ലാം തെറ്റി😱 | NIT Calicut Visit🔥,Eduport SSLC ,2025-10-27T13:36:48Z
NIT Rourkela,student_experience,student review,V6yRWDptQuk,NIT Rourkela - I REGRET Joining 😭🥹,Anisha Behera,2025-06-10T06:38:35Z
NIT Rourkela,student_experience,student review,04AkIlE_kVQ,My 2 Years Experience At NIT Rourkela | Watch This Before Coming To This College,Alokit Says,2024-12-18T11:02:43Z
NIT Rourkela,student_experience,student review,9ula56XlVKM,Is NIT Rourkela Better Than Other NITs in 2026? Full Comparison with lower IIT 🙏,Apka Siddharth,2026-03-12T03:51:21Z
NIT Rourkela,student_experience,student review,IfMbDQdOJXg,NIT Rourkela College Review 2025: Truth About Placements &amp; Campus Life,Prabhat Ranjan,2025-09-17T06:30:19Z
NIT Rourkela,student_experience,student review,EZIrLpPTOkg,One Good thing and one Bad thing about NIT Rourkela | Students Review #nitrourkela #jee #shorts #3gr,3GR SPECIAL,2023-05-27T09:05:00Z
NIT Rourkela,student_experience,student review,x1IlgLDPUa0,Day - 01 at NIT Rourkela | #minivlog 01,Nihar Divyastha,2024-08-19T05:39:45Z
NIT Rourkela,student_experience,student review,KzYHEI7Vtbo,Why did you choose NIT Rourkela❓| NITR Students Review | 100% Honest review  | Jee Aspirants Special,3GR SPECIAL,2023-06-28T11:13:00Z
NIT Rourkela,student_experience,student review,pox736fr3g4,My Placement Story NIT Rourkela 🎉 | How I Got Placed from NIT Rourkela 💼 | #placements #job #3gr ,3GR SPECIAL,2026-04-26T09:19:20Z
NIT Rourkela,student_experience,student review,ywASseywqWk,Explore NIT Rourkela in 15 seconds🎥✨ #NITRourkela#CampusTour#nitlife#collegevibes#jee#nit#iit,Ayushideep,2024-07-15T15:11:54Z
NIT Rourkela,student_experience,student review,kJ9b6dfdpqM,Finally Secure NIT Rourkela | My IIT-JEE Story | Krishrajvikram | #shorts #feed #trend #iitjee#viral,Kriscap Vlogs,2024-02-14T21:22:15Z
NIT Kurukshetra,student_experience,student review,vKS41_gVM5U,NIT Kurukshetra College Review 2025: Truth About Placements &amp; Campus Life,Prabhat Ranjan,2025-10-13T06:30:26Z
NIT Kurukshetra,student_experience,student review,8GcajHUrgSw,M.Tech Through GATE | Honest Reality Revealed by NIT Students | NIT Kurukshetra Tour,GATE Wallah,2024-10-27T05:30:04Z
NIT Kurukshetra,student_experience,student review,JkbT9eeMTgA,All about NIT Kurukshetra😍😍#iit #iitjee #jee #jee2025 #jeemains #nit #nitkurukshetra #kurukshetra,Vedantu JEE Made Ejee,2024-08-09T11:30:14Z
NIT Kurukshetra,student_experience,student review,Jz1Pkr53seg,My college review | NIT Kurukshetra | Placements | Cutoff | Actual reality⚠️,College wale bhaiya - Sankalp Jauhari,2026-01-21T15:54:58Z
NIT Kurukshetra,student_experience,student review,vH6WGdcgHig,SACHIN SIR AT NIT KURUKSHETRA🥹♥️ #sachinsir #nitkurukshetra,The AlakhPedia,2025-02-23T08:09:33Z
NIT Kurukshetra,student_experience,student review,dBB-I8cOjho,"💼 NIT Kurukshetra Placements 2025 | Highest, Average &amp; Top Recruiters #nitk #nitplacement #lcc",shiksha.com,2025-09-29T06:22:01Z
NIT Kurukshetra,student_experience,student review,9F1vf0vjvbI,🤯My hostel room tour at NIT Kurukshetra! - VLOG 1 🔥- IIT Motivation! - JEE Mains 2022 #iit,Sankalp Jauhari,2022-07-20T14:07:26Z
NIT Kurukshetra,student_experience,student review,kCS3xVQleFY,Nit Kurukshetra || Group discussion || Hostel No:5,NIT Kurukshetra Student Life,2022-04-26T14:49:01Z
NIT Kurukshetra,student_experience,student review,HP2DzE90aPg,"NIT Kurukshetra Placement Report 2024, BTech, MTech MBA MCA Placement #btech #nit #viralshorts",Ujjwal Kumar Sen,2025-05-04T16:34:20Z
NIT Kurukshetra,student_experience,student review,u-SpMw5tEvY,"NIT Kurukshetra Telugu College Review 2026 | Placements, Cutoff, Fees, Hostel, admissions..|",HACKOVERSE EDU,2026-01-06T11:31:04Z
NIT Jalandhar,student_experience,student review,fnvtWlb9hPo,NIT Jalandhar College Review 2025: Truth About Placements &amp; Campus Life,Prabhat Ranjan,2025-09-27T06:30:24Z
NIT Jalandhar,student_experience,student review,WFGVSioUSK0,How is CSE at NIT Jalandhar ??IIT Delhi Civil vs NITJ CSE##Student&#39;s Learning#Placements#Campus Life,Aviral Pruthi,2023-03-17T15:25:51Z
NIT Jalandhar,student_experience,student review,5EvTzi-5Bvc,NIT JALANDHAR POWER 💪 #harshsir #nit #nitjalandhar #engineeringlife #VED #shorts,Study Circuit ,2025-10-19T05:47:59Z
NIT Jalandhar,student_experience,student review,SL8U8qvot7M,BioTech at NIT Jalandhar Review | Ep. 19,NITian Vlogs,2025-06-16T15:58:30Z
NIT Jalandhar,student_experience,student review,2scffGnjdjg,NIT Jalandhar में CSE Branch के लिए कितना Marks चाहिए? #nitjalandhar #jee2025 #csebranch #shorts,IIT JEE Rankplus - Hindi Medium,2024-12-13T10:30:01Z
NIT Jalandhar,student_experience,student review,aGc8HdGVTCs,Life at nit jalandhar #iit #nit #motivation,Puneet,2024-08-22T06:30:00Z
NIT Jalandhar,student_experience,student review,GRes6Z2BLQM,❤️ NIT Jalandhar Complete Review🔥Best motivation for JEE Aspirants 😎 IIT-JEE / IIT Bombay #shorts,Harshal [BITS Pilani] - 10Q Challenge,2023-10-27T09:22:04Z
NIT Jalandhar,student_experience,student review,b42pEjmkSxs,Vlog 5 #nit #nitjalandhar #jee,Sumitunscripted ,2025-07-30T05:55:20Z
NIT Jalandhar,student_experience,student review,oa6JIAJFeek,Pros and Cons of NIT Jalandhar,Aviral Pruthi,2022-09-01T08:29:28Z
NIT Jalandhar,student_experience,student review,Esg2P7yAHiE,All about NIT Jalandhar✅✅#nit #nitjalandhar #jee #jee2025 #jeemains #jalandhar #iit #Iitjee,Vedantu JEE Made Ejee,2024-08-07T15:30:07Z
NIT Jaipur,student_experience,student review,I9WRKcS9-fI,MNIT Jaipur College Review 2025: Truth About Placements &amp; Campus Life,Prabhat Ranjan,2025-09-21T07:05:00Z
NIT Jaipur,student_experience,student review,miT4CK_5Sac,MNIT Jaipur College Review | InShort,Apna College,2023-03-17T15:18:42Z
NIT Jaipur,student_experience,student review,0M5QAnJsERQ,MNIT JAIPUR College Review🔥| A to Z Details🔥| Campus Tour | Placement | Hostel | Cutoff | Fees,Sahil Gohri,2024-03-18T13:45:28Z
NIT Jaipur,student_experience,student review,zbyOc9WdYIg,MBA From NIT Jaipur Review - Only 50 percent btach got placed | NIT Jaipur MBA Placements #mba,MBA with Arshi Khan,2026-02-02T06:30:08Z
NIT Jaipur,student_experience,student review,GVrt67Aohwg,MNIT Jaipur Why Best🔥 #shorts #physicswallah,IIT Roorkee,2024-09-01T16:10:16Z
NIT Jaipur,student_experience,student review,9aIr4I2BN1s,NIT Jaipur Complete College Review For MBA ✅ #nitmba,MBA with Arshi Khan,2025-02-24T13:15:00Z
NIT Jaipur,student_experience,student review,pHQKJ6n3_W8,MNIT Jaipur Branch-wise Minimum Cutoff &amp; Placements | JEE Main 2026 #mnit #mnitjaipur,My Channel,2026-01-29T12:01:27Z
NIT Jaipur,student_experience,student review,NbjoHi8bW-o,My Room Tour at NIT Jaipur🔥 | College shopping | Things To Buy For Hostels 🤑|#freshers,IITian-NITian Brothers,2022-11-01T13:10:53Z
NIT Jaipur,student_experience,student review,dbcJB66fYrc,MNIT JAIPUR STATUS #nitjaipur #mnitjaipur #mnit #josaa2025,A Mechanical Engineer,2025-06-02T08:29:00Z
NIT Jaipur,student_experience,student review,_ByffC90RM0,Honest Review of 🎓NIT JAIPUR | Insights | all about MNIT Jaipur 🔥👨‍🎓,Miss Engineer,2025-06-09T10:41:24Z
NIT Nagpur,student_experience,student review,1nuAzMR82P4,VNIT Nagpur College Review | 64 LPA Package Reality + Campus Truth 2025,Prabhat Ranjan,2025-09-22T06:30:00Z
NIT Nagpur,student_experience,student review,0vI_bNAG0LQ,VNIT NAGPUR College Review in One minute 🔥 #shorts #vnitnagpur #jeemains #iitmotivation #iit #nit,Ritik Meghwani,2022-11-16T15:45:10Z
NIT Nagpur,student_experience,student review,rviE7gbmk3s,VNIT Nagpur College Review 😱|| Average Package 10 LPA ✅|| VJTI Mumbai vs VNIT Nagpur #jeemains,CollegeSearch,2025-12-18T13:01:42Z
NIT Nagpur,student_experience,student review,rwh1fc5SbTo,Should you choose VNIT NAGPUR after IIT-JEE?🥶,Riya Kansal,2025-05-31T06:30:33Z
NIT Nagpur,student_experience,student review,Wbh751TDDqc,💥 VNIT Nagpur 2025 Cutoff &amp; Closing Rank 📈 | Fees &amp; Placement | JEE Main 2025,Careers360,2025-04-30T11:30:23Z
NIT Nagpur,student_experience,student review,RN0m-FLfOGQ,VNIT Nagpur in 1 Min | Inside VNIT Nagpur | Arvind Sir | Vedantu #shorts #vnitnagpur #viral,Vedantu JEE,2023-04-22T07:21:21Z
NIT Nagpur,student_experience,student review,gUs0V9cmL7Y,VNIT Nagpur (VNIT) BTech Review,shiksha.com,2024-09-18T11:16:52Z
NIT Nagpur,student_experience,student review,bYhmGxvfiiM,"All About VNIT Nagpur: Fees, Cutoff, Placements &amp; Campus Life | VNIT Nagpur Complete Review 2025",Education Ji,2025-11-09T20:22:15Z
NIT Nagpur,student_experience,student review,pSoa9zdkk4s,Day 1 At VNIT NAGPUR #DAY1 #VNIT #NAGPUR,Aditya Shingne (VNIT NAGPUR),2025-09-03T15:54:36Z
NIT Nagpur,student_experience,student review,TOp_yQOcrwc,VNIT NAGPUR ekdum real review💥| Hostel + Mess 🥪| Coding Culture 💻 | Startup | Sports🏸 | Fees 🤔 #jee,MentorShala - Priya Sharma,2024-06-03T06:39:38Z
NIT Allahabad,student_experience,student review,u9TzyPVEHSs,Myths Vs Facts About NIT Allahabad | Should You Join NIT Allahabad in 2025?🤔 | NIT Allahabad Review,  Ayush Jha [NIT- Allahabad],2025-08-03T12:48:44Z
NIT Allahabad,student_experience,student review,Q-N63omCOUc,I Thought NIT Allahabad Would Be Easy… I Was Wrong 😨 | NIT Allahabad Review | MNNIT Allahabad Truth,  Ayush Jha [NIT- Allahabad],2026-04-11T12:36:20Z
NIT Allahabad,student_experience,student review,kWcrbTKDsbk,Ved Sir Reveals His Craziest NIT Allahabad Moment 😱🔥 #shorts #esaral #iit #jee,eSaral Faculties,2025-07-14T06:30:18Z
NIT Allahabad,student_experience,student review,uyxV5H3k3EE,Burger war in NIT Allahabad 🤣🍔#nit #jee #phonk #neet #motivation #funny #relatable #mbbs #hostel,Samraat Singh,2025-09-14T11:52:18Z
NIT Allahabad,student_experience,student review,tmmL7r7O0Xw,27 Lakhs Average Package 🔥|| MNNIT Allahabad College Review ✅|NITs at low rank in JEE Mains #jee2026,CollegeSearch,2025-11-12T13:31:04Z
NIT Allahabad,student_experience,student review,_wc2CYvEO3M,IIT Roorkee Meets NIT Allahabad 🔥!! | #iitroorkee #nitallahabad #jee #shorts,Hitesh Singh Rao | JEE | IIT Roorkee,2025-03-23T12:49:07Z
NIT Allahabad,student_experience,student review,slUevvE7PFM,NIT Allahabad in 1 Min | Inside NIT Allahabad | Arvind Sir | Vedantu #shorts #jee #nitallahabad,Vedantu JEE,2023-02-02T10:00:26Z
NIT Allahabad,student_experience,student review,8xWOygGqJk4,NIT ALLAHABAD VS IIIT ALLAHABAD MNNIT IIIT DELHI JEE MAINS JOSAA COUNSELLING IIT BITS CSAB ADVANCED,Rajesh Pandita,2023-06-03T15:50:55Z
NIT Allahabad,student_experience,student review,bGbo42gjSng,MNNIT Allahabad College Review 2025: Truth About Placements &amp; Campus Life,Prabhat Ranjan,2025-09-28T06:30:22Z
NIT Allahabad,student_experience,student review,CPBjo3B8wEg,All about MNNIT Allahabad✅✅#shorts #mnnit #mnnitallahabad #allahabad #jee #jee2024 #btech #college,Vedantu JEE Made Ejee,2024-04-23T07:30:02Z
IIM Ahmedabad,student_experience,student review,QykTN-sJmXs,A day at IIM Ahmedabad |  My Daily schedule during MBA at IIMA | Life of MBA students,Ananta Chhajer,2023-08-09T11:30:09Z
IIM Ahmedabad,student_experience,student review,5G9MKCdeVzA,IIM A Expectation Vs Reality,Keerthana Chandrasekhar,2022-09-10T11:51:21Z
IIM Ahmedabad,student_experience,student review,CSaEPcHKOHY,Khan sir from IIM Ahmedabad 😱 | What did Khan Sir read about? #shorts,ALL IN ONE,2025-04-20T12:38:38Z
IIM Ahmedabad,student_experience,student review,1jAGkTCxWwc,Interview Questions at IIM’s✨ | Kushal Lodha #shorts,Kushal Lodha,2024-05-23T08:38:12Z
IIM Ahmedabad,student_experience,student review,E7dLYxUHhFg,A Day in my Life at IIM-Ahmedabad| 2nd year MBA student #minivlog,Aradhita Maheshwari,2024-07-25T12:30:17Z
IIM Ahmedabad,student_experience,student review,6_HQoy4M820,Life at IIM Bangalore | IIM B | MBA | CAT,The Top Percentile - MBA,2024-04-20T12:30:05Z
IIM Ahmedabad,student_experience,student review,qStQ9jx6UoA,Backdoor to IIM Ahmedabad,Full Disclosure,2024-09-04T15:26:25Z
IIM Ahmedabad,student_experience,student review,pR63LZ5u6Iw,MBA At IIMA Costs ₹34 lakhs😱 #shorts #kushallodha #iim,Kushal Lodha,2025-03-13T12:30:53Z
IIM Ahmedabad,student_experience,student review,AEb7mMIHMN8,IIM Ahmedabad Interview Experience and learnings.Tip for the future aspirants. #cat #iima #mba,Ritwik Mehta,2025-05-08T04:30:13Z
IIM Ahmedabad,student_experience,student review,GueGVXHpkpw,"Life after IIM &amp; Consulting: Was it even worth the hype? Ft. IIM A,B,C Alumni",Ananta Chhajer,2026-04-12T07:30:15Z
IIM Bangalore,student_experience,student review,Nfe4bW0GTDs,"Is IIM fees really worth it ? from IIM Bangalore to Tokyo, Japan | Summer Internship Diaries","Gunai Tarde | MBA, Work & Life",2025-07-01T16:55:52Z
IIM Bangalore,student_experience,student review,voEAccfa09k,IIM Bangalore Selection Process: The most difficult MBA college to get in!,Ananta Chhajer,2024-07-18T13:00:35Z
IIM Bangalore,student_experience,student review,R-EicA7RZpU,Why is the first term at IIM Bangalore so demanding?,WhyBhanshu,2024-07-03T10:19:01Z
IIM Bangalore,student_experience,student review,lAI82LhQ0UE,My first day at IIM Bangalore - my new home.Gratitude in my heart and a smile I can’t hide.,Ritwik Mehta,2025-06-17T10:09:10Z
IIM Bangalore,student_experience,student review,u0BDGUkKOEg,"Life at IIM Bangalore | Late Class, 9 PM Grinding",Rohit Rawat,2025-09-21T08:28:57Z
IIM Bangalore,student_experience,student review,JXJA0XsiHhI,Is IIM Bangalore UG Course a SCAM or Smart Choice? 🤔 | The Harsh Truth Nobody Told You,IPM Careers: India's Best IPMAT Coaching,2025-09-14T10:45:38Z
IIM Bangalore,student_experience,student review,sUsx5Na75Ak,IIM Bangalore Selection Criteria: Why was I rejected at 99.91 CAT Percentile?,Ananta Chhajer,2025-07-10T15:01:19Z
IIM Bangalore,student_experience,student review,SMySXN8v0Rs,The best mess food in the country @IIM Bangalore,Riyalizations,2023-05-16T16:35:39Z
IIM Calcutta,student_experience,student review,KldxnFtseT8,From 5 CGPA in Graduation to IIM CALCUTTA | CAT 99%ile Strategy Ft. Vrishank | BITS Pilani Alum,CATKing,2025-05-16T11:45:13Z
IIM Calcutta,student_experience,student review,ZUnw5eZx95c,"My first year of IIM Calcutta (MBA) | Placements, Academics | CAT Exam 2025",AfterGrad - CAT MBA Prep,2025-09-05T05:59:52Z
IIM Calcutta,student_experience,student review,JPl_9OnqG1Q,IIM|Calcutta|😍❤#iim#calcutta#campus#tour#mba#cat2025#motivation#verbal#quant#goal#viral#target#love,Lalit Gupta,2025-07-19T14:47:52Z
IIM Calcutta,student_experience,student review,U1_NzUGfblc,"Comparing Campus Life at IIM Ahmedabad, Calcutta and Indore | Salary and Career after MBA from IIM",Ananta Chhajer,2025-04-20T06:40:01Z
IIM Calcutta,student_experience,student review,YSvsHpnMSjA,Is IIM Calcutta Better Than IIM A &amp; B? | A Conversation Inside IIM Calcutta Campus | iQuanta,CAT Preparation - iQuanta,2026-03-21T15:30:20Z
IIM Calcutta,student_experience,student review,QzaguDKsLIE,Day in the life of an IIM Calcutta Student | IIM C Campus | IIM Student,The Top Percentile - MBA,2024-04-10T13:00:19Z
IIM Calcutta,student_experience,student review,2vFUk-ypJ9E,"IIM Calcutta PLACEMENT Reality | Salary, Recruiters &amp; ROI",The IIM Guy,2025-08-07T13:30:05Z
IIM Calcutta,student_experience,student review,XaQ3KDgrZS4,IIM Calcutta To Every CAT Aspirant This Year | #mba #memes #iimcalcutta # shorts #cat2024,CATKing,2024-11-26T12:45:03Z
IIM Calcutta,student_experience,student review,_oh-nzHHO70,IIM Calcutta Selection Criteria | CAT Weightage | Selection Stages,MBA Wallah,2023-05-13T06:30:09Z
IIM Calcutta,student_experience,student review,TGcu0WUYAuY,💥Top 5 IIM’s in India- Fees 2024! 😱IIM Fees Structure for MBA💥#shorts #mba #iim #fees2024 #viral,MBA Fundas by Sunstone,2024-05-20T11:30:12Z
IIM Lucknow,student_experience,student review,M661JoKTy30,"IIM LUCKNOW Placement Reality | Salary, Recruiters &amp; ROI",The IIM Guy,2025-07-23T13:30:18Z
IIM Lucknow,student_experience,student review,1AnQM0vroUY,Life at IIM Lucknow | IIM Life | IIM Campus,The Top Percentile - MBA,2025-01-16T07:12:21Z
IIM Lucknow,student_experience,student review,zv1GKAlJDFs,IIM Lucknow Final Placement Report 2026 | Highest Package 1 Crore? 😳 | Average CTC &amp; Top Recruiters,SuperGrads CAT Coaching by Toprankers,2026-03-24T14:12:11Z
IIM Lucknow,student_experience,student review,d8yNM3dpRYk,#how is my IIM Lucknow degree | Mehnat ka fal ! #iim #shorts #mba #youtubeshorts #viral #convocation,MisterIIM,2023-07-02T17:38:04Z
IIM Lucknow,student_experience,student review,rK2MeWlJA4I,"IIM Lucknow Placements | Average &amp; Highest Salary, Packages, Top Recruiters &amp; Alumni #iimlucknow",MBA360,2026-01-23T12:03:41Z
IIM Lucknow,student_experience,student review,jpJjURv-Zi0,"IIM Lucknow PGP ABM 2026 | Fees, Placements, Campus Tour &amp; CAT Cutoff by @Agrivimal",AgriVimal,2025-11-21T09:50:52Z
IIM Lucknow,student_experience,student review,3IDYy1xgNxM,A day in life of an IIM Lucknow MBA Student.,Neel Wadekar,2024-03-09T11:30:06Z
IIM Lucknow,student_experience,student review,CyfPWMBR2X4,IIM LUCKNOW INTERVIEW EXPERIENCE 2024 | CAT 2024 Motivation | #iim #mbamotivation #cat2024 #mba #iit,Muktadeep Saha MBA,2024-03-14T18:01:54Z
IIM Lucknow,student_experience,student review,A5bD_Vk4u60,The Shock of Day 1 at IIM Lucknow | Pratik Ranjan (BCG Principal),Konversations By InsideIIM,2025-09-11T12:30:11Z
IIM Lucknow,student_experience,student review,4eY1M7aJ--4,These IIM-Lucknow Students Are Also Managing Their Classmates’ Money,NDTV Profit,2019-12-13T07:13:40Z
IIM Kozhikode,student_experience,student review,OkWHN-yjk4A,💥Reality of IIM Kozhikode MBA Placement 2025 #MBA #CAT2025 #IIMKozhikode #IIMPlacements,MBA Fundas by Sunstone,2025-03-14T12:30:20Z
IIM Kozhikode,student_experience,student review,Ci1NSIrXnus,Why You SHOULD (and Should NOT) Do IIM Kozhikode EPGP | Executive MBA Honest Review 2025,Career Saga,2025-05-10T18:27:12Z
IIM Kozhikode,student_experience,student review,3Alc92R1f98,IIM KOZHIKODE PGP23 CONVOCATION #iimk #mbastudents #kerala,The Traveling Bankers,2023-06-14T05:30:00Z
IIM Kozhikode,student_experience,student review,1ArM5Umm0A4,Tips To Get Through IIM Kozhikode Interview,Konversations By InsideIIM,2024-08-15T12:30:00Z
IIM Kozhikode,student_experience,student review,cw_rtSmktAs,IIM|Kozhikode|😍❤#iim#kozhikode#campus#beauty#cat2025#mba#motivation#hostel#quant#verbal#reels#love,Lalit Gupta,2025-04-04T04:22:08Z
IIM Kozhikode,student_experience,student review,kCpZeehBjao,IIM Kozhikode PLACEMENT Reality,The IIM Guy,2025-05-17T13:30:38Z
IIM Kozhikode,student_experience,student review,DgC69JzNZDg,Revealing my package after getting placed | ft. IIM Kozhikode,Hemant Tulsan ,2026-03-09T15:43:10Z
IIM Kozhikode,student_experience,student review,TuLz69nLfGc,"Life Inside IIM Kozhikode 🎓 | BMS Program Honest Review by Students | Campus, Course &amp; Culture",SuperGrads IPMAT Coaching by Toprankers,2025-12-21T13:30:06Z
IIM Kozhikode,student_experience,student review,1W_yPNLg0pg,IIM|Kozhikode|😍❤#cat2024#iim#goals#motivation#iima#quant#verbal#mba#cat#campus#shorts#youtube#views,Lalit Gupta,2024-06-25T06:41:49Z
IIM Kozhikode,student_experience,student review,SswyJAi8cGU,IIM Kozhikode Interview Experience 🫣 🙆🏻‍♂️ | CAT | PGP | MBA | Lessons Learnt 🤔,Aditya Shelar,2023-10-28T13:30:08Z
IIM Indore,student_experience,student review,GH1-QzWwD_E,IIM Indore Campus | IPMAT Indore Motivation | IPM Indore Batch,"AfterBoards - IPMAT, CUET & BBA Entrance Exams",2023-02-26T14:21:09Z
IIM Indore,student_experience,student review,Z8Wx_oxsQsw,IIM Indore Classroom Tour | World&#39;s Best Classroom #iimindoreclassroom #supergradsipm,SuperGrads IPMAT Coaching by Toprankers,2024-04-20T12:30:22Z
IIM Indore,student_experience,student review,VDlx8H8SiZk,Please DON&#39;T GIVE IPMAT | Reality Check for 5 Year Integrated Programs,Kavach Khanna,2025-02-17T10:42:21Z
IIM Indore,student_experience,student review,-D9MUnRj-3I,Waking up at IIM Indore,Sometimes Chayan,2024-07-13T20:48:15Z
IIM Indore,student_experience,student review,cxo9PP6BarM,CAMPUM LIFE @ IIM INDORE ♥️,College Review Unfiltered,2023-12-02T07:03:07Z
IIM Indore,student_experience,student review,Ml8RyQrJKkI,"IIM INDORE Student Experience | IPMAT Indore | Placements, crowd, Parties, faculty | Harshit Chauhan",Harshit Chauhan,2023-09-22T13:53:52Z
IIM Indore,student_experience,student review,rW5sCjXwv4E,IPMAT IIM INDORE 📓👩🏻‍🎓,College Review Unfiltered,2023-11-23T14:21:23Z
IIM Indore,student_experience,student review,OnRcQh04V7o,IIM Indore IPM Review by IPM Student | IPMAT Indore,IPMAT Preparation - iQuanta,2025-01-17T07:25:07Z
IIM Indore,student_experience,student review,R5AKjlrER8E,🚨 IIM Indore Placement Reality 2025 | Highest vs Average Package Explained #iim #cat2025,MBA360,2025-09-11T13:20:58Z
IIM Indore,student_experience,student review,SsbyfsMzVUo,A Day in the Life of an IIM Indore Student 🦄 | CAT/IPMAT Motivation,"AfterBoards - IPMAT, CUET & BBA Entrance Exams",2023-08-13T15:35:42Z
IIM Shillong,student_experience,student review,2qrojXpQxf0,"IIM Shillong PLACEMENT Reality | Salary, Recruiters &amp; ROI",The IIM Guy,2025-05-24T13:30:03Z
IIM Shillong,student_experience,student review,wNJzqOe1bUI,Life at IIM Shillong | MBA | Placements | Campus Life | Course | Best Companies | Best New IIMs,Life Beyond Business,2026-05-09T07:52:15Z
IIM Shillong,student_experience,student review,nQevEloJRYo,IIM Shillong Calls Out | Shillong taking GDs? | Interview Preparation | Batch Profile | Placements,CAT2CET (C2C) MENTORS,2026-01-17T06:01:56Z
IIM Shillong,student_experience,student review,61lNdYHmraM,Day in the Life at IIM Shillong | Real Student Experiences &amp; Campus Insights | Life at IIM Shillong,SuperGrads IPMAT Coaching by Toprankers,2025-09-26T13:30:06Z
IIM Shillong,student_experience,student review,QU6FWtLU7XY,IIM Shillong Interview Experience | IIM MBA Interview Diaries | How to Convert your B-School Calls?,Vaibhav Rathi (IIM Bangalore),2026-01-17T05:30:06Z
IIM Shillong,student_experience,student review,yMP9ntFemlU,IIM Shillong IPM: What Sets It Apart from Other IPMs | @Pranaybipin,Rudraksh Pratap Singh,2026-01-26T14:18:31Z
IIM Shillong,student_experience,student review,0Nl0BMRcTf8,"IIM Shillong MBA Honest Review 🔎| NIRF Ranking, Fees, Packages, Campus &amp; Fests 🎓| #shorts",SuperGrads CAT Coaching by Toprankers,2025-07-05T11:30:01Z
IIM Shillong,student_experience,student review,vRCJZu8Exw8,"IIM Shillong an Honest Review 🤬 | Fees, Placements &amp; ROI EXPOSED ✅",Management Guy,2024-09-11T13:30:38Z
IIM Shillong,student_experience,student review,w4dGbnFAtzw,IIM Shillong Placement Report 2024 | Highest Salary ₹71.5 L | IIM Shillong Avg Salary | Ashish Chugh, IMS CAT Prep,2024-10-30T11:30:40Z
IIM Shillong,student_experience,student review,CLg-BqP_PSQ,"IIM Shillong Placements | Average &amp; Highest Salary, Packages, Top Recruiters &amp; Alumni",MBA360,2026-01-15T13:04:38Z
IIM Udaipur,student_experience,student review,FH2tOFQ63rM,My Honest MBA Experience at IIM Udaipur | Was it Worth it?,anushka makwana,2025-03-10T09:56:42Z
IIM Udaipur,student_experience,student review,7AOm3a1wMZs,"IIM Udaipur Admissions 2026 | Safe CAT Score? Cutoffs, Fees, Placements Explained 🎓",The MBA Career Coach,2025-10-27T13:30:14Z
IIM Udaipur,student_experience,student review,Ad304y4cGSw,MBA from IIM Udaipur | Is it worth joining ?Highest Package 43.69 Lakhs | fees | Companies on Campus,CATKing,2025-05-13T11:26:08Z
IIM Udaipur,student_experience,student review,CtkxTc4vv5c,IIM Udaipur | Stand-up Comedy by Abijit Ganguly #shorts #indiancomedy #iim,Abijit Ganguly,2023-04-13T13:00:08Z
IIM Udaipur,student_experience,student review,9e_CEzeDsTs,My IIM Udaipur Interview Experience | Unexpected Questions | Extempore or GD ?,Akansha Chaurasia,2026-02-11T06:23:23Z
IIM Udaipur,student_experience,student review,gLG7uWCAB8w,A day at IIM Udaipur☘️🫧#iimudaipur #iim #iimvlog #iimcat,Clinker bell,2023-10-28T13:26:42Z
IIM Udaipur,student_experience,student review,FLFB0ApaL_4,CAP Result Out | Converted IIM Udaipur #iim #iimcalls #iiminterview #iimudaipur #capresults,Mba_walk,2025-05-11T06:17:01Z
IIM Udaipur,student_experience,student review,q79NqaMD5AQ,Why IIM Udaipur Left the CAP Process | New MBA Admission Criteria,CATKing,2025-09-18T06:40:47Z
IIM Udaipur,student_experience,student review,GTQWxdwmBIQ,Honest Take on IIM Udaipur #iim #iimudaipur #education #newiim #mbaindia,Yash Bhatt,2025-04-18T14:53:47Z
IIM Udaipur,student_experience,student review,xKF5oJS04P4,NMIMS vs IIM Udaipur: Which Executive MBA Is Better? #mba,College Manch,2025-05-07T12:30:59Z
IIM Ranchi,student_experience,student review,LKYcQCI900E,"IIM Ranchi | Batch, Fees, Placement and Campus Life | Should You Join IIM Ranchi ?",The MBA Truth,2025-08-24T06:30:23Z
IIM Ranchi,student_experience,student review,vGus54xEA7U,IIM Ranchi Placement Overview | 50.39 LPA Highest Package | Top Recruiters,CATKing,2025-05-15T11:09:38Z
IIM Ranchi,student_experience,student review,YlaVT-KWiBw,IIM Ranchi Placement Report | CAT 2025 Results | Average Package Analysis,Vivek [IIT KGP],2025-12-24T13:31:10Z
IIM Ranchi,student_experience,student review,Z3G9BQ3ichc,"IIM Ranchi Placements 2025 | Average &amp; Highest Salary, Packages, Top Recruiters &amp; Alumni",MBA360,2026-01-04T10:22:29Z
IIM Ranchi,student_experience,student review,OuU6NZmURB8,What I eat in a day at IIM Ranchi 🍛🤤 #iimranchi #iimlife #iim #iimfood,Meena Choudhary,2025-09-09T16:08:33Z
IIM Ranchi,student_experience,student review,lBh_GVktN2A,Do you need ECAs for IPM @ IIM Ranchi? Are droppers discriminated? Interview tips from IIM Professor,"AfterBoards - IPMAT, CUET & BBA Entrance Exams",2024-03-23T05:44:40Z
IIM Ranchi,student_experience,student review,NThy3U_sn14,Highest Package of all IIM colleges in tabular form #iim #iima,CCSU notes,2024-12-27T02:30:12Z
IIM Ranchi,student_experience,student review,tjXpf2JUYZw,What I eat in a day at IIM Ranchi 🍛🤤 #iimranchi #iimlife #iim #iimfood,Meena Choudhary,2024-10-01T06:47:52Z
IIM Ranchi,student_experience,student review,8QDT1vCLe3Y,IIM Ranchi Category-wise CAT 2025 Expected Percentile Cutoff | Selection Criteria Explained,MBA360,2025-11-26T06:30:06Z
IIM Ranchi,student_experience,student review,IjLpAoVk528,When &#39;EWS&#39; Stands For &#39;EXTREMELY WEALTHY SECRETLY..... | IIM Students | IIM Ranchi |,II'M Shrey PATEL,2025-04-13T07:08:58Z
IIM Rohtak,student_experience,student review,Dg567yFcNIo,Inside IIM Rohtak Campus | Students Reveal the Real Campus Life &amp; Experience | IIM Rohtak Review,IPMAT Preparation - LPT,2026-03-08T13:30:06Z
IIM Rohtak,student_experience,student review,FxeuAVzAXxI,Life at IPM IIM Rohtak #ipmat #iimindore,Project Ascend,2024-08-12T13:38:02Z
IIM Rohtak,student_experience,student review,PopP79IQb0k,IIM Rohtak Interview Experience|| Converted|| CAT 2024|| IIM Interview || GDPI,Jayshree Sultania,2025-02-24T02:54:35Z
IIM Rohtak,student_experience,student review,0O_wFg96a6o,IIM Indore or IIM Rohtak what would you choose? | #ipmat2024 interview,IPM Careers: India's Best IPMAT Coaching,2024-06-20T10:50:21Z
IIM Rohtak,student_experience,student review,mZJMgoityfw,My IIM Rohtak Interview Experience (CONVERTED😭) ,Bhoomi Gupta (IIM ROHTAK),2026-02-17T12:46:06Z
IIM Rohtak,student_experience,student review,Bv1BVFwE6vw,IS IPL WORTH IT? IIM Rohtak’s Integrated programme in Law review,Raghav Rox,2024-03-14T09:17:18Z
IIM Rohtak,student_experience,student review,exy_YxbL_H8,"IIM Rohtak Placements | Average &amp; Highest Salary, Packages, Top Recruiters &amp; Alumni",MBA360,2026-01-13T12:52:33Z
IIM Rohtak,student_experience,student review,DPazUBY17BU,Is IPM worth it ? | Honest opinion of 3rd year IPM student | IPMAT Indore | IPMAT Rohtak | JIPMAT,Myprepway IPMAT ,2022-08-21T05:12:31Z
IIM Rohtak,student_experience,student review,omjrxhpr1VE,Why IIM Rohtak Students Are Called &#39;KATHOR&#39; | Uncover the Story! 🔍📚| #shorts,SuperGrads CAT Coaching by Toprankers,2024-09-05T16:00:59Z
IIM Rohtak,student_experience,student review,dsxWo6JzcPU,IIM Rohtak&#39;s first ever IPM Placement Report | IIM Placement Insights &amp; Highlights - SuperGrads TAGS,SuperGrads IPMAT Coaching by Toprankers,2024-04-13T14:30:07Z
Delhi University,student_experience,student review,bko0xYEsBx0,Told him I’m in Delhi University | #delhiuniversity #college #university #ducolleges #dustudents,Campus News,2025-06-08T11:07:19Z
Delhi University,student_experience,student review,M-YG96LWcS8,A day in my life at DELHI UNIVERSITY ||Maitreyi college😮‍💨#delhiuniversity#southcampus#northcampus,Jhoom Baba,2023-11-29T12:30:11Z
Delhi University,student_experience,student review,hUuooYDrwpE,Best college #Hansraj College Crowd || University of Delhi #hansrajcollege,Prof. O. P. Sir,2023-06-20T13:27:01Z
Delhi University,student_experience,student review,-XUr6vI-Uu4,DU colleges with hostel facilities 🏠✨ #delhiuniversity #cuet2024 #priyanshijain #cuet,Forensic Science by Priyanshi ,2024-07-30T06:30:00Z
Delhi University,student_experience,student review,NI-7bx7bVsQ,A day in Delhi University North campus (Full video on channel )📚🎓#vlog #delhiuniversity #delhi,Nishitaa  Singh,2022-05-29T15:00:08Z
Delhi University,student_experience,student review,y4vPKgAx0h8,Is Delhi University Really WORTH IT ?,Prakhar ke Pravachan Gyaan,2024-05-16T15:01:00Z
Delhi University,student_experience,student review,LMGVkbQip10,Placement In Delhi University - Ashneer Grover #shorts #youtubeshorts,Busi Mentor,2023-04-30T13:30:06Z
Delhi University,student_experience,student review,v--IrO0jsHo,Dark Reality of Delhi University 😱🔥 #shorts,CUET by Gokul Chhabra,2024-07-12T14:30:23Z
Delhi University,student_experience,student review,RxCydH7BfBw,College Life In Miranda House - Delhi University #cuet #du,College Review Unfiltered,2023-10-02T04:10:46Z
Delhi University,student_experience,student review,dQvoTBGLbRQ,"Honest Girls College review😂 CUET 2025, Delhi University South campus | #jeebatch #iit #cuet #NTA",Bout Creation,2025-03-31T12:49:56Z
Jawaharlal Nehru University,student_experience,student review,TOBQOUj8I0s,JNU Delhi Review 2025: Truth About Placements &amp; Campus Life,Prabhat Ranjan,2025-11-21T06:30:16Z
Jawaharlal Nehru University,student_experience,student review,dmjyapw91JE,JNU College Review,thisisalaska,2025-06-28T13:38:57Z
Jawaharlal Nehru University,student_experience,student review,8e7dMelcOfk,JNU Hostel (Shipra) special dinner #jnu #trending #shorts,ISHA IN DELHI,2024-11-19T15:44:57Z
Jawaharlal Nehru University,student_experience,student review,H--2zkrL1BI,JNU vs DELHI University 🔥💀 Mahima Kasana ❤️ | Rank-141 | UPSC interview,UPSC Affairs,2024-11-29T13:30:09Z
Jawaharlal Nehru University,student_experience,student review,2xjF8WRynFI,JNU Campus fee #ShortsFeed,The Student Life,2024-04-10T12:02:13Z
Jawaharlal Nehru University,student_experience,student review,AQ27OXXVF4c,&quot;We are Freshers&quot; बोलकर लड़कियों ने JNU के सारे राज खोल डाले | Himanshu Mishra,The Student Life,2024-05-06T17:34:02Z
Jawaharlal Nehru University,student_experience,student review,xI2YnF1LF-Y,Breakfast of JNU hostel. Unhealthy and oily. Mahi Hostel. 01/09/2024  #jnu #unhealthyfoods,TRIVENDRAM ,2024-09-01T09:03:01Z
Jawaharlal Nehru University,student_experience,student review,uLlRt2fl9mY,📢 JNU Delhi से CSE और ECE Through JEE Mains!😱😱 #shorts #jee2024 #jeemains #cse #ece #jnu #iit,Vedantu JEE Made Ejee,2023-10-22T06:30:14Z
Jawaharlal Nehru University,student_experience,student review,A7CyytwXnQM,I got in JNU! #minivlog #storytime #jnu #collegeadmissions ##ytshorts #explorepage #viralshorts,justakaur,2025-09-18T06:31:35Z
Jawaharlal Nehru University,student_experience,student review,nMnSRhjRVOU,Truth About JNU - What The News Never Tells You - JNU Professor Anand Ranganathan,Life Of BeerBiceps,2023-06-30T15:30:18Z
Banaras Hindu University,student_experience,student review,YjlFF9mMntI,CUET 2022 BHU Students Review | BHU &amp; UPSC | Full Video On @cbse12thmalviyaacademy,Malviya Academy ,2023-07-13T20:42:07Z
Banaras Hindu University,student_experience,student review,X2J0DghRkeg,BHU College Review,thisisalaska,2025-06-27T13:32:14Z
Banaras Hindu University,student_experience,student review,boikCv8OuDQ,expectations vs reality| BHU | honest talk| hostel,Priyanshu_Mathpal5,2022-12-25T07:51:01Z
Banaras Hindu University,student_experience,student review,vqetYkvr5WM,Honest Feedback of BHU Girls Hostel🔥| Triveni Hostel Tour BHU | Shalini pal,Life of Shalini,2023-10-20T12:18:07Z
Banaras Hindu University,student_experience,student review,SIDx-zJIsF8,My BHU hostel room  🥰🤗💗💓.. | Banaras Hindu university #shorts #hostellife #bhuhostel #ytshort,Ankitarthub ,2024-02-18T19:35:53Z
Banaras Hindu University,student_experience,student review,A6VLiFktDqQ,Rating Central Hindu School (CHS) | Banaras Hindu University | Himanshu Mishra,The Student Life,2022-07-24T04:07:27Z
Banaras Hindu University,student_experience,student review,RxylY5lXfz8,🛕 Why BHU is BETTER than DU! | CUET 2024 | #delhi #varanasi #bhu #cuet #delhiuniversity,GrandAcad,2024-04-08T15:58:45Z
Banaras Hindu University,student_experience,student review,VdG8HgeAszk,"पढ़ने, रहने और खानें का खर्चा बता रहे BHU के छात्र | BA Arts | Himanshu Mishra",The Student Life,2022-07-18T12:59:32Z
Banaras Hindu University,student_experience,student review,OCzDbvJqZmE,Banaras Hindu University campus tour 🥰❤️|| BHU art&#39;s faculty ❣️|| #thedreamcollege #bhuworld #shorts,THE DREAM COLLEGE,2024-04-08T04:00:10Z
Banaras Hindu University,student_experience,student review,0DKXh7w8BF4,BHU कैंपस पर @DrishtiIASvideos,The Student Life,2022-08-16T07:21:28Z
Aligarh Muslim University,student_experience,student review,rZC4JWr5URU,पढ़ाई के लिए Aligarh Muslim University पहुंचे Anubhav Sinha क्या हुआ जो हैरान रह गए? GITN,The Lallantop,2025-02-15T12:01:14Z
Aligarh Muslim University,student_experience,student review,bDhkuRiYU_o,Celebration Time 🎉 After Selection in Aligarh Muslim University #aligarhmuslimuniversity #shorts,Victor Classes,2025-06-17T05:16:06Z
Aligarh Muslim University,student_experience,student review,hYo_Wgj9ZUA,AMU Bsc Entrance #students #review #aligarhmuslimuniversity #amubsc #aligarh #jamiamilliaislamia,Victor Classes,2025-04-13T08:16:44Z
Aligarh Muslim University,student_experience,student review,N_oS-QOXQEE,Aligarh Muslim University Girls Power #amuprotest #aligarhmuslimuniversity,Shafi Siddiqui Vlogs,2025-08-20T13:00:52Z
Aligarh Muslim University,student_experience,student review,bLYmiiOrCys,Day in a life of a Student in Aligarh Muslim University || My life at &quot;AMU&quot; as a student 🤔👨🏻‍🎓,Flying Mannu ,2025-02-04T07:12:50Z
Aligarh Muslim University,student_experience,student review,OR2QsxH65mU,Aligarh Muslim University | Bsc Nursing and Para Medical #viral #aligarhmuslimuniversity #nursing,Victor Classes,2024-04-30T16:05:48Z
Aligarh Muslim University,student_experience,student review,NNXvYSWSrL4,Aligarh Muslim University AMU || New Entrance Batches for AMU and JAMIA || #neet #shorts #study,Victor Classes,2025-06-29T08:04:52Z
Aligarh Muslim University,student_experience,student review,UNkJc8jWiJw,ग़ैर-मुस्लिमों के ना पढ़ने के सवाल पर क्या बोले AMU के स्टूडेंट? BHU,Lallantop UP,2022-02-03T03:30:14Z
Aligarh Muslim University,student_experience,student review,LuZYE7vljP8,Problems of New Students in Aligarh Muslim University | AN Khan,AN Khan,2023-08-26T11:33:08Z
Aligarh Muslim University,student_experience,student review,4yVQ38E1Hy4,"Aligarh Muslim University ( AMU ) | Eligibility, Courses, Placements and Admission Process",Adda247 CUET,2025-06-05T09:30:06Z
Jamia Millia Islamia,student_experience,student review,PIheLGxc36s,JMI Delhi College Review 2025 : Truth About Placements &amp; Campus Life,Prabhat Ranjan,2025-11-27T06:30:12Z
Jamia Millia Islamia,student_experience,student review,sYaPSD3dP8A,#jamiavlog #jmientranceexam #jamia #exam #2025 #students #review #jamia,UNIV PREP HUB,2025-05-04T06:41:27Z
Jamia Millia Islamia,student_experience,student review,6J354VaS8Yc,Is it Safe for  Hindu students at Jamia Millia Islamia? #reality #jamiamilliaislamia #hindu,Tejasvi Sharma,2025-06-06T07:51:19Z
Jamia Millia Islamia,student_experience,student review,cSBhxYuOet8,What I eat in #jamia girls hostel?#hostel food review #hostel life#viralvideo#explore#jamia hostel,Shahnaz,2025-02-19T11:50:00Z
Jamia Millia Islamia,student_experience,student review,odIFkW-Fq04,Jamia Millia Islamia University || Entrance Batch for 11th Bsc Btech | #jamiamilliaislamia #shorts,Victor Classes,2024-04-19T15:34:49Z
Jamia Millia Islamia,student_experience,student review,Rxq7qJHL_rs,All about JMI Delhi✅✅#shorts #jmi #jamiamilliaislamia #delhi #engineering #college #btech,Vedantu JEE Made Ejee,2024-05-09T03:30:17Z
Jamia Millia Islamia,student_experience,student review,w3P69n7G-eE,Jamia Milia Islamia University Review,thisisalaska,2025-06-29T05:42:37Z
Jamia Millia Islamia,student_experience,student review,AprVO1PcOMc,"A hectic Day in my life at JMI✨🫶🏻 ( Classes , lunch , library, shopping 🛍️) #minivlog",Tejasvi Sharma,2025-03-25T15:52:55Z
Jamia Millia Islamia,student_experience,student review,h7Lu3oMD7JY,All you need to know about Jamia Millia Islamia University New Delhi - JMI Info #jmi #jamia,Asim Vlogs,2024-03-18T11:37:08Z
Jamia Millia Islamia,student_experience,student review,ww6eiAkOEdg,Is Jamia Safe for Hindu Students? My Honest Day in JMI Campus Life 😶‍🌫️🧐| Jamia Campus Life✨,Om Rai,2025-07-23T07:06:41Z
University of Hyderabad,student_experience,student review,kHigPzTvTN4,"All About University of Hyderabad | Courses, Fees, Campus &amp; Placements",Next Toppers - CUET,2026-06-09T13:02:16Z
University of Hyderabad,student_experience,student review,Fio3NNDOxeI,Ph.D life in University of Hyderabad 🧫| #university #universityofhyderabad #vlog #minivlog #student,Mansi Kalonia ,2024-12-24T14:15:04Z
University of Hyderabad,student_experience,student review,Edmo44K7jng,BTech at University of Hyderabad 🔥 3 Lakh Fees &amp; 15 LPA Average Package! Worth It in 2026?,BoringMentor,2025-11-16T15:50:00Z
University of Hyderabad,student_experience,student review,88eSNx8b1ok,Jawaharlal Nehru Technological University Hyderabad ! Student Review ! #Bharatshikshayatra #yt,traveler bird,2024-03-25T17:24:20Z
University of Hyderabad,student_experience,student review,Kkh7XKcIPQw,"University of Hyderabad, Why it is famous?",College Mentor,2025-08-23T05:35:57Z
University of Hyderabad,student_experience,student review,bRpuLvzFOhw,Are you ready to join university of Hyderabad? #Hcu #uohCampus,Navneet Mishra Vlog,2024-06-18T05:23:07Z
University of Hyderabad,student_experience,student review,wHcT2LFKR-g,"Hostel Tour😍| 📍University of Hyderabad | 👧🏻Ladies hostel, fees, rooms and infrastructure✨",Mansi Kalonia ,2025-07-05T14:33:07Z
University of Hyderabad,student_experience,student review,llBzxrHkmoY,Are u joining University of hyderabad(HCU) for CUET PG 2023?inside info😳👉Must Watch before Admission,Navneet Mishra NviNomics,2023-04-28T15:35:43Z
University of Hyderabad,student_experience,student review,oj03-X0NMHE,Must watch before taking admission at UOH | MCA @UOH | HCU,Rohit kumar,2026-05-10T11:12:22Z
University of Hyderabad,student_experience,student review,49lhTX4zLaE,University of Hyderabad campus Facilities for Students # HCU on  Relax mode 😴,Navneet Mishra Vlog,2025-03-20T08:52:52Z
Pondicherry University,student_experience,student review,ShVPWnShOkU,Pondicherry University Queries Answered!,Footloose Loli,2025-06-26T06:20:36Z
Pondicherry University,student_experience,student review,UlYEl9eIllg,5 Things to Know about Pondicherry University,shiksha.com,2023-04-18T15:30:05Z
Pondicherry University,student_experience,student review,ftIWDZBHC_M,Degree Courses At Pondicherry University | CUET UG 2025 | Best Courses | Eduport,Eduport CUET,2024-10-23T11:30:24Z
Pondicherry University,student_experience,student review,Ado7giBLH8s,📍 How is Pondicherry University? #pondicherryuniversity #love #viral #tamil#lifestyle #studentlife,Sai Banoth ,2024-02-03T06:03:11Z
Pondicherry University,student_experience,student review,kQsT3GjmJQY,PONDICHERRY UNIVERSITY | CAMPUS TOUR | REVIEW | 2026 CUET ADMISSION | CENTRAL UNIVERSITY COMPARISON,ibnuber,2024-04-25T10:12:30Z
Pondicherry University,student_experience,student review,lWphR0lzp0E,"Pondicherry University B.tech Review ;  Admission, Cut-off, Hostel, Placement, Fee, Pros &amp; Cons",College Drisya,2025-06-25T18:08:16Z
Pondicherry University,student_experience,student review,Eb--nuKY7LQ,Pondicherry University Students Sharing their experiences #campuslife #pondicherryuniversity,Nomadic Psychologist ,2022-05-07T08:00:08Z
Pondicherry University,student_experience,student review,TOcqNX-nR_U,"Pondicherry University Admission 2024 | Reviews, Eligibility, Placements, Courses | Full Details",CUET by Studentkhabri,2024-08-24T09:30:09Z
Pondicherry University,student_experience,student review,79-42UiS5S8,5 years at Pondicherry University | Niya Sarah Nebu | Malayalam,Mentrr CUET UG,2025-03-14T15:33:19Z
Pondicherry University,student_experience,student review,fLF30INleqU,Pondicherry University: Campus Guide | CUET 2026 | Eduport CUET,Eduport CUET,2026-02-03T11:30:49Z
Tezpur University,student_experience,student review,z-IqS7Rgs1g,🔥 100% Honest Review of TEZPUR UNIVERSITY 🏫 Students Spill the Truth  #CampusLife #facilities,Collegedunia,2025-10-29T11:31:09Z
Tezpur University,student_experience,student review,Pv5EdU6Hed8,Tezpur University College Review 2025: Truth About Placements &amp; Campus Life,Prabhat Ranjan,2025-10-06T07:16:21Z
Tezpur University,student_experience,student review,k0oO9-EBPog,Tezpur University Cutoff 😳 | 2 Lakh Rank College? + Placement Reality,AkCollegeReview,2026-05-01T09:32:59Z
Tezpur University,student_experience,student review,qmn1mO73S0E,🦋 Tezpur University Campus | Day in my Life | Uni Vlog |Uni Life #university #unilife #dayinthelife,JuBees Diary ,2025-08-02T14:30:40Z
Tezpur University,student_experience,student review,TC8FoT5gq3A,Welcome to Tezpur University || Central University || NAAC A+,Tezpur University,2022-09-28T12:35:22Z
Tezpur University,student_experience,student review,S8KNEOqBZYE,"All about Tezpur University, Assam😍😍#jee #jee2025 #iitjee #tezpuruniversity #tezpur #btech",Vedantu JEE Made Ejee,2024-11-11T07:30:07Z
Tezpur University,student_experience,student review,DmSJCuqWyko,Mini vlog ✨| Tezpur University .#minivlog #tezpuruniversity #atifaslam #merikahaani #dayinmylife,gloria gogoi,2025-09-06T16:16:47Z
Tezpur University,student_experience,student review,Ut2-9OOODfM,"🏆 TEZPUR UNIVERSITY Collegedunia, NIRF Rankings 😱 Shocking Position Revealed 📈 #MBA",Collegedunia,2025-10-29T12:30:45Z
Tezpur University,student_experience,student review,003hsJ9zXxI,MBA FIRST SEMESTER | TEZPUR UNIVERSITY #mbastudent #minivlog #unilife,Jita Mali,2023-10-31T16:00:10Z
Tezpur University,student_experience,student review,wgW5TS2F84Q,Talk with Tezpur University Students | Honest Opinions on Life at TU 🎓,Nitishaa Bora,2025-11-15T04:30:48Z
Visva Bharati University,student_experience,student review,yuy9nqGYyEw,HOW IS MASTERS DEGREE FROM VISHVA BHARATI UNIVERSITY? My personal experience #masterdegree #pgdp,SOURAV SIR'S CLASSES,2025-01-04T08:00:47Z
Visva Bharati University,student_experience,student review,OBNxstX3M7g,Vishwabharti 1 minute College Review | Courses offered | Fees | Placement | Pros &amp; Cons #shorts,CUET by Studentkhabri,2024-10-03T11:30:16Z
Visva Bharati University,student_experience,student review,4NCFMV1bt7w,Odia students expresses their experience with Visva-Bharati Santiniketan University of Kolkata | KTV,Kalinga TV,2023-09-24T05:08:48Z
Visva Bharati University,student_experience,student review,NL2Ots0YQoY,"Visva Bharati University Admission 2024 | Reviews, Eligibility, Placements, Courses | Full Details 🔥",Adda247 CUET,2024-06-26T11:15:07Z
Visva Bharati University,student_experience,student review,LXflDUyysOo,visva Bharati hostel #visvabharatiuniversity #minivlog #hostellife #shantiniketan #birbhum #shorts,Purobi Sarkar,2023-12-16T03:54:58Z
Visva Bharati University,student_experience,student review,WO6dktrjt6s,🔥Visva Bharati University 🔥 | Admission📃 | Eligibility 🤔| Placement 💰 | Courses📖 | Ranking📈,CUET by Studentkhabri,2023-08-10T09:30:19Z
Visva Bharati University,student_experience,student review,Festb6-KXCM,Visva Bharati University | বিশ্বভারতীতে ভর্তির হার ব্যপকভাবে কমছে! | Zee 24 Ghanta,Zee 24 Ghanta,2025-08-01T05:46:08Z
Visva Bharati University,student_experience,student review,JTRFSp1Vtck,Visva Bharati University MSc Review,shiksha.com,2025-01-22T11:04:20Z
Visva Bharati University,student_experience,student review,f-QNFK1EIew,"Bhasha Bhavana, Visva Bharati University | Visva bharati campus",EasternGlow ,2024-06-14T11:44:24Z
Visva Bharati University,student_experience,student review,i1khbgi-Wno,VISVA BHARTI🙏#minivlog#visvabharatiuniversity #iit #vlog #viral #shorts #visvabharati,cuttex credit vlog,2024-06-13T13:40:14Z
Mumbai University,student_experience,student review,Uz4NXIEcw4M,OVERRATED COLLEGE IN MUMBAI ??,Campus Talkss,2023-07-18T12:00:18Z
Mumbai University,student_experience,student review,6LlBD26rAaM,college life ?? first year vs final year #shorts #minivlog #collegelife,CONCEPT SIMPLIFIED ,2023-06-09T12:25:39Z
Mumbai University,student_experience,student review,dQWidZq7zt4,Which college in Mumbai has the best crowd? #bestcolleges #collegelife #shortsindia,Snack Media Co,2024-03-18T14:06:08Z
Mumbai University,student_experience,student review,kvec1sqZILY,"GLC, Mumbai College Review | Part 1: Cons| Honest Review By Student |  Must Watch |Harshi Baldota",Harshi Baldota,2022-05-06T10:04:47Z
Mumbai University,student_experience,student review,rTlyYpcA2fY,College Fest in St. Xavier&#39;s Mumbai | College Life #shorts #college #concert #class12 #mumbai,CONCEPT SIMPLIFIED ,2024-08-23T04:43:28Z
Mumbai University,student_experience,student review,jP8ZPC6tFbo,"Mumbai University Overview | Ranking, Top Courses, Fees &amp; Placement Details #mumbaiuniversity",shiksha.com,2025-10-01T15:30:34Z
Mumbai University,student_experience,student review,OB_pmbLHfXM,We are Amitians 😍 Amity University College Life #shorts #college #collegelife #viral #amity #vibes,CONCEPT SIMPLIFIED ,2024-03-20T08:15:29Z
Mumbai University,student_experience,student review,FhAJ4WSyjkk,MOST OVERRATED AND UNDERRATED COLLEGES IN MUMBAI 2023 | STUDENT OPINION #ytshorts #shorts,MEDIA MENTOR,2023-08-10T06:42:04Z
Mumbai University,student_experience,student review,drUOynB8DmE,"A day in NMIMS, Mumbai Campus 😍🤩 NMIMS College Campus #shorts #viral #nmimsmumbai #nmims #mba #cet",CONCEPT SIMPLIFIED ,2024-02-28T14:57:12Z
Mumbai University,student_experience,student review,nKfgSSrgt_Q,&quot;Most Over-rated College : Mumbai&#39;s Street Talk!&quot; #things2doinmumbai #mumbai #ytshorts #college,Things2do,2023-08-24T12:30:26Z
University of Calcutta,student_experience,student review,NeN36WJ21DI,"Calcutta University Review 2026 | Placement, Fees, Campus, Hostel",Prabhat Ranjan,2026-04-01T06:30:16Z
University of Calcutta,student_experience,student review,Kzztak6hFpM,রিভিউ করলে নম্বর বাড়ে আদৌ? || FSI করলেই মহা বিপদ? | Cu Review Marks increase or not || Cu Review/Fsi,pratap academy coaching,2024-12-07T02:56:31Z
University of Calcutta,student_experience,student review,Z7L25P9pQOk,Calcutta University is Danger 💀 | Subscribe for more | #trending #explore #shortsvideo #subscribe,Subbhadeep,2024-05-15T15:45:32Z
University of Calcutta,student_experience,student review,hBgfJiLrL5c,Top 15 College Under Calcutta University #calcuttauniversity #college,Know Your College,2024-09-15T04:30:18Z
University of Calcutta,student_experience,student review,DG_bDsbjceQ,UNIVERSITY OF CALCUTTA COLLEGE REVIEW🔥| CU REVIEW |Fees|Placements| Infrastructure |Cut off ✅|Wbjee,STUDY WITH ADITYA,2023-07-16T21:28:02Z
University of Calcutta,student_experience,student review,LA1Uf-b4FGo,"All About University of Calcutta | Review | Courses, Fees, Ranking &amp; Placement | Rahul Sir",CUET by Rankplus,2024-08-07T15:30:07Z
University of Calcutta,student_experience,student review,pPnEQ7VT-0Q,MY COLLEGE FOR MBA - Amity University Kolkata | #ytshorts #kolkata #adayinmylife #minivlog  RisThing,RisThing,2025-01-17T14:00:34Z
University of Calcutta,student_experience,student review,YjIYw7c0Cp4,🤣😂Reality of the college of Kolkata 🤣😂  #kolkata  #university #cllage,Creative Lab 2.0,2024-12-24T07:25:20Z
University of Calcutta,student_experience,student review,_OemI2wHYyQ,All about University of Calcutta✅😍#shorts #wbjee #universityofcalcutta #kolkata #btech #college,Vedantu JEE Made Ejee,2024-04-14T03:30:12Z
University of Calcutta,student_experience,student review,kgK1DCervuk,CU result review and FSI process 2026 | CU result review and FSI | CU result review and FSI process ,Study with vaskar sir,2026-05-29T15:07:41Z
Osmania University,student_experience,student review,TyKd-o7XgTg,Osmania ante only naam? Real facts you should know!  #vedantutelugu,Vedantu Telugu,2025-06-22T05:30:13Z
Osmania University,student_experience,student review,bGP4jOlUhF4,Osmania Gets Less Rank In All India University Ranking | V6 Teenmaar,V6 News Telugu,2023-06-06T16:36:05Z
Osmania University,student_experience,student review,q3feEKy8t7I,osmania university lo mba? #trending #shortsfeed #osmaniauniversity #mbaplacements #teluguvlogs,Dharmika vlogs,2025-09-04T09:34:19Z
Osmania University,student_experience,student review,VkvN2KEmdhs,What I eat in a day😋#osmaniauniversity #hostel #hostellife #shorts #fyp,Sanghavi!!,2023-12-22T17:53:10Z
Osmania University,student_experience,student review,f8WHOwyliZ8,#TelanganaElections2023 | Osmania University students on campus infrastructure problems.,newslaundry,2023-11-28T10:27:24Z
Osmania University,student_experience,student review,Q01x4kY6Zjs,A Day in Osmania University 🤩 Facilities in University #Osmaniauniversity  #OU #CPGET2025,SCIENCE FEEDS,2025-06-29T12:18:16Z
Osmania University,student_experience,student review,4Qoj7so4J9E,A day in Osmania university ❤️ #minivlog #trending #osmaniauniversity #food #university #college,Dharmika vlogs,2024-11-14T15:15:00Z
Osmania University,student_experience,student review,ncYX6Lvy6n8,VOX POPULI | OSMANIA UNIVERSITY : SHOULD IT STAY OPEN OR BE CLOSED | STUDENTS OPINION,Osmania Journalism,2025-06-25T16:26:29Z
Osmania University,student_experience,student review,51RbcaFSG8M,life at Osmania #osmaniauniversity #psychology #dailyvlog #studentlife #artscollege #trending #viral,grateful.psyche,2023-06-16T16:28:51Z
Osmania University,student_experience,student review,yjtFSdb2QRs,How to join in Osmania University #ou #ytshorts #osmaniauniversity #pg #artscollege #mr_narendhar,Mr Narendhar Universe,2025-02-08T13:15:09Z
Anna University,student_experience,student review,O127ik4Sv4c,ANNA UNIVERSITY CHENNAI పూర్తి వివరాలు,GBR TV Education & More,2024-12-12T02:29:06Z
Anna University,student_experience,student review,rCHv_Nanjro,(Best University in Chennai) Interview With TN&#39;s Top 1% College Students | CEG Campus review,Suman Mpm,2024-04-22T09:30:13Z
Anna University,student_experience,student review,BNzTRb63f5k,Anna University లో 12th marks తో Admission | IIT-JEE | Dr satish | Prime9 Education,Prime9 Education,2023-06-09T12:41:57Z
Anna University,student_experience,student review,UyLZn3JardI,🛑CEG Anna University Campus Review | Placement |Salary |Admission | Fees Campus Tour &amp; Honest Review,TheGoatRealm,2026-02-17T17:21:09Z
Anna University,student_experience,student review,ATVYZEELo0c,🔥 Tamil Nadu Colleges Rating 2025,Namma College™,2025-07-26T15:06:35Z
Anna University,student_experience,student review,p02_UT1WtfA,Enna College Fulla Topper Ah😱Anna University MIT Campus!! #shorts,K Raja vlog,2024-06-02T14:59:55Z
Anna University,student_experience,student review,STB7l6Cj1G0,Anna University Guindy Fees &amp; Rank Cutoff 2025 EXPLAINED | Exclusive Campus Tour,College Dost Tamil,2025-05-16T16:35:18Z
Anna University,student_experience,student review,wRHNpyryPLw,Anna university -ல Mechanical Engineering முடிச்சுருக்கேன்,Behindwoods Air ,2022-09-08T12:48:14Z
Anna University,student_experience,student review,xYGow5eTsyA,"Anna University,CEG Campus|One Minute Review|College of Engineering,Guindy #TNEA2025#annauniversity",DINESH PRABHU,2025-06-08T08:30:35Z
Anna University,student_experience,student review,X2PWE8_uaIM,I Investigated the TN Top No 1 University Students,Suman Mpm,2025-04-10T05:52:16Z
Jadavpur University,student_experience,student review,P4K43hUVBo8,how much her outfit costs ? Jadavpur University #streetinterview #jadavpuruniversity #campus #trend,Simply Tiyasa ,2025-03-28T07:16:49Z
Jadavpur University,student_experience,student review,HfaCF7eWefw,Jadavpur University College Review Inshort,Apna College,2023-02-20T16:07:52Z
Jadavpur University,student_experience,student review,6gtmQ8G6xWE,My 1st Year at Jadavpur University⏳,Subham Neogi,2025-08-04T15:44:17Z
Jadavpur University,student_experience,student review,UsEm6Dt8hUE,All about Jadavpur University in 1 minute✅✅#jee #jee2025 #jadavpur #wbjee #jadavpuruniversity,Vedantu JEE Made Ejee,2024-10-17T03:30:17Z
Jadavpur University,student_experience,student review,krSz7nnw5uU,Jadavpur University ❤️ || 1.8 Cr Package 🔥 WBJEE || Best College Review Series,JEE Wallah,2023-02-18T14:40:40Z
Jadavpur University,student_experience,student review,1EQRvkAV8fg,"Jadavpur University 2026 Review | Reality of Fees, Campus &amp; Placements",Prabhat Ranjan,2026-02-03T13:58:30Z
Jadavpur University,student_experience,student review,yEm0hsqQJ6o,Jadavpur University-Dream college of all WBJEE aspirants 🔥 Follow Saksham series ⚓️,warriors educab,2025-04-08T09:09:48Z
Jadavpur University,student_experience,student review,bp-8HTZ_8Ko,A day at jadavpur university #jadavpuruniversity #minivlog #campusdiaries #fun  #jadavpur_university,Simply Tiyasa ,2025-08-04T15:30:07Z
Jadavpur University,student_experience,student review,1UA0FAduaM8,Jadavpur University Review in One minute 🔥  #shorts #jadavpur #wbjee,Ritik Meghwani,2022-06-29T13:45:10Z
Jadavpur University,student_experience,student review,b7hzHLIOAF0,Mini vlog 20 || Jadavpur Exam days. #dailyshorts #minivlog #jadavpuruniversity,WhatsUp Gloriya ,2023-01-30T10:30:09Z
Savitribai Phule Pune University,student_experience,student review,k_tQ1k7oIgE,"Savitribai Phule Pune University (SPPU) | Check Courses, Campus, Hostel, Admission &amp; Placements",shiksha.com,2025-07-28T13:02:44Z
Savitribai Phule Pune University,student_experience,student review,qZlhpUub7d8,Savitribai Phule Pune University SPPU Girls hostel #girlshostel #sppu #pune #hostel #mumbaihostel,Yash Raut,2022-09-09T18:59:33Z
Savitribai Phule Pune University,student_experience,student review,XPw9viViH0E,"Honest Review on Savitribai Phule Pune University | Campus, Courses &amp; Facilities | #SPPU",SOURAV SIR'S CLASSES,2025-04-10T06:08:41Z
Savitribai Phule Pune University,student_experience,student review,Usq19oeTWd8,POV: You are in Flame University Pune | MHT-CET | Private Colleges of Pune #shorts #college #mhtcet,CONCEPT SIMPLIFIED ,2024-12-18T14:01:36Z
Savitribai Phule Pune University,student_experience,student review,ZQ2aS7JXCGM,"Savitribai Phule Pune University Complete Guide 2025: Review, Ranking, Fees &amp; Admission Explained",shiksha.com,2025-07-12T06:00:26Z
Savitribai Phule Pune University,student_experience,student review,oaBmeffv_qA,🔥 Pune University Admissions 2025 – Full Guide to Top Colleges &amp; MAH CET Process!,MEDIA MENTOR,2024-11-30T15:30:10Z
Savitribai Phule Pune University,student_experience,student review,TX6haqIV88w,BOYS HOSTEL MESS|PUNE UNIVERSITY|UNIPUNE #sppu #unipune #shorts #pune,saurabh times,2022-08-21T11:39:26Z
Savitribai Phule Pune University,student_experience,student review,TGxFGklnroA,Savitribai Phule Pune University (SPPU) - A  Profile,SPPU EDUTECH FOUNDATION,2025-01-07T03:21:53Z
Savitribai Phule Pune University,student_experience,student review,1wGgKz8wa18,Honest Review of Savitribai Phule Pune University | Courses &amp; Campus #PuneUniversity #Education,SOURAV SIR'S CLASSES,2025-09-20T12:50:00Z
University of Madras,student_experience,student review,tV57OGN9pgY,Madras University Sneak-inn😱🤩| #chennai oldest college University of Madras❤️‍🔥📈,RTR Vlogs,2025-06-18T15:38:53Z
University of Madras,student_experience,student review,nm7iKU63OnQ,madras university student review !!|tancet 2020 |tancet 2020 updates|infogirl  |tancet new updates,Info Girl,2020-11-12T04:01:06Z
University of Madras,student_experience,student review,k9ni2Pe2wX8,First rank in the university of Madras (M.Sc. Electronic Media ) Praise be to God!!!,Monisha Blessy,2023-08-06T09:54:48Z
University of Madras,student_experience,student review,tzB7HET5pDQ,WORST University!!!😡😡😡 watch this video before joining Madras University #college #madrasuniversity,Viswa,2024-07-25T10:09:26Z
University of Madras,student_experience,student review,-tE6UePUPW0,"University of Madras Distance Education |Admission Process, Approvals, Rankings &amp; Eligibility!",My College Buddy,2024-06-11T15:30:00Z
University of Madras,student_experience,student review,l3-NiUyPwIQ,💢🤯 Madras University ADMISSION Kuu-இவளோ பேரா‼️🤯 #madrasuniversity #collegeadmission #shorts #leo,Mr.ShanVlogger,2023-08-29T17:34:36Z
University of Madras,student_experience,student review,bXkXzigSMe0,Best college in Chennai? #collegelife #shorts #bviews,Bratlin's View,2024-05-01T06:20:18Z
University of Madras,student_experience,student review,ZMSf2nzyFO0,Life in Chennai | University of Madras | A memory vlog,Tiainla jamir,2023-05-04T19:21:09Z
University of Madras,student_experience,student review,G4Jmle3lNwQ,Madras university தேர்வு எப்படி இருக்கும்? #distanceeducation #exam #ondway2,On d way 2 ,2025-07-22T07:30:11Z
Andhra University,student_experience,student review,wbJRqVRRr4o,&quot;🤷HARSH🤯 TRUTH&#39;s ABOUT 🏫ANDHRA UNIVERSITY&quot; | 😰EVERY EAMCET 👨‍🎓STUDENT&#39;s MUST WATCH |,DevVlogs,2025-10-14T13:01:57Z
Andhra University,student_experience,student review,GKCkdPAeOEU,Andhra University Review |Andhra University Vizag | Andhra University Visakhapatnam | AP EAMCET 2026,The Iconic Faculty,2026-05-23T13:54:52Z
Andhra University,student_experience,student review,6mNZGivFfGc,Andhra University Campus Placements  || College of Arts &amp; Commerce ||  Ramya Sri  ||  7.0 LPA,AU LOOKS,2023-05-16T12:30:05Z
Andhra University,student_experience,student review,Vk786enkxok,ANDHRA UNIVERSITY MESS FOOD EP1#appgcet#andhrauniversity #food#chicken#bestfoodie#msc#andhrafood,Hodophileats,2025-07-17T01:12:18Z
Andhra University,student_experience,student review,rwMlzQk-HdU,Transformation at Andhra University  //  Ravi Mahadasyam,AU LOOKS,2023-11-21T04:30:22Z
Andhra University,student_experience,student review,ofgCbcL1n7s,JNTUK vs Andhra University – Which is the Best Engineering College? | Full Comparison 2025,SaiSanju Talks,2025-06-27T11:30:44Z
Andhra University,student_experience,student review,UCctUtDc98c,Andhra University Campus Placements  || College of Arts &amp; Commerce ||  Meghana Gamapa  ||  13.5 LPA,AU LOOKS,2023-05-16T12:30:25Z
Andhra University,student_experience,student review,75BERlwxrVA,Andhra University College Review 2026 | Andhra University Visakhapatnam | Eapcet counselling 2026,Voice of Students,2026-05-28T13:36:43Z
Andhra University,student_experience,student review,NR04hDU-TfI,College lo exams kastaluu 🥺 #andhrauniversity ❤️,Happy Queen Official,2024-01-30T03:30:08Z
Andhra University,student_experience,student review,XT_3yTNqzmg,Andhra university special drive exams 2025.,Venki @ vlogs,2025-12-06T13:01:10Z
University of Kerala,student_experience,student review,IEnEJtxj2Ak,"Kerala University MA Review | Fees, Admission, Placements, Cutoff",shiksha.com,2025-03-10T11:25:55Z
University of Kerala,student_experience,student review,Q2xj52JbrmQ,Life at Central University of Kerala 🫶| #cuk #centraluniversityofkerala #university #trending #new,Bhavana S,2025-08-09T10:35:49Z
University of Kerala,student_experience,student review,3uMI2Ixq9ew,Which is the best University in Kerala? Public Opinion |  Midhun C M,Mabstic Media,2022-12-03T01:30:01Z
University of Kerala,student_experience,student review,JRYMtmDK2wQ,4 year Degree news Malayalam | 4 year Degree in Kerala University,Sreevidhya Santhosh,2023-07-30T08:00:10Z
University of Kerala,student_experience,student review,XiTaTcQmrZs,Private Universities in Kerala | Universities in Kerala | Central | State | Deemed  University,Sreevidhya Santhosh,2024-04-27T12:30:20Z
University of Kerala,student_experience,student review,pk_TVi3-Lt8,University college or Campus ! Difference ?? #kariavattom #universityofkerala #tvm ,Sathiaiswarya,2026-04-06T04:30:35Z
University of Kerala,student_experience,student review,TA1dwPgA7dE,University of Kerala|KARIAVATTOM CAMPUS |Admission updates |Interview #universityofkerala #vlog #me,Sathiaiswarya,2025-06-18T03:30:20Z
University of Kerala,student_experience,student review,5Pn9XcejbaY,Top Engineering College in Kerala | Best Placement Engineering Colleges in Kerala | Engineering 2025,Campusways,2025-06-14T17:09:37Z
University of Kerala,student_experience,student review,XwCxCyJghU4,Kerala University poi🥲😂 #minivlog #comedy #vlog #mallu,Sayxs Here,2023-07-02T13:30:17Z
University of Kerala,student_experience,student review,JoIpAl17qhU,CUET Science Kerala Topper - TALK | Anagha | ICAR Admission 2024 | CUET UG Result 2024,Eduport CUET,2024-08-08T11:25:02Z
Maharaja Sayajirao University,student_experience,student review,bMD69inEmUE,tag a MSU student 😎 #baroda #msu #collage #vadodara,Azhar VLOG,2023-05-24T16:51:36Z
Maharaja Sayajirao University,student_experience,student review,3WYxq6j6bVI,Honest Review about MSU Baroda | 2025 | MSU Hostel | THE MAHARAJA SAYAJIRAO UNIVERSITY OF BARODA,Sandhya- College Review ,2023-08-28T14:39:51Z
Maharaja Sayajirao University,student_experience,student review,Yj-CJ1XZxXk,Everyone vibed!! #msu #baroda #msubaroda #fiesta #fashion,SAMMO,2025-04-25T10:36:54Z
Maharaja Sayajirao University,student_experience,student review,mzXwp_mJpLE,MSU Baroda College Review 2026 | Honest Campus &amp; Placement Details,Prabhat Ranjan,2026-02-26T06:30:25Z
Maharaja Sayajirao University,student_experience,student review,1MwpaIFUygU,📍MS UNIVERSITY  || Beauty of msu baroda ♥️ | how was college ? #college #msubaroda #subscribe,Dubey ji ,2025-08-25T04:30:23Z
Maharaja Sayajirao University,student_experience,student review,ZfQTHqqFEt4,"The Maharaja Sayajirao University of Baroda, Vadodara- College Review by the Students",shiksha.com,2019-02-13T06:53:05Z
Maharaja Sayajirao University,student_experience,student review,8AbNVuYlzLk,MSU GARBA COMPITITION 😍❤️💃 Part-1 #msubaroda #garbacompetition #vadodara #newvideo,Msu Hostel Life ( Ms University Vadodara ),2023-10-28T16:48:37Z
Maharaja Sayajirao University,student_experience,student review,vgN90wdO6uY,First day in college 😇🥳MS university in Vadodara #food #college #minivlog #vlog#firstdayincollege,Shraddha Sonavane,2023-11-02T12:07:51Z
Maharaja Sayajirao University,student_experience,student review,BMXlqIDDB-E,"The Maharaja Sayajirao University of Baroda, Vadodara- College Review by the Students",shiksha.com,2019-01-15T06:37:45Z
Maharaja Sayajirao University,student_experience,student review,tpgZocT5Hpc,"MSU BARODA, FACULTY OF SCIENCE ESPECIALLY PHYSICS.         #msu #college #freefire #funny #minivlog",Prince Bordia,2022-09-06T15:49:40Z
BML Munjal University,student_experience,student review,fMgaU96l4i8,"Is BML Munjal University good for BTech CSE? | Comparing JIIT, Noida and BMU, Gurgaon.",Tanvi Sharma,2024-07-03T09:46:19Z
BML Munjal University,student_experience,student review,rHkDlilSnOg,A little view of my college | BML Munjal University #tanvisharmayt,Tanvi Sharma,2024-06-22T13:26:47Z
BML Munjal University,student_experience,student review,jADtb8cZpyI,BML Munjal SHOCKING Facts REVEALED 🤯 #harshsir #bmlmunjal #college #shorts,NextGenAspirants ,2025-06-18T11:59:28Z
BML Munjal University,student_experience,student review,NUZKfpL7ZCc,BML Munjal University Students&#39; Review | Honest Review #shorts #careerkaptain,Career kaptain by PW,2025-06-11T06:47:15Z
BML Munjal University,student_experience,student review,X7w1zBh_CFQ,BML Munjal University 🔥 - Full Campus &amp; Hostel Tour ,Kavach Khanna,2026-04-28T08:27:41Z
BML Munjal University,student_experience,student review,10Xt7sMQU0s,Is BML Munjal University Worth ₹25 Lakhs?🤔 Honest BTech Review | Packages &amp; Placement | Coupon Code,College Compare,2026-05-23T08:34:57Z
BML Munjal University,student_experience,student review,94tll9mNfmQ,"Is BML Munjal Worth It for BBA 2026? 💸 Fees, ROI &amp; Placement Reality!",Everything For BBA,2026-03-31T11:30:05Z
BML Munjal University,student_experience,student review,iLNZqUWbTVw,"Why BML Munjal University Gurgaon is better than KM Mangalam, LPU &amp; SRM | College Review by GyanRoof",GyanRoof: Engineering College Reviews,2024-07-03T11:05:23Z
BML Munjal University,student_experience,student review,eAwq03wnsb4,Reality of BML Munjal University - Detailed Review 🔥,Kavach Khanna,2026-05-13T11:05:17Z
BML Munjal University,student_experience,student review,oxyrUJm78Ug,BML Munjal Harsh Reality Revealed 🤬 | Honest Review for BTech CSE 2026 ✅,Boring Bing,2024-12-03T14:09:27Z
Ashoka University,student_experience,student review,G2wH3dCG58E,"Thinking about Ashoka university? Final-year Students Talk about Admissions, Life &amp; Academics",Cospire,2026-01-01T15:00:29Z
Ashoka University,student_experience,student review,9g-6pLSUTqs,Ashoka University Dark Side 😳 | REAL TRUTH No One Talks About 2026,Sandhya- College Review ,2025-12-08T18:43:23Z
Ashoka University,student_experience,student review,DdVKPQj5Dpc,"EVERYTHING you need to know about applying to Ashoka, Krea, OP Jindal (My experience)",Nishka,2023-05-25T03:12:44Z
Ashoka University,student_experience,student review,OzU9xl4UWV4,"Inside IIM, BITS, Ashoka, SRCC &amp; Masters’ Union – From the Students Themselves.",Cospire,2025-07-01T15:00:06Z
Ashoka University,student_experience,student review,YnF6V41g3SM,4 drawbacks of studying at Ashoka University | 2024 #highereducation #collegecounseling #shorts,Evolving Being,2023-12-15T12:00:29Z
Ashoka University,student_experience,student review,7Wc8PZZQHH4,"Ashoka University vs Delhi University | Academics, Placements, Campus Life &amp; More! #shorts",shiksha.com,2025-08-26T10:06:20Z
Ashoka University,student_experience,student review,wU6wgLeJsWo,"Economics &amp; Finance at Ashoka University - pros, cons, and tips!",Nitya Nair,2022-10-18T12:28:23Z
Ashoka University,student_experience,student review,YEybl55Dhag,ASHOKA University Student Experience  | Ashoka University,Harshit Chauhan,2023-06-29T11:09:35Z
Ashoka University,student_experience,student review,3WZplFhT9Tk,I study at India&#39;s most *expensive* private university.. is it worth it?,Shani Dhariwal,2026-03-29T08:32:15Z
Ashoka University,student_experience,student review,md85k_eA5M8,VSP student Louise on Ashoka University&#39;s campus life,Ashoka University,2025-08-10T05:30:24Z
Amity University,student_experience,student review,tgrU-RX19nQ,Amity University Review,thisisalaska,2025-07-01T13:41:32Z
Amity University,student_experience,student review,sU62brDq-l8,Ye kaun batata hai? | Pranit More | #shorts #standup #youtubeshorts #amity #rjpranit,Pranit More Official,2023-02-07T10:44:32Z
Amity University,student_experience,student review,zESGtUUCL_w,Amity University Noida Review🔥| College life😍| #noida #amity #collegereview,College Wali Didi,2024-07-03T12:43:43Z
Amity University,student_experience,student review,9kOoavJp5cE,All about AMITY UNIVERSITY NOIDA 🎓✨| College review| Fees 💸 | Admission| Hostels and much more 🎓✨,Hey Divya,2024-07-20T16:30:02Z
Amity University,student_experience,student review,W9Uc5tb9iV0,Amity is better than IIT?? 😲 #jeemains #iitjee,Nishant Jindal [IIT Delhi],2024-12-17T11:25:17Z
Amity University,student_experience,student review,jNhCeP-3dtw,Unboxing My Amity University Congratulations Kit 🎁 | M.Tech Journey Begins! #Shorts #YouTubeShorts,theamityengineer,2025-06-18T10:48:58Z
Amity University,student_experience,student review,6OmHnMkg2pM,What Not to Expect from Amity Online ? || Amity University Online - Good or Bad ? | 2024,MasterAmit Talks,2024-05-13T13:30:01Z
Amity University,student_experience,student review,s2czfxdA6uQ,SCAM/Fraud Universities in India | Amity University | Lpu | Bennett university | OP Jindal,Harshit Chauhan,2023-09-16T13:13:02Z
Amity University,student_experience,student review,yrsKpgyx2nQ,Amity University Noida🔥💸#amityuniversitynoida #amity #college #guddupandit1414,Guddu Pandit,2023-07-28T15:05:00Z
Sharda University,student_experience,student review,8GAVNCSc07c,"Honest Sharda University Review 2025 | Student Interview | Campus Life, Fees &amp; Placements ",Sandhya- College Review ,2025-12-15T05:52:05Z
Sharda University,student_experience,student review,HEEp56tQTtI,"Sharda University Students Review | Experience, Infrastructure, Labs &amp; Faculty #campuscheck",shiksha.com,2025-09-11T08:53:30Z
Sharda University,student_experience,student review,ody_l955J04,"Sharda university exposed 📚❌, Honest review, College admissions, Greater noida #collegereview",Next Engineer 🎓,2025-04-11T05:57:58Z
Sharda University,student_experience,student review,xussB3qB7u0,Sharda University... A Worst University 🤬 Worth it in 2026? | Placement | Fees | Campus Life ❎,Boring Bing,2024-08-17T13:30:27Z
Sharda University,student_experience,student review,72uewFIMVho,Sharda University 1-Minute Review| Best Private college?😍 #jee #btech #sharda #jeemains,College Wali Didi,2024-07-02T12:53:12Z
Sharda University,student_experience,student review,VkaMg0ehk8M,"SHARDA UNIVERSITY  Review 2026 | Campus, Placements, Hostels &amp; Reality",Prabhat Ranjan,2026-02-10T06:30:14Z
Sharda University,student_experience,student review,27wpGeuhgC8,Sharda University exposed by students | Sharda University review,LIVE EXPOSE,2023-10-04T13:32:59Z
Sharda University,student_experience,student review,zt3o0PbuyWU,Sharda University BTech Review | Worth It or Not? | Admission Process | Fees &amp; Scholarship | Package,College Circle,2026-03-23T13:30:00Z
Sharda University,student_experience,student review,LrxIzpfaff8,Sharda University,Baldev Gautam,2022-11-16T15:10:00Z
Sharda University,student_experience,student review,Uom-YbsiW_s,Sharda University | Matriculation Day | 2023-2024 | #youtubeshort,Sharda University,2023-08-09T05:20:47Z
Galgotias University,student_experience,student review,LTnPbIcMqXg,THE BRUTAL REALITY | Galgotias University Honest Review,Ayush Garg Classes,2025-05-09T12:30:28Z
Galgotias University,student_experience,student review,pZvHab9WY54,Exposing India’s wildest university: Galgotias,Mohak Mangal,2026-05-25T14:18:34Z
Galgotias University,student_experience,student review,8yjw0v1yWnY,"Galgotias University Fake Placements 😱 | What No One Tells You! College Review, Fees &amp; Placement",Tricky Man,2026-05-19T14:21:27Z
Galgotias University,student_experience,student review,9rRTGNFlG_E,Galgotia College Student Review 📝 | Placements &amp; Real Experiences 💼 | Honest Insights,College Khabri ,2025-05-18T16:32:14Z
Galgotias University,student_experience,student review,-9-0EWB1xgo,How’s my 3 years in galgotias university? ll Graduation completed || Galgotias university review ||,Rajulz,2025-07-13T12:03:25Z
Galgotias University,student_experience,student review,nQ_IHuc5cWw,‘Chinese Degree मत देना’ Galgotia University के छात्रों ने ही AI intelligence Robot की पोल खोल दी,News Pinch,2026-02-18T15:42:30Z
Galgotias University,student_experience,student review,Tn8d5__yx44,"Should You Join GALGOTIAS UNIVERSITY in 2026?🤔Placement, Fees &amp; Reality Check ! JEE 2026 | Harsh Sir",Vedantu JEE Made Ejee,2026-05-07T14:40:36Z
Galgotias University,student_experience,student review,j56vELSX188,Galgotias University Review❌| 1.5 Crore Placement Reality !🔥 | Honest Review,FAJLE JEE-CAT,2025-06-02T13:56:56Z
Galgotias University,student_experience,student review,cXjD9-mVn9A,Galgotia College Vs Galgotia University 🔍 | Admission Process 🎓 | Fees 💰 | Placement Reality ✅,College Khabri ,2025-05-16T04:10:00Z
Galgotias University,student_experience,student review,rros-XwjD9c,"Galgotias University Honest Review🤐2026 | Placements, Fees , Courses, Campus Tour, Admissions  🎓📚",Next Engineer 🎓,2025-06-13T10:40:56Z
Chandigarh University,student_experience,student review,LW-Wo2HnMqg,"Chandigarh University B.Tech CSE Review 😳 | Campus Life, Events &amp; Placement Reality",Unfiltered Dheeraj ,2026-04-08T14:15:07Z
Chandigarh University,student_experience,student review,z8qg-tx8gtE,Is Chandigarh University good ? #shorts,Shye Musa,2025-02-28T16:01:08Z
Chandigarh University,student_experience,student review,3t8T6s1NPxM,Chandigarh University Reality Check🤯 | Things They Hide From You,MG MHJN,2026-01-21T11:30:01Z
Chandigarh University,student_experience,student review,lyxzHD5ug2g,Reality of Chandigarh University🔥Students Review After 1 Year in College😳,MG MHJN,2026-03-08T09:10:01Z
Chandigarh University,student_experience,student review,7KBoJVbxLo4,Chandigarh University Expectations vs Reality 😭 | 1st Year Student Review,Unfiltered Dheeraj ,2026-05-22T13:41:51Z
Chandigarh University,student_experience,student review,8o46vM6ZMBw,Chandigarh University Review | Reality Explained 😂| Placements | Campus &amp; Hostel Life | Fees,Ritik Meghwani,2021-08-03T14:30:12Z
Chandigarh University,student_experience,student review,HnNdvd0uHHI,Chandigarh University Placement Reality | Honest Student Review,MG MHJN,2026-01-18T08:08:04Z
Chandigarh University,student_experience,student review,_Pgis6JgU3g,Honest Review about Chandigarh University #chandigarhuniversity,Sandhya- College Review ,2024-09-27T13:23:33Z
Chandigarh University,student_experience,student review,39mt-NoULyg,Chandigarh University Reality😱 Real Students Review | Good or Bad?,MG MHJN,2026-04-03T16:01:38Z
Chandigarh University,student_experience,student review,sHR_CsxfFvg,Chandigarh University placement 🔥🔥 #college #students #engineering #admission #btechcse,College Review Unfiltered,2023-12-07T04:21:27Z
Lovely Professional University,student_experience,student review,T0Cj_ywKaGY,LPU Reality Exposed 🔥 | Honest Student Review | Worth It or Not?,MG MHJN,2026-01-09T13:39:02Z
Lovely Professional University,student_experience,student review,JhBCJmtTe_o,BTech 3rd Year Students Review | LPU Shocking Placements Truth!😳,MG MHJN,2025-12-31T09:02:32Z
Lovely Professional University,student_experience,student review,G9hasMjXnms,"LPU Review 2026 | Lovely Professional University Reality, Placements, Fees &amp; Crowd Truth",College Review Unfiltered,2026-04-21T15:06:16Z
Lovely Professional University,student_experience,student review,uPRkVJr_G5w,"LPU Full Review 2026 | Fees, Placements, Campus Life &amp; Reality Check",Pathshala by Nova ,2026-06-04T13:10:43Z
Lovely Professional University,student_experience,student review,rnCwg26Ttpg,LPU GIRLS HOSTEL OVERVIEW ALL DETAIL #lpu #hostel #shorts #lovelyprofessionaluniversity,LOLcano R,2024-04-08T18:04:46Z
Lovely Professional University,student_experience,student review,VG0YGZy9SN4,Sorry LPU but this is reality 🙏 - Detailed review,College wale bhaiya - Sankalp Jauhari,2026-05-19T15:00:16Z
Lovely Professional University,student_experience,student review,1Nha7CW5mKA,Lovely Professional university exposed🙂 #lpu #shorts #funny,Competishun JEE INFORMATION ,2023-05-31T17:15:00Z
Lovely Professional University,student_experience,student review,Wxf8RWVqpqY,LOVELY PROFESSIONAL UNIVERSITY | BEST  COLLEGE | UNIVERSITY | 2024 | TELUGU | LPU ADMISSIONS | LPU,Spoorthi Reddy,2024-07-09T13:48:52Z
Lovely Professional University,student_experience,student review,hZC71s873Lc,LPU Placement Truth No One Tells You 😳 | Honest Student Review,MG MHJN,2026-03-30T06:19:55Z
Lovely Professional University,student_experience,student review,oFUSoXMyA4I,BEST UNIVERSITY IN INDIA? | Reality of LPU |,NB Show Telugu,2025-06-21T08:09:42Z
VIT University,student_experience,student review,eVilGuz8yog,What I wore to my university -VIT Chennai -PART 2 #velloreinstituteoftechnology #vit#student,Varsheee,2024-09-13T12:30:28Z
VIT University,student_experience,student review,vZE9uF4TGg0,I Asked VIT Students 🤯Is It Worth ₹20 Lakhs? VIT Vellore reality | Suman Mpm ,Suman Mpm,2026-04-21T12:11:55Z
VIT University,student_experience,student review,M3I_pyJFjks,Is VIT worth it or overhyped? Interview with VIT students in Chennai | Suman Mpm,Suman Mpm,2024-03-28T15:47:14Z
VIT University,student_experience,student review,Gdq2FGsNtsE,Is VIT VELLORE Worth it in 2025? : Review | Placements Exposed | VITEEE,Ritik Meghwani,2023-04-12T13:30:08Z
VIT University,student_experience,student review,uq4hFvdhu4Q,"Is VIT Chennai Worth It in 2025?😱 Placement, Hostel, fees &amp; More | Suman Mpm",Suman Mpm,2025-06-01T15:45:19Z
VIT University,student_experience,student review,4AgR0D0wZvY,"Is VIT Chennai Worth ₹20+ Lakhs? | Fees, Placements &amp; Student Reviews",Suman Mpm,2026-04-07T15:09:52Z
VIT University,student_experience,student review,4BJvsKP82Jw,Is VIT VELLORE Worth it in 2026? : Review | Placements Exposed | VITEEE | Campus Tour,College Insider Aqsa,2026-02-14T14:13:16Z
VIT University,student_experience,student review,AA2vlasups0,Is VIT Vellore Worth it?😱😱#jee #vit #viteee #vitvellore #vellore #viteee2025 #velloreinstitute,Vedantu JEE Made Ejee,2024-11-17T11:30:05Z
VIT University,student_experience,student review,dy_HR0mFxkg,VIT Vellore Classroom | Morning schedule | VIT | #shorts,Amar [VIT-V],2023-08-08T07:57:11Z
VIT University,student_experience,student review,mOqQh2Y0dIc,VIT - Vellore Institute of Technology   Honest Review 🚨 | Must Join or Big Mistake?  | Campus life,CampusLens,2026-04-07T09:07:17Z
SRM University,student_experience,student review,Jfg8nl4n0Bg,I Explored the Most Overrated University (SRM University Reviews),Suman Mpm,2025-05-14T14:19:04Z
SRM University,student_experience,student review,kWsN08guFR8,The Most Hated College on Internet ( SRM Review ),Ritik Meghwani,2025-01-06T14:00:07Z
SRM University,student_experience,student review,JQBYY1C9e2w,About #SRM Kattankulathur in one line❤️‍🔥🤩 | Students review🙌🏼 | #srmist #srmktr |#rtr #rtrvlogs,RTR Vlogs,2025-06-04T15:13:01Z
SRM University,student_experience,student review,a9wfv8Yf-_c,SRM UNIVERSITY 🙏🏻😭 | College or Heaven ❤️🤣 #shorts #srmuniversity #srmist,SHAKTHI ,2024-05-17T12:53:45Z
SRM University,student_experience,student review,cnlOvEAtwoE,Campus Placement Salary at SRM?💰,Suman Mpm,2025-05-08T07:04:49Z
SRM University,student_experience,student review,OsnNq-av7Rc,"SRM University Campus Review | Placements, Fees &amp; Honest Student Opinion | Chennai",Suman Mpm,2026-04-05T11:55:42Z
SRM University,student_experience,student review,6mrHsVIFHXA,The Most Hated College on Internet ( SRM Review ),TheGoatRealm,2026-02-21T23:30:06Z
SRM University,student_experience,student review,rnNUroeduUY,Overrated SRM College😡⁉️| #thatmadrasguys,That Madras Guys,2025-03-30T14:36:06Z
SRM University,student_experience,student review,a2dfNFMA4t0,SRM Student Honest Review🔥| Reality of Btech Placements😳 SRM University,MG MHJN,2026-03-04T12:10:36Z
SRM University,student_experience,student review,WPEKjRGdtK8,SRM AP College Review | Top10 AP Engineering colleges | cutoff | college reviews | AP EAPCET 2025,College Dost Telugu ,2025-07-03T11:48:23Z
Manipal University,student_experience,student review,kZyFWGF9xSE,Online Manipal Univesirty worth it or not? | Dark Reality of Online Manipal University,Guru Chakachak,2025-07-21T13:10:52Z
Manipal University,student_experience,student review,uT7bMcdPGf0,MIT MANIPAL : Best College life? | Revealing Dark Secrets | Review,Ritik Meghwani,2023-06-02T11:00:09Z
Manipal University,student_experience,student review,RD0HasIf3Wk,Manipal Jaipur Review 🔥 University or Palace? | 94% Placement and honest review. Manipal University.,CampusLens,2026-05-01T13:00:50Z
Manipal University,student_experience,student review,zOLTNOpO33w,"Manipal University Review 🔥| Reality Explained 🤨| MIT placement, Campus life | Fee Structure.",CAREERKICK JEE,2024-05-02T11:30:34Z
Manipal University,student_experience,student review,halW2VT4HmE,MY HONEST MANIPAL UNIVERSITY REVIEW! (i am from bits pilani),Curious Harish,2023-02-27T05:21:41Z
Manipal University,student_experience,student review,iNqgx_6veqU,Why ❌Online Manipal University | Admission! | Specialization | exam pattern | Placement,Career With Komal mam,2024-09-16T12:45:03Z
Manipal University,student_experience,student review,FLj6yrOKga4,VIT vs MANIPAL quick Review | Which is best? #shorts #vit #manipal #iitmotivation,Ritik Meghwani,2023-11-23T14:15:01Z
Manipal University,student_experience,student review,Y9B6DEGCkik,My college campus👩‍🎓🏫| Manipal University Jaipur #transition #met #muj #mit,Anushka Thakkar,2025-05-18T07:36:09Z
Manipal University,student_experience,student review,P6bL6A-1468,Manipal Online Courses Review | What I Don&#39;t Like In Online Manipal❌| Is It Really Worth The Hype🔥?,Sim Talks,2024-05-18T11:11:21Z
Manipal University,student_experience,student review,iutStdnI6QU,Manipal University Jaipur 💪😃 #jee #jee2025 #jeeadvanced #jeemains #trending #learning #iitjee #cbse,Harsh Priyam Sir Fans🔥,2024-07-24T14:11:31Z
Bennett University,student_experience,student review,-QCkIwf0NKY,Bennett University BTech Student Review | Highest Package ₹1.37 Cr😱 | Scholarship | Fees &amp; Admission,Mantasha Saifi,2026-05-02T12:30:36Z
Bennett University,student_experience,student review,9Qra6gLUnm8,Bennett University Review | Honest Talk with B.Tech CSE Students 🤯| Direct Admission | Placement,Tauqeer Zakaria,2025-06-19T16:28:15Z
Bennett University,student_experience,student review,rakqmJol0Qo,Bennett university insights | Reality of Bennett University😂 | Bennett University Campus #minivlog,Nandini Agarwal,2023-11-28T13:43:41Z
Bennett University,student_experience,student review,fx-yygNLLtE,This video might be taken down! The Ground Reality of Bennett University,Ayush Garg Classes,2025-05-10T04:59:10Z
Bennett University,student_experience,student review,cU6sVOc-RVo,Bennett University BTech Students Review 😍 | Coding Culture | Internships &amp; Placement💸 | Scholarship,College Insider Aqsa,2026-03-27T13:28:13Z
Bennett University,student_experience,student review,Cjs08-AbvvI,Bennett University Student Review 2026 🔥 Honest Experience | Admission Process 🤔 Fee 💸Placements,College Khabri ,2026-01-17T04:30:14Z
Bennett University,student_experience,student review,jCx0om_H_0I,Bennett University Placements 💰| Truths of Average &amp; Highest Placement 🤑| Coupon Code | Campus Tour,College Insider Aqsa,2026-01-29T10:30:21Z
Bennett University,student_experience,student review,GYhT3_ADfTk,WHY Bennett University 😲| Bennett University Review | Bennett Greater Noida Honest Review | Fee,College Khabri ,2025-04-11T11:17:07Z
Bennett University,student_experience,student review,PAFOsWNoMfc,Bennett University MBA 2026 🤔 | ₹42 LPA Package &amp; 55%ile | Honest Review✅,Management Guy,2026-01-27T07:11:39Z
Bennett University,student_experience,student review,lZzWb-YufQE,Bennett University Student Review | BTech Admission Process | Cutoff &amp; Eligibility | Placement &amp; ROI,College Circle,2026-04-01T06:45:10Z
UPES Dehradun,student_experience,student review,B3XyU4F6-vY,UPES Dehradun EXPOSED? 😳 Real Student Review | Worth It or Not,College Insider ,2026-04-18T03:03:01Z
UPES Dehradun,student_experience,student review,v5LBG2Fd_gA,What&#39;s Wrong with UPES Dehradun ?,Ritik Meghwani,2025-04-30T14:45:07Z
UPES Dehradun,student_experience,student review,eCLTQ-Bxca4,Upes Dehradun honest review by a passout❤️| peak motivation before going to college | ridey behl,Ridey Behl ,2025-06-17T15:46:57Z
UPES Dehradun,student_experience,student review,yrxc70fravs,"🚨 UPES Dehradun REVIEW - HARSH REALITY about the Fees, Hostels &amp; Placements🔥",Kavach Khanna,2025-06-30T04:46:01Z
UPES Dehradun,student_experience,student review,jso5S5dZKbg,"UPES Dehradun Full Review 2025 | Courses, Placements, Fees, Hostel Life &amp; More",Tushar Singh,2025-07-03T16:39:16Z
UPES Dehradun,student_experience,student review,S7PCoymK1YQ,"UPES Dehradun Full Review 2026 | Campus, Placements, Hostel &amp; Student Life",COLLEGE LIFE with JIYA,2026-05-28T12:30:31Z
UPES Dehradun,student_experience,student review,MBBUCbVqwqY,UPES Dehradun 2025 Review | Placements | Fees | Campus Tour,Arsh Goyal,2025-04-15T04:34:28Z
UPES Dehradun,student_experience,student review,9jI1LO4H1cY,UPES Dehradun 100% Honest review | Harsh reality | Fees | Placement | Campus life,College Khabri ,2024-12-26T11:30:09Z
UPES Dehradun,student_experience,student review,jqV1Hr_R740,"UPES Dehradun Reality Check 2026 ✅🤬 | Placements, Fees &amp; Honest Review",Boring Bing,2026-01-27T13:30:54Z
UPES Dehradun,student_experience,student review,i-rZFcZevXg,"UPES Dehradun MBA Placements Exposed ➡️ Complete Campus Tour , College Life, Faculties &amp; Hostels",MBA with Arshi Khan,2025-03-06T15:00:58Z
KIIT University,student_experience,student review,Rtgz5pXC8zQ,KIIT odisha | kiit university odisha | #kiiten #vedantu #iitbombay #iitdelhi,Harsh Priyam Sir Fans🔥,2025-10-13T07:47:33Z
KIIT University,student_experience,student review,q6ylCLgIHno,Is KIIT University Worth It? Honest Review by a Student | KIIT Bhubaneswar,Aakash Verma,2026-03-11T10:00:06Z
KIIT University,student_experience,student review,pBIuykgkyWk,KIIT 2026 Placements: My Honest 4th Year Experience (Truth Only),Aakash Verma,2026-05-06T06:35:06Z
KIIT University,student_experience,student review,7uG38TeoAog,KIIT College Review in 1 minute 🔥 #Shorts,Ritik Meghwani,2022-04-20T13:00:13Z
KIIT University,student_experience,student review,GMv2QeoEY7k,KIIT University honest review⚠️ from the students by the students |2023#KIIT_University #bhubaneswar,Kidus Vs Life,2023-05-23T13:26:18Z
KIIT University,student_experience,student review,8ajf2sHdlCI,KIIT University 😱| Why worst college😡 #jee #jee2024 #30days30collegesinIndia,Yash Garg,2024-03-19T11:54:46Z
KIIT University,student_experience,student review,xoHWxmnRNTs,#KIIT UNIVERSITY BOYS HOSTELI KP 26| KIIT HOSTEL ROOM TOUR 2024|INTERNATIONAL STUDENTS ROOMS,Dear MD,2024-11-22T16:30:13Z
KIIT University,student_experience,student review,G6_yrq_L2oA,KIIT Vs. SOA Let’s settle this right now.  #soauniversity #kiituniversity #bhubaneswar #colleges,Kidus Vs Life,2023-06-04T04:37:57Z
KIIT University,student_experience,student review,J54YK-lsZLE,KIIT Bhubaneswar - Honest Review 2025 🤯| Kalinga Institute of Industrial Technology | Admission,College Insider Aqsa,2025-03-22T09:21:50Z
KIIT University,student_experience,student review,3AlS_mYDX20,KIIT Hostel || KIIT University Bhubaneswar Hostel tour | KIIT ❤️,Journey Star 💫,2023-07-24T12:45:02Z
Kalinga University,student_experience,student review,eJnxlrtWQ8s,Kalinga University Review: B.Tech for Working Professionals Full Details,College Vidya,2025-08-28T14:15:06Z
Kalinga University,student_experience,student review,sQbVXB0KjHo,Kalinga University: B.Tech Program Review,shiksha.com,2024-07-03T09:00:49Z
Kalinga University,student_experience,student review,Q1l0FNE3dpU,"Kalinga University, Raipur संपूर्ण जानकारी! आपके सभी सवालों के जवाब👍",UNIVERSITY INDIA,2023-06-10T10:59:31Z
Kalinga University,student_experience,student review,K2KHKdyKc8I,Kalinga University Distance Education | Kalinga University Approved By DEB or Not? #distanceedu,Online Education Consultant,2022-09-01T13:51:18Z
Kalinga University,student_experience,student review,gp7eUE9_FLU,"Kalinga University, Raipur | (Detailed Review) | Kalinga University Btech Admission | Kalinga Review",Kapil Samuel,2025-08-09T14:35:13Z
Kalinga University,student_experience,student review,ocs--HyIUN0,Kalinga University Admission Worth it or not? | Is Kalinga University Worth it for Btech?,Guru Chakachak,2025-08-11T12:15:07Z
Kalinga University,student_experience,student review,fupZOX-8dHs,"Rudrani Takes You on a Kalinga University Campus Tour | Student Experience, Facilities &amp; Campus Life",Kalinga University,2025-08-06T12:13:07Z
Kalinga University,student_experience,student review,pBRfM-vC2lE,Kalinga University Review | kiit bhubaneswar review | kiit college review 2024,College Khabri ,2024-04-17T02:24:46Z
Kalinga University,student_experience,student review,Yu8sf7380MU,Kalinga University Admission Is It Worth It  Is Kalinga University Worth it for B Tech,vpmantra,2025-08-27T13:11:43Z
O.P. Jindal Global University,student_experience,student review,iARqukUQUFE,"OP Jindal Global University Student Experience | OP Jindal  - Hostel, Fees, Hookups, crowd, drugs |",Harshit Chauhan,2023-03-10T10:33:33Z
O.P. Jindal Global University,student_experience,student review,5qv-OmW5c3Y,OP Jindal Honest Review 2025 #opjindal #collegereview,Sandhya- College Review ,2025-04-27T06:50:41Z
O.P. Jindal Global University,student_experience,student review,egjGkB81PwU,Op Jindal University SCAM,Harshit Chauhan,2023-09-01T11:40:40Z
O.P. Jindal Global University,student_experience,student review,ye7ybWngvN0,Assumptions/Expectations about JGLS||What to expect?||Harshita Agarwal,Harshita Agarwal,2021-07-24T07:30:12Z
O.P. Jindal Global University,student_experience,student review,wgOjhQ-ZH1o,The reality of eating on campus at OP Jindal Global university (This is not PR),sanjana poonia,2026-03-15T12:00:00Z
O.P. Jindal Global University,student_experience,student review,bHM3K3IFvaE,First Month in college #shorts #jindal #jgu #opjindal #collegelife #studentlife #university #mba,Shubhanjali Singh,2024-07-10T09:20:00Z
O.P. Jindal Global University,student_experience,student review,u1EIkAqyapk,Scholarships in OP Jindal Law School #shorts,IMS Get Set Law,2025-04-07T06:37:38Z
O.P. Jindal Global University,student_experience,student review,nRJv1AxpE5g,Op jindal global University #college #collegelife #jindal #jgu #university #collegememes #student,Shubhanjali Singh,2024-02-17T13:34:02Z
O.P. Jindal Global University,student_experience,student review,ky_l7IwhHfw,OP Jindal Online MBA Worth It? My Honest Review ( 2025 Batch) #OPJindalUniversity #UpGrad,Honest Reviews,2025-10-16T05:05:02Z
Symbiosis International University,student_experience,student review,OsAbt_Ov8_M,5 Myths About Symbiosis Pune that you should definitely know | Symbiosis Pune | SCMS Pune | SLS Pune,Harshit Chauhan,2023-03-22T07:22:18Z
Symbiosis International University,student_experience,student review,jNQoZWbQ2Hs,The TRUTH About SYMBIOSIS MBA | SIBM Pune Placement REALITY,CollegeSearch,2025-02-26T12:30:44Z
Symbiosis International University,student_experience,student review,Wz5pg6sZEDw,"Symbiosis Pune...Honest Review 🔥 Best Engineering College in Pune?🤔 Placements, Fees, &amp; Campus",Boring Bing,2025-04-09T14:28:58Z
Symbiosis International University,student_experience,student review,nXv-UPtq0Ow,Online MBA Program at Symbiosis University | SSODL Symbiosis School for Online and Digital learning,Prateek Vishwakarma,2024-08-13T03:30:21Z
Symbiosis International University,student_experience,student review,9SJ_GoqYQjQ,"All About BBA from Symbiosis University🏫| Fees, Eligibility, Curriculum, Placements &amp; ROI Explained🎓",SuperGrads IPMAT Coaching by Toprankers,2024-12-07T12:30:06Z
Symbiosis International University,student_experience,student review,nIRKABKyb-w,"Inside Pune’s Top Colleges 🎓 | Campus Tours, Student Life &amp; Reality EXPOSED",Shenaz Treasury,2026-01-19T09:30:28Z
Symbiosis International University,student_experience,student review,z5bMHIiO3Nc,"SIBM Pune Honest Review 2025 🔥 Fees, Cutoff, Placements, Campus Life | SNAP 2026 Details",MBA WORLD,2025-11-18T16:15:07Z
Symbiosis International University,student_experience,student review,xU_SefjLOmw,"Symbiosis Pune College Review | Fees, Placement, Eligibility, Alumni &amp; Campus",SuperGrads IPMAT Coaching by Toprankers,2023-12-28T14:30:07Z
Symbiosis International University,student_experience,student review,NrYLUTJEHmY,"Is Symbiosis Pune REALLY Worth the Hype? | Fees, Eligibility, Campus Life &amp; Placements",SuperGrads IPMAT Coaching by Toprankers,2025-11-19T14:23:36Z
Symbiosis International University,student_experience,student review,BvVJYDFqWlU,The countdown begins! #symbiutsav2023 #symbiosis #events #culturalevent ##explore #fyp,symbiosis katta,2023-12-05T00:00:52Z
NMIMS University,student_experience,student review,P2S7OEBJCSI,VLOG: A Day in the life of a NMIMS Student | Reality of NMIMS | Night Life of NMIMS | NMIMS Mumbai,Harshit Chauhan,2022-11-04T13:40:17Z
NMIMS University,student_experience,student review,3wtsgB3-oFo,Life at NMIMS Mumbai campus | Jaw-dropping Campus Tour by IIM Guy |  The Reality About Placements,The IIM Guy,2023-09-16T13:30:01Z
NMIMS University,student_experience,student review,vLxA1co8Cvo,😲NMIMS MBA 2025: Placement REALITY!💥#mba #nmims #nmat #cat #iim,MBA Fundas by Sunstone,2025-05-03T05:55:01Z
NMIMS University,student_experience,student review,9Soy6v4Fz18,NMIMS - Which courses are worth it? | DO Watch this video before joining NMIMS | NMIMS Mumbai,Harshit Chauhan,2025-05-14T11:53:22Z
NMIMS University,student_experience,student review,-c3OgpzhzEs,NMIMS can take a joke! #nmims #mbalife #comedyshorts #jokesvideoshort #standupcomedy #englishcomedy,Kaushal Dayani,2022-12-04T12:47:19Z
NMIMS University,student_experience,student review,6jMAtKGw9fk,"🎓 NMIMS University Review | Reality Of NMIMS! | Admission, Courses, Placements? | Top BSchools",Kapil Samuel,2024-09-05T15:09:14Z
NMIMS University,student_experience,student review,iZG784cKBtg,Nmims Glass Building Scam💀🚨| Nmims Mumbai,Harshit Chauhan,2023-10-15T12:10:08Z
NMIMS University,student_experience,student review,cQ4rxhnRYsc,Average Living Expenses in Mumbai | Jai Hind - NMIMS - MithiBai,Kavach Khanna,2023-08-03T06:28:52Z
NMIMS University,student_experience,student review,TYrQCJEM-Jw,NMIMS Online Honest Review 2026🎓 || Online UG and PG Courses🏛️ || NMIMS Admissions || Ankit Sharma,Ankit Sharma,2025-07-16T14:04:05Z
Christ University,student_experience,student review,mqxCiQLef0k,Student Exposed Christ University Bangalore | Christ University MBA Review,MBA with Arshi Khan,2026-04-01T06:45:37Z
Christ University,student_experience,student review,Z3VnQptfYKM,Christ University Banglore Exposed!!! #christuniversity #bangalore #ratracelife #cuet,Vipul Wanders,2023-12-22T23:33:12Z
Christ University,student_experience,student review,Wz5rsXANmZM,Christ University SCAM | Christ university Bangalore,Harshit Chauhan,2023-09-08T09:40:12Z
Christ University,student_experience,student review,FwNCKI0gxTw,Watch this before joining christ university❌🚨 | Christ University Bangalore,Harshit Chauhan,2024-02-22T08:37:23Z
Christ University,student_experience,student review,495AuQBA5ro,Christ University Bengaluru might ban me for this !,Kiran Kumar,2025-09-13T06:00:15Z
Christ University,student_experience,student review,vPvB0jblBsk,Christ University vs Mount Carmel College || Student Ratings Challenge 🎓🔥,propelld,2025-09-04T15:30:39Z
Christ University,student_experience,student review,85IEnmJhbgU,"Bangaloreans, Christ or Joseph’s?😌☕️ #bangalore #christuniversity #funny #dating #comedy #voxpops",Schmooze ,2024-01-09T15:00:05Z
Christ University,student_experience,student review,VMp4wjAGZ6c,Life of a christite🤍|| Christ University  #christuniversity #delhincr,Bagmita Mahanta,2023-02-25T09:59:55Z
Christ University,student_experience,student review,q1eXO7P2rfU,Christ University Yeshwanthpur Campus Review | Honest Student Review 2026,Nishika speaks,2026-01-27T12:55:24Z
Christ University,student_experience,student review,dlAwZRBEKz0,Jain University or Christ University? Watch Students Spill the Truth in Ratings!,propelld,2025-04-23T15:30:20Z
Jain University,student_experience,student review,r3e0ccw0fEE,Jain University Bangalore Review🎓 | Is Jain University Worth It? 🤔 | Admission | Fees &amp; Placements,College Disha,2026-02-14T12:39:15Z
Jain University,student_experience,student review,ihYqU-cfW1A,"Honest Review about Jain University, Bangalore by an Ex- Student | Placements | Crowd etc",Kavach Khanna,2021-05-26T06:00:12Z
Jain University,student_experience,student review,JwE-NA-O_Hg,Jain University Bangalore 🤔 Low Score Admissions – Worth It or Not? 🔥 Honest Review,Boring Bing,2025-08-25T16:02:36Z
Jain University,student_experience,student review,9nwQyRiaovU,Jain University Student Experience | Jain University Bangalore,Harshit Chauhan,2023-07-01T08:53:13Z
Jain University,student_experience,student review,bdZWriZSnsw,"Jain University Bangalore B. Tech 2026: JET Exam, Course-wise Fees, &amp; Placement Highest pkg -81 LPA",Careermudhra,2026-04-14T11:17:43Z
Jain University,student_experience,student review,SrdUenkUZkY,"Jain university, more like Jail university #bangalore #bangalorecolleges",Slick App,2024-01-18T09:56:05Z
Jain University,student_experience,student review,LAWruFu9SHE,Jain college student gets exposed 😄,SmoothWingman,2025-05-05T13:30:26Z
Jain University,student_experience,student review,vZiTSAwkSYc,jain university bangalore full details telugu 2025,Vamsi Mamidi,2025-05-08T13:38:43Z
Jain University,student_experience,student review,-e-LXgH7xpM,Honest Review of Jain Hostel ll Hostel Life ll Jain University ll Campus life,ranjith podcast,2022-12-16T09:56:30Z
Graphic Era University,student_experience,student review,qCJGZ95dZzo,Graphic era university || Experience &amp; Review || placements &amp; reality|| Btech Biotechnology||college,Whois.ekta27,2024-08-08T12:23:04Z
Graphic Era University,student_experience,student review,Ju52nIrhrTU,"Graphic Era University (GEU), Dehradun B.Tech CSE Review:  Insights on Fees, Placements, Internship",College Review Unfiltered,2024-05-15T14:20:42Z
Graphic Era University,student_experience,student review,KF90UsEqKA4,"Graphic Era University 2026 Honest Review | Placement, Admission and Hostel",Prabhat Ranjan,2026-03-18T06:30:10Z
Graphic Era University,student_experience,student review,9IEiYIQenr8,Graphic Era University Tour and Review | Graphic Era ka Asli Sach  | College Vlog,Sushant World,2026-06-04T14:30:11Z
Graphic Era University,student_experience,student review,Lcq-YuFRrtg,"Graphic ERA Dehradun Exposed 🤬 | Placements, Fees &amp; Campus Reality✅",Boring Bing,2025-01-13T13:23:06Z
Graphic Era University,student_experience,student review,ZUq5Nz1F1IA,International students experience in graphic era university.. watch full video in my YouTube channel,Khushi Bhatt ,2025-09-15T13:49:00Z
Graphic Era University,student_experience,student review,eoQU0bn7FuM,Graphic Era Btech Cse Course Review | Student Honest Review | Geu GEHU btech Cse Worth it ?,Dehradun colleges,2026-02-11T13:15:06Z
Graphic Era University,student_experience,student review,qwnRy01x61o,Graphic Era University Dehradun | Direct Admission on 12th Marks | Placements &amp; Fees,College Dost Hindi,2025-05-25T05:30:21Z
Graphic Era University,student_experience,student review,zylN7rhynQ8,"Graphic Era University (GEU), Dehradun Review | Fees, Placements, Courses, Cutoff",shiksha.com,2023-08-29T11:30:32Z
Graphic Era University,student_experience,student review,qlr5QnwCdPg,Watch this before doing Mba from Graphic Era? Placements? Admission criteria ? Worth it or not,Prasoon ,2025-06-21T05:41:04Z
PES University,student_experience,student review,8Je1XwPuGUA,PES University Bangalore Review 🤯| Honest Reviews - by BTech Student | Admission | Placemnet | Vlogs,Tauqeer Zakaria,2025-03-12T15:30:33Z
PES University,student_experience,student review,KfB9yR1e5NY,Is PES University Bangalore Worth It in 2026? | Engineering Student Review | MindCreed,MindCreed,2026-01-09T18:31:09Z
PES University,student_experience,student review,a1xevN46xLQ,₹68LPA at PES University ?! | The Honest Review You Need for 2026,Anurag Thakur : College Review,2026-02-02T15:46:49Z
PES University,student_experience,student review,LVHuBwYoRs8,"PES University Student Review 2026 🎓 Honest Experience, Placement Reality &amp; Campus Life",College Khabri ,2026-01-21T10:41:18Z
PES University,student_experience,student review,GWGzhlEOW-s,"Inside PES University BTech CSE: Placements, Admission, Coding Culture &amp; Campus Life!",College Review Unfiltered,2025-02-21T07:54:40Z
PES University,student_experience,student review,NijZeQJTENU,#justiceforadityaprabhu | PES student&#39;s mother speaks to Deccan Herald about his death | Bengaluru,Deccan Herald,2023-07-21T17:23:22Z
PES University,student_experience,student review,zHusKCaD2j4,"PESU Bangalore Review 2026 l Direct Admissions, Expected KCET Cut-Offs, Mngt. Quota Fees I #PESU2026",Careermudhra,2026-02-16T07:34:12Z
PES University,student_experience,student review,KYUEM1Jm5P4,Is PES University Worth It in 2026❓| PES University Bangalore Full Review ✅ | Check The Reality 🤯,MBA Talk,2026-02-23T10:53:17Z
PES University,student_experience,student review,-tt232OpkVU,PES University Bangalore Engineering Student Review | MindCreed,MindCreed,2024-07-11T17:51:15Z
PES University,student_experience,student review,996nCiXKIn0,"⚠️ PES University Bangalore Review:  TRUTH Exposed! ⋮ Review Before You Apply - 2024 ⋮ PESSAT, JEE",The Rankers Vision,2024-05-24T05:30:03Z
Reva University,student_experience,student review,-Y5E-7n3f6s,REVA University Review | Honest Opinion by a Graduate - Everything you need to know before joining.,CampusLens,2026-05-12T08:48:31Z
Reva University,student_experience,student review,xR5G3rT8oy0,"REVA University, Bangalore Review : Cutoff, Fees, Ranking, Courses",shiksha.com,2023-04-28T11:30:17Z
Reva University,student_experience,student review,2ulULwsEArM,Reva University Bangalore Review 🤯| B.Tech Student Reviews |  Placement ❌ | Admission | Campus Tour,Tauqeer Zakaria,2025-01-01T15:33:40Z
Reva University,student_experience,student review,XddG81qvbic,"REVA University Bangalore Student Review 2026 🤯 | Admission, Fees, Placements &amp; Is It Worth It? 🔥",College Khabri ,2026-02-13T11:42:57Z
Reva University,student_experience,student review,jaigxl1Q1_c,"Everything You Need to Know About Reva University Bangalore 2026 | Courses, Admissions &amp; Placements",Collegedunia,2025-09-16T12:43:13Z
Reva University,student_experience,student review,VtMrMSJM2LE,Should You consider joining REVA UNIVERSITY?,Alemari Ganesha,2024-01-23T11:12:36Z
Reva University,student_experience,student review,AEToELJrU_k,TRUTH ABOUT REVA UNIVERSITY BANGALORE #bangalore #revauniversity #bangalorecollege,College Guruji,2024-11-23T10:20:13Z
Reva University,student_experience,student review,zJxsBGoiJaI,"Reva University Bangalore 2026 | Campus Life, Courses &amp; Everything You Must Know!",Collegedunia,2025-09-16T17:18:31Z
Reva University,student_experience,student review,YcgV97LzxXg,REVA UNIVERSITY BANGALORE | REVIEW | ADMISSIONS | FEE STRUCTURE,Edu9 Career Guidance,2024-04-17T11:30:26Z
Reva University,student_experience,student review,B_3dhs1s0Pg,Reva University BTech Courses &amp; Fees 2025-మీరు Budget చూసారా? #btechfees#teluguvlogs #revauniversity,Padhus World ,2025-05-15T18:22:47Z
SASTRA University,student_experience,student review,Y2EGSxFa6CM,Life at Sastra Thanjavur | B.Tech Mech| Mechanical engineering|1st year Sastra |,Monika Varsheni,2025-06-04T10:30:05Z
SASTRA University,student_experience,student review,OCqbwHm9GDk,"Before Joining SASTRA University Watch This|Hostels, Mess Food, Fees &amp; Student Life | Freshers Guide",Monika Varsheni,2026-06-05T12:11:44Z
SASTRA University,student_experience,student review,_8cvmCEaaiA,SASTRA University placement #careercounseling #careeradvice #careerguidance,CareerKul,2025-03-10T05:53:29Z
SASTRA University,student_experience,student review,cQVHvGX8Q2Q,It&#39;s SASTRA Sunday #sastra #trending,2AM club,2025-02-02T19:44:27Z
SASTRA University,student_experience,student review,1Hyl69oTs4M,SASTRA University BTech Admissions 2026 | JEE &amp; Inter Marks | Low Fee Top College,Edu9 Career Guidance,2026-03-26T13:06:42Z
SASTRA University,student_experience,student review,Q-r__2UOoE4,Top University in india | SASTRA UNIVERSITY 🤯,Career With Suman,2025-07-10T05:08:35Z
SASTRA University,student_experience,student review,OwwwKil4xgM,"Sastra University 2026 College Review | Honest Insights on Placements, Campus &amp; Academics",Prabhat Ranjan,2026-05-05T06:30:11Z
SASTRA University,student_experience,student review,quotbUscNlk,SASTRA வேண்டாம் TIER 2 கல்லூரியில் சேருங்கள் என்று கூறும் CAREER GUIDANCE EXPERTS|என்ன நடக்கிறது?,UKV TAMILA,2023-08-06T13:08:16Z
SASTRA University,student_experience,student review,0VXiw-6Rlcc,"All about Sastra University, Thanjavur✅✅#shorts #sastra #thanjavur #btech #engineeringcollege",Vedantu JEE Made Ejee,2024-05-13T15:30:00Z
SASTRA University,student_experience,student review,LUYYmyO0ppA,Sastra veyil be like: summa adhirudhula🌝🔥#sastrauniversity #sastraapplication #friends #trending,2AM club,2025-05-09T09:52:17Z
Shiv Nadar University,student_experience,student review,AU-TR0fw1hk,Don&#39;t Join SHIV NADAR University Right Now ! SNU Review,Ritik Meghwani,2026-02-17T07:00:07Z
Shiv Nadar University,student_experience,student review,VbblcjAib2k,Things I don&#39;t like about Shiv Nadar University,Shubham Kejriwal,2022-08-11T05:45:12Z
Shiv Nadar University,student_experience,student review,FUaoTWas6Ok,SSN vs Shiv Nadar University Chennai 😱 Don’t Choose Before Watching | Real Student Reviews,Suman Mpm,2026-04-14T14:25:14Z
Shiv Nadar University,student_experience,student review,jCBV_ymChMM,"Shiv Nadar University,Chennai|Freshers Review|Final Year Interaction on Placements|Coaching|Dinesh",DINESH PRABHU,2024-06-06T10:30:07Z
Shiv Nadar University,student_experience,student review,4QBzMPhJaO4,Shiv Nadar University Review 🤬| Honest Reviews🔥| Direct Admission Process? 2025 | SNU Noida Vlogs,College Insider Aqsa,2025-01-09T10:08:15Z
Shiv Nadar University,student_experience,student review,kYVU-G6yqBY,Shiv Nadar University is a great college but...,Bhavya Joshi,2023-03-21T07:01:08Z
Shiv Nadar University,student_experience,student review,ctQfxa-DN3g,"Shiv Nadar University,Chennai |Students Review about New University|College எப்படி இருக்கு?",DINESH PRABHU,2023-05-24T10:30:11Z
Shiv Nadar University,student_experience,student review,GGC7vDdulSQ,Shiv Nadar University Exposed 🤬 Placements Reality Nobody Tells You,Boring Bing,2026-04-01T15:31:16Z
Shiv Nadar University,student_experience,student review,den0VIAQGN4,Shiv Nadar University: India’s Most Innovative Private University | Career Guidance with Ramana 🎓,Career Guidance with Ramana,2025-11-06T14:10:55Z
Shiv Nadar University,student_experience,student review,BkAtrXUmzIE,Shiv Nadar University | Thinking of MBA at Shiv Nadar University? Watch This Before You Apply!,Get Admission,2025-12-25T03:30:14Z
FLAME University,student_experience,student review,-dYcpMNK09E,"Flame University Pune Exposed 🤬 Placements, Fees &amp; Honest Review!",Management Guy,2026-03-21T08:30:00Z
FLAME University,student_experience,student review,lbI4w4yvL5o,Flame University College Review #collegeadmissions #flameuniversity #collegereview,Sandhya- College Review ,2025-04-05T11:25:35Z
FLAME University,student_experience,student review,WmooLjEoOzE,Part 1 - Campus Insider FLAME University | Honest Review ft. Sanika Mate,IPMAT BBA Prep with IMS,2026-02-15T17:44:41Z
FLAME University,student_experience,student review,xmzHIQImRgY,"Flame University Pune Student Experience | Hookups, Party, Drugs, crowd, placements",Harshit Chauhan,2024-03-25T06:20:00Z
FLAME University,student_experience,student review,aAOvYGXB4mU,"MBA vs Msc Economics at Flame University | Reality from Current Students at FLAME University, Pune",Kavach Khanna,2026-03-01T09:04:49Z
FLAME University,student_experience,student review,xLLQO_bfxf4,Reality of MBA at FLAME University | Truth from the current students,Kavach Khanna,2025-12-05T13:26:43Z
FLAME University,student_experience,student review,lsUCLpJZE4I,"FLAME University, Pune | A Campus Never Seen Before",Kavach Khanna,2025-10-11T05:33:40Z
FLAME University,student_experience,student review,EhfIFyhawJc,"Honest Review of FLAME University - Fees, Placements, Admission Process etc",Kavach Khanna,2025-11-11T11:03:48Z
FLAME University,student_experience,student review,tBmU9iooGE8,Why MBA ? | Voices of FLAME Students | FLAME University Pune ,Cetking,2025-12-25T14:30:57Z
MIT World Peace University,student_experience,student review,bLOi1-03Vxw,MIT PUNE COLLEGE REVIEW 🔥 PLACEMENT RECORD 😱 #college #iit #mitpune #iitbombay #VED,ScholarlySteps,2025-08-03T12:18:33Z
MIT World Peace University,student_experience,student review,fkbs51FRHMw,"MIT World Peace University Pune MBA Review | Fees, Placement, ROI &amp; Admission Reality – Must Watch!",Everything For MBA,2025-12-28T15:01:14Z
MIT World Peace University,student_experience,student review,mIkFzuYRyiY,Mit - Wpu Engineering review by 4th year student| Mit Kothrud engineering review by student|,18UP - Careers,2025-05-16T06:37:20Z
MIT World Peace University,student_experience,student review,5DCPFNZ9GqA,MIT Pune BBA | BBA MIT WPU Pune review by Delhi student| BBA placements,18UP - Careers,2025-02-21T13:36:04Z
MIT World Peace University,student_experience,student review,xhTp55-rd8c,"MIT WPU is amazing 😍 Placements, Fees &amp; BTech CSE Honest Review!",Boring Bing,2025-05-11T14:40:17Z
MIT World Peace University,student_experience,student review,9Vd6_b-vpE8,MIT WPU Pune Reviews 🔥| BTech Honest Review by Student 🤬| Direct Admission | Placement | Fees | Vlog,Tauqeer Zakaria,2025-03-20T12:51:15Z
MIT World Peace University,student_experience,student review,Ydovka4Fgk0,"How to get 100% scholarship at MIT-WPU, Pune: One of the most prestigious colleges of Maharashtra",Selina Shrivastava,2024-04-07T10:28:52Z
MIT World Peace University,student_experience,student review,delJRre6fX0,MIT WPU Pune Review 2026 | Honest Student Review | Is It Worth It❓| Placement &amp; ROI Analysis,College Samadhan,2026-02-25T11:26:25Z
MIT World Peace University,student_experience,student review,VlMBXf9NVuc,MIT Life 🥲 From Hate to Love at First Sights #shorts #college #mitwpu #mhtcet #pune #class12 #cet,CONCEPT SIMPLIFIED ,2024-09-04T04:18:30Z
MIT World Peace University,student_experience,student review,ATMGRvqPqyQ,"MIT-WPU, Pune - Full Campus Tour | Kavach Khanna",Kavach Khanna,2025-02-07T11:34:33Z
ICFAI University,student_experience,student review,BFH5F8RMVcU,"ICFAI UNIVERSITY, Dehradun Exposed | BA+LLB (5 Year Program) | ICFAI UNIVERSITY, Dehradun - Review",Collegedekho with Hritik,2023-10-14T14:30:11Z
ICFAI University,student_experience,student review,f0nymVRDJs4,ICFAI University Review🤯||Reality Explained😶,Sukanya Jaswal,2025-05-30T15:54:51Z
ICFAI University,student_experience,student review,3rSUsxDC1io,This guy exposed the truth of ICFAI University Tripura!,DebangshuKiBaate,2025-02-07T12:30:03Z
ICFAI University,student_experience,student review,cYsjGA1KuUs,ICFAI Law Reality ⚖️ | Senior se Honest Interview 😳 | Law Course ki Sachchai! 🎓,Sawan Negi vlog,2026-03-16T13:30:44Z
ICFAI University,student_experience,student review,kg2NgWm7SvE,"IBS Hyderabad Honest Review | MBA Campus, Placement &amp; Reality | Should You Join? #honestreviews ",Shreya Gupta,2026-01-03T16:40:01Z
ICFAI University,student_experience,student review,IEMhmEj92YM,ICFAI University Tripura Review 2026 | BTech CSE Honest Review After 2 Years | Worth It or Not?,Deepjoy Bhowmik vlogs,2026-06-09T13:00:10Z
ICFAI University,student_experience,student review,kqOLk5S1yN8,"ICFAI Business School (IBS) All Campuses Review 2024 | Courses, Fees, Placements &amp; Faculty Details",College Review Unfiltered,2024-10-06T10:13:35Z
ICFAI University,student_experience,student review,yJDST6EwRvg,"ICFAI UNIVERSITY, Dehradun - Reality",Collegedekho with Hritik,2023-09-25T18:23:28Z
ICFAI University,student_experience,student review,AcIrFFLNZK8,ICFAI University Campus Tour | Best University for Upcoming Students | iDreamCampus,iDream Campus,2025-07-05T11:32:36Z
ICFAI University,student_experience,student review,kaB3gh099oQ,From classrooms to campus corners – here’s how our first week at ICFAI University Tripura unfolded.,ICFAI University Tripura,2025-09-23T12:43:23Z
Parul University,student_experience,student review,XQm2h2MC6UI,✅ Parul University Vadodara Review | Parul University Reality | Should You Join..?,The Rankers Vision,2023-06-20T05:30:06Z
Parul University,student_experience,student review,Pk45h-TJ-uU,Is Parul University a Scam? 🤬 Honest BTech CSE Review 2026 ✅ Fees vs Placements!,Boring Bing,2024-11-24T12:30:19Z
Parul University,student_experience,student review,FVnl5D1yeeY,Parul University reality | hostel Tour| Attendance | placement’s |personal review,CrazyPY,2025-06-23T06:20:08Z
Parul University,student_experience,student review,y7TBzaiervk,Is Parul University REALLY Worth It for Students in Gujarat? | ShineMoon,ShineMoon ,2026-02-28T16:31:18Z
Parul University,student_experience,student review,ELmMjZjHwEQ,Parul university reality 😩😱|| Minivlog-82 || #shorts #college #tranding,JI PANDEY JI,2024-05-05T03:30:08Z
Parul University,student_experience,student review,7gf6kappAJw,Parul University Graduation Journey 🎓 | My Honest Experience (Pros &amp; Cons) | Telugu,ARK educart,2026-04-11T13:00:06Z
Parul University,student_experience,student review,VuIaZWFDZHM,Parul University Vadodara ￼Honest review￼| Hidden Placement Truths Exposed! 🤔,Sahil Panwar ,2025-06-24T22:30:13Z
Parul University,student_experience,student review,eHwvOFK5ics,Is Parul University a Scam? 🤬 Honest BTech CSE Review 2025 | Fees vs Placements Exposed!,Sahil Panwar ,2025-05-09T06:30:20Z
Parul University,student_experience,student review,OuH0OEwLSMs,"Parul University Vadodara Latest Placements: Highest Package, Average Package, Top Recruiters",Collegedunia,2025-08-10T12:56:00Z
Parul University,student_experience,student review,EI-Q_M840Q4,Parul university review😡|| Minivlog-84 || #shorts #college #tranding,JI PANDEY JI,2024-05-23T11:49:00Z
Chitkara University,student_experience,student review,f1Wq5M9bIKs,"Chitkara University Reality Check 😱 | Placement, Fees &amp; Student Review",MBA Talk,2026-01-19T12:30:23Z
Chitkara University,student_experience,student review,mgCNg9nXJZE,Chitkara University mai itni hoti hai placement | Standup Comedy,LaughWithShivansh,2023-08-02T17:40:06Z
Chitkara University,student_experience,student review,8hEFLQ6s3Bc,The Dark Side of Chitkara University Exposed 😱 | Chitkara university reviews #shorts,Crazee reviews,2024-05-20T11:40:29Z
Chitkara University,student_experience,student review,coUZ1-ew3ek,Don’t Choose Wrong! Chitkara vs Chandigarh University | Must Watch Before Admission.,puju thevlogger,2025-05-12T12:47:48Z
Chitkara University,student_experience,student review,xp0zzEsfy6o,My honest review about Chitkara University everything u want to know #chitkarauniversity #reality ,Chetna Gautam,2026-04-25T13:25:16Z
Chitkara University,student_experience,student review,PmDZmaRlWJI,chandigarh university V/S chitkara university 🔥 #shorts,Rishabh Bharadwaj,2023-05-28T12:30:24Z
Chitkara University,student_experience,student review,rqE33yauDNQ,Living the Chitkara life!✨🕊️ #ytshorts #collegedays #chitkarauniversity #relatable,Manya Khurana,2025-04-09T12:00:24Z
Chitkara University,student_experience,student review,iaDZuXElF60,Chitkara University...an Honest Review😡 Worth it in 2026?🤔,Boring Bing,2024-08-10T13:30:31Z
Chitkara University,student_experience,student review,JJe-H3v1N-s,"Chitkara University Better than LPU &amp; CU? 😳 Honest Review | Placements, Fees, Campus Reality✅",Boring Bing,2025-06-17T15:11:43Z
Chitkara University,student_experience,student review,hprTK9fXw9w,Chitkara University Good or Bad? | Review from Freshers 2025 | Chitkara University | Vlog 7,Dipanshu Gulyani,2025-09-03T13:18:51Z
Alliance University,student_experience,student review,_K-spIaUwrg,Alliance University - Real Student&#39;s Review - Watch before you Join,Kavach Khanna,2024-01-17T07:34:09Z
Alliance University,student_experience,student review,h0uRE3BVpms,Alliance University Bangalore PLACEMENT Secrets Revealed,vidhyaa.in,2026-01-09T13:30:55Z
Alliance University,student_experience,student review,4wSdfREdkAI,"MBA REVIEW of Alliance University, Bangalore | Honest Reality by the Current Students",Kavach Khanna,2023-01-11T13:45:22Z
Alliance University,student_experience,student review,QernHhAWeeA,"Alliance University Bangalore Review : Courses, Fees, Ranking, Placements",shiksha.com,2023-02-09T08:30:05Z
Alliance University,student_experience,student review,3_2wfrfvNjk,Alliance University Review 🤯| Honest Review by BTech Student 🤬| Placement | Admission Process | Fees,Tauqeer Zakaria,2025-02-03T11:40:06Z
Alliance University,student_experience,student review,nfsqeDEv78g,Alliance University BTech Complete Review | Scholarship | Admission Process &amp; Placement | JEE Cutoff,Mantasha Saifi,2026-04-07T12:54:06Z
Alliance University,student_experience,student review,qDix6GEg8pc,Joined Alliance University Bangalore for Bba,Angelin Vlogs,2023-07-10T12:22:45Z
Alliance University,student_experience,student review,v3CjBRFUqaw,Champion Conversations | Alliance University X @royalchallengersbengaluruYT,Alliance University,2025-02-28T05:27:20Z
Alliance University,student_experience,student review,hg5xDok1FqA,👀What no one tells about alliance university😭|full campus tour|experience|student life|education🌸 ,Harshy’s Aura🤍,2026-05-30T08:33:41Z
Alliance University,student_experience,student review,cSOvn90UVaw,Is Alliance University considered a good college?,Alemari Ganesha,2024-04-04T11:01:49Z
IIIT Hyderabad,student_experience,student review,nk2uQvBvPmk,"IIIT Hyderabad Student Life EXPOSED! 🎙️ Hostel Struggles, DSA Grind &amp; Real Placements | Podcast",VectorX Academy,2025-06-21T15:18:13Z
IIIT Hyderabad,student_experience,student review,aL_QJtMv8PI,IIIT Hyderabad College Review 2025 : Truth About Placements &amp; Campus Life,Prabhat Ranjan,2025-11-07T06:30:01Z
IIIT Hyderabad,student_experience,student review,RKmcqK5_FQk,IIIT Hyderabad Review in One Minute 🔥 #shorts #iiitmotivation #iiithyderabad,Ritik Meghwani,2022-07-09T15:30:13Z
IIIT Hyderabad,student_experience,student review,SevHtRimHYI,"💥 All About IIIT Hyderabad 2025 | Fees, Ranking, Placement &amp; Admission Process! #IIIT",Careers360,2025-05-19T11:43:13Z
IIIT Hyderabad,student_experience,student review,UAaBJ_m52Is,BITS Pilani vs IIIT Hyderabad – Which one should you choose? #shorts,shiksha.com,2025-07-25T09:38:04Z
IIIT Hyderabad,student_experience,student review,g1jIjAqDI94,IIIT Hyderabad Pros and Cons !!! (2022),ASpire Learning,2022-07-11T09:30:08Z
IIIT Hyderabad,student_experience,student review,jREMkni4MBw,"JEE Advanced Topper, Chose IIIT Hyderabad 🔥🥵  IIT Motivation status   IIT Status #shorts #iitbomba",Esaral Fanclub,2025-01-12T03:25:43Z
IIIT Hyderabad,student_experience,student review,aj_WyzR2arc,IIIT Hyderabad Freshers&#39; Introduction 2022 | Decore | Felicity&#39;23,"Felicity, IIIT Hyderabad",2023-01-25T14:30:10Z
IIIT Hyderabad,student_experience,student review,uPigm33_0IQ,IIIT Hyderabad College Review🔥#jee #iit #IIITHyderabad,Yash Garg,2023-12-14T12:33:27Z
IIIT Hyderabad,student_experience,student review,cvhysVLcIMU,A day in my life at IIIT Hyderabad,Praddyumn Shukla,2023-04-07T09:45:02Z
IIIT Bangalore,student_experience,student review,mYix5fmcJvE,My First Semester At IIIT Bangalore 🔥,Akshay Films,2024-12-11T06:28:54Z
IIIT Bangalore,student_experience,student review,fK2gyoyEUPs,A day in my life at IIIT Bangalore,Akshay Films,2024-09-16T06:16:47Z
IIIT Bangalore,student_experience,student review,aMSp_s66ErI,IIIT Bangalore college review 2025 : Truth About Placements &amp; Campus  Life,Prabhat Ranjan,2025-11-09T06:30:00Z
IIIT Bangalore,student_experience,student review,S83aCgXBluc,IIIT Bangalore Complete Review | Placements | Hostel | Mess | Curriculum | Maitri Trivedi,Mansi Somani,2025-05-18T12:10:15Z
IIIT Bangalore,student_experience,student review,aMMBYKh3-xM,"💥 All About IIIT Bangalore 2025 | Fees, Ranking, Placement &amp; Admission Process! #IIIT",Careers360,2025-05-27T12:28:10Z
IIIT Bangalore,student_experience,student review,JX2-CsyN8IE,IIIT BANGALORE APPLY చేయాలా వద్దా నోటిఫికేషన్ details #PHANI sir,PHANI sir MATHS IIT - JEE CLASSES,2024-04-22T14:00:14Z
IIIT Bangalore,student_experience,student review,wrwgr0po_3E,IIIT Bangalore Review in One minute 🔥  #shorts #iiit #iit #jeemains2022 #iitmotivation,Ritik Meghwani,2022-08-10T16:00:08Z
IIIT Bangalore,student_experience,student review,j0EVypfDIFA,IIIT BANGALORE College Review 2026 | 1.5 Cr Highest Package | Placement | Fees | Campus Tour  | ,Victor Bharadwaj,2026-06-12T15:22:07Z
IIIT Bangalore,student_experience,student review,CX409s99f-I,IIIT Bangalore Academic &amp; Mess Tour | First time in తెలుగు | IIIT Bangalore Campus Tour,IITian తెలుగు Vlogs,2024-12-11T12:30:13Z
IIIT Bangalore,student_experience,student review,DpYKK5gIBKs,"IIIT Bangalore Reality 😱 Placements, Campus Life &amp; Internships EXPOSED | ft. Abhipsa",Squirrel IITM,2025-09-08T13:30:06Z
IIIT Delhi,student_experience,student review,6IgFZ1B7WkI,IIIT Delhi College Review 2025: Truth About Placements &amp; Campus Life,Prabhat Ranjan,2025-11-08T06:30:03Z
IIIT Delhi,student_experience,student review,n46-KTF7F3A,IIIT Delhi Honest College Review #iiit #iiitdelhi #engineering #iitjee #college #iitmotivation #jee,Kampus Katha,2024-10-03T12:53:26Z
IIIT Delhi,student_experience,student review,mrTTNNCVMZ8,"IIIT Delhi College Review 2026: Better than DTU, NSUT, Reality of Coding Culture, Placement &amp; Cutoff",Education Side,2026-03-14T14:40:55Z
IIIT Delhi,student_experience,student review,8G_xr889Fic,"The Ultimate IIIT Delhi Review 📊 | Placements, Cutoffs &amp; Salary Data EXPOSED!",Btech360,2026-03-26T09:19:19Z
IIIT Delhi,student_experience,student review,len4LzgBOKs,IIIT Delhi College Review || Students Honest Feedback,Aryan Mahendru,2023-07-02T09:44:34Z
IIIT Delhi,student_experience,student review,PeKsM33Bag0,"IIIT Delhi 💥 100% placement Secret Revealed! | Cutoff, Fees, Placements, JAC Delhi Counselling 2025",Set time - Bound goal,2025-04-13T13:21:45Z
IIIT Delhi,student_experience,student review,17ISx8YraR4,IIIT Delhi College Review in 60 Seconds 🔥 | #shorts #iiitd #jee,Mahatva Kaushik,2025-05-29T11:52:13Z
IIIT Delhi,student_experience,student review,Lu-QLpaUDP0,"IIIT Delhi Honest College Review 2025🔥 | Placements,Fees, Workload,Admission Process #iiitd #jee2025",Harshit Thriving,2025-05-24T10:35:46Z
IIIT Delhi,student_experience,student review,_ItyL5Sad5o,IIIT delhi college review in one minute | iiit delhi placement | cutoff | #iiitdelhi #iiit #iiitd,UNBIND,2023-07-08T11:09:30Z
IIIT Delhi,student_experience,student review,kY3jYPMqJZY,Life of a PhD student at IIIT Delhi ❤️🧿,Amit Kumar,2025-06-11T16:30:17Z
IIIT Allahabad,student_experience,student review,NrZfGgEmEO8,IIIT ALLAHABAD VS NIT TRICHY TOP ENGINEERING COLLEGES IIT BITS COMPUTER SCIENCE ENGINEERING BRANCH,Rajesh Pandita,2023-06-25T13:16:07Z
IIIT Allahabad,student_experience,student review,CR9P6rM0H9o,IIIT Allahabad College Review | In Short,Apna College,2023-03-15T06:24:50Z
IIIT Allahabad,student_experience,student review,I7ChGT58zSs,IIIT Allahabad: The Truth! | IIT JEE,GuptaJi,2024-05-29T06:57:06Z
IIIT Allahabad,student_experience,student review,QsgmvoR8K_0,IIIT Allahabad CSE or 2nd Gen IITs - Where to Go?? #iitjee #jeemains,Nishant Jindal [IIT Delhi],2025-02-04T14:30:11Z
IIIT Allahabad,student_experience,student review,7Knwf20lnoE,IIIT Allahabad college review 2025 : Truth About Placements &amp; Campus  Life,Prabhat Ranjan,2025-11-11T06:30:03Z
IIIT Allahabad,student_experience,student review,4kMRKblafdA,All About IIITA from the Students of IIITA | Honest Answers to Freshers’ FAQs | Thunderbolt AMS,Acoustics and Media Society IIIT ALLAHABAD,2025-06-03T11:30:03Z
IIIT Allahabad,student_experience,student review,NQwrB59sEt8,IIIT Allahabad Average package #viral #iiitaaveragepackage#bestiiit#iiitallahabad#iiita#cse,IIITian Shiva,2022-08-21T09:48:31Z
IIIT Allahabad,student_experience,student review,wCaZ7b9uegw,IIIT Allahabad coding culture#viral #shorts #ssvlogs #iiita #iiitallahabadplacement#coding#status,IIITian Shiva,2022-09-13T17:56:57Z
IIIT Allahabad,student_experience,student review,TYkoQemKvWo,Mini Vlog 3 || IIIT ALLAHABAD || #hostellife #iiitallahabad #campuslife #iiitallahabadvlog,IIITian Shiva,2024-02-02T16:30:06Z
IIIT Gwalior,student_experience,student review,PWDoaXxqvjY,IIITM Gwalior (ABV IIITM) : B.Tech Program Review,shiksha.com,2024-07-04T06:17:51Z
IIIT Gwalior,student_experience,student review,VmSYge-JEJw,IIIT Gwalior Expected Cutoff &amp; Placement #engineeringcollege #education #btech #CSE #viralvideo #JEE,Admission Counseling,2026-02-11T12:45:05Z
IIIT Gwalior,student_experience,student review,VBvj14aeA3M,IIITM Gwalior College Review in One minute 🔥  #shorts #iiit #iit #jeemains #iitmotivation,Ritik Meghwani,2022-09-06T16:00:10Z
IIIT Gwalior,student_experience,student review,A1VWpJkOHYw,IIITM Gwalior college review 2025 : Truth About Placements &amp; Campus  Life,Prabhat Ranjan,2025-11-10T08:30:09Z
IIIT Gwalior,student_experience,student review,pMTWV2DIlho,IIITM Gwalior: Everything You Need to Know 😃 #jee #jeemains #jeeadvanced #shorts #education #iit,Vedantu JEE Made Ejee,2025-03-11T07:31:31Z
IIIT Gwalior,student_experience,student review,rcpVVr-9vrQ,Everything u need to know about IIITM Gwalior #viral #shorts #college #iit #jee #josaa #shortsvideo,igouravi_,2024-07-10T11:57:13Z
IIIT Gwalior,student_experience,student review,D1dfNZFROhY,IIIT HOSTEL ROOM TOUR | IIITM GWALIOR | COST? | DO AND DONTS,Raghav Bagdi,2025-06-23T08:06:19Z
IIIT Gwalior,student_experience,student review,T_NcTG5eLtI,"IIIT Lucknow Vs IIIT Gwalior Which is Better? Average Package, Fee Structure, Highest Placement",Ujjwal Kumar Sen Clips,2022-12-24T12:00:21Z
IIIT Gwalior,student_experience,student review,ExLCpeu6cmg,IIIT Gwalior ( గ్వాలియర్) గురుంచి పూర్తి వివరాలు ఈ వీడియో లో  Cutoff rank place  college fee,Dr TCS Career Guidance and Counseling ,2026-03-03T01:30:22Z
IIIT Gwalior,student_experience,student review,Gp-IFSqhEm4,"ABV-IIITM Gwalior Complete Review 📊 | Placements, Cutoffs &amp; Salary EXPOSED!",My Channel,2026-03-31T11:05:30Z
IIIT Lucknow,student_experience,student review,TG3XQetUSw8,Is MBA Worth it? Why Did I choose IIIT Lucknow for MBA? ,Harshita,2025-08-08T13:26:29Z
IIIT Lucknow,student_experience,student review,fNJn4hxcT8E,IIIT Lucknow Review in One Minute 🔥 #shorts #iiitmotivation #iiitlucknow,Ritik Meghwani,2022-08-23T14:41:47Z
IIIT Lucknow,student_experience,student review,ejqmefrh8gk,"The REAL IIIT Lucknow MBA Experience: Placements, Life, and Advice for Freshers",Harshita,2026-06-07T06:20:13Z
IIIT Lucknow,student_experience,student review,CDPfPGX4k8o,IIIT Lucknow Review | IIIT Lucknow college Review | Placements | IIIT Lucknow Campus Review,The Insights Room ,2024-09-15T03:30:05Z
IIIT Lucknow,student_experience,student review,6NhIsgxVGMs,Games(boys) in IIIT Lucknow #apnacollage,Universe Ahead,2022-09-29T06:06:42Z
IIIT Lucknow,student_experience,student review,NV3WGiJN45A,💻 CSE Department at IIIT Lucknow | Student Review #LCC #cse #iiit #trending #engineering #lucknow,Shiksha Engineering,2025-08-29T13:00:47Z
IIIT Lucknow,student_experience,student review,BcZjNkB3UEc,"IIIT Lucknow Review 2025 | Placement, ROI &amp; Reality – By Harsh Sir 🚀 #placementreview #nitie #mits",Study shorts,2025-10-30T05:43:55Z
IIIT Lucknow,student_experience,student review,NicyKiEQ9ZE,"IIIT LUCKNOW Honest Review 2026 – Placements, Campus &amp; Student Life",Prabhat Ranjan,2026-01-12T06:30:26Z
IIIT Lucknow,student_experience,student review,_rc5E9qIRWA,Hostel Life • IIIT LUCKNOW • First time in Hostel!!! 😱,Harshita,2024-08-26T16:08:22Z
IIIT Lucknow,student_experience,student review,F3RbAx7PA9k,"IIIT Lucknow Dark Side 2026 😳 | Placement, Pressure &amp; Reality Check⚠️ All Category Cutoff #iiit ",AC Study Centre,2026-05-25T08:57:51Z
IIIT Jabalpur,student_experience,student review,76_2jtE0WlU,ECE REVIEWS - IIIT Jabalpur By Students | Placements | Pros &amp; Cons | Reality of ECE at IIITDMJ,IIITians Vines (IIIT-J),2024-08-30T10:23:46Z
IIIT Jabalpur,student_experience,student review,86QdoznxjsI,IIITDM Jabalpur College Review : Truth About Placements &amp; Campus  Life,Prabhat Ranjan,2025-11-12T06:30:12Z
IIIT Jabalpur,student_experience,student review,OhqOSAxAMFU,CSE REVIEWS - IIIT Jabalpur By Students | Placements | Pros &amp; Cons | Reality of CSE at IIITDMJ,IIITians Vines (IIIT-J),2024-08-28T10:04:48Z
IIIT Jabalpur,student_experience,student review,Z3PwqWpUqQc,Biryani in IIIT Jabalpur 🍛#studentlife #iiit #hostellife #studyvlog #collegelife #dailyvlog #shorts,Apana Safar ,2025-10-08T14:15:52Z
IIIT Jabalpur,student_experience,student review,G1o9kLKbi68,Garba night at IIIT ✨#studentlife #garba #collegelife #dandiya #hostellife #minivlog #dailyvlog,Apana Safar ,2025-10-14T14:37:27Z
IIIT Jabalpur,student_experience,student review,mQZP7XPWy_Y,Engineering student at IIIT Jabalpur 🪷🪞||2nd year || CSE || #hostellife#iiitjabalpur#engineeringlife,Apana Safar ,2026-02-07T13:21:13Z
IIIT Jabalpur,student_experience,student review,IIYPqADMhmI,"IIIT Jabalpur College Review 2024 😍 | Placements, Cutoff, Fees, Ranking ,Sports | IIITDM Jabalpur",TRI-PATH ACADEMY,2024-11-27T14:39:10Z
IIIT Jabalpur,student_experience,student review,OP7ullIqgzc,"IIITDM Jabalpur Honest Review 2026 | Placements, Campus, Cut-off , Pros &amp; Cons | Video -74/365",College Drisya,2026-03-17T16:35:06Z
IIIT Jabalpur,student_experience,student review,ywXLzeSXQQ4,IIITDM JABALPUR College Review | Great Placement &amp; ROI | Campus | Hostel | Cutoff | Sahil Gohri,Sahil Gohri,2024-01-15T14:45:20Z
IIIT Jabalpur,student_experience,student review,g7T3nVatuqs,A day in my Life as Engineering student 🌷🫧 || At IIIT JABALPUR ✨ ||CSE #iiitjabalpur#engineeringlife,Apana Safar ,2026-03-17T13:42:40Z
IIIT Kottayam,student_experience,student review,8ruQKW0_LXo,"IIIT Kottayam Honest Review 2026 | Placements, Fees, Hostel Reality &amp; Cutoffs 🔴",ItsHarsha,2026-06-01T06:30:10Z
IIIT Kottayam,student_experience,student review,sG6fEErbAHs,IIIT Kottayam in the Monsoon! God&#39;s Own Country | Kerala | IIITK Campus #iiitkottayam #iiit,SANJAY ,2023-07-03T14:59:23Z
IIIT Kottayam,student_experience,student review,dDBPMTcFarU,IIIT Kottayam Student తో LIVE CALL 🔥 Campus Life &amp; Reality | By Naresh Anna,HACKOVERSE EDU,2026-05-06T13:02:06Z
IIIT Kottayam,student_experience,student review,QfT5MqrkZfw,IIIT കോട്ടയം: അറിയേണ്ടതെല്ലാം 📌 | Everything about IIIT Kottayam #iiit #iiitkottayam,XandY Learning,2025-05-15T13:30:18Z
IIIT Kottayam,student_experience,student review,XMqq5PvUXBU,IIIT Kottayam- కొట్టాయం  Rank🆚 category cutoff  || Jee Mains 2023,Dr TCS Career Guidance and Counseling ,2023-05-24T02:30:11Z
IIIT Kottayam,student_experience,student review,cEvcfdWGMwg,IIIT Kottayam safe percentile for Cse and Ece 🔴😄🎉 | Jee mains 2023 😇 #jee #percentile #shorts #iiit,Admission Academy,2023-04-07T16:43:00Z
IIIT Kottayam,student_experience,student review,7aPT9ob1V8E,IIIT Kottayam Campus Tour 2025 🔥 | Full College Walkthrough for JEE Mains Students,ItsHarsha,2025-08-07T14:05:14Z
IIIT Kottayam,student_experience,student review,C9II4sy03f8,IIIT Kottayam I Value for money ? I From the perspective of a father and son I NIRANJAN,Brilliant Pala - JEE Main & Adv,2025-06-01T16:05:17Z
IIIT Kottayam,student_experience,student review,jNvAFBf2uhI,IIIT Kottayam: Last 3 years Cutoff Comparison for Top BTech Courses,shiksha.com,2024-09-19T10:52:00Z
IIIT Kottayam,student_experience,student review,_z12ehL-4YM,"IIIT Kottayam Review : Ranking, Fees, Courses, Admission 2024, Placements",shiksha.com,2024-04-02T11:54:27Z
BITS Pilani,student_experience,student review,VItqaivC_7E,BITS Pilani ka ASLI SACH!!🔥| Worth it in 2025?😱,Yash Garg,2025-05-03T11:30:23Z
BITS Pilani,student_experience,student review,0O_CGHCmIDg,BITS PILANI - Best College After IIT??😱 || JEE Aspirants Must Watch This ✅,JEE Wallah,2026-02-04T13:24:30Z
BITS Pilani,student_experience,student review,WCBV-C703YE,BITS Pilani - Is it the Best Private College for Engineering? | College Review,Apna College,2023-04-21T16:40:06Z
BITS Pilani,student_experience,student review,NfaDOTcmcPc,AIR 3200 chose BITS Pilani over IIT? I JEE BITSAT 2024 #shorts #bitsat #jee,Benzene Guy,2024-05-07T12:58:47Z
BITS Pilani,student_experience,student review,uXn85kgphuA,BITS Pilani College Review | In Short,Apna College,2023-02-11T14:56:02Z
BITS Pilani,student_experience,student review,CaSa1LZ86_c,How I scored 343/390 in BITSAT &amp; got BITS Pilani CSE? Should you attempt Bonus ques in BITSAT?,Tiru [IIT Delhi],2023-06-17T19:28:17Z
BITS Pilani,student_experience,student review,s7dRJ7joVqI,IIT vs BITS Pilani 🏫 which one is better ? #iit #jee #bitspilani #bitsat,CareerGuide.com,2025-06-21T07:19:09Z
BITS Pilani,student_experience,student review,YrVHkYCtQrQ,My Honest Placements Story at BITS Pilani 😬,Ayaan Khan,2025-09-21T13:30:38Z
BITS Pilani,student_experience,student review,FbFQKPTvCO0,BITS Pilani 🔥How to Crack BITSAT With 300+ Marks 😍,JEE Wallah,2023-01-12T14:30:03Z
BITS Pilani,student_experience,student review,y6xGWmweVsY,"I failed JEE, but BITS Pilani changed my Life! | 2025 BITS Pilani #jee #jeeaspirants",Somrat Dutta,2025-02-16T13:30:39Z
BITS Goa,student_experience,student review,V_BzKHL7amE,Beauty of BITS Pilani Goa Campus ❤️ #bitsians #iit #motivation,Somrat Dutta,2024-03-31T14:08:34Z
BITS Goa,student_experience,student review,rSl6macvPtY,Bits Goa College Review🔥 | All about BITS PILANI GOA,Pratham Jiwnani,2023-07-05T14:32:13Z
BITS Goa,student_experience,student review,OMwlS4nRmUI,Is BITS GOA Mess Food better than IITs /NITs ? | BITSAT 2023 #shorts,Pratham Jiwnani,2023-03-23T05:35:01Z
BITS Goa,student_experience,student review,dIbg6EgMRy4,"BITS - PILANI, GOA, HYDERABAD College Review 2026 | Placement, Fees, Campus, Reality Check 🔥",Prabhat Ranjan,2025-12-30T06:30:20Z
BITS Goa,student_experience,student review,9bgjI6Hj-Ro,A day in my life at BITS Goa | CS Sophomore Edition,Janavi Sawadia,2024-12-01T10:30:06Z
BITS Goa,student_experience,student review,7ablzgmaUyY,A day in our life at BITS || college fun||BITS HYD 🤧,Gaurangg Moonndra,2024-11-17T12:43:54Z
BITS Goa,student_experience,student review,bCBzWIe4nFU,5 Worst Things about BITS Pilani,Achyut Madhira,2024-11-24T04:00:23Z
BITS Hyderabad,student_experience,student review,kAMvMTNgjfI,Bits Hyderabad College Review 🤩 | All About BITS PILANI HYDERABAD,Pratham Jiwnani,2023-07-13T12:05:13Z
BITS Hyderabad,student_experience,student review,o_ERZvx7cU8,*BITS PILANI* Honest Review In తెలుగు🔥|| Best Private College? Placements?,Harsha Verse,2024-05-27T12:46:06Z
BITS Hyderabad,student_experience,student review,aNegHxJw_yQ,BITS Pilani Hyderabad Integrated MSc Review,shiksha.com,2024-12-04T11:25:31Z
BITS Hyderabad,student_experience,student review,nkXtl0g4Yso,BITS Pilani Hyderabad Campus - Official Campus Tour,Yatharth Gairola,2023-04-09T12:30:12Z
BITS Hyderabad,student_experience,student review,PyrjwI6P0FI,BITS Hyderabad vs BITS Pilani - Complete Comparison || Placements | Fests | Hostel | Mess | Weather,Yatharth Gairola,2023-05-21T15:00:30Z
BITS Hyderabad,student_experience,student review,lN18KxYUyes,BITS have a big advantage compared to others.||Sap Things||,SapThings,2024-07-06T05:30:11Z
DTU Delhi,student_experience,student review,gVdAieKpK-c,DTU Convocation&#39;23 | #dtu #engineering,Aditi and Anoushka,2023-11-21T05:16:18Z
DTU Delhi,student_experience,student review,pGmtdspmgGQ,DTU College Review 2026 : Truth About Placements &amp; Campus Life,Prabhat Ranjan,2025-12-19T06:30:27Z
DTU Delhi,student_experience,student review,7x9tD3p9JK4,"DTU vs NIT Delhi: Which is better? Compare Ranking, Courses, Salary, Campus, Alumni #dtu #nitdelhi",shiksha.com,2025-07-22T10:55:10Z
DTU Delhi,student_experience,student review,CvW4NoDCOno,NIT DELHI College Review 😱||  DTU vs NSUT vs IIIT Delhi vs NIT Delhi 🔥,CollegeSearch,2025-11-22T13:00:23Z
DTU Delhi,student_experience,student review,8coNOZ6hCKs,Why DTU? Hidden Power of Delhi Technological University! 💥 #harshsir #dtu #studentlife #VED #shorts,StudyChampion,2025-07-28T14:20:02Z
DTU Delhi,student_experience,student review,R_Klg1qGUN0,10th and 12th marks of DTU Students Part- 2 😂🔥#jee#dtu#college#collegevlog#jee2024#pw#iit#shorts,JEE Nerds,2024-05-22T06:30:07Z
DTU Delhi,student_experience,student review,jxwELBx4Q60,DTU MSc Maths Student Review | Worth It or Not? 🤔 #dtu #cuetpg #addmission,Suryapratik Unfiltered,2026-05-27T06:00:00Z
DTU Delhi,student_experience,student review,eJeFh0uM6bY,DTU is Better than NITs - Know Why?? #dtu #nit #jee,Nishant Jindal [IIT Delhi],2024-12-21T06:22:15Z
DTU Delhi,student_experience,student review,AZxB90vZ1kE,DTU vs IIITD vs NSUT🔥Which is better⁉️#jee#jee2025#iit#pw#shorts#dtu#nsut#iiitd#jacdelhi,JEE Nerds,2024-06-10T05:30:04Z
NSUT Delhi,student_experience,student review,79HoQQc9_J8,student expectation vs reality 😂 😂😂 #minivlog #campus #jeemains #nsut #nsit #shorts #youtubeshorts,ENGINEERING UNMASKED,2022-12-27T05:32:56Z
NSUT Delhi,student_experience,student review,HI8VMBRTkvE,Surprising facts about JEE 😱| NSUT review 2024 | Netaji Subhas University of Technology,Bout Creation,2024-09-25T07:09:41Z
NSUT Delhi,student_experience,student review,qCTs6FBPcdk,"NSUT DELHI College Review 2026 | Placement, Fees, Campus, Reality Check 🔥",Prabhat Ranjan,2025-12-22T06:30:28Z
NSUT Delhi,student_experience,student review,za76xplkIWE,NSUT: Launchpad for Top Careers 🚀 #harshsir #nsut #placement #VED #shorts,NextGenAspirants ,2025-07-29T13:43:33Z
NSUT Delhi,student_experience,student review,po0waEBuxts,"NSUT : My College | All about NSUT/NSIT - College Life, Placements, Hostel",Apna College,2023-04-27T17:21:38Z
NSUT Delhi,student_experience,student review,BQY0NxX67qM,"NSUT Delhi Reality | Placements, Campus, Hostel &amp; Truth in 2026! | By Kriti Shankar",Education Ji,2026-03-20T11:58:53Z
NSUT Delhi,student_experience,student review,T7TxuWvn_Fc,Why Choose DTU over NSUT⁉️#jee#dtu#nsut#college#vlog#college#collegelife#dtuvsnsut#jee2025#jee2026,JEE Nerds,2025-08-24T05:30:13Z
NSUT Delhi,student_experience,student review,sRxrOH-PSss,🎓 NSUT Delhi: Facts You Didn&#39;t Know! #lightscameracampus,shiksha.com,2025-06-10T04:57:33Z
NSUT Delhi,student_experience,student review,fMrWigTSWIM,NSUT Student Review !!#jee2024 #college #iitmotivation #engineeringcolleges #jeemotivation  #cuttoff,Kampus Katha,2023-11-16T11:44:37Z
NSUT Delhi,student_experience,student review,jTlCBMopfwU,NSUT Review in One minute 🔥  #shorts #nsut #nsit #jeemains2022 #iitmotivation,Ritik Meghwani,2022-08-03T07:30:12Z
Punjab University,student_experience,student review,q3ZKe2EI8Hw,Canada से टकराव और Punjab University को फ़ायदा? #shorts #trending #india,CA Rahul Malodia,2025-03-06T14:00:59Z
Punjab University,student_experience,student review,0conc6ndJx4,UIET CHANDIGARH College Review 2025 : Truth About Placements &amp; Campus Life,Prabhat Ranjan,2025-11-25T06:30:00Z
Punjab University,student_experience,student review,-4-VdY-qWHo,Students vs System | Punjab University,Eastern Punjab,2025-11-14T06:35:00Z
Punjab University,student_experience,student review,vQ8hkb2gaOc,Is PU Chandigarh Worth It? | Panjab University 2026 Admissions Guide Review | Watch Before Applying,Bibliophile Maniac aka Lokeshna Bulani,2026-03-31T06:14:07Z
Punjab University,student_experience,student review,8CEo9iEJDm8,Chandigarh University Reality check 🫣 #convocationday #chandigarhuniversity #collegestudents #short,Imran Vlogs,2025-04-18T11:10:02Z
Punjab University,student_experience,student review,M3MxH1DrE9o,Watch This Before You Take Admission In Panjab University Chandigarh 2026-27 All Information Reality,Bibliophile Maniac aka Lokeshna Bulani,2025-06-28T05:48:22Z
Punjab University,student_experience,student review,6_9DfhSM9Nk,All about UIET Chandigarh✅✅#shorts #uiet #uietchandigarh #engineering #colleges #btech,Vedantu JEE Made Ejee,2024-03-27T14:30:03Z
Punjab University,student_experience,student review,2uSQ8nYXRmY,Why Pucit | Pucit Students Reviews 2022 |  Life At Punjab University | SE\CS\IT At PUCIT,MZ Vlogs Official,2022-08-25T08:19:20Z
Punjab University,student_experience,student review,RchvvInKOfE,Worst College in Chandigarh ?? || Aashna Unnie,Aashna Unnie,2024-08-23T07:30:08Z
Punjab University,student_experience,student review,K8NfgzzNB6Y,Punjab University Lahore Admission Guidance 2025-26 | Life at PU  | PU Entry Test | Review,PRAKO BACHA,2025-05-15T07:45:09Z
Guru Gobind Singh Indraprastha University,student_experience,student review,AhlVoyFv8U8,GGSIPU (Govt. University) Admission Process 2026 🔥| IP University Admission Through Cuet 2026,House Of Ambitions,2026-06-13T11:22:37Z
Guru Gobind Singh Indraprastha University,student_experience,student review,uMyM4HUu9ug,"IPU colleges expected cutoff 2024 | USLLS, VIPS etc | #clat #cuet",CHIA speaks,2024-02-06T14:57:13Z
Guru Gobind Singh Indraprastha University,student_experience,student review,5qdhe7O2N0w,"GGSIPU University Review 🎓 | CUET UG 2026 Admission | Courses, Fees, Cutoff &amp; Campus Life",CUET by Studentkhabri,2025-12-17T07:30:05Z
Guru Gobind Singh Indraprastha University,student_experience,student review,I6q-pwtDUUg,"GGSIPU Full College Review 2025 🔥 Campus Life, Hostel, Placements, Admission Process | IPU Delhi",Hemant Bhaiya Vlogs,2025-06-05T12:45:01Z
Guru Gobind Singh Indraprastha University,student_experience,student review,VvuTsBLqTmU,"All About GGSIPU ( IP University ) 📚 Admission Process, Eligibility, Placements, Courses",Adda247 CUET,2024-06-08T05:15:01Z
Guru Gobind Singh Indraprastha University,student_experience,student review,l1Bsxa5Ieq0,#ipu students can relate 😂 #ggsipu #reels #create #youtube #shorts #viral #trending #delhi #college,Simple boiii,2023-01-25T16:12:32Z
Guru Gobind Singh Indraprastha University,student_experience,student review,PxLDL1F0nTw,USAR Campus Tour | Students Honest Review🔥 | Crazy Meetup | GGSIPU East Campus,Aryan Mahendru,2025-05-09T12:00:06Z
Guru Gobind Singh Indraprastha University,student_experience,student review,L2H__tEnzwM,GGSIPU CAMPUS TOUR || IP University || Careerthirst | Campus Tour || IPUCET,Career Thirst,2021-07-14T20:35:20Z
Guru Gobind Singh Indraprastha University,student_experience,student review,_IzbJ7z8jQQ,JEE khatam ? Top 5 Colleges Through GGSIPU ❤️‍🔥 #jeemains #ggsipu #shorts #ritikmeghwani,Ritik Meghwani,2025-04-11T13:34:19Z
Guru Gobind Singh Indraprastha University,student_experience,student review,LJSrDkVLzz0,Which One Is Better? Delhi University vs IP University 🏫 #shorts,CUET by Gokul Chhabra,2024-02-10T06:46:16Z
Thapar Institute of Engineering and Technology,student_experience,student review,P1xNHJGmyfA,"Thapar University Review | Reality of Fees, Campus &amp; Placements",Prabhat Ranjan,2026-01-08T06:30:24Z
Thapar Institute of Engineering and Technology,student_experience,student review,kHjOdwFs9sI,Thapar isn&#39;t Thapar without  😀🤣😛🤐. #thaparuniversity #Tiet #thapar #university #engineering,LOLcano R,2024-09-28T18:45:02Z
Thapar Institute of Engineering and Technology,student_experience,student review,a7ghx6S1104,Reality of Thapar Institute In 2026| Is it worth Joining | College Review Series | #college #jee ,Prragun [ BITS PILANI ],2026-06-08T18:21:21Z
Thapar Institute of Engineering and Technology,student_experience,student review,kxMiGJvkFC0,Thapar University Exposed 🗿Thapar Review 2025😍|Fees too high 🤑#thapar #thaparuniversity #shorts,Mritunjay [MJK Sir],2025-08-09T10:33:12Z
Thapar Institute of Engineering and Technology,student_experience,student review,xaQHMFYVExA,Finally PLACED 🎉 || Thapar University || Scribble Day &amp; Fun || Thapar 25 Batch || Placement Journey,Karan Chhabra,2024-12-03T06:00:06Z
Thapar Institute of Engineering and Technology,student_experience,student review,npIfk_xx7k0,Thapar University VS BITS Pilani?TIET VS BITS #shorts #BTech #TIET #BITS #BITSPilani #Admission,B. Tech Fundas by Sunstone,2024-07-11T05:50:54Z
Thapar Institute of Engineering and Technology,student_experience,student review,q9jsK7wkYok,Thapar University Patiala BTech CSE Review | Placements 20 LPA? 🤔 | Admission Process &amp; Placement,Mantasha Saifi,2026-04-08T12:36:15Z
Thapar Institute of Engineering and Technology,student_experience,student review,-0ZleqIZRX8,"Is Thapar University Worth It in 2026? Full Review, Placements &amp; Admission Process #thaparuniversity",9star Academy,2026-05-17T08:04:10Z
Thapar Institute of Engineering and Technology,student_experience,student review,4IDX5cGErj8,Thapar University Review in One Minute 🔥 #Shorts #thaparuniversity,Ritik Meghwani,2022-07-12T14:32:07Z
Thapar Institute of Engineering and Technology,student_experience,student review,0dVfgGiik7g,💥Thapar University B.Tech 2025: Worth the Hype? FULL Review! #BTech2025 #ThaparUniversity #CSE #Engg,B. Tech Fundas by Sunstone,2025-04-29T07:30:00Z
Birla Institute of Technology Mesra,student_experience,student review,4W9aGn99r_8,BIT mesra review ❤️,Prabhat Ranjan Fan Page,2025-05-01T06:50:40Z
Birla Institute of Technology Mesra,student_experience,student review,oPgCVlCKdn4,"BIT Mesra Admission 2026🔥JEE Main Minimum Cutoff, Placements, ROI &amp;Campus Honest Review",My Channel,2026-02-26T12:32:17Z
Birla Institute of Technology Mesra,student_experience,student review,CmrtrSc6Wa4,BIT Mesra Ranchi Review: What students say? | Birla Institute of Technology Mesra Ranchi Placement,shiksha.com,2022-12-17T13:30:07Z
Birla Institute of Technology Mesra,student_experience,student review,pfTOOCqE824,BIT MESRA College Review 2025: Truth About Placements &amp; Campus Life,Prabhat Ranjan,2025-11-15T06:30:35Z
Birla Institute of Technology Mesra,student_experience,student review,zufq3XPn2kg,Is BIT Mesra Worth It in 2026? | Honest College Review Pros &amp; Cons Explained ,vlogs by Ujjwal sharma,2026-02-20T15:37:44Z
Birla Institute of Technology Mesra,student_experience,student review,E2opnAgJdQI,All about BIT Mesra✅✅#bit #bitmesra #bitsat #btech #jee #jeeaspirant #bits #mesra #btech #college,Vedantu JEE Made Ejee,2024-11-02T11:30:07Z
Birla Institute of Technology Mesra,student_experience,student review,VHiDXc7fWAQ,"BIT Mesra Honest Review 🤬 Worth It in 2026? | Cutoff, Fees &amp; Placements",Boring Bing,2026-04-09T16:06:00Z
Birla Institute of Technology Mesra,student_experience,student review,UXdKzbZyrFY,❤️BIT - MESRA COMPLETE REVIEW IN తెలుగు❤️BIT MERSRA CAMPUS TOUR | PLACEMENTS |FEE |JOSAA 2022 cutoff,Ananya Gurukulam,2023-05-31T02:45:37Z
Birla Institute of Technology Mesra,student_experience,student review,U9vE53NyhSA,BIT MESRA Review in 1 minute ❤️ #Shorts #bitmesra #iit #iitmotivation,Ritik Meghwani,2023-11-27T14:00:17Z
Birla Institute of Technology Mesra,student_experience,student review,8dLOxRZKAp0,"All About MBA From BIT MESRA ➡️ Honest Review , Placements , Faculty , Campus #mba",MBA with Arshi Khan,2025-03-11T11:30:05Z
Ramaiah Institute of Technology,student_experience,student review,a0byPxuRnTE,MS Ramaiah College Placement😮 | MSRIT College Placement | MS Ramaiah Student Review ✅ #msrit,College Khabri ,2025-02-21T06:50:50Z
Ramaiah Institute of Technology,student_experience,student review,Rj39i96R8f0,MS Ramaiah 2025 Cutoff | Branch-Wise Ranks &amp; Seats Breakdown,Apka Siddharth,2025-08-11T14:41:30Z
Ramaiah Institute of Technology,student_experience,student review,KtKmb8Zl1nk,My College MSRIT Review | Cutoffs | Fees | Hostel | Campus | MSRIT Bangalore,Akash Badadani,2024-05-25T06:34:51Z
Ramaiah Institute of Technology,student_experience,student review,6sVtpAzwgyU,"MSRIT Bangalore Review 2026 🔥 Pros, Cons &amp; Hidden Truths | Ramaiah Institute of Technology",Vaibhaw Siddharth 2.0,2026-04-24T17:27:18Z
Ramaiah Institute of Technology,student_experience,student review,smMhByNctog,MS Ramaiah College Review | 50 Lakhs Placements 😍 | Cutoff | Fee | Get MSRIT at low  Comedk Rank,Ritik Meghwani,2022-07-18T15:00:11Z
Ramaiah Institute of Technology,student_experience,student review,twCTzSppm8c,Freshers&#39; 2024 Introduction in MSRIT BANGALORE | Freshers Orientation at MSRIT | FRESHERS INTRO 2024,Mera Mentor by Nikhil Parwani,2024-11-30T04:30:32Z
Ramaiah Institute of Technology,student_experience,student review,CHidVwyEdx8,MS Ramaiah | Most Honest MBA Review By Students.,College Review Unfiltered,2024-02-01T14:29:00Z
Ramaiah Institute of Technology,student_experience,student review,xzp9Ezsr4U0,Ramaiah Institutions - MSRIT | Medical College | Blocks | Hostels | Canteens | Student Review,Alemari Ganesha,2023-02-28T14:00:11Z
Ramaiah Institute of Technology,student_experience,student review,V0ok8mJgux4,ಕ್ಯಾಂಪಸ್ ಸೆಲೆಕ್ಷನ್​​ಗೆ ಬೆಸ್ಟ್ Engineering​ ಕಾಲೇಜ್ | MS Ramaiah College | Yashas Topper,NewsFirst Education,2025-10-10T14:14:05Z
Ramaiah Institute of Technology,student_experience,student review,tOJgGuAMHb0,MS Ramaiah College...an Honest Review 2025🔥BTech CSE Worth It in MSRIT🤔,Boring Bing,2025-01-18T14:45:04Z
Nirma University,student_experience,student review,IK6f2KVmgsc,Nirma University Review | All you need to know about Nirma University | True Review | Nirma Btech,College Incognito,2024-06-11T14:00:56Z
Nirma University,student_experience,student review,ytKF87frLaM,NIRMA University MBA 2nd Year Student Review | Final Year Students Reveal the Truth...,Shiksha Nerd,2026-04-12T10:30:39Z
Nirma University,student_experience,student review,evzPNJcTDY4,All about Nirma University✅✅#nirmauniversity #nirma #btech #engineering #engineeringcollege,Vedantu JEE Made Ejee,2024-08-02T03:30:30Z
Nirma University,student_experience,student review,nRXjC8knZOE,Why I Changed My College? CLAT?  NIRMA UNIVERSITY | MODY UNIVERSITY | Ananta Vyas,Ananta Vyas,2021-08-29T19:17:21Z
Nirma University,student_experience,student review,efNL8Z-diUA,"NIRMA University Honest Review 2026 – Placements, Campus &amp; Student Life",Prabhat Ranjan,2026-01-02T06:30:19Z
Nirma University,student_experience,student review,P-WiZaxJcLY,NIRMA University MBA | ROI | Placements | Fee | Should I apply or not?,CATKing,2026-01-14T15:02:17Z
Nirma University,student_experience,student review,aP4kd5-GuqA,"NIRMA University MBA 1st Year Student Review | HONEST Experience, Program, Campus Life, Placements.",Shiksha Nerd,2026-03-29T13:30:00Z
Nirma University,student_experience,student review,R7P35Me2E-g,"1 Minute Review: All About Nirma University: Campus, IPM Course, Fees, Events &amp; Placements | #shorts",SuperGrads IPMAT Coaching by Toprankers,2024-12-11T06:26:22Z
Nirma University,student_experience,student review,T3m-D2lJwY8,NIRMA UNIVERSITY AHEMDABAD : In-Depth Insights from  B.Tech CSE Students #nirmauniversity  #jee2024,College Review Unfiltered,2024-03-28T09:13:56Z
Nirma University,student_experience,student review,fxZOngxSqys,Nirma University Honest Review 🎓🏫| Ahmedabad,Pushti Shah,2025-06-17T14:35:47Z
MDU ROHTAK,student_experience,student review,ahn4oWIlCvY,UIET MDU Btech Study 2025 😱 Complete Honest Review 🎓,Mohit Rohilla,2025-04-23T14:04:31Z
MDU ROHTAK,student_experience,student review,gEfW5wgkWk8,MDU ROHTAK GIRLS HOSTEL|| Abhilasha girls complex #hostel #mdu ,jyoti jangra,2025-11-26T10:47:00Z
MDU ROHTAK,student_experience,student review,o7unAdEuT8Q,Mdu students 😅 #comedy #mdurohtak,AD SAINI FILMS ,2025-05-13T15:13:49Z
MDU ROHTAK,student_experience,student review,iLEzeHeWYQQ,MDU ROHTAK😍 #mdu #mdurohtak #mduupdate #mduresult #viral #trending #ytshorts #delhiuniversity #love,Unfiltered Aspirant😎,2023-09-06T20:10:13Z
MDU ROHTAK,student_experience,student review,bjtgE82OZsw,#amanjaji #live #dance with fans #mdu #mashoomsharma #mdurohtak #rohtak #sonikasinghsong #trending,MDU Rohtak Vlogs,2025-02-24T14:00:44Z
MDU ROHTAK,student_experience,student review,jmDNiVK3TZk,MDU UG Admission 2026 | Complete Admission Process After Entrance Result #mduadmission2026 #mdu ,Jassi Sheoran,2026-06-14T09:52:16Z
MDU ROHTAK,student_experience,student review,pmALvQKpRpU,Youth festival 🤘🥳 MDU Rohtak University,MDU Rohtak • 3.1 M views • 1 hour ago...,2024-12-01T14:33:56Z
MDU ROHTAK,student_experience,student review,M7ZlteJ0Grs,Life in girls pg😁 // tour to mdu college Rohtak// jaat college exterior,Pawar Family Vlogs,2022-08-25T09:30:08Z
MDU ROHTAK,student_experience,student review,4t0RntSt66o,MBA at MDU Rohtak: Is it Worth Your Investment?,shiksha.com,2023-12-21T11:30:02Z
MDU ROHTAK,student_experience,student review,hEGHtSFDxdA,MDU Rohtak FAIL SCANDAL: The Truth Behind Massive Student Failures | Real or Myth Exposed,Jassi Sheoran 2.0,2025-11-04T11:23:03Z
